time,base_x,base_y,base_yaw,lift1,reach_y,pallet_x,pallet_y,pallet_z,pallet_roll,pallet_pitch,pallet_yaw,rel_x,rel_y,rel_z
0.002,0.0,0.0,0.0,-3.921387482723261e-05,0.0,-1.35,0.45,-3.924000000000001e-05,0.0,0.0,1.5707963000000003,-1.85,0.45,0.09999999999050346
0.022000000000000006,0.0,0.0,0.0,-0.00043728879996365535,0.0,-1.3500000977485385,0.4500000221977311,-0.00015127551470001617,1.515735032751853e-06,-3.410781583415023e-07,1.5707963001482597,-1.8500000977485385,0.4500000221977311,0.10058761147153711
0.04200000000000002,0.0,0.0,0.0,-0.000666601261581082,0.0,-1.3500001364159564,0.4500000309635478,-0.00011645453535322791,1.51289540516007e-06,-3.4022039653668094e-07,1.5707963002075733,-1.8500001364159564,0.4500000309635478,0.1011732406078055
0.06200000000000004,0.0,0.0,0.0,-0.0007143991699069064,0.0,-1.3500001400562869,0.45000003178918013,-8.137176150720876e-05,9.093611848778971e-07,-2.0448041070452785e-07,1.5707963002133336,-1.8500001400562869,0.45000003178918013,0.10134924690337985
0.08200000000000006,0.0,0.0,0.0,-0.0007000145456905458,0.0,-1.3500001404986395,0.4500000318893522,-6.0198386882330367e-05,4.914317888202554e-07,-1.104977075266769e-07,1.570796300213932,-1.8500001404986395,0.4500000318893522,0.10134607150230589
0.10200000000000008,0.0,0.0,0.0,-0.0006837171995868257,0.0,-1.3500001406172606,0.45000003191609717,-4.87482919154531e-05,2.5738979828466566e-07,-5.786955005002204e-08,1.5707963002140028,-1.8500001406172606,0.45000003191609717,0.10132112946870139
0.1220000000000001,0.0,0.0,0.0,-0.0006772324309186512,0.0,-1.3500001406734639,0.45000003192874305,-4.2760580571697675e-05,1.335026029565891e-07,-3.001318345831513e-08,1.5707963002140144,-1.8500001406734639,0.45000003192874305,0.10131182676734383
0.1420000000000001,0.0,0.0,0.0,-0.0006765168766361663,0.0,-1.3500001407030173,0.4500000319353895,-3.966368285489603e-05,6.904117881165404e-08,-1.551998148249779e-08,1.5707963002140164,-1.8500001407030173,0.4500000319353895,0.10131297262563295
0.16200000000000012,0.0,0.0,0.0,-0.0006772389364697293,0.0,-1.3500001407185136,0.450000031938874,-3.8067722147970484e-05,3.567593089490603e-08,-8.018952430217798e-09,1.5707963002140162,-1.8500001407185136,0.450000031938874,0.10131611273374132
0.18200000000000013,0.0,0.0,0.0,-0.0006777437020869687,0.0,-1.3500001407265723,0.45000003194068583,-3.724619313161876e-05,1.8431846642235088e-08,-4.142570662508116e-09,1.570796300214016,-1.8500001407265723,0.45000003194068583,0.10131806798581777
0.20200000000000015,0.0,0.0,0.0,-0.0006778886595068217,0.0,-1.3500001407307458,0.45000003194162413,-3.682344484464696e-05,9.52274464175592e-09,-2.140039300840226e-09,1.570796300214016,-1.8500001407307458,0.45000003194162413,0.10131882394349154
0.22200000000000017,0.0,0.0,0.0,-0.0006778799877519992,0.0,-1.350000140732904,0.4500000319421093,-3.660592008409808e-05,4.92003881143241e-09,-1.1055708932351277e-09,1.570796300214016,-1.850000140732904,0.4500000319421093,0.10131902537084751
0.2420000000000002,0.0,0.0,0.0,-0.000677850997409447,0.0,-1.3500001407340196,0.45000003194236,-3.649399334508521e-05,2.5420630212996703e-09,-5.71166614131013e-10,1.570796300214016,-1.8500001407340196,0.45000003194236,0.10131907292658361
0.2620000000000002,0.0,0.0,0.0,-0.0006778372117981225,0.0,-1.3500001407345956,0.4500000319424895,-3.643640116459485e-05,1.313444116331167e-09,-2.950845890006966e-10,1.570796300214016,-1.8500001407345956,0.4500000319424895,0.10131909954099748
0.2820000000000002,0.0,0.0,0.0,-0.0006778348469575969,0.0,-1.3500001407348932,0.4500000319425564,-3.640676667323245e-05,6.786429213397357e-10,-1.524525406360273e-10,1.570796300214016,-1.8500001407348932,0.4500000319425564,0.101319123775979
0.3020000000000002,0.0,0.0,0.0,-0.0006778359234548933,0.0,-1.3500001407350473,0.4500000319425909,-3.6391517919484167e-05,3.506497500075699e-10,-7.87635511004065e-11,1.570796300214016,-1.8500001407350473,0.4500000319425909,0.1013191414019031
0.32200000000000023,0.0,0.0,0.0,-0.000677836892534095,0.0,-1.3500001407351265,0.45000003194260885,-3.638367147357581e-05,1.8117868353649248e-10,-4.069277181038331e-11,1.570796300214016,-1.8500001407351265,0.45000003194260885,0.10131915139205694
0.34200000000000025,0.0,0.0,0.0,-0.0006778372215462444,0.0,-1.3500001407351672,0.4500000319426181,-3.6379633972793294e-05,9.361412397722661e-11,-2.1023738353585398e-11,1.570796300214016,-1.8500001407351672,0.4500000319426181,0.10131915615366971
0.36200000000000027,0.0,0.0,0.0,-0.0006778372217926401,0.0,-1.3500001407351885,0.4500000319426229,-3.637755641648785e-05,4.83699939340535e-11,-1.0861829877839636e-11,1.570796300214016,-1.8500001407351885,0.4500000319426229,0.10131915825756534
0.3820000000000003,0.0,0.0,0.0,-0.000677837174406602,0.0,-1.3500001407351996,0.45000003194262533,-3.637648737814783e-05,2.499256813559172e-11,-5.611723933485614e-12,1.570796300214016,-1.8500001407351996,0.45000003194262533,0.10131915923959811
0.4020000000000003,0.0,0.0,0.0,-0.0006778370999423576,0.0,-1.3500001407352051,0.4500000319426266,-3.6375937287937954e-05,1.2913555977285829e-11,-2.8992738695176596e-12,1.570796300214016,-1.8500001407352051,0.4500000319426266,0.10131915973833129
0.4220000000000003,0.0,0.0,0.0,-0.000677837079024461,0.0,-1.350000140735208,0.4500000319426272,-3.637565423046013e-05,6.672382092183693e-12,-1.497899900634588e-12,1.570796300214016,-1.850000140735208,0.4500000319426272,0.10131915999609754
0.44200000000000034,0.0,0.0,0.0,-0.0006778370738529315,0.0,-1.35000014073521,0.45000003194262767,-3.637550857881595e-05,3.4475922196335045e-12,-7.738821801550097e-13,1.570796300214016,-1.85000014073521,0.45000003194262767,0.10131916013812188
0.46200000000000035,0.0,0.0,0.0,-0.0006778370741215266,0.0,-1.35000014073521,0.45000003194262767,-3.637543363148456e-05,1.7813555773013593e-12,-3.9982247690003934e-13,1.570796300214016,-1.85000014073521,0.45000003194262767,0.10131916021578248
0.4820000000000004,0.0,0.0,0.0,-0.000677837073671127,0.0,-1.35000014073521,0.45000003194262767,-3.637539506616212e-05,9.204179454278586e-13,-2.0656258531075494e-13,1.570796300214016,-1.85000014073521,0.45000003194262767,0.10131916025699451
0.5020000000000003,0.0,1.749361972793625e-05,-1.3779927494091842e-05,-0.0006778370690808745,-1.0589536598758648e-05,-1.35000014073521,0.45000003194262767,-3.637537522177181e-05,4.755743449706939e-13,-1.0671855136802776e-13,1.570796300214016,-1.8500063413337884,0.44997452491272,0.10131916027891824
0.5220000000000004,2.75500087751877e-07,0.0010906172271295056,-0.0008549220971862692,-0.0006778371052850031,-0.000581493628418299,-1.35000014073521,0.45000003194262767,-3.6375365010530126e-05,2.457271869932088e-13,-5.513562516275929e-14,1.570796300214016,-1.8503837596579014,0.44833659924536545,0.1013195079679362
0.5420000000000004,3.1312268469426667e-06,0.0036104047854313855,-0.0028158545948959017,-0.0006778371299942758,-0.0016828923491018877,-1.35000014073521,0.45000003194262767,-3.63753597561756e-05,1.269656734742145e-13,-2.848757602416409e-14,1.570796300214016,-1.8512552858483122,0.44426934189462003,0.10132172140062015
0.5620000000000004,1.2910692126884282e-05,0.0073416276333552865,-0.005695876544516749,-0.0006778371368686342,-0.0029695554752443435,-1.350000140735202,0.45000003194262633,-3.637535677898408e-05,-6.473607371978146e-14,7.18075606248271e-15,1.570796300214016,-1.8525135580103782,0.4379313131224742,0.10132616648655894
0.5820000000000004,3.4503053983964256e-05,0.012084088877546107,-0.00932419116967024,-0.0006778371373874521,-0.004210059019770407,-1.350000140735195,0.45000003194262517,-3.637535526779508e-05,-1.522305396244365e-13,2.3669969443112676e-14,1.570796300214016,-1.8540610722437179,0.429519167194094,0.10133175896380044
0.6020000000000004,7.240439964820217e-05,0.01766721555511459,-0.013555376852795061,-0.0006778371369439106,-0.005262413330155128,-1.3500001407350213,0.4500000319426028,-3.637535429184788e-05,-2.486936701595881e-12,3.208685166858463e-13,1.570796300214015,-1.855811550320056,0.41925532845024877,0.10133706596464086
0.6220000000000004,0.00013022998524034158,0.023945457199584585,-0.018265538480699034,-0.0006778371366956268,-0.00605233690668323,-1.3500001407332012,0.4500000319424261,-3.637535386402553e-05,-2.888074691634246e-11,2.8379387537483326e-12,1.5707963002140037,-1.8576902290522324,0.40737635435716235,0.10134097921364554
0.6420000000000005,0.00021051032001184554,0.030794398332167315,-0.023349052360487108,-0.000677837136620833,-0.006554613406700558,-1.3500001407328166,0.4500000319423887,-3.637535391179058e-05,-2.346069549624953e-11,2.2915508269570725e-12,1.5707963002140015,-1.8596334704949344,0.39412270660595256,0.1013429349340431
0.6620000000000005,0.00031465959664537927,0.038107492556414956,-0.028715823162719704,-0.0006778371366081046,-0.006777645745487222,-1.3500001407295912,0.4500000319421542,-3.637535399359224e-05,-6.285534630804166e-11,4.878975714201851e-12,1.570796300213986,-1.86158799059361,0.3797303015985395,0.10134287878520443
0.6820000000000005,0.00044304352886932903,0.04579333043029704,-0.03428897808179972,-0.000677837136614106,-0.006751093580756398,-1.3500001407286697,0.4500000319420874,-3.6375354071183265e-05,-5.169551754169965e-11,3.9134349486217715e-12,1.570796300213981,-1.8635099023442216,0.3644239550987176,0.10134112400693085
0.7020000000000005,0.0005950998432916973,0.0537733602663861,-0.04000293097006156,-0.0006778371366270951,-0.006516332483439593,-1.3500001407266955,0.4500000319419852,-3.6375354126500825e-05,-6.06094742975479e-11,3.805173034100928e-12,1.5707963002139713,-1.8653636960444795,0.3484126588275749,0.10133818880400458
0.7220000000000005,0.0007694821395655399,0.061979989281592374,-0.04580175708358168,-0.0006778371366409917,-0.006119388389667328,-1.3500001407250353,0.4500000319419007,-3.637535415723047e-05,-5.96552666949796e-11,3.4062970969808256e-12,1.5707963002139629,-1.8671212300591609,0.33188651436868805,0.10133465568713146
0.7420000000000005,0.0009642092812420979,0.07035500128545388,-0.051637826883863716,-0.0006778371366510976,-0.005605964342267978,-1.350000140724071,0.45000003194186794,-3.637535417237173e-05,-4.9156790727747386e-11,2.4199520125046843e-12,1.570796300213958,-1.8687607733765774,0.31501508745474216,0.10133106901200571
0.7620000000000006,0.0011768098501979067,0.0788482358114623,-0.05747065477965312,-0.0006778371366554675,-0.0050181747877834195,-1.3500001407213187,0.4500000319417833,-3.6375354181229196e-05,-6.643729784798589e-11,2.50849844639643e-12,1.5707963002139413,-1.870266121061065,0.29794692064934664,0.1013278721797003
0.7820000000000006,0.0014044558574899213,0.08741648188579029,-0.06326592556486088,-0.0006778371366549969,-0.004392624664179692,-1.3500001407210593,0.4500000319417753,-3.637535418416305e-05,-4.1808641143379164e-11,1.5254978603805972e-12,1.57079630021394,-1.8716257912811742,0.28080994364437295,0.10132537870246006
0.8020000000000006,0.001644082796477485,0.09602254725123867,-0.06899466748788576,-0.0006778371366520455,-0.003759507216484365,-1.3500001407176012,0.4500000319417242,-3.637535418598773e-05,-7.154372328099862e-11,1.5255220663633177e-12,1.5707963002139158,-1.872832305224396,0.26371253892663504,0.1013237686438122
0.8220000000000006,0.0018924948878294003,0.10463447068327664,-0.07463254631655186,-0.0006778371366489222,-0.0031424389448417847,-1.3500001407171789,0.450000031941718,-3.637535418638737e-05,-4.7667781461646004e-11,9.455294522266119e-13,1.570796300213913,-1.8738815472086796,0.2467450493892887,0.10132310182522868
0.8420000000000006,0.0021464554222289855,0.1132248509907598,-0.08015925943552239,-0.0006778371366470157,-0.002558797138180686,-1.350000140713955,0.4500000319417056,-3.637535418656247e-05,-7.418342696638197e-11,6.810117357708734e-13,1.5707963002138867,-1.8747722000280767,0.22998154826178632,0.10132334036980152
0.8620000000000007,0.0024027627273311785,0.12177027138607639,-0.08555801296146365,-0.0006778371366466506,-0.0020203714125016647,-1.3500001407132722,0.450000031941703,-3.6375354186567665e-05,-5.351204309106033e-11,4.0811170747528344e-13,1.570796300213881,-1.8755052498002485,0.21348172662913406,0.10132437483332686
0.8820000000000007,0.0026583126419593038,0.13025080217930274,-0.09081506814259738,-0.0006778371366473918,-0.0015341831395566476,-1.3500001407104683,0.4500000319417103,-3.637535418656724e-05,-7.316308638164585e-11,9.550269516069947e-14,1.570796300213854,-1.876083554121957,0.19729278719865317,0.10132604989371896
0.9020000000000007,0.002910148577336254,0.1386495682666634,-0.09591934599522804,-0.0006778371366484875,-0.001103364192947637,-1.3500001407093678,0.4500000319417133,-3.637535418654939e-05,-5.921712049875733e-11,-1.025154594682789e-14,1.5707963002138432,-1.8765114675979389,0.18145126314283444,0.1013281870892088
0.9220000000000007,0.0031555003445503894,0.1469523707288247,-0.1008620812981251,-0.0006778371366492382,-0.0007280183836223535,-1.3500001407072566,0.45000003194172505,-3.6375354186544395e-05,-6.672901497880958e-11,-2.0350524234712116e-13,1.5707963002138194,-1.8767945189155926,0.16598470693339837,0.1013306033118865
0.9420000000000007,0.003391812965505129,0.15514735411943054,-0.10563651879413423,-0.000677837136649206,-0.0004060151867828908,-1.3500001407054905,0.45000003194173505,-3.637535418653825e-05,-6.456056919034347e-11,-2.7789465800091336e-13,1.5707963002137983,-1.8769391341127477,0.15091321568596583,0.10133312465745749
0.9620000000000007,0.0036167666818707166,0.16322471279884704,-0.1102376458109268,-0.0006778371366482683,-0.00013368614019922034,-1.350000140704494,0.4500000319417412,-3.637535418652291e-05,-5.2350969193713844e-11,-2.600216897656373e-13,1.5707963002137852,-1.8769524009555005,0.1362507767459131,0.10133559583281218
0.9820000000000008,0.0038282893449614786,0.1711764310377065,-0.11466195657667227,-0.0006778371366465655,9.358987432494194e-05,-1.3500001407016673,0.45000003194175897,-3.637535418651133e-05,-6.918657762688392e-11,-3.9879696072693486e-13,1.5707963002137464,-1.8768418697742661,0.12200643033939138,0.10133788568037311
1.0020000000000007,0.0040245623163797884,0.17899605265731489,-0.11890724433103875,-0.0006778371366443975,0.00028091472862452194,-1.3500001407014008,0.4500000319417606,-3.637535418650647e-05,-4.3429491837943275e-11,-2.5426841420916414e-13,1.5707963002137426,-1.8766153864605715,0.10818525557798256,0.10133988954881544
1.0220000000000007,0.004204020939892309,0.18667847675790547,-0.12297241796832432,-0.0006778371366421184,0.00043350687370910995,-1.3500001406979312,0.4500000319417794,-3.6375354186501095e-05,-7.255065105915023e-11,-4.025653085736924e-13,1.570796300213684,-1.8762809536317107,0.09478919248614273,0.1013415292776654
1.0420000000000007,0.004365350563565601,0.19421977666980922,-0.12685734044048702,-0.0006778371366400513,0.0005564342529378294,-1.350000140697507,0.45000003194178173,-3.6375354186501535e-05,-4.8223314342747324e-11,-2.6608002376595076e-13,1.5707963002136769,-1.87584661641671,0.08181771655721809,0.10134275151494176
1.0620000000000007,0.004507479001494583,0.2016170396958334,-0.13056268652841732,-0.0006778371366384394,0.0006544309555745189,-1.3500001406943243,0.45000003194179444,-3.637535418650304e-05,-7.38433592465532e-11,-3.325878086163089e-13,1.5707963002136127,-1.875320369496248,0.06926838422761275,0.10134352498952795
1.0820000000000007,0.0046295662300539,0.20886822553526202,-0.13408981788806576,-0.0006778371366374263,0.0007317832648570994,-1.3500001406936497,0.4500000319417971,-3.6375354186502565e-05,-5.314018233250152e-11,-2.312555955318093e-13,1.5707963002135994,-1.8747100825250989,0.05713726800971855,0.1013438372410233
1.1020000000000008,0.004730992017747717,0.21597204152237193,-0.13744067351596606,-0.0006778371366370586,0.0007922709725074384,-1.350000140690913,0.4500000319418039,-3.637535418650002e-05,-7.188428643983781e-11,-2.304918989198104e-13,1.570796300213533,-1.8740234411880754,0.045419299357826126,0.10134369118848816
1.1220000000000008,0.004811342093310586,0.2229278329994146,-0.14061767397306738,-0.000677837136637304,0.0008391508586888575,-1.350000140689839,0.4500000319418065,-3.6375354186500634e-05,-5.803579617558309e-11,-1.7008074469255478e-13,1.5707963002135066,-1.8732679016044378,0.03410853592444385,0.1013431018078535
1.1420000000000008,0.004870393366138946,0.22973548729372434,-0.14362363786909632,-0.0006778371366380763,0.0008751707478434584,-1.3500001406877957,0.450000031941809,-3.637535418650267e-05,-6.497477398407314e-11,-1.3246420761093852e-13,1.5707963002134473,-1.8724506559171767,0.023198368076037812,0.10134209309230885
1.1620000000000008,0.004908098628306101,0.23639534989402727,-0.1464617092509315,-0.0006778371366392589,0.0009026042970338529,-1.3500001406860864,0.450000031941811,-3.6375354186502796e-05,-6.268091577302342e-11,-1.0229936343421701e-13,1.5707963002133978,-1.8715786072890195,0.012681677520353096,0.10134069539329904
1.1820000000000008,0.004924571089693277,0.24290815153117004,-0.14913529466398975,-0.0006778371366407229,0.0009232984710132655,-1.3500001406851272,0.4500000319418114,-3.637535418650147e-05,-5.068592573843591e-11,-6.211058295126915e-14,1.5707963002133647,-1.8706583526678926,0.0025509588872603683,0.10133894318168353
1.2020000000000008,0.004920069028002247,0.24927494496929176,-0.15164800876961776,-0.000677837136642344,0.0009387273799081196,-1.3500001406824076,0.45000003194181204,-3.6375354186501366e-05,-6.672132101923765e-11,-4.260665508605373e-14,1.5707963002132685,-1.8696961719594383,-0.007201586834267526,0.1013368732273978
1.2220000000000009,0.004894980773987782,0.25549705040852566,-0.15400362750664134,-0.0006778371366440115,0.000950047719480976,-1.3500001406821507,0.45000003194181204,-3.637535418650126e-05,-4.186314269189415e-11,-2.3927733177179753e-14,1.5707963002132594,-1.8686980224319947,-0.016583979863466325,0.1013345231689677
1.2420000000000009,0.004849810199159782,0.26157600849158186,-0.1562060478831487,-0.0006778371366456344,0.0009581524147647141,-1.3500001406788273,0.45000003194181104,-3.6375354186528525e-05,-6.962669934572092e-11,2.0724270915100196e-15,1.570796300213118,-1.8676695373093288,-0.025604404606767328,0.1013319304285988
1.262000000000001,0.00478516282814802,0.26751353999482524,-0.1582592535761314,-0.000677837136647141,0.0009637202068935259,-1.3500001406784212,0.450000031941811,-3.637535418652224e-05,-4.6259255676816697e-11,4.1942995824202675e-15,1.5707963002131007,-1.866616027762993,-0.03427116379802719,0.10132913142148547
1.282000000000001,0.004701732660364093,0.2733115113698062,-0.16016728560217544,-0.0006778371366484808,0.0009672598412179738,-1.3500001406753823,0.4500000319418093,-3.6375354186510677e-05,-7.062064759043473e-11,2.736475917501416e-14,1.5707963002129453,-1.8655424875087383,-0.042592640627535816,0.10132616100696303
1.302000000000001,0.004600289754854071,0.2789719053832777,-0.16193421740210923,-0.0006778371366496194,0.0009691482264870449,-1.3500001406747382,0.45000003194180904,-3.6375354186506096e-05,-5.0798034223113873e-11,2.1915659723226468e-14,1.5707963002129117,-1.8644535994998506,-0.05057726660044953,0.10132305213209951
1.322000000000001,0.004481668607546409,0.2844967961820352,-0.16356413375638723,-0.0006778371366505386,0.0009696624622985011,-1.3500001406721307,0.4500000319418076,-3.637535418650439e-05,-6.857684413595875e-11,3.6066876766947535e-14,1.5707963002127514,-1.8633537441381618,-0.0582334935323712,0.10131983562363273
1.342000000000001,0.004346757330669788,0.28988832818286836,-0.16506111301598964,-0.0006778371366512322,0.000969006001572031,-1.3500001406711075,0.450000031941807,-3.637535418650333e-05,-5.533883110844337e-11,3.030721219656659e-14,1.5707963002126883,-1.8622470086755345,-0.06556976864312661,0.10131654009057649
1.362000000000001,0.004196487629164439,0.29514869825704493,-0.1664292121957685,-0.0006778371366517034,0.0009673294540870353,-1.3500001406691637,0.4500000319418061,-3.637535418650284e-05,-6.187740219290266e-11,3.217933348615817e-14,1.5707963002125445,-1.8611371974068707,-0.07259451207303902,0.10131319190648728
1.382000000000001,0.0040318255577025276,0.30028014074267834,-0.16767245453353508,-0.0006778371366519629,0.0009647466728698347,-1.3500001406675382,0.4500000319418053,-3.6375354186502227e-05,-5.965904879573852e-11,3.013297931380717e-14,1.5707963002124228,-1.8600278424401437,-0.07931609643770182,0.10130981524671938
1.402000000000001,0.003853763033796258,0.3052849148768437,-0.16879481916892197,-0.0006778371366520251,0.0009613468219096655,-1.3500001406666269,0.45000003194180505,-3.6375354186501386e-05,-4.821584128681709e-11,2.225493672894514e-14,1.5707963002123428,-1.8589222147892892,-0.08574282820364015,0.10130643216166081
1.422000000000001,0.0036633100768101636,0.3101652942923311,-0.16980023264138505,-0.0006778371366519084,0.0009572031228198998,-1.3500001406640436,0.45000003194180416,-3.637535418650126e-05,-6.341974026880447e-11,2.48120375758257e-14,1.5707963002121093,-1.8578233356337297,-0.0918829307883409,0.10130306267180049
1.442000000000001,0.003461487738989985,0.3149235582715229,-0.17069256194692856,-0.0006778371366516332,0.0009523789377801341,-1.3500001406637998,0.45000003194180416,-3.637535418650122e-05,-3.978804217803292e-11,1.5240695665540717e-14,1.5707963002120877,-1.8567339876157958,-0.0977445293481558,0.10129972487444236
1.462000000000001,0.0032493216924371986,0.3195619844922325,-0.17147560892858368,-0.0006778371366512211,0.0009469317811533693,-1.3500001406606446,0.4500000319418036,-3.637535418646965e-05,-6.611787826697045e-11,1.5994719236170875e-14,1.5707963002117438,-1.8556567260331,-0.1033356372356643,0.1012964350550429
1.482000000000001,0.0030278364349326015,0.32408284303772017,-0.172153105806721,-0.0006778371366506934,0.0009409157741299661,-1.3500001406602589,0.4500000319418036,-3.637535418647851e-05,-4.392416339632005e-11,9.998450602041348e-15,1.5707963002117014,-1.8545938899024181,-0.1086641441264492,0.10129320779854818
1.5020000000000011,0.002798050077349244,0.3284883914758456,-0.17272871168232967,-0.0006778371366500711,0.0009343829742881939,-1.350000140657376,0.45000003194180344,-3.637535418649496e-05,-6.701588493646926e-11,8.354758312057242e-15,1.570796300211322,-1.8535476127547694,-0.11373780577975992,0.10129005609789576
1.5220000000000011,0.0025609696758588075,0.332780870840807,-0.17320600986984883,-0.0006778371366493747,0.0009273839312764503,-1.3500001406567648,0.45000003194180344,-3.6375354186500465e-05,-4.8200823322931003e-11,5.275214134828188e-15,1.570796300211242,-1.8525198331979114,-0.11856423540602778,0.10128699145808946
1.5420000000000011,0.002317587073041669,0.3369625023755598,-0.17358850593638647,-0.0006778371366486239,0.0009199677450434355,-1.3500001406542919,0.45000003194180344,-3.637535418650491e-05,-6.50442227608492e-11,2.3520484575915488e-15,1.5707963002108498,-1.8515123051302,-0.12315089656436698,0.10128402399512786
1.5620000000000012,0.0020688752132174996,0.3410354849142103,-0.17387962634158757,-0.0006778371366478365,0.00091218183664046,-1.3500001406533217,0.45000003194180344,-3.63753541865056e-05,-5.248306130650207e-11,9.782158921227335e-16,1.570796300210695,-1.850526607655876,-0.12750509752016875,0.10128116252959274
1.5820000000000012,0.0018157848987132668,0.3450019928018434,-0.1740827175873645,-0.0006778371366470288,0.0009040715847864083,-1.3500001406514792,0.4500000319418036,-3.6375354186504754e-05,-5.866980743503345e-11,-1.3939224964628533e-15,1.5707963002103438,-1.8495641546221029,-0.1316339869520248,0.10127841467504152
1.6020000000000012,0.0015592419552997192,0.34886417426474653,-0.1742010457995156,-0.0006778371366462165,0.0008956799343687696,-1.3500001406499376,0.4500000319418036,-3.6375354186503934e-05,-5.656020191047276e-11,-2.420958880449545e-15,1.5707963002100473,-1.8486262038201138,-0.13554455090482256,0.10127578692149476
1.6220000000000012,0.001300144776598449,0.35262415015718757,-0.17423779667421793,-0.0006778371366454129,0.0008870470454434351,-1.3500001406490734,0.45000003194180366,-3.6375354186502775e-05,-4.5706419767568967e-11,-2.3920239613070335e-15,1.570796300209853,-1.8477138658111167,-0.1392436108626733,0.10127328471438332
1.6420000000000012,0.0010393622188486626,0.35628401302211504,-0.17419607573175908,-0.0006778371366446293,0.0008782100222571232,-1.3500001406466249,0.45000003194180377,-3.637535418650138e-05,-6.010961311526373e-11,-3.823660408441481e-15,1.5707963002092846,-1.8468281123932786,-0.14273782282081715,0.10127091252930989
1.6620000000000013,0.0007777318189976411,0.35984582641266294,-0.1740789088278971,-0.0006778371366438764,0.0008692027402754216,-1.3500001406463937,0.45000003194180377,-3.6375354186501535e-05,-3.7710673382226434e-11,-2.445900031988535e-15,1.5707963002092311,-1.845969784721353,-0.14603367723463728,0.1012686739429428
1.6820000000000013,0.0005160583106224902,0.36331162442941195,-0.17388924288011526,-0.0006778371366431622,0.0008600557739834572,-1.3500001406434043,0.4500000319418039,-3.637535418650306e-05,-6.265524436026044e-11,-3.952823061724997e-15,1.5707963002083931,-1.8451396010515306,-0.14913749972026516,0.10126657170031517
1.7020000000000013,0.0002551124136906321,0.3666834114352074,-0.17362994677193888,-0.0006778371366424943,0.0008507964181644969,-1.3500001406430389,0.4500000319418039,-3.637535418650236e-05,-4.1623122692642245e-11,-2.61938107464709e-15,1.5707963002082912,-1.844338164176145,-0.15205545240334073,0.10126460777873826
1.7220000000000013,-4.370124385196232e-06,0.3699631619151559,-0.17330381240355555,-0.0006778371366418781,0.0008414487893550218,-1.3500001406403075,0.450000031941804,-3.6375354186502484e-05,-6.349748849542355e-11,-3.944435648966303e-15,1.570796300207368,-1.843565968484921,-0.15479353579778382,0.10126278344850641
1.7420000000000013,-0.0002616892575496835,0.3731528204543697,-0.17291355586135565,-0.0006778371366413181,0.0008320339912377738,-1.3500001406397284,0.450000031941804,-3.6375354186501854e-05,-4.566941301030339e-11,-2.831428934211866e-15,1.570796300207171,-1.8428234067423679,-0.15735759113237988,0.10126109933051514
1.7620000000000013,-0.0005161811595845078,0.37625430181025254,-0.1724618186827907,-0.0006778371366408169,0.0008225703270179073,-1.3500001406373856,0.45000003194180416,-3.637535418650183e-05,-6.162340803148943e-11,-3.9060602766636e-15,1.5707963002062164,-1.8421107765150802,-0.15975330302535404,0.10125955545090143
1.7820000000000014,-0.0007672185508106829,0.37926949105972485,-0.1719511691962226,-0.0006778371366403765,0.00081307354262588,-1.3500001406364661,0.45000003194180416,-3.637535418650113e-05,-4.972193738691235e-11,-3.167717439988219e-15,1.5707963002058396,-1.8414282863306002,-0.1619862024429761,0.10125815129278806
1.8020000000000014,-0.0010142108503468084,0.38220024380487533,-0.1713841039182828,-0.000677837136639998,0.0008035570863375502,-1.3500001406347208,0.4500000319418043,-3.637535418650276e-05,-5.55808343116069e-11,-3.767751791197019e-15,1.5707963002049854,-1.8407760615187847,-0.16406166986510087,0.10125688584520853
1.8220000000000014,-0.0012566041701034582,0.38504838642317407,-0.1707630489937352,-0.0006778371366396809,0.0007940323726589839,-1.3500001406332607,0.4500000319418043,-3.637535418650346e-05,-5.358128156100747e-11,-3.734196152906186e-15,1.5707963002042633,-1.8401541497959644,-0.16598493860894759,0.1012557576492823
1.8420000000000014,-0.0014938811656002634,0.387815716350661,-0.17009036166499908,-0.0006778371366394247,0.0007845090407657295,-1.350000140632442,0.4500000319418044,-3.637535418650281e-05,-4.3298673138771094e-11,-2.7608458186205488e-15,1.5707963002037897,-1.8395625265696742,-0.16776109825664468,0.10125476484171492
1.8620000000000014,-0.0017255607576567617,0.39050400238847827,-0.16936833176036994,-0.000677837136639228,0.0007749952001849573,-1.3500001406301223,0.4500000319418044,-3.637535418650239e-05,-5.69423362026712e-11,-3.0291484744000115e-15,1.570796300202406,-1.8390010999902935,-0.16939509814839482,0.10125390519570014
1.8820000000000014,-0.0019511977380295116,0.3931149850248075,-0.16859918319162623,-0.0006778371366390881,0.0007654976586137948,-1.350000140629903,0.4500000319418044,-3.6375354186501515e-05,-3.572357964781451e-11,-1.8595214695251724e-15,1.5707963002022762,-1.8384697157681322,-0.17089175090871653,0.10125317615930356
1.9020000000000015,-0.0021703822711449097,0.39565037676571857,-0.1677850754531475,-0.0006778371366390023,0.0007560221286905357,-1.3500001406256872,0.45000003194180443,-3.637535418650137e-05,-7.722317104026746e-11,-2.636262845063098e-15,1.5707963001996241,-1.837968161733445,-0.1722557359723858,0.10125257489142045
1.9220000000000015,-0.002382739303207933,0.39811186246968855,-0.16692810511592854,-0.0006778371366389676,0.0007465734121366194,-1.3500001406252913,0.45000003194180443,-3.63753541865012e-05,-5.0612803944625386e-11,-1.667513289945479e-15,1.5707963001993743,-1.8374961722115262,-0.17349160309822106,0.10125209829539922
1.9420000000000015,-0.002587927889149946,0.4005010996816209,-0.16603030731097035,-0.0006778371366389812,0.0007371555609600856,-1.3500001406224493,0.45000003194180443,-3.637535418647081e-05,-6.997080212514337e-11,-1.299184731493476e-15,1.5707963001971277,-1.837053432133415,-0.1746037758375958,0.1012517430504286
1.9620000000000015,-0.0027856404471117914,0.4028197189631112,-0.16509365719748648,-0.0006778371366390394,0.0007277720163728448,-1.3500001406218463,0.45000003194180443,-3.6375354186476355e-05,-4.954917306259938e-11,-8.030137297165454e-16,1.570796300196649,-1.836639580994859,-0.1755965549611013,0.1012515056407913
1.9820000000000015,-0.002975601949439683,0.40506932421648845,-0.1641200714121953,-0.0006778371366391379,0.0007184257267564378,-1.350000140619599,0.45000003194180443,-3.63753541864918e-05,-6.212867702374118e-11,-7.31934266259822e-16,1.570796300194328,-1.8362542165763907,-0.17647412181616412,0.10125138238308792
2.002000000000001,-0.0031575690584987083,0.4072514930008265,-0.1631114094966903,-0.0006778371366392728,0.000709119246453793,-1.3500001406187183,0.45000003194180443,-3.6375354186498744e-05,-4.9219638018918716e-11,-5.256011124865183e-16,1.570796300193411,-1.8358968985116022,-0.17724054162054875,0.1012513694515327
2.021999999999999,-0.0033313292149799124,0.4093677768386789,-0.16206947530050494,-0.0006778371366394408,0.0006998548174103832,-1.350000140615992,0.45000003194180443,-3.637535418650176e-05,-7.054772204963056e-11,1.1016878725622995e-16,1.5707963001902863,-1.8355671516491774,-0.17789976667511787,0.10125146290142854
2.0419999999999967,-0.0034966996857896796,0.4114197015127596,-0.1609960183580279,-0.0006778371366396371,0.0006906344357788729,-1.3500001406144677,0.45000003194180443,-3.637535418650174e-05,-6.418156991521349e-11,3.155833300500742e-16,1.570796300188529,-1.8352644692699485,-0.17845563950037188,0.10125165869091755
2.0619999999999945,-0.00365352657806215,0.4134087673521828,-0.15989273523788622,-0.0006778371366398583,0.0006814599055754236,-1.3500001406136666,0.45000003194180443,-3.6375354186493546e-05,-4.8891264671980364e-11,4.1461098784743176e-16,1.5707963001873773,-1.8349883161192204,-0.17891189588600506,0.10125195270111079
2.0819999999999923,-0.0038016838253245254,0.4153364495081938,-0.1587612708638081,-0.0006778371366401013,0.0006723328813672064,-1.3500001406114266,0.45000003194180443,-3.63753541864738e-05,-5.868716323622037e-11,8.397091375637811e-16,1.5707963001840097,-1.8347381312948863,-0.1792721678571958,0.10125234075468918
2.10199999999999,-0.003941072151368944,0.4172041982195804,-0.15760321980631406,-0.0006778371366403615,0.0006632549018080585,-1.3500001406112148,0.45000003194180443,-3.637535418648315e-05,-3.641643818056482e-11,5.431848365936775e-16,1.5707963001836929,-1.8345133309919837,-0.17953998655568573,0.10125281863306923
2.121999999999988,-0.004071618016941098,0.4190134390681612,-0.15642012754486873,-0.0006778371366406359,0.0006542274156459007,-1.3500001406074706,0.45000003194180443,-3.6375354186494285e-05,-7.098236075337418e-11,1.3018402038747537e-15,1.5707963001772387,-1.834313311082999,-0.17971878503116517,0.10125338209221876
2.1419999999999857,-0.004193272553942627,0.42076557322490754,-0.15521349170036242,-0.0006778371366409209,0.00064525180161964,-1.3500001406071185,0.45000003194180443,-3.637535418649839e-05,-4.618534592242372e-11,8.567694924838721e-16,1.5707963001766312,-1.8341374495974034,-0.17981190095255742,0.10125402687720729
2.1619999999999835,-0.0043060104914596775,0.42246197768737337,-0.15398476323799182,-0.0006778371366412135,0.0006363293834583451,-1.3500001406033628,0.45000003194180443,-3.637535418650267e-05,-7.988090330399846e-11,1.597134313708234e-15,1.5707963001693814,-1.8339851090233492,-0.1798225792269259,0.10125474873557022
2.1819999999999813,-0.004409829077571708,0.4241040055091978,-0.15273534764077135,-0.0006778371366415105,0.0006274614410009451,-1.350000140602762,0.45000003194180443,-3.637535418650255e-05,-5.553889125647271e-11,1.1213339095109383e-15,1.570796300168217,-1.8338556385367761,-0.17975397454303393,0.10125554342955667
2.201999999999979,-0.004504747000561007,0.42569298602250044,-0.15146660605404066,-0.0006778371366418093,0.0006186492182767219,-1.3500001405992434,0.45000003194180443,-3.637535418650111e-05,-8.430770477610615e-11,1.2518707760212777e-15,1.5707963001604381,-1.8337483760581168,-0.1796091538246145,0.10125640674733737
2.221999999999977,-0.004590803312832551,0.42723022505402414,-0.15017985640144155,-0.0006778371366421079,0.0006098939292288492,-1.3500001405982391,0.45000003194180443,-3.63753541865013e-05,-6.444626459091132e-11,8.928057868957988e-16,1.570796300158207,-1.8336626502435376,-0.1793910986110408,0.10125733451323132
2.2419999999999747,-0.004668056360564177,0.42871700513589384,-0.14887637447292126,-0.0006778371366424037,0.0006011967616265837,-1.3500001405966096,0.45000003194180443,-3.637535418651989e-05,-6.16324012736202e-11,1.8537516159867706e-16,1.570796300153149,-1.8335977823222245,-0.1791027073529421,0.10125832259701778
2.2619999999999725,-0.004736582721837147,0.4301545857118558,-0.14755739498538667,-0.0006778371366426945,0.0005925588795962546,-1.3500001405952564,0.45000003194180443,-3.637535418652813e-05,-5.489047379379333e-11,-1.9058452341536304e-16,1.5707963001488732,-1.8335530878602966,-0.17874679763659213,0.10125936692239008
2.2819999999999703,-0.005189760735670887,0.4314405064150081,-0.14609844746925676,-0.0006778371543914385,0.0006705151561762682,-1.3500001405937176,0.45000003194180443,-3.6375354186516436e-05,-5.540634104657869e-11,-3.066724938819769e-16,1.5707963001430305,-1.8332232453196424,-0.1780852152425374,0.10155928570013016
2.301999999999968,-0.0063234145966385965,0.4325219233030251,-0.14442757419355948,-0.0006778372083450827,0.0008478879570983117,-1.3500001405915967,0.45000003194180443,-3.637535418650668e-05,-6.23653243271544e-11,-3.9436349825296865e-16,1.5707963001348357,-1.8323020665485767,-0.1769417529049835,0.10195161466542382
2.321999999999966,-0.008102839958265065,0.4334383265477396,-0.14258327413960104,-0.0006778372033424652,0.0010611920555408274,-1.3500001405913957,0.45000003194180443,-3.637535418650431e-05,-3.837388468059592e-11,-2.4975177296186134e-16,1.5707963001340641,-1.830783416475673,-0.1753520240016719,0.10227180501669787
2.3419999999999637,-0.010495827258514707,0.43422270488774606,-0.14059825632319276,-0.000677837159604896,0.0012679309160159072,-1.3500001405879107,0.45000003194180443,-3.637535418650317e-05,-6.843768946845498e-11,-5.719079379714519e-16,1.570796300118361,-1.8286854852026417,-0.17335838602916936,0.10251238793892892
2.3619999999999615,-0.013472321687744112,0.4349025190628937,-0.1385002720216452,-0.000677837121544896,0.0014420868043734034,-1.350000140587583,0.45000003194180443,-3.6375354186502105e-05,-4.422231339764617e-11,-3.7538019988775393e-16,1.5707963001168825,-1.8260294174175,-0.17100737413523315,0.10268636435878938
2.3819999999999593,-0.01700420951142367,0.4355005559038654,-0.1363128354298429,-0.0006778371032072586,0.0015701040659049296,-1.3500001405842557,0.45000003194180443,-3.637535418650104e-05,-7.24791448992453e-11,-2.08571187875181e-16,1.5707963000992433,-1.8228361694525206,-0.16834739172762847,0.10280708526923785
2.401999999999957,-0.02106513807737103,0.4360356618833936,-0.13405584404071944,-0.0006778370995681581,0.0016474416720549646,-1.3500001405837232,0.45000003194180443,-3.637535418650145e-05,-5.008192416044637e-11,-1.1577904906504033e-16,1.5707963000964098,-1.8191260972114995,-0.1654267506038295,0.10288572795993925
2.421999999999955,-0.025630355900240886,0.43652336756773424,-0.13174611015970122,-0.0006778371028415384,0.001675716966455175,-1.350000140580709,0.45000003194180443,-3.637535418652803e-05,-7.352402431894977e-11,8.383120520821625e-16,1.5707963000774834,-1.8149189333376072,-0.16229210211880057,0.10293134193077633
2.4419999999999527,-0.03067657028328426,0.43697641616139693,-0.12939781466407596,-0.000677837108278552,0.001660420713343921,-1.3500001405798487,0.45000003194180443,-3.637535418652553e-05,-5.586828419084247e-11,7.759058873178362e-16,1.5707963000720542,-1.810233807505935,-0.15898726074353103,0.10295120098635716
2.4619999999999505,-0.03618182106571998,0.43740520902903945,-0.12702289346634826,-0.0006778371138918877,0.0016091556713381553,-1.3500001405773707,0.45000003194180443,-3.6375354186513584e-05,-7.013316695480067e-11,1.6039347292411702e-15,1.5707963000535567,-1.8050892635163023,-0.1555523936677866,0.10295113504653274
2.4819999999999482,-0.04212536898325516,0.43781818018154645,-0.12463136625896609,-0.000677837119027378,0.0015303347657878164,-1.3500001405759876,0.45000003194180443,-3.63753541865069e-05,-6.141299676092852e-11,1.5803273139346338e-15,1.5707963000431528,-1.7995032704076246,-0.15202353314339562,0.10293580573236566
2.501999999999946,-0.04848759702857735,0.43822211056960136,-0.12223161611458366,-0.0006778371234919361,0.0014322678224583925,-1.3500001405743824,0.45000003194180443,-3.6375354186504395e-05,-6.021530656632462e-11,1.4698465068230456e-15,1.5707963000289369,-1.7934932297873083,-0.1484323596367212,0.10290893083932484
2.521999999999944,-0.055249923214593606,0.4386223917814287,-0.11983062747479402,-0.000677837127237716,0.0013225652950576558,-1.350000140572165,0.45000003194180443,-3.637535418650243e-05,-6.643700894913127e-11,1.5264470375437805e-15,1.570796300008999,-1.7870759814403279,-0.14480620146036688,0.10287346671697122
2.5419999999999416,-0.062394723243685835,0.43902324748234944,-0.11743418904125853,-0.0006778371302837916,0.0012077913875642827,-1.3500001405719548,0.45000003194180443,-3.637535418650119e-05,-4.0766993257495064e-11,9.24001648458119e-16,1.570796300007122,-1.7802678085258408,-0.14116819847170878,0.10283175642161581
2.5619999999999394,-0.06990526173234919,0.4394279197243182,-0.11504706712692081,-0.0006778371326927759,0.0010933057523479345,-1.3500001405684103,0.45000003194180443,-3.6375354186495755e-05,-7.050020438471452e-11,3.150950157692396e-16,1.5707962999689136,-1.7730844431387944,-0.13753758216050505,0.10278565001345338
2.5819999999999372,-0.07776563080408684,0.4398388261343401,-0.1126731541561993,-0.0006778371345512561,0.0009832412215413865,-1.3500001405680768,0.45000003194180443,-3.637535418649708e-05,-4.5438574179654315e-11,1.34004273366715e-16,1.5707962999653169,-1.7655410727090128,-0.13393003078767,0.10273660213251132
2.601999999999935,-0.08596069502631208,0.44025769298538153,-0.11031559623412666,-0.0006778371359522325,0.0008805738192118806,-1.3500001405647608,0.45000003194180443,-3.637535418649919e-05,-7.294423364765232e-11,1.35499096360782e-16,1.5707962999223968,-1.7576523473633152,-0.1303580652405758,0.10268575101534905
2.621999999999933,-0.09447604181875598,0.4406856682729258,-0.1079769030386853,-0.0006778371369835296,0.0007872499077877657,-1.3500001405642301,0.45000003194180443,-3.637535418650138e-05,-5.027821054704214e-11,8.75930113986746e-17,1.570796299915504,-1.749432388402344,-0.12683145832781595,0.10263398234844029
2.6419999999999306,-0.10329793659619807,0.44112341816583256,-0.10565904272503207,-0.0006778371377222576,0.0007043432817656109,-1.3500001405612687,0.45000003194180443,-3.637535418650336e-05,-7.279797825584818e-11,-8.069826217049137e-16,1.5707962998694533,-1.7408947977688105,-0.12335763682248455,0.10258198074275486
2.6619999999999284,-0.11241328202535623,0.4415712095660995,-0.1033635240576898,-0.0006778371382332559,0.0006322220606324458,-1.3500001405604236,0.45000003194180443,-3.6375354186503026e-05,-5.517616487904322e-11,-7.467407878960242e-16,1.5707962998562444,-1.7320526685212174,-0.11994206148331524,0.10253027112003338
2.681999999999926,-0.12180958087474325,0.4420289809885639,-0.10109146759744671,-0.0006778371385695653,0.0005707112209144187,-1.3500001405591147,0.45000003194180443,-3.6375354186502254e-05,-5.132221969080816e-11,-8.787397095096502e-16,1.5707962998263019,-1.7229185961284614,-0.11658857530846926,0.10247925189703105
2.701999999999924,-0.13147490201868126,0.4424964035461276,-0.0988436674528681,-0.0006778371387737362,0.0005192415196464713,-1.3500001405580309,0.45000003194180443,-3.6375354186501535e-05,-4.497402999622916e-11,-8.645551890395501e-16,1.570796299800988,-1.7135046905329983,-0.11329971443666183,0.10242922152082928
2.721999999999922,-0.1413978492245052,0.44297293348532935,-0.09662064485104987,-0.0006778371388793863,0.0004769794468289723,-1.3500001405568427,0.45000003194180443,-3.637535418650285e-05,-4.416614365776785e-11,-7.617022112317552e-16,1.5707962997664002,-1.703822588819649,-0.11007697936657479,0.10238039963170331
2.7419999999999196,-0.15156753240750723,0.44345785744762184,-0.09442269457809034,-0.0006778371389127384,0.0004429357977599878,-1.35000014055521,0.45000003194180443,-3.6375354186504544e-05,-4.878444191227362e-11,-7.562474388989222e-16,1.5707962997178895,-1.6938834683898083,-0.10692106663425002,0.10233294389997494
2.7619999999999174,-0.16197354108352116,0.44395033142089724,-0.09224992517719995,-0.0006778371388940239,0.00041605259857126523,-1.3500001405550555,0.45000003194180443,-3.637535418650379e-05,-2.9939728819750876e-11,-4.525345486938044e-16,1.5707962997133227,-1.6836980605213643,-0.1038320628399799,0.10228696339163752
2.781999999999915,-0.17260591978616902,0.4444494141821823,-0.09010229366302093,-0.0006778371388386978,0.0003952695811507086,-1.3500001405534345,0.45000003194180443,-3.6375354186501766e-05,-3.8915239954775294e-11,4.3924929884802515e-16,1.5707962996418559,-1.6732766641945667,-0.1008096040726557,0.10224252915820196
2.801999999999913,-0.18345514524635367,0.4449540959059876,-0.08797963540743478,-0.0006778371387584583,0.0003795723171848822,-1.3500001405532356,0.45000003194180443,-3.6375354186501386e-05,-2.5123925631446057e-11,3.729145445836715e-16,1.5707962996331044,-1.6626291601096632,-0.09785300445469539,0.10219968261412377
2.821999999999911,-0.1945121051569731,0.4454633225150378,-0.08588168976894933,-0.0006778371386620806,0.00036802460699201616,-1.3500001405520845,0.45000003194180443,-3.637535418650373e-05,-3.069901529650413e-11,1.1743632359215258e-15,1.570796299554359,-1.6517650247642288,-0.09496135781729208,0.10215844215606552
2.8419999999999086,-0.20576807836716052,0.44597601627402,-0.08380812196987296,-0.0006778371385560833,0.00035978788562082735,-1.3500001405518405,0.45000003194180443,-3.637535418650328e-05,-2.1262164555189017e-11,9.11680844236612e-16,1.570796299537588,-1.6406933445487488,-0.09213361653336172,0.10211880838866687
2.8619999999999064,-0.21721471636849898,0.4464910930669471,-0.08175854166910777,-0.0006778371384452594,0.00035413034930376855,-1.3500001405514472,0.45000003194180443,-3.637535418650277e-05,-1.7713112202326526e-11,1.5184288467308152e-15,1.5707962994804463,-1.629422829749024,-0.08936865133902275,0.10208076824824006
2.881999999999904,-0.22884402595128078,0.44700747675032776,-0.07973251863061509,-0.0006778371383330854,0.00035042829653363344,-1.3500001405512323,0.45000003194180443,-3.637535418650213e-05,-1.3045812562699579e-11,1.4375085118672403e-15,1.5707962994483071,-1.6179618284180466,-0.08666529566082992,0.10204429825634227
2.901999999999902,-0.24064835292249467,0.44752411093423716,-0.0777295958462426,-0.0006778371382220433,0.00034816188090259386,-1.350000140551137,0.45000003194180443,-3.637535418650132e-05,-8.588667582496367e-12,1.4118908913859552e-15,1.5707962994043938,-1.6063183400435301,-0.08402237756816792,0.10200936708711385
2.9219999999999,-0.2526203667891897,0.44803996850913014,-0.07574930043506786,-0.000677837138113866,0.00034690713420858633,-1.350000140551024,0.45000003194180443,-3.6375354186501285e-05,-6.2098887740825606e-12,1.5398760968838409e-15,1.5707962993428024,-1.5945000289712608,-0.08143874204718585,0.10197593759369346
2.9419999999998976,-0.2647530463214703,0.448554059206082,-0.07379115260859172,-0.0006778371380097261,0.00034632577244753137,-1.3500001405510127,0.45000003194180443,-3.637535418650123e-05,-3.531673426816287e-12,9.44274199862133e-16,1.5707962993370048,-1.5825142375423067,-0.07891326586674234,0.10194396840820669
2.9619999999998954,-0.27703966591881485,0.44906543545089744,-0.07185467296124359,-0.0006778371379103785,0.0003461539678272234,-1.3500001405511413,0.45000003194180443,-3.637535418646968e-05,4.443213087149752e-14,7.246761277007336e-16,1.5707962992462683,-1.570367998910867,-0.07644486690413571,0.1019134152053465
2.981999999999893,-0.28947378271183904,0.4495731967474257,-0.0699393883182418,-0.0006778371378162699,0.0003461909718912509,-1.3500001405511566,0.45000003194180443,-3.6375354186478686e-05,4.271141597472282e-13,4.2544859463576803e-16,1.570796299235157,-1.5580680495178263,-0.07403250943194999,0.10188423170020776
3.001999999999891,-0.3020492243391497,0.4500764928019944,-0.06804483634757161,-0.0006778371377276211,0.0003462882164966724,-1.3500001405513862,0.45000003194180443,-3.6375354186492116e-05,3.836708963451749e-12,1.0499452322887234e-15,1.5707962991609232,-1.545620841201347,-0.07167520654479065,0.10185637043581167
3.0219999999998888,-0.314760077345655,0.4505745255788878,-0.0661705691195112,-0.0006778371376444894,0.0003463393039245511,-1.350000140551452,0.45000003194180443,-3.637535418649822e-05,3.359761608234318e-12,8.597430443593127e-16,1.57079629913963,-1.533032552927119,-0.06937202062880568,0.101829783403796
3.0419999999998866,-0.32760067615467614,0.4510665504561343,-0.06431615577563947,-0.0006778371375668144,0.00034627112434885423,-1.3500001405516149,0.45000003194180443,-3.63753541865023e-05,4.5199898266748605e-12,7.177407177644175e-16,1.5707962990913638,-1.520309102133663,-0.06712206254831836,0.10180442253241438
3.0619999999998844,-0.3405655925715184,0.4515518766315065,-0.062481184449527626,-0.0006778371374944538,0.000346036205332968,-1.3500001405517528,0.45000003194180443,-3.637535418650353e-05,4.689559129029921e-12,5.804990024034896e-16,1.5707962990505584,-1.5074561556825243,-0.06492449003763794,0.10178024006869542
3.081999999999882,-0.35364962578085507,0.45202986691060115,-0.06066526356330125,-0.0006778371374272097,0.0003456062995694378,-1.350000140551839,0.45000003194180443,-3.637535418650303e-05,4.0467116093325085e-12,3.1075452096538643e-16,1.5707962990238131,-1.4944791404155529,-0.06277850564036547,0.10175718887592665
3.10199999999988,-0.36684779280441804,0.45249993699217844,-0.05886802260790801,-0.0006778371373648484,0.0003449671485957078,-1.350000140552088,0.45000003194180443,-3.637535418650272e-05,5.806601139670076e-12,8.683055773610072e-17,1.5707962989456137,-1.4813832533188303,-0.060683354425850905,0.10173522266321974
3.1219999999998778,-0.3801553193891198,0.45296155435063,-0.057089112500188686,-0.0006778371373071141,0.00034411431638723907,-1.3500001405521116,0.45000003194180443,-3.6375354186501664e-05,3.677570735957744e-12,3.2979068644606966e-17,1.570796298938253,-1.4681734712964432,-0.05863832162902438,0.10171429616044582
3.1419999999998756,-0.3935676312989098,0.45341423680152504,-0.05532820559665654,-0.0006778371372537399,0.00034304996242692565,-1.3500001405523223,0.45000003194180443,-3.637535418650121e-05,5.047325907346292e-12,-5.628395284098059e-16,1.5707962988504114,-1.45485456056327,-0.0566427303000632,0.10169436524915809
3.1619999999998734,-0.4070803459864313,0.4538575508236336,-0.053584995432166084,-0.0006778371372044572,0.000341780414399429,-1.350000140552356,0.45000003194180443,-3.6375354186501264e-05,3.4074036020165798e-12,-4.4042203091696935e-16,1.570796298836305,-1.4414310856591213,-0.05469593900857275,0.10167538705799639
3.181999999999871,-0.42068926462294826,0.45429110969962416,-0.05185919624130735,-0.0006778371371589991,0.00034031440197173865,-1.3500001405524455,0.45000003194180443,-3.637535418650126e-05,3.237049616757375e-12,-4.0913666095643625e-17,1.5707962987678625,-1.4279074180990128,-0.052797339620777,0.1016573200294193
3.201999999999869,-0.4343903644670978,0.45471457152771005,-0.05015054231129716,-0.0006778371371171049,0.00033866182175592305,-1.3500001405524806,0.45000003194180443,-3.63753541865013e-05,2.3500657303568837e-12,7.606341977666093e-17,1.5707962987408277,-1.4142877446641609,-0.050946355151475296,0.10164012396330101
3.2219999999998667,-0.4481797915548172,0.4551276371478202,-0.048458787207250165,-0.0006778371370785237,0.00033683291671555786,-1.3500001405524935,0.45000003194180443,-3.6375354186502626e-05,1.477646741747198e-12,2.4253139922537583e-17,1.5707962987038888,-1.4005760753479968,-0.04914243768466665,0.10162376004188473
3.2419999999998645,-0.46205385369435614,0.4555300480182931,-0.04678370290389182,-0.000677837137043016,0.0003348377687941821,-1.350000140552508,0.45000003194180443,-3.637535418650403e-05,9.87886373069218e-13,-2.3233637742445277e-17,1.5707962986520814,-1.38677625096622,-0.04738506635329079,0.10160819083976158
3.2619999999998623,-0.4760090137516265,0.45592158407256056,-0.04512507885191502,-0.0006778371370103543,0.0003326860197812096,-1.350000140552509,0.45000003194180443,-3.6375354186503406e-05,5.513397703480536e-13,-1.8915885745276213e-17,1.5707962986472048,-1.3728919504430297,-0.04567374536891426,0.10159338032186956
3.28199999999986,-0.49004188321230857,0.45630206157969,-0.04348272100217661,-0.0006778371369803241,0.00033038675122905856,-1.3500001405524797,0.45000003194180443,-3.637535418650352e-05,-1.2665296325612519e-13,5.425862621368426e-16,1.5707962985479211,-1.3589266977850447,-0.04400800209425744,0.10157929383196948
3.301999999999858,-0.504149216008138,0.45667133102789953,-0.04185645080667806,-0.0006778371369527246,0.0003279484688276031,-1.350000140552477,0.45000003194180443,-3.6375354186502714e-05,-1.4045490525192887e-13,3.7978527361350346e-16,1.5707962985385748,-1.344883868754475,-0.04238738515443996,0.10156589807361174
3.3219999999998557,-0.5183279025956801,0.4570292750461462,-0.040246104211682385,-0.0006778371369273674,0.00032537914957439,-1.3500001405524296,0.45000003194180443,-3.637535418650271e-05,-8.040208480741956e-13,5.876324447114347e-16,1.5707962984544768,-1.3307666972527854,-0.040811462585935446,0.10155316108524927
3.3419999999998535,-0.5325749642766613,0.457375806375526,-0.03865153065529817,-0.0006778371369040762,0.00032268632113831037,-1.3500001405524193,0.45000003194180443,-3.637535418650184e-05,-6.41482429091388e-13,4.2053051800479925e-16,1.5707962984365655,-1.316578281426992,-0.039279820025096654,0.10154105221085244
3.3619999999998513,-0.5468875477496054,0.4577108658994248,-0.03707259207933314,-0.0006778371368826886,0.0003198771519646077,-1.3500001405523832,0.45000003194180443,-3.63753541865012e-05,-9.377373102297681e-13,5.704991214159007e-16,1.57079629837554,-1.3023215895087625,-0.037792058940302256,0.10152954206714108
3.381999999999849,-0.5612629198831139,0.45803442073904366,-0.035509161963111636,-0.0006778371368630525,0.00031695853799731087,-1.3500001405523627,0.45000003194180443,-3.63753541865013e-05,-8.575030261924221e-13,5.113238452359955e-16,1.5707962983412158,-1.28799946539838,-0.03634779491347124,0.10151860250833941
3.401999999999847,-0.5756984627016648,0.4583464624190201,-0.0339611243852003,-0.0006778371368450276,0.00031393717756720234,-1.3500001405523518,0.4500000319418044,-3.6375354186495355e-05,-6.565041875322133e-13,8.242974869381572e-16,1.570796298318719,-1.273614634003309,-0.03494665597753631,0.10150820658919975
3.4219999999998447,-0.590191668575273,0.45864700510630857,-0.03242837311753734,-0.0006778371368284842,0.0003108196302190067,-1.3500001405523212,0.4500000319418044,-3.6375354186480366e-05,-7.945096290515008e-13,2.022941864044065e-15,1.570796298252941,-1.2591697063423088,-0.033588281016843954,0.1014983285268952
3.4419999999998425,-0.6047401356047931,0.4589360839242237,-0.030910810755267713,-0.0006778371368133028,0.000307612358257774,-1.3500001405523185,0.4500000319418044,-3.637535418648774e-05,-4.935159532214206e-13,1.340051616668821e-15,1.570796298246749,-1.2446671844250183,-0.032272318237218815,0.10148894366226802
3.4619999999998403,-0.6193415631950245,0.45921375334252695,-0.02940834788460438,-0.0006778371367993724,0.00030432175180713497,-1.3500001405522848,0.45000003194180427,-3.637535418649979e-05,-7.401822617206671e-13,2.901750941093206e-15,1.5707962981498447,-1.2301094659163747,-0.03099842371180752,0.10148002842082925
3.481999999999838,-0.6339937478081485,0.4594800856436219,-0.027920902290232735,-0.000677837136786591,0.0003009541394024463,-1.3500001405522806,0.45000003194180427,-3.6375354186502254e-05,-4.863534811783043e-13,1.978193892726092e-15,1.570796298137978,-1.2154988485958997,-0.029766260007949144,0.10147156027381843
3.501999999999836,-0.648694578890343,0.4597351694642699,-0.026448398203119502,-0.0006778371367748646,0.00029751578677880187,-1.3500001405522646,0.4500000319418042,-3.637535418650221e-05,-5.096019176279869e-13,2.8825902329200902e-15,1.5707962980586994,-1.200837534620023,-0.02857549489917536,0.10146351769957558
3.5219999999998337,-0.6634420349647402,0.4599791084117246,-0.02499076558905492,-0.0006778371367641068,0.00029401288672004355,-1.35000014055226,0.4500000319418042,-3.6375354186501136e-05,-3.589231061305486e-13,2.1878550583301196e-15,1.5707962980359584,-1.1861276345969354,-0.027425800165311022,0.10145588014541851
3.5419999999998315,-0.6782341798841665,0.46021201975278464,-0.02354793947782624,-0.0006778371367542383,0.0002904515427453482,-1.3500001405522566,0.4500000319418042,-3.63753541865025e-05,-2.497152466965296e-13,1.2472289613664473e-15,1.5707962979844112,-1.1713711714816522,-0.026316850482405143,0.10144862799018016
3.5619999999998293,-0.6930691592373774,0.46043403317394627,-0.022119859332574966,-0.0006778371367451857,0.00028683774913305454,-1.350000140552254,0.4500000319418042,-3.6375354186502735e-05,-1.7488353197408967e-13,6.642452717892199e-16,1.570796297940832,-1.1565700842996804,-0.0252483224030886,0.10144174250751932
3.581999999999827,-0.7079451969027515,0.46064528961061363,-0.020706468458614603,-0.0006778371367368822,0.00028317736940099153,-1.350000140552254,0.4500000319418042,-3.637535418650193e-05,-9.872085772811796e-14,3.462201680866939e-16,1.57079629793673,-1.1417262317067645,-0.024219893426886463,0.10143520583009424
3.601999999999825,-0.7228603700460077,0.46084594874211676,-0.019307723637031014,-0.0006778371366876755,0.0002794684445626433,-1.3500001405522575,0.4500000319418042,-3.6375354186502565e-05,-1.9345185679055096e-15,-9.033417103574336e-16,1.570796297853216,-1.126841573585674,-0.023231252751147527,0.10142883277960688
3.6219999999998227,-0.7378047339094582,0.46103646533526804,-0.017923927970565554,-0.0006778371361264538,0.00027547567169908385,-1.3500001405522575,0.4500000319418042,-3.6375354186501664e-05,7.943761181892701e-15,-6.64187122058863e-16,1.5707962978453545,-1.1119251078141406,-0.02228249513136416,0.10141871823733063
3.6419999999998205,-0.7527587432805178,0.46121752267184307,-0.01655567333514923,-0.0006778371358191793,0.00027087499677947764,-1.3500001405522664,0.4500000319418042,-3.637535418650132e-05,1.3315989788684543e-13,-1.0039738634954203e-15,1.5707962977515424,-1.0969957705156497,-0.021374110252099763,0.10140248730019137
3.6619999999998183,-0.7677030752469842,0.4613896217607267,-0.015203355644437231,-0.000677837136193425,0.0002656011123057807,-1.3500001405522675,0.4500000319418042,-3.6375354186501264e-05,1.0184373422738149e-13,-6.867500366022747e-16,1.570796297736476,-1.0820732085351947,-0.02050640298363466,0.10138135857811446
3.681999999999816,-0.7826192479312811,0.4615530978109247,-0.013867184040907901,-0.0006778371368978919,0.00025976459305220083,-1.3500001405522748,0.4500000319418042,-3.63753541865024e-05,1.7498020792162584e-13,-6.283003430478362e-16,1.5707962976633822,-1.0671763305758726,-0.019679442754330898,0.10135684621168015
3.701999999999814,-0.7974896057211878,0.4617081565122682,-0.012547215364148219,-0.0006778371375682601,0.00025357048364325354,-1.3500001405522777,0.4500000319418042,-3.637535418650211e-05,1.484172447616566e-13,-4.481076832606592e-16,1.5707962976345096,-1.0523231753852726,-0.018893060219348605,0.10133021326283617
3.7219999999998117,-0.8122973051947986,0.4618549041798226,-0.011243383298273079,-0.0006778371380563925,0.0002472597891600873,-1.3500001405522808,0.4500000319418042,-3.637535418650158e-05,1.37298159126031e-13,-7.802247325153302e-16,1.5707962975950598,-1.0375309136910817,-0.01814685443103551,0.10130245035844367
3.7419999999998095,-0.8270263009858054,0.46199337268436313,-0.009955522978085687,-0.0006778371383544909,0.00024106971570096066,-1.3500001405522855,0.4500000319418042,-3.63753541865012e-05,1.450900585087931e-13,-1.1659743299683512e-15,1.5707962975397292,-1.022815868738998,-0.017440208191262088,0.10127432090497253
3.7619999999998073,-0.8416613314583367,0.4621235399814889,-0.008683391729747912,-0.0006778371384991143,0.00023520877840997817,-1.3500001405522855,0.4500000319418042,-3.6375354186501285e-05,8.84847206027822e-14,-7.426445042517194e-16,1.5707962975345202,-1.0081935383079863,-0.016772309296350853,0.1012464064606549
3.781999999999805,-0.8561879041628713,0.46224534694089436,-0.0074266865276492984,-0.0006778371385278682,0.00022984327624189947,-1.3500001405522897,0.4500000319418042,-3.637535418652992e-05,1.0578252739951585e-13,-1.9222459243430824e-15,1.5707962974530079,-0.9936786159098495,-0.016142175547983542,0.10121914428370342
3.801999999999803,-0.870592281066553,0.46235871107508814,-0.006185058665005935,-0.0006778371384704832,0.00022509209591321382,-1.35000014055229,0.4500000319418042,-3.6375354186522616e-05,6.75016726463957e-14,-1.327712950511222e-15,1.570796297443026,-0.9792850110682815,-0.015548681669662567,0.10119285745008545
3.8219999999998007,-0.8848614635596613,0.4624635376754924,-0.004958126061528369,-0.000677837138350392,0.00022102730246713619,-1.3500001405522923,0.4500000319418042,-3.6375354186510426e-05,7.425257837738629e-14,-2.0287001937566195e-15,1.5707962973532115,-0.9650258688512507,-0.014990586588876989,0.10116777887049906
3.8419999999997985,-0.8989831772454093,0.4625597287836943,-0.003745483566942674,-0.000677837138186716,0.00021767846133302607,-1.3500001405522926,0.4500000319418042,-3.637535418650575e-05,5.0326937653179986e-14,-1.4580474398339532e-15,1.570796297334083,-0.9509135888295507,-0.014466559880318499,0.10114407041973433
3.8619999999997963,-0.9129458565242874,0.4626471903563097,-0.002546711563610685,-0.0006778371379950776,0.00021503908988717888,-1.3500001405522932,0.4500000319418042,-3.637535418650399e-05,3.6557473627337525e-14,-9.562718781785948e-16,1.5707962972689085,-0.936959843600409,-0.013975206487225587,0.1011218381687254
3.881999999999794,-0.9267386289872888,0.46272583792275235,-0.0013613831241716797,-0.0006778371377879203,0.00021307403911238353,-1.3500001405522932,0.4500000319418042,-3.637535418650287e-05,2.4702685898060517e-14,-5.935055376906843e-16,1.570796297232251,-0.9231755969827186,-0.013515089128251705,0.10110114451210181
3.901999999999792,-0.9403512996346883,0.46279560098523753,-0.00018906994012214592,-0.000677837137574842,0.00021172695004105632,-1.350000140552293,0.4500000319418042,-3.6375354186502145e-05,1.1691992218154087e-14,-9.921975059179488e-17,1.5707962972082246,-0.9095711219643438,-0.01308474804613186,0.1010820178234288
3.9219999999997897,-0.9537743349387433,0.46285642636855834,0.0009706527963567196,-0.0006778371373630242,0.00021092721337235358,-1.350000140552293,0.4500000319418042,-3.6375354186501996e-05,-2.627058790637313e-16,6.442004151638715e-16,1.5707962971379745,-0.8961560184610808,-0.012682717957877688,0.10106446014171776
3.9419999999997875,-0.9669988467698675,0.4629082806924757,0.002118202403116306,-0.0006778371371576864,0.0002105960863468888,-1.350000140552293,0.4500000319418042,-3.6375354186501305e-05,-1.2850126325253432e-15,4.619776645524294e-16,1.5707962971313616,-0.8829392309303818,-0.012307542224565591,0.10104845329012736
3.9619999999997852,-0.9800165762065991,0.46295115211093935,0.0032539854805269043,-0.0006778371369624993,0.00021065179375369852,-1.3500001405522921,0.4500000319418042,-3.637535418650298e-05,-1.756084251507986e-14,1.8158091730061367e-15,1.5707962970524496,-0.8699290658699699,-0.011957784375178082,0.10103396374593121
3.981999999999783,-0.9928198772501058,0.46298505143883284,0.00437839533447349,-0.0006778371367799332,0.00021101356649446288,-1.3500001405522921,0.4500000319418042,-3.63753541865026e-05,-1.3402327343596735e-14,1.340409080120542e-15,1.5707962970397764,-0.85713320922126,-0.011632037198327713,0.1010209465156028
4.001999999999781,-1.0054017004641365,0.4630100127676479,0.00549180995486789,-0.0006778371366115393,0.0002116046587513125,-1.3500001405522906,0.4500000319418042,-3.637535418650241e-05,-2.966337296950307e-14,1.0081225130261547e-15,1.5707962969551084,-0.8445587436894967,-0.011328929663811368,0.1010093482169255
4.021999999999779,-1.0177555765612833,0.4630260936556784,0.006594590468275143,-0.0006778371364581725,0.00021235444080748705,-1.3500001405522906,0.4500000319418042,-3.637535418650162e-05,-2.3920970641205783e-14,6.277403992469811e-16,1.570796296930822,-0.8322121659863301,-0.011047131958813614,0.10099910952869608
4.041999999999777,-1.029875599956205,0.4630333749653264,0.007687079994653043,-0.0006778371363201694,0.0002131996958224218,-1.35000014055229,0.4500000319418042,-3.637535418649959e-05,-2.6359034038378362e-14,5.51206786041856e-16,1.570796296875771,-0.8200994039956768,-0.01078535892691989,0.10099016713569546
4.061999999999775,-1.0417564123061256,0.4630319604093908,0.008769602847819389,-0.0006778371361974839,0.0002140852615163074,-1.3500001405522895,0.4500000319418042,-3.6375354186499875e-05,-2.5235015487855808e-14,4.734840948395362e-16,1.5707962968292293,-0.8082258338601058,-0.01054237218718256,0.10098245527045914
4.0819999999997725,-1.05339318605847,0.4630219758592917,0.009842464027422268,-0.0006778371360897941,0.00021496415706757636,-1.3500001405522895,0.4500000319418042,-3.637535418650171e-05,-1.515694106995612e-14,2.7380568053500033e-16,1.5707962968248477,-0.7965962969821363,-0.010316981189784708,0.10097590693259577
4.10199999999977,-1.0647816080249997,0.4630035684607297,0.010905948957162627,-0.0006778371359965815,0.0002157973259614172,-1.3500001405522888,0.4500000319418042,-3.6375354186506346e-05,-1.9398201583884755e-14,2.6081337292676603e-16,1.5707962967356568,-0.7852151169327921,-0.01010804343818783,0.10097045484989825
4.121999999999768,-1.0759178630012014,0.46297690559596616,0.0119603234300188,-0.0006778371359171934,0.00021655311056160953,-1.3500001405522888,0.4500000319418042,-3.6375354186506e-05,-1.21333025165517e-14,1.5336767031245833e-16,1.5707962967272606,-0.7740861162582767,-0.00991446407800585,0.10096603223239384
4.141999999999766,-1.0867986174490805,0.4629421737265363,0.01300583372641937,-0.0006778371358508887,0.0002172065565167653,-1.3500001405522888,0.4500000319418042,-3.63753541865053e-05,-1.1313076036442103e-14,-2.556003739998005e-16,1.5707962966517115,-0.7632126331745501,-0.009735195022556114,0.10096257336007557
4.161999999999764,-1.0974210032608267,0.46289957714556823,0.014042706875836693,-0.0006778371357968718,0.00021773862674855768,-1.3500001405522888,0.4500000319418042,-3.637535418650437e-05,-7.368424035899738e-15,-2.3884625737609106e-16,1.5707962966356215,-0.7525975381389439,-0.00956923375574446,0.10096001403680586
4.1819999999997615,-1.1077826016201378,0.4628493366648577,0.015071151036233032,-0.0006778371357543186,0.00021813538709330996,-1.3500001405522888,0.4500000319418042,-3.637535418650252e-05,-4.693401770218211e-15,-8.29455938861354e-17,1.5707962965575586,-0.742243250287537,-0.009415621925806895,0.1009582919363454
4.201999999999759,-1.1178814269772723,0.4627916882583273,0.016091355969267175,-0.0006778371357223956,0.00021838720957564341,-1.3500001405522888,0.4500000319418042,-3.6375354186501176e-05,-2.7722977959945044e-15,-1.5607672299188846e-17,1.5707962965267246,-0.7321517537268446,-0.009273443819118836,0.10095734686125765
4.221999999999757,-1.1277159111531745,0.4627268816804007,0.017103493592225988,-0.0006778371357002728,0.0002184880252912623,-1.3500001405522888,0.4500000319418042,-3.6375354186502315e-05,-1.2454853002229604e-16,2.6846342330448573e-17,1.5707962964845934,-0.7223246136683927,-0.00914182478215933,0.10095712093132748
4.241999999999755,-1.1372848875872852,0.46265517907509196,0.01810771859033542,-0.0006778371356871345,0.0002184346471787034,-1.3500001405522888,0.4500000319418042,-3.637535418650292e-05,1.9038208697126528e-15,5.165807344227649e-17,1.5707962964255022,-0.7127629923948866,-0.009019929641836575,0.10095755871485801
4.261999999999753,-1.1465875757429098,0.4625768535891926,0.019104169075470908,-0.0006778371356821861,0.00021822617356811815,-1.3500001405522888,0.4500000319418042,-3.637535418650225e-05,1.3431693605199637e-15,3.5312575926969353e-17,1.5707962964199398,-0.7034676650469429,-0.008906961159644799,0.10095860731361328
4.2819999999997505,-1.155623565683281,0.4624921880008055,0.0200929672793639,-0.0006778371356846591,0.00021786347616625494,-1.3500001405522888,0.4500000319418042,-3.6375354186501556e-05,4.594510470940267e-15,-5.609855913067963e-16,1.570796296332887,-0.6944390352197015,-0.008802158543277275,0.10096021641011296
4.301999999999748,-1.164392802830704,0.4624014733725893,0.021074220271219406,-0.0006778371356938156,0.00021734877083956454,-1.3500001405522888,0.4500000319418042,-3.6375354186501386e-05,3.210881369080866e-15,-4.105006060401371e-16,1.570796296322227,-0.6856771503590298,-0.008704796030061916,0.10096233828433793
4.321999999999746,-1.1728955729204678,0.46230500773742256,0.022048020691245895,-0.0006778371357089487,0.0002166852659147665,-1.3500001405522888,0.4500000319418042,-3.637535418650185e-05,4.5799133002936985e-15,-8.414410763445838e-16,1.5707962962510076,-0.677181716947484,-0.008614181549553998,0.10096492780559953
4.341999999999744,-1.1811324871604492,0.46220309482273936,0.023014447492976944,-0.0006778371357293866,0.00021587688043730503,-1.3500001405522888,0.4500000319418042,-3.637535418650119e-05,3.4574927378624627e-15,-6.698613125144221e-16,1.5707962962305795,-0.6689521154706966,-0.008529655467457936,0.10096794240427735
4.361999999999742,-1.1891044676066567,0.4620960428185263,0.02397356668845605,-0.0006778371357544909,0.0002149280236303079,-1.3500001405522888,0.4500000319418042,-3.637535418650257e-05,5.143854241642299e-15,-1.853749892929333e-16,1.5707962961609754,-0.6609874151553445,-0.008450589409423451,0.10097134202729251
4.381999999999739,-1.196812732764238,0.46198416319286767,0.024925432091381323,-0.0006778371357836591,0.0002138434264204638,-1.3500001405522888,0.4500000319418042,-3.6375354186502416e-05,4.734913795837654e-15,3.178545223607998e-17,1.5707962961218263,-0.6532863884704089,-0.008376385160848682,0.10097508908051364
4.401999999999737,-1.2042587834227994,0.4618677695579806,0.025870086054183748,-0.0006778371358163229,0.00021262801611480453,-1.3500001405522888,0.4500000319418042,-3.6375354186501244e-05,3.5119985646212254e-15,5.169544147007411e-17,1.570796296096166,-0.6458475253839673,-0.008306473637346268,0.10097914836074594
4.421999999999735,-1.2114443887342068,0.4617471765888701,0.026807560195759174,-0.0006778371358519486,0.0002112868259313648,-1.3500001405522888,0.4500000319418042,-3.6375354186501224e-05,3.979039360121207e-15,5.522860634516775e-17,1.5707962960211423,-0.6386690473683059,-0.00824031391976214,0.10098348697951909
4.441999999999733,-1.2183715725403879,0.46162269899604325,0.02773787611720484,-0.0006778371358900375,0.00020982493195070045,-1.3500001405522888,0.4500000319418042,-3.637535418650133e-05,2.449732179720987e-15,3.496427442950891e-17,1.5707962960140798,-0.6317489211466796,-0.008177392347374777,0.1009880742805293
4.461999999999731,-1.2250425999580095,0.46149465055314065,0.028661046103441484,-0.0006778371359301239,0.0002082474110419252,-1.3500001405522888,0.4500000319418042,-3.637535418650344e-05,2.2628730493083254e-15,-3.466927541568777e-16,1.5707962959298047,-0.6250848721756106,-0.008117221662984665,0.10099288175230231
4.481999999999728,-1.231459724418543,0.46136377053249744,0.029576742894698808,-0.00046273292381062065,0.0002063049981362619,-1.3500001405522888,0.4500000319418042,-3.637535418650279e-05,1.4179213177476393e-15,-2.767996384428949e-16,1.5707962959162707,-0.6186745096258439,-0.008059545282451723,0.1007933086255658
4.501999999999726,-1.237615948924044,0.4612563528249682,0.03046454204415151,0.011418963257247504,0.0001964332703316449,-1.3499765710308993,0.4500041872304082,0.0009802886916476716,-0.002269492541201947,-6.80088595103194e-05,1.570888543326555,-0.613181335730102,-0.00802089232281222,0.09149080273063676
4.521999999999724,-1.2435285481451264,0.46118287647502926,0.03131608740259504,0.03498262241636485,0.00018359871037476288,-1.349871767645853,0.45001338869451374,0.013731489343037554,-0.018672082985185103,-0.0005660087984508657,1.571596259575637,-0.6122369313850409,-0.008017900740267946,0.09062113699414609
4.541999999999722,-1.2491767213490408,0.4611369088035788,0.03213846877762995,0.06391552038392614,0.00015475893793007468,-1.3509242270466364,0.44999590197033296,0.038208132974761784,-0.03314530371375841,-0.0010067157014440656,1.5724162608231114,-0.6122026176955854,-0.008020566455941645,0.09231484370246017
4.56199999999972,-1.2545653058567254,0.46111417073976857,0.03293554123098004,0.09359253944747914,0.00011711507733395218,-1.353408406641441,0.449947732047154,0.07172627446409925,-0.042310277366867176,-0.001287166747717282,1.5732228563447639,-0.6122222101345238,-0.008022635426041768,0.09356852121594936
4.581999999999717,-1.259707473741374,0.46111097682770613,0.03371038595971315,0.12269935695162619,7.750492654216615e-05,-1.3571519117664805,0.44987412329813947,0.11175247387807816,-0.046687423642492426,-0.0014225002439984102,1.5740038157392675,-0.612231561154615,-0.00802370683792171,0.09427189324428811
4.601999999999715,-1.264617349173938,0.4611242567302586,0.034465512922192174,0.1507007407360878,4.078707794822943e-05,-1.3618718073942795,0.4497830635745532,0.15587960602332657,-0.047279247591589746,-0.001442835709676295,1.5747600507487807,-0.6122336809554859,-0.008023983743310027,0.09463148384467444
4.621999999999713,-1.2693085698220614,0.4611514669852242,0.03520298128803105,0.17721150175803746,1.001307508147921e-05,-1.3672692286810966,0.4496828479415119,0.2019220737302234,-0.04508323443517066,-0.001378003850642554,1.5754946344483003,-0.61223450348703,-0.008023731585638544,0.09480703641999849
4.641999999999711,-1.2737938577879042,0.4611905012552504,0.03592449066592058,0.2019090279938839,-1.3224409638691402e-05,-1.3730683129880539,0.449581012109082,0.2479782444029163,-0.040983120985179325,-0.0012543796488066765,1.5762108525725615,-0.6122379664970052,-0.008023156940747553,0.09489435840182803
4.661999999999709,-1.2780848875969784,0.4612396128913109,0.03663145222128843,0.22452969988854016,-2.842807456572349e-05,-1.3790327399634597,0.4494838585057747,0.29245468312146133,-0.03572404058585057,-0.0010946504131373223,1.576911639876687,-0.612244963526897,-0.008022400404180709,0.09493910997922952
4.681999999999706,-1.2821922890425894,0.4612973535653713,0.037325040415468205,0.24487433822187907,-3.5737406573448486e-05,-1.3849718616904627,0.4493959758227082,0.33407561599803226,-0.029920899549263476,-0.0009187983525465995,1.57760001524353,-0.6122563135510422,-0.008021990031077727,0.09496393361818045
4.701999999999704,-1.2861250896614032,0.46136259107811844,0.03800618768900712,0.26280953995520884,-3.400044499915608e-05,-1.3908554025750435,0.4493110995653045,0.3719668050017479,-0.024045445644326577,-0.0007415878836603336,1.5782794315969864,-0.6124468679544272,-0.008029346367742423,0.0952166600631107
4.721999999999702,-1.2898914745178915,0.4614343192378696,0.038675764622556355,0.27825171339289,-2.545565378337391e-05,-1.39673878804102,0.44922606987850944,0.40593623947335106,-0.018171569916395548,-0.0005698566344229449,1.5789597690181478,-0.6130733183476,-0.008042292796273953,0.09647945967377373
4.7419999999997,-1.293498603707657,0.4615116873552682,0.03933452546694395,0.2911752337996397,-1.2596889901452418e-05,-1.4026222055466295,0.44914087806697217,0.43598374552738234,-0.012297543939601184,-0.000403463416449196,1.5796411237699073,-0.6141383485814922,-0.00805742521376597,0.09906495239631152
4.761999999999698,-1.2969530192733651,0.4615939705298536,0.03998311879067762,0.30162982259506815,2.568033709011329e-06,-1.4085056428519607,0.44905552455986014,0.46210932335053284,-0.006423371307096982,-0.00024241431987628864,1.5803234566595221,-0.615593841731405,-0.008071959540642593,0.10294545203089056
4.781999999999695,-1.3002609906372138,0.4616805395503651,0.04062210355497457,0.30973333996656915,1.849810403712729e-05,-1.4143890877164158,0.44897000979195834,0.4843129730575201,-0.0005490556510244636,-8.671515594622356e-05,1.5810067284545843,-0.6173926695911691,-0.008083693701124925,0.10790913452490937
4.801999999999693,-1.3034285635510772,0.46177084542286534,0.04125196228854588,0.3156581536412108,3.4068987656497276e-05,-1.4202725278991337,0.4488843342036537,0.5025946946910842,0.005325399358888735,6.36285432720176e-05,1.5816908998850217,-0.6194938956981386,-0.008090941253268303,0.11361252907847201
4.821999999999691,-1.3064615664611734,0.46186440811744234,0.04187311206753733,0.3196168382832711,4.851194221234312e-05,-1.4261559511594155,0.4487984982409205,0.5169544882219864,0.011199990016737873,0.00020861152514526802,1.5823759316451074,-0.6218621254237197,-0.008092457005029141,0.11961642490615736
4.841999999999689,-1.3093656123712023,0.46196080745022927,0.04248591377124095,0.3218485618666086,6.135016479163029e-05,-1.4320393452571505,0.44871250235530424,0.5273923535490096,0.01707471258185708,0.0003482288167240243,1.5830617843954768,-0.6244666160851253,-0.008087362294600099,0.12541741600868803
4.861999999999687,-1.3121461014644273,0.46205967542742843,0.04309067996663554,0.322606697678599,7.233743040721659e-05,-1.4379226979532407,0.4486263470039061,0.5339082904989625,0.022949563280242034,0.0004824757249752383,1.583748418765148,-0.6272806666762623,-0.008075074267372445,0.13047620185740513
4.881999999999684,-1.314808224886169,0.46216068969099156,0.04368768168655652,0.32214795946408376,8.140204300774108e-05,-1.4438059970100268,0.4485400326493671,0.5365022988266854,0.02882453830597886,0.0006113478370000661,1.5844357953535404,-0.6302811841366899,-0.008055241790230962,0.13424234018561718
4.901999999999682,-1.3173569694464362,0.46226356782620326,0.04427715429961764,0.3207232225372359,8.859781878952585e-05,-1.4496892301917115,0.4484535597598523,0.5351743782150588,0.03469963382267904,0.0007348410202364604,1.5851238747325058,-0.633448320745586,-0.008027689444853828,0.13617515414746056
4.92199999999968,-1.3197971229783694,0.4623680623635596,0.04485930262038295,0.31857009138079867,9.406284673081336e-05,-1.4555723852647873,0.44836692880903406,0.5299245282750136,0.040574845964919955,0.0008529514226466473,1.585812617448359,-0.6367651297642192,-0.007992370144158174,0.13576068048555054
4.941999999999678,-1.3221332801402341,0.4624739563570539,0.04543430537205557,0.31590719220744823,9.798606323950596e-05,-1.461455449998459,0.4482801402760758,0.5207527485455455,0.046450170839690816,0.0009656754728893355,1.5865019840239112,-0.6402172224972925,-0.00794932626464559,0.13252472091141454
4.961999999999676,-1.3243698484989033,0.46258105945560396,0.0460023190880133,0.31293010452597164,0.00010058119273173818,-1.4673384121650705,0.4481931946456157,0.5076590384937315,0.052325604527843364,0.00107300988047688,1.5871919349605061,-0.6437924284349642,-0.00789865874280073,0.12604219985933274
4.981999999999673,-1.32651123686196,0.4626891420697738,0.046563545169879574,0.30980866143778185,0.00010085377247900163,-1.4730901576445028,0.44815570658783976,0.49067274551299106,0.056297887435053165,0.00044977679391412827,1.5877151897324904,-0.6473516409640498,-0.007795768571710125,0.11598982910192444
5.001999999999671,-1.328564824129611,0.4627981145797428,0.047117841043623626,0.3066625573789986,0.00010222377914743526,-1.4763311498458285,0.44822133916674006,0.47034209428171914,0.024832388845388867,-0.0010530144739907671,1.5889312425830457,-0.6485363954892902,-0.007702966974038251,0.10277508273729977
5.021999999999669,-1.330545315430644,0.46290800409209454,0.04766455056172842,0.3035835646959773,0.00012045858871194801,-1.4777544814435233,0.44824748684779564,0.44815159754517064,-0.01761169639563318,-0.0014255342880210972,1.5907201791307264,-0.6487876213793016,-0.007750323132857909,0.08946130729348373
5.041999999999667,-1.332486620346415,0.46301748269791043,0.04820364802974118,0.30028107852080027,0.0001418544781863158,-1.47742352771036,0.4483468892029365,0.43262000511833215,-0.026192140086904164,-0.0012191225433776719,1.59146356762197,-0.6497423021079346,-0.007811624679402787,0.0889791780879752
5.0619999999996645,-1.334339727780999,0.4631277024906913,0.04873663575402951,0.2967559996272845,0.0001497123765913344,-1.477535736986906,0.44844600720117234,0.4215794619171609,-0.02832664227114269,-0.0010348692319352517,1.592005690027403,-0.6503619151826585,-0.007837845407670928,0.0913344663145236
5.081999999999662,-1.3361017595806242,0.46323887928597957,0.04926354525357866,0.2933128253036967,0.00015155874352741524,-1.4784036775839988,0.4485142487259349,0.412818187011691,-0.02901895241115413,-0.0009249274473916102,1.5925318262012838,-0.6506815660322307,-0.007850863560148288,0.09306915815963093
5.10199999999966,-1.3377819807598506,0.4633506912379055,0.04978436841931854,0.29016706720660707,0.00014990246999539405,-1.4796657755894709,0.4485644492673453,0.40543933515000696,-0.029198132088606596,-0.000865381901418111,1.5930514026117102,-0.6508417978312449,-0.007857146855349245,0.09402604858195857
5.121999999999658,-1.3393879048627428,0.46346288015448206,0.05029912252851139,0.28742510753217093,0.0001461324519102633,-1.4810526208036023,0.44860757256375206,0.3991494147755722,-0.02930656701618779,-0.0008380361661137369,1.5935654475857663,-0.6509213189270537,-0.007860045376862863,0.09451261548853108
5.141999999999656,-1.3409245945269388,0.4635752857468801,0.05080785060418544,0.2851292932675282,0.00014111080560001965,-1.4824429995311954,0.4486485613395081,0.3938721005602282,-0.02947951521251993,-0.000828238326219823,1.594073865691895,-0.6509602560537127,-0.007861420302914583,0.09475087640444861
5.1619999999996535,-1.3423957113490537,0.4636878062158991,0.051310607707482185,0.28328651612434086,0.00013539517976339722,-1.483797641207842,0.4486891742692184,0.3895943670929323,-0.029704955267237716,-0.0008276996352407584,1.59457652955322,-0.6509795669265985,-0.007862051700947961,0.09486515056114113
5.181999999999651,-1.3438042312791587,0.4638003714980602,0.051807450749813494,0.28188266910334075,0.0001293899784676199,-1.4851122696676309,0.44872966217032234,0.3863057858358491,-0.02992508102167113,-0.0008306029737666147,1.5950733619145643,-0.6509899585355693,-0.00786234402524686,0.094921239944921
5.201999999999649,-1.3451528034445273,0.4639129282213452,0.05229843490904179,0.2808905134748011,0.00012339181343948185,-1.486393904889304,0.4487698131761715,0.3839735181199573,-0.03008994499930124,-0.0008336068158444667,1.5955643359760618,-0.650996137351125,-0.007862480655791135,0.09494954275584706
5.221999999999647,-1.3464439251184226,0.4640254316154681,0.05278361239803463,0.2802742265441302,0.00011761703417272283,-1.4876505183819193,0.4488093846574052,0.38253879999603646,-0.030166329087246473,-0.0008349416466949431,1.5960494553079254,-0.6510002136903632,-0.007862538551529706,0.09496412806918658
5.241999999999645,-1.3476800058156797,0.4641378418335495,0.05326303259264117,0.27999235415236345,0.00011221782617171299,-1.488887596999569,0.4488482360107966,0.3819207525961933,-0.03013711287269919,-0.0008337434736823752,1.5965287434951037,-0.6510032028475311,-0.007862551997227504,0.09497179880668835
5.2619999999996425,-1.3488633845446156,0.4642501222186191,0.053736742711067056,0.28000005443539466,0.00010729252886487027,-1.490107540905275,0.44888635138005006,0.38202225887187014,-0.02999850809830527,-0.0008297178887867711,1.5970022386802005,-0.6510056195050989,-0.007862537649021194,0.09497594673539012
5.28199999999964,-1.3499963302250484,0.4643622383909701,0.054204788598770044,0.28025095562913105,0.00010289429116540977,-1.4913100864810964,0.4489238216399187,0.3827360706315438,-0.029756711708685248,-0.0008229405679687322,1.597469989544549,-0.6510077322781698,-0.007862504489649556,0.09497828892203211
5.301999999999638,-1.3510810371227844,0.46447415770492956,0.054667215444646616,0.2806987358960652,9.90392830495273e-05,-1.4924930207145208,0.4489608144330653,0.3839503983570904,-0.02942472152429931,-0.0008137214785753637,1.5979320519557465,-0.6510096826713407,-0.00786245801933353,0.09497969951762175
5.321999999999636,-1.3521196198636936,0.4645858488907599,0.05512406836877125,0.2812984585145627,9.571459993368202e-05,-1.493652896467459,0.44899754420136606,0.38555369576378057,-0.0290196349197642,-0.0008025074496161907,1.5983884861936035,-0.6510115443114569,-0.007862402087039963,0.09498062347878641
5.341999999999634,-1.3531141096536776,0.4646972818043948,0.055575392869252886,0.2820076715995206,9.288569087029152e-05,-1.4947856433700033,0.4490342466627108,0.3874385617359354,-0.028560507715195364,-0.000789811678755678,1.5988393547674942,-0.6510133538331141,-0.00786233969382881,0.09498128626776636
5.3619999999996315,-1.3540664521200072,0.4648084272513261,0.05602123513600069,0.2827872767201549,9.050310301977968e-05,-1.4958870477210504,0.4490711588552779,0.3895047790892312,-0.02806673692065767,-0.0007761632583173256,1.5992847208079477,-0.6510151276224151,-0.007862273335085185,0.09498180105823309
5.381999999999629,-1.35497850670374,0.4649192568681938,0.0564616422476602,0.2836021733842437,8.850838212955e-05,-1.4969531069716817,0.44910850447676537,0.3916615528636807,-0.0275568904447863,-0.0007620718255328086,1.5997246469727322,-0.6510168712194828,-0.007862205137424652,0.09498222375704961
5.401999999999627,-1.3558520473623066,0.465029743051781,0.05689666227092251,0.2844216912452711,8.68390371313102e-05,-1.4979802758796363,0.449146483751158,0.39382902904544875,-0.02704790101943005,-0.0007480036937865321,1.6001591947802005,-0.6510185847476698,-0.007862136908734788,0.09498258130728328
5.421999999999625,-1.356688764306209,0.4651398589268427,0.057326344281613345,0.28521982679804153,8.543254246638551e-05,-1.498965623890367,0.4491852669632509,0.3959391811853282,-0.026554549587524404,-0.0007343667175286139,1.6005884242726163,-0.6510202660860975,-0.007862070155985175,0.09498288627682366
5.441999999999623,-1.3574902665127937,0.4652495783444837,0.05775073832578995,0.2859753053177328,8.422940579429228e-05,-1.499906922088708,0.44922499087250894,0.3979361534903223,-0.026089175293587025,-0.0007215018059773393,1.6010123939154266,-0.6510219126936974,-0.007862006095107295,0.09498314439162252
5.4619999999996205,-1.3582580847967718,0.4653588759029026,0.05816989533721095,0.2866714915547533,8.317536911596916e-05,-1.5008026756198742,0.4492657573411675,0.39977614732433986,-0.02566156078778493,-0.0007096794888354657,1.6014311606500984,-0.6510235225920813,-0.007861945662809594,0.09498335842364689
5.481999999999618,-1.3589936752559442,0.46546772698268374,0.058583867025378655,0.2872961742087167,8.222283856207434e-05,-1.5016521148597584,0.449307633637637,0.401426934798815,-0.025278951364812303,-0.0006991002941813645,1.601844780033952,-0.6510250948116412,-0.007861889533449101,0.09498353017936703
5.501999999999616,-1.3596984229455609,0.4655761077895481,0.05899270574610413,0.2878412495893706,8.133165380776876e-05,-1.5024551562334458,0.44935065398635293,0.4028670787249356,-0.02494617429865635,-0.0006898979594387084,1.6022533064173954,-0.6510266294978891,-0.007861838141087887,0.09498366148419372
5.521999999999614,-1.3603736456643218,0.46568399539849076,0.05939646436434551,0.2883023293043183,8.046931431871624e-05,-1.50321234155515,0.4493948220243695,0.40408493284530345,-0.02466583086810802,-0.0006821446886336611,1.602656793124873,-0.6510281278134494,-0.007861791705648206,0.09498375462543035
5.541999999999612,-1.3610205977593894,0.46579136779443037,0.05979519611700266,0.288678295481001,7.9610778479738e-05,-1.5039247630870336,0.4494401138943848,0.40507749010687455,-0.024438538383571268,-0.0006758578141178534,1.6030552926195336,-0.6510295917315335,-0.007861750261728126,0.09498381249691276
5.5619999999996095,-1.3616404738777343,0.4658982039057604,0.06018895448146865,0.2889708251168099,7.873794503512569e-05,-1.5045939801397308,0.4494864817568674,0.4058491399262005,-0.02426320338749895,-0.0006710073339286535,1.6034488566423253,-0.6510310237883103,-0.007861713688656145,0.09498383857745715
5.581999999999607,-1.3622344126075365,0.4660044836284165,0.060577793054070926,0.2891839028254561,7.783891588132881e-05,-1.5052219319062927,0.4495338575442422,0.4064103881031357,-0.024137310398253144,-0.0006675238876972684,1.6038375363239146,-0.6510324268395172,-0.00786168174053592,0.0949838368186604
5.601999999999605,-1.3628034999669836,0.46611018783919406,0.06096176544109754,0.2893233386607314,7.690712654664385e-05,-1.5058108502815215,0.44958215681112546,0.40677658545116396,-0.024057213308243435,-0.0006653068116357048,1.6042213822726252,-0.6510338038490864,-0.007861654075261897,0.094983811488028
5.621999999999603,-1.3633487727092435,0.46621529839801745,0.061340925163898836,0.2893963049817587,7.594041685750519e-05,-1.5063631756276832,0.44963128255915846,0.40696670353090414,-0.024018418968479827,-0.0006642319811306912,1.6046004446439965,-0.6510351577237751,-0.00786163028171482,0.09498376699705996
5.641999999999601,-1.363871221422086,0.4663197981396402,0.061715325578576626,0.28941090358803806,7.494010026819847e-05,-1.5068814777726902,0.4496811289352749,0.40700218829389,-0.02401585467445521,-0.000664159210459263,1.6049747731980601,-0.651036491197499,-0.007861609904549656,0.0949837077339902
5.6619999999995985,-1.364371793408897,0.4664236708558477,0.06208501981000563,0.28937577168992945,7.391007683418935e-05,-1.5073683839440328,0.4497315847198251,0.40690591514727,-0.024044113254327103,-0.0006649390344633803,1.605344417349731,-0.6510378067619389,-0.007861592466185632,0.09498363791411321
5.681999999999596,-1.3648513953449009,0.4665269012696405,0.06245006069935992,0.2892997327641257,7.285602235076755e-05,-1.5078265148342511,0.44978253653695943,0.40670126209445473,-0.02409767126564794,-0.0006664187472184484,1.6057094262162057,-0.6510391066357236,-0.007861577485763063,0.09498356145558831
5.701999999999594,-1.3653108957083995,0.4666294750031097,0.0628105007639152,0.2891914960303794,7.178467509612424e-05,-1.5082584295502117,0.4498338717346937,0.4064113113212723,-0.02417107743239957,-0.0006684476178828466,1.606069848663531,-0.6510403927625454,-0.007861564494974993,0.09498348188464821
5.721999999999592,-1.3657511269918705,0.46673137854080315,0.06316639216764527,0.289059406215695,7.07032321031073e-05,-1.5086665798118435,0.449885480896475,0.406058183979842,-0.024259109893917084,-0.0006708812438848892,1.6064257333528704,-0.6510416668284107,-0.007861553050791087,0.09498340227103994
5.74199999999959,-1.3661728877019095,0.46683259919034636,0.06351778670100207,0.28891124347159336,6.961885901001032e-05,-1.5090532734320452,0.44993725995989436,0.4056625080392267,-0.024356902084284936,-0.000673585036207624,1.6067771287856485,-0.6510429302892937,-0.007861542745194496,0.0949833251921989
5.7619999999995875,-1.3665769441602749,0.46693312504194934,0.06386473576824094,0.28875407179250967,6.853831128835094e-05,-1.5094206468258677,0.44998911193135976,0.40524301495824183,-0.024460038110129017,-0.0006764368606438558,1.6071240833458895,-0.6510441844022555,-0.007861533212119083,0.09498325272303654
5.781999999999585,-1.3669640321207999,0.46703294492823344,0.06420729038070312,0.2885941330516193,6.746765992579382e-05,-1.5097706460623797,0.4500409481978322,0.4048162575986671,-0.02456461934592906,-0.0006793288825044105,1.6074666453376074,-0.6510454302551237,-0.007861524131839381,0.09498318644722617
5.801999999999583,-1.3673348582186646,0.4671320483855663,0.06454550115457729,0.28843678281788626,6.641211131756465e-05,-1.5101050157857108,0.4500926894478791,0.40439643921874846,-0.02466730462367287,-0.000682168680504316,1.6078048630151454,-0.6510466687918166,-0.00786151523310128,0.09498312748545171
5.821999999999581,-1.3676901012695801,0.4672304256178286,0.06487941831181161,0.2882864634308753,6.537590902129437e-05,-1.5104252951911585,0.4501442662240684,0.4039953415287567,-0.02476532686756246,-0.0006848797086934535,1.6081387846046622,-0.6510479008321083,-0.007861506293308902,0.09498307653606547
5.841999999999579,-1.368030413436854,0.46732806746327016,0.06520909168302302,0.2881467093678713,6.436230397346853e-05,-1.5107328201458892,0.4501956191368912,0.403622338597386,-0.02485648932868289,-0.0006874011937344001,1.6084684583155446,-0.6510491270858952,-0.007861497137089758,0.09498303392393724
5.861999999999576,-1.368356421284187,0.46742496536485384,0.06553457071143638,0.2880201797167414,6.337357956157993e-05,-1.51102873048879,0.45024669877681694,0.4032844828025696,-0.024939144726633767,-0.0006896875590487069,1.608793932341204,-0.6510503481629055,-0.007861487633570356,0.09498299965378296
5.881999999999574,-1.3686687267314401,0.4675211113442563,0.0658559044570754,0.2879087125403872,6.241111841085142e-05,-1.5113139815266918,0.4502974653656799,0.4029866489472872,-0.02501216062504554,-0.0006917074679080614,1.6091152548493979,-0.6510515645792079,-0.007861477692665306,0.0949829734649073
5.901999999999572,-1.3689679079296273,0.46761649797948995,0.06617314160060711,0.28781339605549416,6.147549870619989e-05,-1.5115893587600604,0.45034788819138255,0.40273172303009286,-0.025074874276862058,-0.0006934425750272755,1.6094324739628538,-0.6510527767619825,-0.007861467260681557,0.09498295488494027
5.92199999999957,-1.3692545200700856,0.4677111183859467,0.06648633044640956,0.28773465181997054,6.056660917396311e-05,-1.5118554949153182,0.4503979448709621,0.40252082289015895,-0.02512703999472774,-0.0006948860712177745,1.6097456377314738,-0.6510539850538795,-0.007861456315495549,0.09498294328077793
5.941999999999568,-1.3695290961412787,0.46780496620053585,0.06679551892458205,0.2876723255007725,5.9683773358602226e-05,-1.5121128884278368,0.45044762048655307,0.4023535389579694,-0.025168771852640378,-0.0006960410987618578,1.610054794097773,-0.6510551897179538,-0.007861444861544171,0.09498293790549187
5.961999999999565,-1.369792147645007,0.46789803556849663,0.06710075459174704,0.28762578124879884,5.882587543313005e-05,-1.5123619226038751,0.4504969066368928,0.4022281845596495,-0.025200484226812005,-0.0006969191069125156,1.6103599908573851,-0.6510563909438343,-0.007861432924825856,0.09498293794042993
5.981999999999563,-1.3700441652821131,0.4679903211324101,0.06740208463060042,0.28759399621417286,5.799148138583456e-05,-1.5126028847859871,0.45054580044398856,0.40214204657518793,-0.02522283235425952,-0.0006975382078055467,1.6106612756165508,-0.6510575888553527,-0.007861420548077834,0.09498294253210593
6.001999999999561,-1.3702856196160094,0.4680818180229127,0.06769955584825317,0.2875756522699204,5.71789509580466e-05,-1.5128359849496755,0.45059430355064745,0.402091628675324,-0.025236654742780553,-0.0006979215835265573,1.610958695748389,-0.6510587835196024,-0.00786140778625953,0.09498295082374952
6.021999999999559,-1.3705169617207087,0.4681725218506141,0.06799321467347383,0.2875692225539695,5.6386537115501786e-05,-1.5130613732648002,0.4506424211400169,0.4020728808032964,-0.025242918919177196,-0.0006980959854777511,1.6112522983496307,-0.651059974957091,-0.007861394702438664,0.09498296198159512
6.041999999999557,-1.3707386238184582,0.46826242869874934,0.06828310715298679,0.2875730509707295,5.561247108372467e-05,-1.513279156259546,0.45069016100333786,0.4020814099788577,-0.025242671665095612,-0.0006980903578512222,1.6115421301992088,-0.6510611631525204,-0.007861381364147699,0.09498297521611698
6.061999999999554,-1.370951019910612,0.46835153511613814,0.06856927894701162,0.28758542329950054,5.485503204520535e-05,-1.5134894113243433,0.45073753267700145,0.40211266884426344,-0.025236994570656247,-0.0006979346081829275,1.6118282377198119,-0.6510623480656763,-0.007861367840242862,0.09498298979852221
6.081999999999552,-1.3711545464041144,0.468439838110077,0.06885177532424336,0.2876046290259669,5.411260147484458e-05,-1.513692199385477,0.4507845466649161,0.4021621196148411,-0.02522696544203694,-0.0006976585398268426,1.6121106669433032,-0.6510635296418746,-0.007861354198290815,0.09498300507285819
6.10199999999955,-1.371349582734822,0.4685273351388578,0.06913064115647544,0.2876290134363022,5.338370278220939e-05,-1.5138875756613124,0.4508312137573128,0.40222537221762256,-0.02521362583528624,-0.0006972909538875508,1.6123894634804739,-0.6510647078215246,-0.007861340502463635,0.09498302046413235
6.121999999999548,-1.3715364919879593,0.468614024103669,0.06940592091306066,0.28765701988503345,5.266702744434466e-05,-1.514075598486832,0.45087754445256795,0.40229829638503567,-0.02519795475809525,-0.0006968589217701514,1.612664672495491,-0.6510658825484311,-0.007861326811928977,0.09498303548286145
6.141999999999546,-1.3717156215152246,0.46869990333970596,0.06967765865539022,0.287687222464326,5.1961449166636244e-05,-1.5142563362538761,0.45092354848451055,0.4023771083080637,-0.02518084838570562,-0.0006963872240958006,1.6129363386850826,-0.6510670537766081,-0.007861313179699868,0.09498304972647617
6.161999999999543,-1.3718873035474781,0.46878497160638066,0.06994589803155056,0.28771834956259357,5.126602782065113e-05,-1.5144298725648877,0.4509692344540848,0.40245843314170676,-0.025163105476945787,-0.0006958979472989459,1.6132045062623568,-0.6510682214754834,-0.007861299651893139,0.09498306287801235
6.181999999999541,-1.3720518558014991,0.468869228076583,0.07021068227129504,0.28774929900501917,5.058000499819442e-05,-1.5145963097372803,0.4510146095611837,0.402539345197103,-0.02514541805081405,-0.000695410225746996,1.6134692189449955,-0.651069385633488,-0.007861286267355709,0.09498307470252271
6.201999999999539,-1.3722095820790112,0.46895267232499505,0.07047205418144196,0.2877791456200572,4.99027930119125e-05,-1.5147557708243833,0.45105967942999436,0.4026173880555633,-0.02512836679142229,-0.000694940114660737,1.6137305199474747,-0.6510705462601323,-0.007861273057598442,0.09498308504163175
6.221999999999537,-1.3723607728560183,0.4690353043155094,0.07073005614178486,0.2878071421778619,4.923395908612037e-05,-1.5149084003380036,0.45110444801927885,0.4026905771096115,-0.025112420587118718,-0.0006945005773978899,1.6139884519768746,-0.6510717033867165,-0.007861260046987277,0.09498309380665235
6.241999999999535,-1.3725057058604557,0.4691171243878381,0.07098473010157733,0.2878327147034667,4.857320633736401e-05,-1.5150543638679979,0.45114891760764464,0.40275738718700926,-0.025097939575334294,-0.0006941015697131549,1.6142430572318323,-0.6510728570658959,-0.007861247253138227,0.09498310097066276
6.261999999999532,-1.372644646636205,0.4691981332434262,0.0712361175766312,0.28785545318465816,4.792035296091464e-05,-1.5151938467969528,0.45119308884299514,0.40281672795952284,-0.025085181054886767,-0.0006937502033365688,1.6144943774041518,-0.6510740073703164,-0.007861234687466065,0.09498310655991533
6.28199999999953,-1.3727778490916582,0.46927833193080576,0.0714842596470463,0.28787509867752836,4.727531083305141e-05,-1.5153270523042615,0.4512369608449471,0.4028679097937917,-0.025074307638649908,-0.0006934509715208416,1.614742453682595,-0.6510751543905656,-0.007861222355839713,0.09498311064492854
6.301999999999528,-1.372905556031202,0.4693577218305372,0.07172919695557253,0.2878915277674775,4.663806452328911e-05,-1.5154541988447296,0.45128053134900237,0.402910602582442,-0.02506539704808252,-0.000693206019999062,1.6149873267584185,-0.651076298232656,-0.007861210259307312,0.09498311333156895
6.321999999999526,-1.3730279996682357,0.4694363046398902,0.07197096970658999,0.28790473527576643,4.600865149680306e-05,-1.515575517273486,0.45132379688161445,0.40294478991484106,-0.02505845299357045,-0.0006930154479689248,1.6152290368322308,-0.6510774390152342,-0.007861198394848418,0.09498311475239368
6.341999999999524,-1.3731454021185894,0.46951408235741465,0.07220961766568038,0.28791481601718194,4.5387144083905076e-05,-1.5156912477724573,0.4513667529559168,0.40297072072334233,-0.02505341663744137,-0.0006928776251839419,1.6154676236217804,-0.6510785768666963,-0.00786118675612902,0.09498311505848003
6.361999999999521,-1.3732579758735002,0.46959105726754646,0.07244518015975386,0.2879219463181883,4.477363360695184e-05,-1.5158016367150302,0.45140939427874427,0.4029888602863535,-0.025050178196655434,-0.0006927895128959486,1.6157031263703483,-0.6510797119223315,-0.007861175334230502,0.09498311441191905
6.381999999999519,-1.3733659242515752,0.4696672319253805,0.072677696077689,0.28792636590189086,4.416821688987054e-05,-1.5159069335856332,0.4514517149606006,0.40299984219671753,-0.025048588306601557,-0.0006927469781763448,1.6159355838554335,-0.6510808443216093,-0.007861164118335214,0.09498311297911424
6.401999999999517,-1.373469441829454,0.46974260914173166,0.07290720387143894,0.28792836064046445,4.357098523410247e-05,-1.516007388050655,0.45149370872135414,0.4030044226239584,-0.025048468833516673,-0.0006927450929723071,1.6161650343974892,-0.6510819742056886,-0.007861153096351908,0.09498311092496642
6.421999999999515,-1.373568714851142,0.46981719196858474,0.07313374155755484,0.2879282465710617,4.298201582820209e-05,-1.516103247257019,0.45153536908564096,0.4030034379216407,-0.025049622888507702,-0.000692778411065513,1.6163915158684978,-0.6510831017151851,-0.007861142255473602,0.0949831084080005
6.441999999999513,-1.373663921616224,0.46989098368502036,0.07335734671907716,0.2879263554706776,4.240136546634595e-05,-1.51619475341547,0.4515766895631555,0.40299776636453916,-0.025051843859080623,-0.0006928412178422874,1.6166150657002105,-0.6510842269882428,-0.007861131582659164,0.09498310557644073
6.46199999999951,-1.3737552328473834,0.4699639877836827,0.07357805650774656,0.2879230221914615,4.182906638239168e-05,-1.516282141707619,0.45161766381018914,0.4029882945510635,-0.02505492333292487,-0.0006929277494121689,1.6168357208919282,-0.6510853501589084,-0.007861121065038827,0.09498310256521522
6.481999999999508,-1.3738360610688531,0.4700344096850733,0.07379770674159898,0.2879851962051169,4.300155272817525e-05,-1.5163431290204803,0.4516591611604402,0.4030086111734258,-0.025111355465133347,-0.0006945133918188388,1.6170553344293914,-0.6510869064296687,-0.007861084470461764,0.09498284354097902
6.501999999999506,-1.3734850080491008,0.4699970830331396,0.07412257188406031,0.29119980191408207,0.00013987022552868882,-1.515202429124492,0.4517314443259067,0.40550207569510277,-0.027709896855815215,-0.0007620027643621668,1.6173764975015228,-0.6511008239602726,-0.007860511254039769,0.09497493624798414
6.521999999999504,-1.3724753239175151,0.4698172820236369,0.07459110616923226,0.297281624706533,0.0003384778023409661,-1.5129096901116124,0.4517808000112665,0.4125550417203739,-0.0318748746432357,-0.0008786341066655945,1.6178468351276625,-0.6511172774187134,-0.007859363334938335,0.09496744190554096
6.5419999999995015,-1.3708288431631848,0.46952384540159375,0.07517771924797317,0.3050808003418902,0.0005870436066510944,-1.510100152569572,0.45174220434280293,0.4241852568853853,-0.03561906173161036,-0.0009834608713915668,1.6184359710651215,-0.6511306159348754,-0.007858220277136799,0.09496470217248601
6.561999999999499,-1.3685702848702324,0.46914054343515993,0.0758609721087066,0.31399955525474266,0.0008467644995006507,-1.507082978158888,0.45158216296798126,0.43977147412612094,-0.03805379271782489,-0.0010514771203416992,1.6191208503518457,-0.6511399236033093,-0.007857013926341881,0.09496601101375482
6.581999999999497,-1.3657256364705077,0.46868695425470813,0.07662291604166956,0.3235893072659886,0.0010900758049140888,-1.5039617495168993,0.45128865496886467,0.4583964759760981,-0.03895442404279062,-0.0010768644499514755,1.619882924964222,-0.6511463786731857,-0.007855634071065494,0.09496947141317687
6.601999999999495,-1.362320984768759,0.46817920268451396,0.07744852898158659,0.3334739008021522,0.001298781055363066,-1.500726241099095,0.45086346005771455,0.4790513422971551,-0.03844486424942652,-0.0010632741565844788,1.620707167307803,-0.6511517659500523,-0.0078540468271939,0.09497344384612517
6.621999999999493,-1.3583818076992342,0.4676305734126386,0.0783252347879495,0.3433321884274277,0.0014622562192506078,-1.4973121972602936,0.45031682951631885,0.5007545645094721,-0.03680475445891078,-0.001018476438437713,1.6215813429123687,-0.6511574488636452,-0.007852286231044385,0.09497702158009626
6.6419999999994905,-1.3539325882581579,0.46705201817857106,0.07924249556836263,0.3528931829213123,0.0015758113208911414,-1.4936376753349105,0.44966384285975786,0.5226182019786391,-0.03435999434060785,-0.0009514328134081224,1.622495384216393,-0.6511640644738833,-0.007850424450662856,0.09497992742782084
6.661999999999488,-1.3489966366397987,0.4664525742587705,0.08019146822070723,0.36193423049623624,0.0016392415604787453,-1.4896233994393204,0.44892194927647233,0.5438813739426118,-0.031424698366348126,-0.0008707619013383429,1.62344089575527,-0.6511716502612056,-0.007848545949745551,0.09498223004469883
6.681999999999486,-1.343596039615475,0.46583970877908837,0.08116471699900238,0.37027961334577425,0.0016555765723690445,-1.4852027690077878,0.4481093306746091,0.5639237088627795,-0.028273490108163202,-0.0007840065752909176,1.624410788606997,-0.651179900979279,-0.007846730429648306,0.09498410439249666
6.701999999999484,-1.3377516763741686,0.4652196008195955,0.08215597534449673,0.3777986666781975,0.0016300010068052775,-1.4803244232606114,0.4472437808973022,0.5822669713665518,-0.025163834721040772,-0.0006948825681609811,1.6254009814510082,-0.6511873918390366,-0.007845159264633604,0.09498655258122246
6.721999999999482,-1.3314830573301388,0.46459733808294496,0.08316000400695948,0.38440638947701355,0.0015678851950547078,-1.4750059381663074,0.44634142187657644,0.5984913179907146,-0.021706699519657934,-0.0005950018666983341,1.626400691127115,-0.6512318301499067,-0.007839101161366172,0.09486966601316227
6.7419999999994795,-1.3248095651089566,0.4639772075646266,0.08417220826643299,0.39004813558598617,0.0014789243758147519,-1.4691054986390266,0.4454217055119311,0.6125289880811032,-0.019215409379099907,-0.0005232577743317944,1.6274038876445827,-0.6512302223495436,-0.007837362255402915,0.09490732146486924
6.761999999999477,-1.3177477808683924,0.4633627295454184,0.08518890290610776,0.39471174670797005,0.0013670080412819,-1.462692115439868,0.4445052782352255,0.6241018475333826,-0.01762781967236095,-0.000569772436088698,1.6284119687230796,-0.6511704768447514,-0.007823355579513774,0.0946992240227667
6.781999999999475,-1.3103159448741648,0.4627568362324159,0.08620669829607774,0.3984179199597711,0.0012430885577731582,-1.455752607355442,0.4435846749433546,0.6333238196568305,-0.016039532604653985,-0.0005063772897623511,1.629426870575876,-0.6511702858370093,-0.007821962912874111,0.09470506363245638
6.801999999999473,-1.302529072475236,0.4621620343238476,0.0872228620053915,0.40119628784755657,0.0011117623747951956,-1.4483450640828404,0.44267286460999133,0.6403243428192803,-0.01455600913892347,-0.0004212912236701875,1.630436336408025,-0.6511981053297625,-0.007824476385258176,0.0948214775286788
6.821999999999471,-1.294402081498055,0.4615803497617921,0.08823506165304823,0.4031132349867676,0.0009777082906480981,-1.4404803109222386,0.44178326696159503,0.6451616071218903,-0.013479920934126786,-0.00037442742739919116,1.631443813157685,-0.6512208530358963,-0.007825273305213487,0.0949009070748397
6.8419999999994685,-1.2859495914220236,0.4610134403859203,0.08924128516924805,0.40425020494787206,0.0008455707995249057,-1.4321651790177619,0.44092275639569983,0.6479926616333312,-0.012863335269498283,-0.00035493626173778653,1.632448785484462,-0.6512359271406694,-0.007825152532150603,0.09494397391254875
6.861999999999466,-1.277185478721733,0.4604626674915389,0.09023982174087948,0.40469743082357174,0.0007190832619394682,-1.4234185447383165,0.440095771619716,0.6490290868060395,-0.012676689354187323,-0.00035026587962209163,1.6334469457815775,-0.6512460306578637,-0.00782496590875481,0.09496598095105285
6.881999999999464,-1.2681229157923253,0.45992913620500675,0.09122922405372617,0.40455076523864536,0.0006010424681684658,-1.4142666200867953,0.43930540584008065,0.648512242241522,-0.01286392755968782,-0.0003559246750708014,1.6344361981005922,-0.6512533549091453,-0.007824918604975,0.09497695232283804
6.901999999999462,-1.2587744534180636,0.4594137255959901,0.09220827504279194,0.40390860248084876,0.0004934018117723194,-1.4047385051212116,0.43855347361812574,0.6466967447695668,-0.013361908253683297,-0.0003699156855733457,1.6354152466164418,-0.6512591530023913,-0.007825006680592585,0.09498217075713936
6.92199999999946,-1.2491520807735115,0.45891711435642807,0.09317596009801653,0.4028688253934974,0.0003973722071130102,-1.3948638574375984,0.43784066735091937,0.6438388591141075,-0.014107233188940898,-0.000390586388596851,1.6363830561882757,-0.6512641087064959,-0.007825196983914005,0.09498439715109042
6.9419999999994575,-1.2392672682670918,0.45843980292978537,0.09413144366436398,0.40152605538646347,0.0003135259309731283,-1.384671674581553,0.4371667700487711,0.6401876075535147,-0.015038958761408552,-0.0004163434412592279,1.63733877694303,-0.6512685839465938,-0.007825458447988508,0.0949850827426627
6.961999999999455,-1.2291310006729153,0.4579821327365846,0.09507404913490682,0.3999693432742368,0.00024190392599982046,-1.3741896105695324,0.43653085221695903,0.635977911699326,-0.016100151240428854,-0.0004456647798952642,1.6382817173665638,-0.6512727645627491,-0.007825765573645033,0.0949849977554053
6.981999999999453,-1.2187538046405029,0.45754430309956395,0.09600324124787872,0.39828034883515095,0.00018212262281690038,-1.363443560878125,0.435931447808576,0.6314254199634874,-0.017238946597641996,-0.0004771414657122302,1.63921132512438,-0.6512767418568085,-0.007826097753763799,0.09498455510342556
7.001999999999451,-1.2081457726010092,0.4571263863842454,0.09691861043216203,0.3965320100364417,0.00013347587356845862,-1.3524573997125875,0.4353667108323866,0.6267228105042929,-0.018409285821492028,-0.0005095098572499972,1.6401271711413963,-0.6512805577578424,-0.007826438412695091,0.09498397766701377
7.021999999999449,-1.1973165840697453,0.45672834176443416,0.09781985870396212,0.39478767647796015,9.50285456027778e-05,-1.3412528189910118,0.4348345530134122,0.6220374086249771,-0.01957137905569822,-0.0005416716633234419,1.6410289360051842,-0.6512842298835436,-0.00782677439694339,0.0949833854113111
7.0419999999994465,-1.1862755248732264,0.45635002791556645,0.09870678683268684,0.393100666160232,6.569947304552809e-05,-1.3298492464134166,0.4343327620821086,0.617509969580607,-0.02069192462611562,-0.0005727040206611468,1.641916398134662,-0.6512877653740556,-0.007827095539891124,0.09498284132774992
7.061999999999444,-1.1750315046201447,0.4559912148445709,0.09957928257964924,0.39151419571027657,4.433249470120179e-05,-1.3182638309484154,0.4338591003164828,0.6132544762982741,-0.021744106733906143,-0.0006018616231966963,1.642789423258519,-0.6512911682969367,-0.007827394309378677,0.09498237612813343
7.081999999999442,-1.1635930726481303,0.4556515949884146,0.10043730987595431,0.39006162944039025,2.9755154431266815e-05,-1.3065114875015034,0.4334113834658266,0.6093587977411862,-0.02270739961632949,-0.000628572499101939,1.6436479548415974,-0.6512944432806869,-0.00782766548717237,0.09498200188391459
7.10199999999944,-1.1519684326432158,0.45533079365554563,0.10128089885058113,0.3887669908376841,2.082530149917331e-05,-1.294604992861381,0.43298754081993696,0.6058860522995955,-0.023567210135398264,-0.000652428772665566,1.644492005195355,-0.6512975969180386,-0.007827905858748388,0.09498171982332365
7.121999999999438,-1.1401654561139587,0.4550283788434466,0.10211013665008775,0.38764568054424786,1.6466317413363132e-05,-1.2825551243549507,0.4325856577770855,0.60287652327104,-0.02431439309567426,-0.0006731736024961256,1.6453216471011456,-0.651300637884199,-0.007828113908092987,0.09498152495721446
7.1419999999994355,-1.1281916948922388,0.4547438704389528,0.10292515901079102,0.3867053470839437,1.56920327633697e-05,-1.2703708319464406,0.43220400272654497,0.6003499802906063,-0.02494467379173322,-0.0006906853810240091,1.646137005854727,-0.6513035763779788,-0.007828289520029896,0.0949814089131275
7.161999999999433,-1.1160543928216773,0.4544767487930472,0.10372614255543192,0.38594686013049634,1.7622604875792725e-05,-1.2580594341934783,0.4318410403699558,0.5983082709076188,-0.02545801064633611,-0.0007049601760369821,1.6469382517025175,-0.6513064232850603,-0.007828433695615339,0.09498136170490049
7.181999999999431,-1.1037604967805161,0.4542264626558256,0.10451329779149493,0.3853653406595545,2.149272752988578e-05,-1.2456268286369534,0.431495433762266,0.5967380595470405,-0.025857927819599114,-0.0007160932813918842,1.6477255926832926,-0.651309189320731,-0.007828548286598028,0.09498137283713518
7.201999999999429,-1.0913166671687475,0.45399243645778686,0.10528686278935702,0.3849512075870582,2.6653559263626e-05,-1.2330777078217623,0.4311660373748419,0.5956136059711827,-0.026150843849658822,-0.0007242606216222309,1.6484992679141584,-0.6513118843061677,-0.007828635754075275,0.0949814319779492
7.221999999999427,-1.0787292879702628,0.4537740769284482,0.10604709751678265,0.38469120619795033,3.2569707095379e-05,-1.2204157731248153,0.4308518833953323,0.5948994912608712,-0.026345418155910884,-0.000729700628902835,1.6492595413690887,-0.6513145166555457,-0.007828698955038321,0.09498152934719054
7.2419999999994245,-1.0660044764809546,0.45357077905079196,0.10679427880311136,0.3845693895709887,3.881250577633311e-05,-1.2076439397848957,0.43055216330799145,0.5945532155612836,-0.026451932929495853,-0.0007326970864209265,1.6500066961958013,-0.6513170930953492,-0.007828740958918168,0.09498165591934893
7.261999999999422,-1.053148092774204,0.4533819313588212,0.10752869590268786,0.38456803009447016,4.505070459316479e-05,-1.1947645278680448,0.43026620657068826,0.5945276078024987,-0.026481723789480046,-0.0007335633143851532,1.650741029605752,-0.6513196185990737,-0.007828764894723714,0.09498180351073482
7.28199999999942,-1.040165748956862,0.4532069205944974,0.10825064662329634,0.3846684438628881,5.10395274249048e-05,-1.18177943525964,0.4299934579443725,0.5947730028435869,-0.026446668751541738,-0.0007326279669977221,1.6514628483562719,-0.6513220964974319,-0.00782877382807494,0.09498196479978682
7.301999999999418,-1.0270628182523747,0.4530451357487788,0.10896043398202812,0.38485171609746255,5.6608917980158154e-05,-1.168690290069583,0.4297334547573194,0.5952391556476975,-0.02635874162736547,-0.0007302226126492442,1.6521724648263039,-0.6513245287133275,-0.007828770666411827,0.09498213331366387
7.321999999999416,-1.013844443933462,0.4528959715188539,0.10965836334841082,0.38509932062869356,6.165162938156287e-05,-1.1554985810125613,0.4294858051159997,0.5958768749188054,-0.026229632986890142,-0.0007266711861679878,1.6528701936702475,-0.6513269160694642,-0.007828758089908627,0.09498230340195442
7.341999999999413,-1.0005155481149137,0.4527588312196648,0.11034474003290946,0.38539363083320777,6.611167192067599e-05,-1.14220576534537,0.4292501678188865,0.5966393699496855,-0.02607043927785964,-0.0007222813311583284,1.6535563490197516,-0.6513292586215478,-0.007828738505152047,0.09498247020884605
7.361999999999411,-0.9870808404076074,0.4526331291922871,0.11101986727812341,0.3857183231768994,6.997349942260345e-05,-1.1288133547904564,0.4290262344972156,0.5974833141502798,-0.025891418592319047,-0.0007173375917714053,1.6542312421917782,-0.6513315559791214,-0.007828714018396299,0.09498262964819136
7.381999999999409,-0.9735448264276567,0.45251829275465877,0.11168404461012238,0.38605867765576174,7.325219617846827e-05,-1.1153229805462483,0.42881371430277343,0.5983696368133474,-0.02570180987039586,-0.0007120963658512243,1.6548951798534377,-0.6513338075868402,-0.007828686425148362,0.09498277838130013
7.401999999999407,-0.9599118161494591,0.4524137637416167,0.11233756650831075,0.38640178194283165,7.598482442387195e-05,-1.101736438988332,0.428612321289682,0.5992640611494301,-0.025509711005051144,-0.0007067824943610057,1.655548462589791,-0.6513360129498369,-0.007828657212945067,0.09498291379472021
7.421999999999405,-0.946185932088062,0.4523189996813291,0.11298072135386765,0.3867366479626196,7.822300736904663e-05,-1.0880557200158625,0.42842176449529074,0.6001374115474946,-0.025322010323140996,-0.0007015873343551867,1.6561913838197033,-0.6513381717964877,-0.007828627574370695,0.09498303397429173
7.441999999999402,-0.932371117294463,0.4522334746542064,0.11361379061905018,0.3870542509579665,8.002675447289449e-05,-1.0742830202136235,0.42824174061355536,0.6009657164867713,-0.025144365234350735,-0.0006966681435905422,1.6568242290063262,-0.6513402841796757,-0.007828598427653974,0.09498313767198528
7.4619999999994,-0.91847114314691,0.4521566798784269,0.11423704826232683,0.3873475019358226,8.145948301285417e-05,-1.0604207431024304,0.42807192907048475,0.6017301356611583,-0.024981221427949535,-0.0006921485932709083,1.6574472751122238,-0.651342350523253,-0.007828570442496546,0.09498322426302558
7.481999999999398,-0.9044896169217426,0.45208812406352944,0.11485076029729134,0.38761116473440366,8.258415160581679e-05,-1.0464714887595614,0.42791198925250107,0.6024167408210988,-0.02483586582675967,-0.0006881202205354909,1.6580607902539481,-0.6513443716238139,-0.00782854406911318,0.09498329369215838
7.501999999999396,-0.8904299891285697,0.4520273335703181,0.11545518450646472,0.38784172890670543,8.346039547508694e-05,-1.032438035025976,0.4277615596016525,0.6030161797428716,-0.024710506548042032,-0.0006846446332971926,1.6586650335162374,-0.6513463486193941,-0.00782851956880476,0.09498334640937188
7.521999999999394,-0.8762955605964279,0.4519738524117663,0.11605057027431183,0.3880372492294248,8.414253808956564e-05,-1.0183233123955695,0.4276202582732019,0.60352325176241,-0.024606373342421037,-0.0006817562860890002,1.6592602548917887,-0.6513482829366354,-0.007828497044699428,0.09498338329665254
7.541999999999391,-0.862089489299815,0.45192724212587193,0.11663715851697824,0.3881971619871592,8.467834745326796e-05,-1.0041303745189116,0.4274876850479081,0.6039364216224793,-0.024523832354914926,-0.0006794656558611766,1.6598466953179436,-0.6513501762267432,-0.007828476471586104,0.09498340558833715
7.561999999999389,-0.8478147969160191,0.4518870815476413,0.11721518168931583,0.3883220873127317,8.510840598687987e-05,-0.9898623660626967,0.42736342420022194,0.604257296137576,-0.02446250954712253,-0.0006777626603676959,1.66042458678676,-0.6513520302987138,-0.007828457724033566,0.0949834147882211
7.581999999999387,-0.8334743751078056,0.45185296650368173,0.11778486385264737,0.3884136258454215,8.546596893467088e-05,-0.9755224894573147,0.4272470480418135,0.6044900855325582,-0.02442141770747691,-0.0006766201780753583,1.6609941525094072,-0.6513538470561134,-0.007828440602215991,0.09498341258679144
7.601999999999385,-0.8190740139640748,0.45182517492418406,0.11834562423824267,0.38847417467359335,8.50442667899148e-05,-0.9611163833838358,0.4271382290334557,0.6046401706608378,-0.024400715726265416,-0.000676041275347131,1.6615548162755334,-0.6513555879144655,-0.007828432157108586,0.09498340046250293
7.621999999999383,-0.8046317002384331,0.45180647637169574,0.11889383070405149,0.3885068459324329,8.068455550203508e-05,-0.9466603341910523,0.427037273350398,0.6047119659003335,-0.02440464243339199,-0.0006761393459563145,1.6621029625977783,-0.6513571430402273,-0.007828455156246902,0.09498337968024549
7.64199999999938,-0.7901677576825339,0.45179959726000185,0.11942571050204037,0.38851513464917276,6.997592528381824e-05,-0.9321742067640978,0.42694508403154247,0.6047126237168322,-0.024433963137588513,-0.0006769356556945804,1.6626348245872937,-0.6513584884720554,-0.007828519630126582,0.09498335231739108
7.661999999999378,-0.7757016022915492,0.4518065637753946,0.11993815737819052,0.38850262916880773,5.1846143736008736e-05,-0.917678084497074,0.42686298553185936,0.6046515524176048,-0.024486333241889684,-0.0006783669049374256,1.6631472964027922,-0.6513596264655884,-0.007828629671720655,0.09498332031496623
7.681999999999376,-0.7612517716869418,0.45182881713252193,0.12042863219375731,0.3884729210246944,2.622909504886709e-05,-0.9031917157825075,0.42679258290100247,0.6045391736187089,-0.024558007824806674,-0.000680331001852361,1.663637837120491,-0.6513605638082319,-0.007828786739941196,0.09498328536703333
7.701999999999374,-0.7468359501177757,0.4518673115447337,0.12089507884860798,0.3884295370452122,-6.225288777583235e-06,-0.8887342086285932,0.42673561813175503,0.6043861098883957,-0.024644802554739477,-0.0006827133066470259,1.6641043876688508,-0.6513613085811363,-0.007828990393861146,0.09498324897091
7.721999999999372,-0.7324709906827784,0.4519225970861533,0.12133585332711948,0.3883758674025827,-4.439647058649349e-05,-0.874323865044186,0.4266938384323093,0.6042026534596188,-0.02474261387717619,-0.0006854010159930681,1.6645453004041009,-0.6513618692937068,-0.007829238712526818,0.0949832124357724
7.741999999999369,-0.7181729357190517,0.4519948894714121,0.12174966394068534,0.3883150960021202,-8.689483973069375e-05,-0.859978097669595,0.42666888433908023,0.6039984203423144,-0.02484768214083167,-0.0006882905251726819,1.6649592796821417,-0.6513622545373075,-0.0078295286448265,0.09498317687219371
7.761999999999367,-0.7039570359611479,0.4520841286095602,0.12213552106106201,0.3882501402086153,-0.00013222174895802743,-0.8457133948548052,0.4266622012031811,0.6037821301335725,-0.024956707722139974,-0.0006912907332372102,1.6653453318107054,-0.6513624728389096,-0.0078298563205869,0.09498314318436529
7.781999999999365,-0.6898377688662751,0.4521900276094278,0.12249269484397055,0.3881836039052928,-0.00017889162725543732,-0.8315453141085449,0.4266749746828493,0.6035614741809207,-0.02506688546540792,-0.0006943240731602515,1.6657027229249353,-0.6513625326070347,-0.007830217327102679,0.09498311207164427
7.801999999999363,-0.6758288563703129,0.45231211373180397,0.12282067963403942,0.38811774541586086,-0.00022552046664919717,-0.8174884920845319,0.426708088995442,0.6033430482794173,-0.025175895516069448,-0.0006973263156044455,1.6660309435010947,-0.6513624421174627,-0.00783060695059036,0.09498308403882152
7.821999999999361,-0.6619432822553444,0.4524497626047044,0.1231191639199174,0.3880544601861389,-0.0002708853544738151,-0.803556664196684,0.42676210553484667,0.6031323341128656,-0.025281872228313743,-0.0007002457484927071,1.6663296783901622,-0.65136220951186,-0.007831020381487919,0.09498305941248192
7.841999999999358,-0.6481933092545729,0.4526022268459053,0.12338800487161736,0.38799527711426846,-0.0003139598102536828,-0.7897626898513138,0.4268372588385018,0.6029337183425902,-0.025383363139000824,-0.0007030420683320055,1.6665987814105785,-0.6513618427967929,-0.007831452883248782,0.09498303836095671
7.861999999999356,-0.634590495983656,0.45276866007496275,0.1236272066404278,0.38794136683919317,-0.00035392955187109223,-0.7761185809531692,0.4269334666426889,0.6027505409690341,-0.02547928441095154,-0.0007056851643633708,1.6668382536847082,-0.6513613498385047,-0.007831899925440158,0.09498302091600061
7.881999999999354,-0.6211457137617997,0.45294813714732035,0.123836901734849,0.3878935600054663,-0.0003901930173567143,-0.7626355322825841,0.4270503507829958,0.602585166189821,-0.02556887602432795,-0.0007081538892954051,1.6670482250353182,-0.6513607383529603,-0.00783235728312344,0.09498300699490994
7.901999999999352,-0.6078691633672402,0.45313967130727084,0.12401733490405449,0.38785237342408624,-0.00042235055796197946,-0.7493239528598017,0.4271872658935874,0.602439069968196,-0.02565165831845608,-0.0007104348631037004,1.667228937875836,-0.65136001589253,-0.007832821105467042,0.09498299642223033
7.92199999999935,-0.5947703917575192,0.45334222883523545,0.12416884906371464,0.387818042080573,-0.00045018573934981534,-0.7361934976953579,0.427343333169036,0.6023129392119037,-0.025727390635599093,-0.0007125213321252813,1.667380733131325,-0.6513591898312776,-0.007833287957240115,0.09498298895047912
7.941999999999347,-0.5818583087737552,0.4535547416582341,0.12429187288826626,0.3877905550595731,-0.00047364167745641634,-0.7232530994818986,0.4275174768263234,0.6022067780160771,-0.02579603241869032,-0.0007144120941231747,1.6675040378162982,-0.651358267350717,-0.007833754837225967,0.09498298427946286
7.961999999999345,-0.5691412038390952,0.45377611830026976,0.12438690976971302,0.3877696936296254,-0.0004927948231980775,-0.7105109998757911,0.42770846130481416,0.6021200169345302,-0.02585770694739943,-0.0007161104950335391,1.6675993539715144,-0.6513572554274931,-0.007834219177731805,0.09498298207391451
7.981999999999343,-0.5566267626541953,0.4540052534709823,0.124454527906802,0.3877550699405456,-0.0005078281182271175,-0.6979747800807308,0.42791492764092,0.6020516217528157,-0.025912667836674497,-0.0007176235012430045,1.6676672487255897,-0.6513561608239281,-0.007834678829276548,0.09498298197924947
8.001999999999342,-0.5443220838866437,0.45424103652541964,0.1244953513410691,0.3877461650130681,-0.000519004988666029,-0.6856513904977579,0.4281354278321578,0.6020001987560817,-0.02596126840194283,-0.0007189608505741786,1.6677083452998192,-0.6513549900818739,-0.007835132034279782,0.09498298363532291
8.021999999999348,-0.5322336958465069,0.4544823589740055,0.12451005179897316,0.38774236493375946,-0.0005266452360015769,-0.6735471792545464,0.4283684563491719,0.6019640940122826,-0.02600393398208366,-0.0007201342847255736,1.667723314817139,-0.6513537495199042,-0.007835577393195708,0.09498298668813084
8.041999999999355,-0.5203675731365184,0.4547281211785131,0.1244993412333635,0.3877429943984789,-0.000531103530298885,-0.6616679194741173,0.4286124782560198,0.6019414847164186,-0.026041137290950155,-0.0007211568653056032,1.6677128688099847,-0.6513524452335668,-0.007836013826082885,0.0949829907994677
8.061999999999362,-0.5087291532627181,0.45497723833579207,0.12446396498404816,0.3877473469677043,-0.0005327509129924132,-0.6500188351892399,0.4288659536547292,0.6019304611513454,-0.02607337683687222,-0.0007220423746999973,1.6676777523480841,-0.6513510830982213,-0.007836440532121985,0.09498299565458404
8.081999999999368,-0.4973233531894811,0.45522864582484956,0.12440469549740563,0.38775471160154046,-0.0005319594741122946,-0.6386046258526211,0.42912735837910687,0.6019290983026926,-0.02610115840864189,-0.0007228048018514414,1.6676187377271263,-0.6513496687738761,-0.007836856949101786,0.09498300096794866
8.101999999999375,-0.4861545858217284,0.45548130397339864,0.1243223265598883,0.38776439522733214,-0.0005290901790316563,-0.627429489433183,0.4293952010266841,0.6019355166086039,-0.02612497957955721,-0.0007234579117056857,1.6675366186739164,-0.6513482077114219,-0.00783726271443172,0.09498300648724535
8.121999999999382,-0.47522677639658767,0.4557342022859936,0.124217668010893,0.387775741255947,-0.0005244836781936179,-0.6164971441241035,0.42966803653986263,0.6019479317208825,-0.02614531713225671,-0.0007240148957006079,1.6674322050340051,-0.6513467051596842,-0.007837657628820341,0.09498301199576052
8.141999999999388,-0.46454337876676216,0.4559863631662835,0.12409154090770542,0.3877881441025019,-0.0005184538342924886,-0.6058108487180377,0.4299444766322353,0.6019646934968532,-0.026162617260035898,-0.000724488099348792,1.6673063179147982,-0.6513451661727907,-0.007838041623370595,0.09498301731333887
8.161999999999395,-0.45410739155825636,0.4562368451597797,0.12394477311984038,0.3878010598830508,-0.0005112836390005499,-0.5953734217286109,0.43022319740876047,0.6019843147276037,-0.026177288358078192,-0.0007248888217718931,1.6671597852615698,-0.6513435956174537,-0.007838414730533871,0.09498302229609976
8.181999999999402,-0.44392137418581484,0.4564847457400043,0.12377819533276305,0.3878140135508183,-0.0005032231593623667,-0.5851872593548317,0.4305029445542833,0.6020054903373595,-0.02618969618268452,-0.000725227181047007,1.6669934378463345,-0.6513419981798474,-0.007838777059100105,0.09498302683511006
8.201999999999408,-0.43398746271036576,0.4567292036592482,0.12359263744224906,0.387826602804891,-0.0004944891463957774,-0.5752543523967801,0.4307825364690548,0.6020271079617676,-0.026200161129454044,-0.0007255120384580312,1.6668081056506627,-0.6513403783718934,-0.007839128773178217,0.09498303085420662
8.221999999999415,-0.42430738552384234,0.45696940088482024,0.12338892532098118,0.3878384991523502,-0.00048526594960149436,-0.5655763022372394,0.4310608657173602,0.6020482509326468,-0.026208957363043107,-0.0007257509742255883,1.6666046146237714,-0.6513387405368222,-0.007839470074986893,0.09498303430716615
8.241999999999422,-0.414882478847927,0.45720456414213234,0.12316787793875235,0.38784944653352654,-0.00047570740589153654,-0.5561543360055315,0.43133689913064555,0.6020681947675013,-0.02621631352160108,-0.0007259503070161136,1.6663837837969444,-0.6513370888539864,-0.00783980119114601,0.09498303717440149
8.261999999999428,-0.4057137020344701,0.45743396608685327,0.12293030481713389,0.387859257931571,-0.0004659394054353482,-0.5469893210373724,0.43160967687360124,0.6020863982888937,-0.026222414717789383,-0.0007261151494934139,1.6661464227347802,-0.6513354273429388,-0.007840122362092153,0.09498303945935604
8.281999999999435,-0.39680165265652956,0.4576569261293927,0.12267700379888086,0.3878678103841954,-0.00045606287630491874,-0.5380817787388789,0.4318783107439125,0.6021024904874214,-0.026227405564631368,-0.0007262494923492598,1.665893329303156,-0.6513337598668494,-0.007840433834211902,0.09498304118474794
8.301999999999442,-0.38814658138014,0.4578728109359314,0.12240875911183266,0.38787503879970436,-0.0004461569714717397,-0.5294318979546498,0.43214198193661035,0.6021162541986266,-0.02623139396729047,-0.0007263563096065788,1.6656252877332993,-0.6513320901353506,-0.007840735854263939,0.09498304238880839
8.321999999999449,-0.3797484066080162,0.4580810346309636,0.12212633970672421,0.38788092895373566,-0.00043628228321858164,-0.5210395479298461,0.4323999384643693,0.6021276075948905,-0.026234455440075254,-0.0007264376784955528,1.6653430669610192,-0.6513304217069249,-0.007841028665684188,0.09498304312161956
8.341999999999455,-0.3716067288874195,0.4582810587267632,0.12183049784820256,0.38788551000980304,-0.00042648394953177766,-0.5129042909450254,0.4326514923873663,0.6021365844042776,-0.026236637730313914,-0.0007264949078263695,1.6650474192200533,-0.651328757990951,-0.007841312506379233,0.09498304344165427
8.361999999999462,-0.3637208450753541,0.4584723918053022,0.1215219679384716,0.3878888468680251,-0.00041679455322887125,-0.5050253946907366,0.4328960169716367,0.6021433136651597,-0.026237965556026737,-0.0007265286694877567,1.6647390788686616,-0.6513271022495164,-0.007841587607665956,0.09498304341259736
8.381999999999469,-0.35608976225511196,0.4586545889779181,0.1212014655533596,0.38789103260435154,-0.0004072367466131002,-0.4974018444370178,0.4331329438639993,0.602147999713566,-0.026238445291408705,-0.0007265391284562609,1.6644187614289943,-0.6513254575991045,-0.007841854194044443,0.09498304310049213
8.401999999999475,-0.3487122113989537,0.4588272511474735,0.12086968667120164,0.3878921812189937,-0.0003978255618823682,-0.49003235504137665,0.4333617603449907,0.6021509029843652,-0.026238069461973556,-0.0007265260674782134,1.6640871628194007,-0.6513238270122412,-0.007842112483544703,0.09498304257126267
8.421999999999482,-0.34158666077239824,0.45899002409690826,0.12052730707572215,0.3878924208692098,-0.0003885703902244281,-0.48291538282787233,0.4335820066989786,0.6021523220917133,-0.0262368209388709,-0.0007264890033572784,1.6637449587606832,-0.6513222133191706,-0.00784236268842907,0.09498304188862428
8.441999999999489,-0.3347113290762053,0.45914259742699604,0.12017498191505334,0.3878918877194256,-0.0003794766306156168,-0.4760491373598176,0.433793273722609,0.6021525775422542,-0.026234676748582833,-0.000726427292525367,1.663392804338295,-0.6513206192096258,-0.007842605016078003,0.09498304111238581
8.461999999999495,-0.3280841983226795,0.45928470336484334,0.11981334540009538,0.38789072050196477,-0.000370547023102011,-0.46943159311953686,0.4339952003787242,0.6021519973291619,-0.02623161143927938,-0.0007263402242724395,1.6630313337035685,-0.6513190472347284,-0.007842839669929005,0.09498304029714169
8.481999999999502,-0.32170302644340765,0.459416115463247,0.11944301062657259,0.38788905584526906,-0.00036178269119733835,-0.4630605011006562,0.43418747159249704,0.602150904558505,-0.02622759996806322,-0.000726227100650173,1.6626611598982641,-0.6513174998090475,-0.007843066850366232,0.09498303949132678
8.501999999999509,-0.31556006285251686,0.4595458903036588,0.11905808788323367,0.3822999816384777,-0.00037435293496856784,-0.45753526070259853,0.43434821281392216,0.6019188022793129,-0.02168190660377857,-0.0007844990667961552,1.6619580674983199,-0.6504676565637451,-0.00778155870803833,0.09491073801754046
8.521999999999515,-0.3096575465205002,0.4597010566998019,0.11863761234159867,0.362341730398029,-0.0004111931334619216,-0.45311107550068563,0.4344571847960739,0.5987529796765148,-0.007044114711977181,-0.0009403603368447371,1.6605149935773313,-0.6469945363626217,-0.007676145891610628,0.0990307829562169
8.541999999999522,-0.3040100342829376,0.45987480411805853,0.11818580726297231,0.3368462184176865,-0.0004406436618741019,-0.4486902361805737,0.43456672543536684,0.5916772093142662,0.007634942080858667,-0.0010674291431887887,1.6590659544449042,-0.6437070548644898,-0.007631522731468596,0.11296256135805678
8.561999999999529,-0.2986103437047438,0.46006065654344,0.11770898489107365,0.3086635154517357,-0.0004596481777970627,-0.4442693651530302,0.4346771090666609,0.580690366080098,0.02231422427486499,-0.001166125793294629,1.6576153122116217,-0.6416414363313898,-0.007642442290267004,0.13494044924276385
8.581999999999535,-0.2934472006010058,0.4602538150684193,0.1172124417739467,0.2791877805512168,-0.00046722030138815365,-0.4398482724794971,0.43478835079461947,0.5657924471189176,0.03699368696560606,-0.0012364318141405886,1.6561635875718606,-0.6407470944752345,-0.007702751062663632,0.16147027043171827
8.601999999999542,-0.2885093560701971,0.46045046968817926,0.11670061947198884,0.24949006049045036,-0.0004638272197030538,-0.4354267682693643,0.4349004655382342,0.5469834467791109,0.051673285004119135,-0.001278337971137071,1.6547113014160753,-0.6407086219305631,-0.007805928788081382,0.18921483079339746
8.621999999999549,-0.2837861479179507,0.4606475649934382,0.11617724375256445,0.22047706153424868,-0.00045084782649911474,-0.4310046627210582,0.4350134680275965,0.5242633566137653,0.0663529730991881,-0.0012918442696853957,1.6532589746649444,-0.6411507483051652,-0.00794545736612004,0.2152915596984204
8.641999999999555,-0.27926753417086053,0.46084265730591994,0.11564544085472896,0.19290254172051113,-0.0004301443822256765,-0.42658176616310994,0.43512737280071084,0.4976321653824962,0.08103270591972102,-0.0012769599537153058,1.651807128103455,-0.6417138089691768,-0.008115103941575302,0.23731350633518308
8.661999999999562,-0.27494405266853356,0.4610338049198356,0.11510783408390243,0.16736360597411212,-0.00040374651387388856,-0.42215788909519647,0.4352421942003481,0.4670898590538798,0.09571243819708544,-0.001233703501200112,1.6503562822150293,-0.6420874621519815,-0.008309115838768824,0.2533788218387079
8.681999999999569,-0.27080677449619767,0.46121947931799084,0.1145666239959893,0.14430165598959374,-0.0003736319516172716,-0.4177328422291438,0.43535794637094294,0.4326364208084889,0.11039212482725412,-0.0011621026166520922,1.6489069570157857,-0.64202367129557,-0.008522339154257152,0.2620426053285384
8.701999999999575,-0.2668472609216338,0.4613984926542027,0.11402365501296162,0.12400959052375993,-0.000341586118715818,-0.41330643652988514,0.4354746432555331,0.3942718310425317,0.12507172097261515,-0.0010621942206026302,1.6474596718890198,-0.6413377940253906,-0.008750275471075611,0.26227869335491516
8.721999999999582,-0.26305752478806754,0.4615699383668974,0.11348047086863441,0.10664404639252308,-0.0003091233586678731,-0.4088784832563634,0.4355922985927418,0.3519960673720937,0.13975118216330062,-0.0009340244360723053,1.6460149454200108,-0.63990313122604,-0.008989090958956392,0.2534347600507746
8.741999999999589,-0.25942999605739503,0.46173314243539415,0.11293836088095004,0.09224117794693922,-0.00027745430369124425,-0.40444879400237094,0.43571092591380606,0.3058091046379804,0.15443046439788882,-0.0007776485720417416,1.6445732952312382,-0.637642420197971,-0.009235590860231166,0.23518328309602698
8.761999999999595,-0.25595749105786275,0.46188762324770105,0.11239839869632667,0.08073459861249647,-0.00024748605811964874,-0.40001718073731624,0.4358305385396476,0.2557109149111615,0.16910952424333547,-0.000593131103932641,1.643135237818103,-0.6345184515972451,-0.00948717060694304,0.20747061729950309
8.781999999999602,-0.2526331850095858,0.4620330584275482,0.1118614748521861,0.0719743048471695,-0.00021984417756797954,-0.3955834558469093,0.4359511495779917,0.2017014674988134,0.18378831893399245,-0.0003805456511134171,1.6417012883852458,-0.630525063900569,-0.00974175287422921,0.17046614324224418
8.801999999999609,-0.24944975865081018,0.4621691211845522,0.11132859041802178,0.06574284028219368,-0.00020343118048694016,-0.3903422219550355,0.4361123261117867,0.14392048097666835,0.18198607244143816,0.0002449642606719757,1.6408979079646164,-0.6249840559517013,-0.010039077379031508,0.12498586155799138
8.821999999999615,-0.2464034554127955,0.4622939551232979,0.11080188607035223,0.06167572182489739,-0.00023575967237789744,-0.37883663319065763,0.4366916712726904,0.08522026312243809,0.06441480136163218,0.0027143899581352693,1.6435834439134336,-0.613902337584297,-0.010565685514270937,0.07748782821662067
8.841999999999622,-0.24358294462869465,0.46239824079771086,0.11028019864058115,0.05744378362255498,-0.0002763349379893874,-0.3654393802615065,0.4379236742028094,0.05299155056951779,0.007954459022577109,0.0018735428442645035,1.6435636462677286,-0.6122895346320532,-0.010638426418992208,0.07396354622965493
8.861999999999629,-0.2408427023152225,0.46249649289687134,0.10976520602992969,0.05218977758612996,-0.00030493974838614754,-0.357214783963333,0.43873397052932966,0.04218352849665364,-0.004363726702172718,0.000871740902428017,1.6430684346351743,-0.6136254127110051,-0.010566605382757735,0.08225515935266753
8.881999999999636,-0.23816264757221706,0.46259115782524085,0.10925658346280828,0.049393870380252135,-0.0003122768030151508,-0.3533640888087733,0.43906361032182156,0.04172111560868827,-0.0022251759663114196,0.0004694293996328766,1.6425583131219796,-0.614584451522247,-0.010513496207013098,0.08830145793727498
8.901999999999642,-0.2355654571863701,0.4626800499839826,0.10875391704529902,0.04931980690262111,-0.0003051391542129719,-0.3517198540637682,0.4391426377590575,0.04641813546412779,0.004564449254622217,0.0004492276621587395,1.6420562675664758,-0.6151013455128593,-0.01048585761315389,0.09164085980531152
8.921999999999649,-0.23306579454922918,0.4627616518814287,0.10825702285070588,0.05117878848177343,-0.000289524852977018,-0.3509283012173044,0.43912639178557333,0.05378283853853565,0.012290557290401469,0.0005982243095555451,1.641561961993753,-0.6153675186190526,-0.010472836638159996,0.09333928583580621
8.941999999999656,-0.23066901275626311,0.4628353298661819,0.10776586254138462,0.053962766842142414,-0.00026914091058404937,-0.3503159575179756,0.4390926109080009,0.06270824943127766,0.0194469101531509,0.0007964820897608866,1.641074775754218,-0.615504762082554,-0.010466930015765305,0.09417600798334103
8.961999999999662,-0.22837425073218504,0.46290105578836394,0.1072804759302815,0.05730551568315907,-0.0002462648448244739,-0.3496508318863667,0.43906773495454887,0.07259445463388053,0.025668085130114947,0.0009952176514145864,1.6405942574400902,-0.6155758914322529,-0.010464370467614753,0.09458423581005651
8.981999999999669,-0.22617812362928755,0.4629590566674842,0.10680092171542034,0.06101268943516341,-0.00022243743722648586,-0.3488809309015714,0.43905720745481913,0.08303088884649526,0.03098732143599525,0.0011774627838779317,1.6401200412004882,-0.615612110973612,-0.010463349842844388,0.0947815479740996
9.001999999999676,-0.2240764840886921,0.46300964505110664,0.10632725266606806,0.06492198398466881,-0.00019877225486706677,-0.34801472789522664,0.4390593580250026,0.09369021825008331,0.03555267530031954,0.001340253244445903,1.6396518839563605,-0.6156306276179747,-0.010463061111817495,0.09487774699909665
9.021999999999682,-0.22206509172238917,0.46305315269313857,0.10585950866592121,0.06888869876572946,-0.00017609605704551115,-0.3470752645457396,0.4390709106516488,0.10428840887185181,0.03950892152573521,0.0014843927253552407,1.6391896195404085,-0.6156404649414193,-0.010463083094253395,0.09492664330047981
9.041999999999689,-0.22013986176565056,0.46308990541360673,0.10539771504729975,0.0727873319812089,-0.0001550005065259054,-0.3460836850536662,0.4390888617565462,0.11457302433138963,0.0429625086765285,0.0016117089530089921,1.6387331407133083,-0.615645774187029,-0.010463228183581544,0.09495249996545363
9.061999999999696,-0.21829693831089916,0.46312021487694327,0.10494188343011988,0.07651319764138945,-0.00013588181198965734,-0.3450551759860176,0.43911099002207415,0.12432509197513839,0.04598562486921464,0.001723899242681469,1.6382823651738712,-0.6156485465618449,-0.010463414132201906,0.09496664876104449
9.081999999999702,-0.21653269053180652,0.4631443781775851,0.10449201317227938,0.07998272818295135,-0.00011897107580847738,-0.3439994720719917,0.4391358174084404,0.1333630274612527,0.04862557649429029,0.0018222384531668882,1.6378372170157025,-0.6156498020217694,-0.010463603261792576,0.09497465784104933
9.101999999999709,-0.21484368759072045,0.4631626798035383,0.10404809273414314,0.08313284703798367,-0.00010436164499067368,-0.3429224705389155,0.4391624228311699,0.1415453311106725,0.05091349429608515,0.0019076377134935984,1.6373976210965981,-0.6156500888844876,-0.010463778128270387,0.09497935634522697
9.121999999999716,-0.21322667238398296,0.46317539389327744,0.10361010083153788,0.08591973020500634,-9.203563227643428e-05,-0.341827788472846,0.43919025366142406,0.14877132322382014,0.05287123985832367,0.0019807834039881783,1.6369635037078702,-0.6156497140298848,-0.01046393109949649,0.09498221042244928
9.141999999999722,-0.21167853983158605,0.46318278612297314,0.1031780074094415,0.08831715604075924,-8.18893619107929e-05,-0.34071795391905824,0.4392189752471013,0.15497998745150818,0.054516388176221696,0.0020422655814842116,1.6365347955169773,-0.6156488574465391,-0.010464059518436375,0.0949839909085776
9.161999999999729,-0.21019632048750742,0.4631851150717646,0.10275177449784159,0.0903145796400756,-7.375697054258599e-05,-0.3395952104546327,0.43924836306323956,0.1601472645874231,0.055865527009771154,0.002092671699360257,1.6361114345947825,-0.6156476314979852,-0.010464163328923103,0.09498510993416923
9.181999999999736,-0.208777168719757,0.46318263309146324,0.10233135700195159,0.09191503724313765,-6.743148738735087e-05,-0.3384620015718859,0.43927823129491134,0.16428220560432377,0.05693622354091877,0.002132644437493181,1.6356933684786608,-0.6156461118752231,-0.010464243861521616,0.09498579396282344
9.201999999999742,-0.20741835437866354,0.4631755867639475,0.10191670346104274,0.09313296873204663,-6.268296135634428e-05,-0.3373212160774167,0.4393083894926742,0.1674223748966348,0.057748001613730074,0.0021629097179336016,1.6352805549157856,-0.6156443535954446,-0.010464303186944066,0.09498617347095611
9.221999999999749,-0.20611725694933336,0.46316421704034016,0.10150775679349273,0.09399203383260633,-5.92734492976302e-05,-0.3361762665865966,0.4393386196582662,0.1696288454792418,0.05832262176957536,0.0021842824550717655,1.6348729613340933,-0.6156423990994714,-0.0104643437541155,0.09498632942293507
9.241999999999756,-0.20487136137607342,0.46314875914983766,0.10110445503308864,0.09452298658187898,-5.696888476687275e-05,-0.3350310580857525,0.4393686675923818,0.17098107032430218,0.05868389640231623,0.002197656985374184,1.6344705633007166,-0.6156402822870739,-0.01046436817476347,0.09498631714718092
9.261999999999762,-0.20367825494431965,0.46312944235427517,0.1007067320533747,0.09476166175476927,-5.554800103054585e-05,-0.3338898890422174,0.4393982437980698,0.1715718575827923,0.05885721771998261,0.0022039879013494067,1.634073342314071,-0.615638030586743,-0.010464379086385471,0.09498617835272244
9.281999999999769,-0.20253562477365733,0.4631064896117312,0.10031451827223868,0.0947471160678309,-5.480858768109029e-05,-0.33275731568503936,0.4394270304452425,0.171502625651563,0.058868930907465714,0.0022042657442709725,1.6336812832809713,-0.6156356661737692,-0.010464379059705604,0.09498594695012388
9.301999999999776,-0.2014412556072323,0.46308011720033615,0.09992774132709756,0.09451995628443116,-5.457142398628988e-05,-0.33163800106284375,0.43945469183366276,0.17087906792947655,0.05874564890435464,0.0021994908870424353,1.633294371986095,-0.6156332068867121,-0.010464370533558809,0.09498565169303907
9.321999999999782,-0.20039302768209905,0.46305053434248306,0.09954632671112934,0.09412087612439199,-5.468226172726641e-05,-0.33053656387734587,0.43948088648539757,0.1698073167302164,0.058513577139548356,0.0021906480081458476,1.6329125927912285,-0.6156306670721894,-0.01046435576842289,0.09498531725605708
9.34199999999979,-0.19938891453854177,0.4630179428599177,0.09917019836229973,0.09358941440931028,-5.5012233447966315e-05,-0.3294574373158187,0.4395052795108833,0.16839066095582936,0.058197894798666557,0.0021786828094319155,1.6325359267232586,-0.6156280584151795,-0.010464336813880787,0.09498496461159076
9.361999999999796,-0.19842698068057554,0.4629825368816661,0.09879927919889989,0.0929629383682607,-5.545704566192864e-05,-0.328404744641232,0.4395275542775375,0.1667268424910766,0.05782222235996884,0.0021644820379994596,1.6321643500348502,-0.6156253907299948,-0.01046431548728683,0.09498461115658793
9.381999999999802,-0.19750537903988377,0.4629445026193664,0.09843349159754038,0.09227584863404756,-5.593528662544072e-05,-0.32738219573781063,0.4395474227061154,0.1649059315615475,0.05740819214661304,0.002148857408305426,1.6317978332577807,-0.6156226726599027,-0.010464293361872622,0.09498427081103947
9.40199999999981,-0.19662234822519817,0.4629040182182653,0.0980727578117565,0.09155899625841553,-5.6386139802919504e-05,-0.326393006864472,0.43956463375514493,0.16300876121656013,0.056975128709177356,0.0021325336618005573,1.6314363407200672,-0.6156199122373286,-0.010464271762975562,0.09498395418257838
9.421999999999816,-0.19577620956121583,0.46286125368686054,0.09771700033139043,0.09083929708977702,-5.676675119662628e-05,-0.3254398443512324,0.4395789798450024,0.16110588534520612,0.05653983838103835,0.002116140729331201,1.6310798304652654,-0.6156171172754966,-0.010464251771281692,0.09498366882154238
9.441999999999823,-0.19496536393735073,0.4628163709038887,0.0973661421846214,0.09013952506665245,-5.7049454500381363e-05,-0.3245247917713389,0.4395903011303526,0.1592570128775254,0.05611650189220774,0.0021002097616042623,1.6307282544945763,-0.615614295585676,-0.010464234232037836,0.09498341955491961
9.46199999999983,-0.1941882884980992,0.46276952369801133,0.09702010718587192,0.08947826332489846,-5.721901500245772e-05,-0.32364933917218297,0.43959848765788134,0.15751086269764164,0.055716660130519735,0.0020851726532080737,1.6303815592472235,-0.615611455035264,-0.010464219769214238,0.094983208872015
9.481999999999836,-0.1934435332143653,0.4627208579930929,0.0966788201338148,0.08886999040962501,-5.727001306404203e-05,-0.3228143922187717,0.43960347954798296,0.15590537890713438,0.0553492807095505,0.0020713645958643813,1.6300396862387247,-0.6156086034773448,-0.01046420880360771,0.09498303733113833
9.501999999999843,-0.19272971737934055,0.46267051201029874,0.09634220696436802,0.08832527821591231,-5.7204452012779646e-05,-0.3220202985773738,0.43960526541573525,0.15446824400880665,0.05502089168808792,0.002059029147847965,1.6297025727870587,-0.6156057485908578,-0.010464201573876918,0.09498290395980503
9.52199999999985,-0.19204552607396272,0.46261861651729186,0.09601019486392455,0.08785107843505476,-5.702964410597592e-05,-0.32126688853120844,0.43960387929938427,0.15321762790673643,0.05473576836396067,0.002048325290869796,1.629370152770232,-0.6156028976725038,-0.010464198159544316,0.09498280662736457
9.541999999999856,-0.19138970664606003,0.4625652951144657,0.0956827123481701,0.0874510751266641,-5.6756402129612456e-05,-0.3205535266605009,0.4395993963954001,0.15216311291309786,0.0544961593380109,0.0020393359559912685,1.6290423573731287,-0.6156000574182087,-0.010464198505043175,0.0949827423763256
9.561999999999863,-0.19076106524447078,0.4625106645483044,0.09535968931174117,0.08712608244090322,-5.639754319120849e-05,-0.31987917141750005,0.43959192791026036,0.1513067388038772,0.0543025388373801,0.002032077529906308,1.6287191157948913,-0.6155972337250555,-0.010464202443964246,0.09498270770550307
9.58199999999987,-0.1901584634451711,0.46245483504251994,0.09504105705371475,0.08687446835092674,-5.5966695086609316e-05,-0.31924243956015935,0.4395816153333687,0.15064411698555302,0.05415387344910805,0.0020265098965522,1.6284003558995175,-0.6155944315358093,-0.010464209722763212,0.09498269880371446
9.601999999999876,-0.18958081500117352,0.4623979106384498,0.09472674828354637,0.08669258740069272,-5.547738385746219e-05,-0.31864167264967536,0.43956862441617506,0.1501655686653086,0.05404789281579423,0.002022546621655609,1.6280860048011965,-0.6155916547389615,-0.010464220023291955,0.09498271173677615
9.621999999999883,-0.18902708274209004,0.46233998953724087,0.09441669711162148,0.08657520781394894,-5.494237328570932e-05,-0.31807500313879267,0.43955313911305927,0.1498572482372809,0.05398135537714938,0.0020200649454467233,1.6277759893822008,-0.6155889061287466,-0.010464232983644177,0.09498274259300986
9.64199999999989,-0.18849627564313937,0.46228116443748163,0.09411083902809178,0.08651592074376664,-5.437322251581316e-05,-0.31754041795181354,0.4395353557032078,0.14970221962570213,0.05395030181785564,0.002018915308105496,1.6274702367451448,-0.6155861874226278,-0.010464248216933938,0.09498278759360551
9.661999999999896,-0.1879874460773351,0.46222152286313284,0.09380911087316034,0.08650752187856797,-5.378002616073491e-05,-0.317035817857622,0.4395154772726342,0.14968145982321787,0.05395029043550568,0.0020189301909796357,1.627168674603475,-0.6155834993286489,-0.010464265327742181,0.09498284317427136
9.681999999999903,-0.1874996872588644,0.4621611474777599,0.09351145080147934,0.08654235798388052,-5.317130155580933e-05,-0.3165590713410154,0.43949370869432725,0.1497747701314271,0.05397661012163122,0.002019932112305945,1.626871231614793,-0.6155808416518775,-0.010464283926090924,0.09498290604401784
9.70199999999991,-0.18703213088044085,0.4621001163821672,0.0932177982428493,0.08661263318676361,-5.255398973661608e-05,-0.3161080620665411,0.4394702522044568,0.14996158149333308,0.05402446801756447,0.002021740667688511,1.6265778376614808,-0.6155782134277858,-0.01046430363889777,0.0949829732259512
9.721999999999916,-0.18658394494282235,0.4620385033935269,0.09292809386097105,0.08671067185355308,-5.1933539748852945e-05,-0.31568072938853897,0.4394453036352751,0.1502216456844322,0.05408915014075454,0.0020241785520202435,1.6262884240824718,-0.615575613070483,-0.010464324118965598,0.09498304208386323
9.741999999999923,-0.18615433177079493,0.46197637830496835,0.09264227951160836,0.08682913673610361,-5.131404963081718e-05,-0.31527510168116124,0.4394190493320233,0.15053560891612328,0.054166154361597454,0.0020270765403169306,1.6260029238593718,-0.6155730385248814,-0.010464345051624573,0.09498311033738156
9.76199999999993,-0.18574252620676915,0.46191380712533825,0.09236029820117661,0.08696120264426155,-5.069844149200367e-05,-0.3148893225367116,0.4393916637524875,0.15088546854905452,0.05425129603895728,0.0020302774398096336,1.6257212717595388,-0.615570487413723,-0.010464366159208864,0.09498317606759187
9.781999999999936,-0.18534779397070625,0.46185085229944894,0.09208209404647968,0.08710068723122087,-5.008865226294216e-05,-0.3145216701070393,0.43936330772420457,0.15125491708986585,0.0543407873934852,0.002033639054578437,1.625443404438397,-0.6155679571725985,-0.010464387203590338,0.09498323771443742
9.801999999999943,-0.1849694301733534,0.46178757290961214,0.09180761223607549,0.08724214155183724,-4.9485825695614087e-05,-0.3141705700410376,0.4393341273157072,0.15162958045147232,0.05443129231528851,0.0020370362271491848,1.6251692605032417,-0.6155654451683269,-0.010464407987014472,0.09498329406681488
9.82199999999995,-0.18460675796865983,0.4617240248596065,0.09153679899355517,0.0873809038783372,-4.889049489437907e-05,-0.31383460260373075,0.43930425326441586,0.15199715961372004,0.05451995877364056,0.0020403620390955254,1.6248987805409594,-0.6155629487981366,-0.010464428351504601,0.09498334424611218
9.841999999999956,-0.1842591273307039,0.46166026104247493,0.09126960154286896,0.08751312084640224,-4.830274795080214e-05,-0.31351250465269787,0.43927380089444423,0.15234748636352102,0.05460443133103464,0.0020435282651601844,1.624631907112494,-0.6155604655688404,-0.01046444817709577,0.09498338768392336
9.861999999999963,-0.18392591394040506,0.46159633149368917,0.09100596807571863,0.08763574037586533,-4.772237208345683e-05,-0.3132031672002982,0.4392428704522003,0.15267250476989644,0.05468284647366666,0.002046465183182785,1.6243685847173606,-0.6155579931565835,-0.01046446737915515,0.09498342409474803
9.88199999999997,-0.1836065181676439,0.4615322835312841,0.09074584772095506,0.08774648098664205,-4.7148974023736215e-05,-0.31290562931048627,0.4392115477856807,0.15296619051765137,0.054753813568453505,0.0020491208456931854,1.624108759732002,-0.6155555294487016,-0.010464485905033898,0.0949834534446213
9.901999999999976,-0.18330036413509318,0.46146816188455664,0.09048919051586714,0.08784378213699731,-4.6582076247807014e-05,-0.3126190690721965,0.4391799052942167,0.15322442024793784,0.05481638425694752,0.002051459918932326,1.6238523803261937,-0.6155530725698467,-0.010464503730269754,0.09498347591673836
9.921999999999983,-0.18300689885099514,0.46140400881286237,0.09023594737921745,0.08792674007415006,-4.6021190061405333e-05,-0.31234279236247914,0.43914800307856444,0.15344480270250355,0.05487001301350216,0.0020534621918445223,1.6235993963620017,-0.6155506208948099,-0.01046452085453968,0.094983491875236
9.94199999999999,-0.18272559139923816,0.4613398642159446,0.08998607008586633,0.08799503343319567,-4.54658675413989e-05,-0.3120762200666319,0.4391158902261355,0.1536264828097105,0.054914511443441304,0.002055120851805879,1.6233497592799064,-0.6155481730505215,-0.01046453729753686,0.09498350182832484
9.961999999999996,-0.18245593217632655,0.4612757657370976,0.08973951124282582,0.08804884247547344,-4.4915734978303315e-05,-0.31181887436391476,0.4390836061723406,0.15376992895197628,0.05494999869126603,0.0020564406160523308,1.6231034219766833,-0.6155457279095697,-0.010464553094912052,0.09498350639194192
9.982000000000003,-0.18219743216614634,0.46121174886031924,0.08949622426659312,0.08808876544663372,-4.43705108040654e-05,-0.3115703646200119,0.43905118208605076,0.1538767125806234,0.05497685008306337,0.002057435798480795,1.622860338679358,-0.6155432845773423,-0.010464568294401774,0.09498350625499768
10.00200000000001,-0.18195769391463412,0.4611472200454807,0.08925604807587777,0.09368097272095277,-4.388633618465433e-05,-0.31072469998167634,0.4390730516748988,0.15543039575477624,0.05261174724373377,0.00196779817839241,1.6226151225624408,-0.6155460659123074,-0.010464432145861423,0.09497427796958158
10.022000000000016,-0.1817533160222641,0.46108086959111194,0.08901870695638911,0.11339355494190416,-4.330904318131474e-05,-0.3079373597584304,0.43926953240098066,0.16590242526910007,0.04273200060695655,0.001593754464697874,1.6223596053367055,-0.6155661793880008,-0.010463754116647767,0.09494741991521591
10.042000000000023,-0.18156334595723925,0.46101430568126756,0.08878445826474027,0.13824187072684865,-4.220274429175432e-05,-0.30466816587642526,0.43950899477857863,0.18806234345796394,0.031249512844673737,0.0011598518098045916,1.622109668804922,-0.6155945702569589,-0.010462963020255657,0.0949267276641135
10.06200000000003,-0.18137324452285875,0.46094865933051654,0.08855345264467994,0.165424553571791,-4.0602926923427135e-05,-0.3019915732868063,0.43969517240010003,0.221399448522272,0.022212476044831054,0.0008194120930552489,1.6218703038963502,-0.6156130437496797,-0.010462391404540541,0.09492237179961303
10.082000000000036,-0.18117730637907464,0.4608843840375931,0.08832571084315739,0.19373302347814453,-3.880402794647559e-05,-0.3003695419796597,0.4397871424527896,0.26394568267485624,0.01713497356722453,0.0006292774370806013,1.6216396246521418,-0.6156157824386969,-0.010462141001646837,0.09493153708532151
10.102000000000043,-0.18097516829455995,0.4608215205917541,0.08810117724830804,0.22232206142603625,-3.713904934958379e-05,-0.2998662790705919,0.4397796827323102,0.31316359745429945,0.016086262526484686,0.0005915094849515812,1.6214151690002196,-0.6156092579336209,-0.010462188207139018,0.0949458968432854
10.12200000000005,-0.18076912430853123,0.4607599007835735,0.08787976127474996,0.250488005155347,-3.586477049481213e-05,-0.300329507709738,0.43968683531953845,0.3664386833943058,0.01845941889904673,0.0006827494488474262,1.6211958769638584,-0.615602365189261,-0.01046246171072688,0.09495896948609152
10.142000000000056,-0.18056241924924948,0.46069927661797294,0.08766136431532488,0.27762773245812106,-3.512246671764494e-05,-0.30151663178825233,0.4395305524591347,0.4213379936129615,0.023408293762603238,0.0008707872952905771,1.6209817979035814,-0.6156008601592081,-0.01046288140247318,0.09496818652557164
10.162000000000063,-0.18035828412286284,0.4606393941175579,0.08744589448838624,0.3032335477330003,-3.4941954190111117e-05,-0.3031720212349876,0.4393337935383272,0.4757354129978882,0.030072646858787865,0.00112302705184146,1.6207733010894165,-0.615606519967962,-0.01046337570308118,0.09497380896323415
10.18200000000007,-0.18015946925733772,0.460580030363657,0.08723327266286263,0.32689480368766055,-3.526607810498074e-05,-0.30506756215870684,0.4391169369966747,0.5278627604429676,0.0376821950829986,0.001410369884858357,1.6205705091645346,-0.6156183533926615,-0.010463888123197554,0.09497724660951354
10.202000000000076,-0.17996832415059444,0.4605209902562384,0.08702342933788404,0.34829740614204846,-3.583595392053924e-05,-0.3070232952176176,0.43889563660054615,0.5764161776614916,0.04557319538213981,0.001707722739559977,1.6203711139145835,-0.615693197270634,-0.010464875164042202,0.09519647514151328
10.222000000000083,-0.17978687354561085,0.46046209389075526,0.08681631444306404,0.3671999314597886,-3.628544543712464e-05,-0.30897924456290443,0.43867440462176954,0.6210503734653191,0.05346686975535446,0.0020071858354877258,1.620174099229177,-0.6161445624189068,-0.010467426178411239,0.0968387960304385
10.24200000000009,-0.1796150484476053,0.4604033311402785,0.08661189639752667,0.38343709572602913,-3.6550794864562795e-05,-0.3109350001825695,0.4384532566252282,0.6617643078645399,0.06136046968042025,0.0023087506112128464,1.6199794863462698,-0.617073651121804,-0.010471589631685527,0.10057873527336081
10.262000000000096,-0.17945213912415128,0.46034474953835935,0.08641014292685888,0.39694917250978645,-3.660751921514246e-05,-0.3128905326502484,0.43823219514560674,0.6985579791603573,0.0692539962108786,0.002612397756445397,1.6197872961295907,-0.6184551584720706,-0.01047735723800721,0.10656319749793844
10.282000000000103,-0.17929743902478443,0.46028639764119955,0.08621102121312038,0.4077764306048788,-3.6459517126919775e-05,-0.3148458125535057,0.4380112227121893,0.7314313854207211,0.07714745043767532,0.0029181077626343854,1.6195975492878774,-0.6202392364439328,-0.010484694674574968,0.11468094534003609
10.30200000000011,-0.1791503234058674,0.4602283176952817,0.08601449824188082,0.4160425437242063,-3.6128926514618747e-05,-0.31680081049567066,0.4377903418487023,0.7603845244804471,0.0850408334890723,0.0032258609242243486,1.619410266373091,-0.6223658618622339,-0.010493551106875672,0.12463706089485449
10.322000000000116,-0.17901024592940099,0.4601705455973729,0.0858205410466715,0.42193634911686095,-3.564767317430754e-05,-0.31875549709767254,0.4375695550731562,0.7854173939413533,0.09293414653054638,0.0035356373399273674,1.619225467778648,-0.6247678659256332,-0.010503867176336563,0.13599741936195212
10.342000000000123,-0.17887672619866654,0.4601131117579766,0.08562911686861338,0.42569410754025977,-3.505131294003869e-05,-0.320709842999874,0.4373488648976883,0.8065299911724092,0.10082739076467644,0.0038474169140113785,1.6190431737376667,-0.6273733190632802,-0.010515580835951492,0.14822728578940966
10.36200000000013,-0.17874933851069882,0.46005604194562033,0.08544019325329057,0.4275830570251157,-3.4374842824099574e-05,-0.32266381886390383,0.43712827382840663,0.8237223133098995,0.10872056743101688,0.004161179357603672,1.618863404321221,-0.6301081734526354,-0.010528631326299713,0.16072662564140472
10.382000000000136,-0.17862770277458231,0.4599993580055628,0.08525373810341921,0.4278866920371338,-3.3650066128044004e-05,-0.32461739537448836,0.43690778436523287,0.836994357257604,0.11661367780595908,0.004476904190010083,1.6186861794366,-0.6328988696004915,-0.010542961677628228,0.17286177375353068
10.402000000000143,-0.17851147727422587,0.4599430784614269,0.08506971970179662,0.4268920227151427,-3.290413469960083e-05,-0.32657054324128104,0.4366873990017466,0.8463461196869896,0.12450672320257986,0.004794570740049548,1.6185115188255894,-0.6356746299850194,-0.01055852009102707,0.18399293736500666
10.42200000000015,-0.17840035287394562,0.45988721901945473,0.08488810671545514,0.4248789392555981,-3.215894883360393e-05,-0.32852323320069104,0.43646712022502965,0.8517775970374192,0.13239970497047748,0.00511415814740442,1.6183394420627522,-0.6383692945363412,-0.01057526049967955,0.19349722050965312
10.442000000000156,-0.17829404833892856,0.45983179299236954,0.08470886818899798,0.422111701360355,-3.1431152913523116e-05,-0.3304754360177097,0.43624695051551066,0.8532887855163731,0.14029262449559457,0.005435645363985394,1.61816996855373,-0.6409226542220462,-0.010593142558086105,0.20078708651156751
10.462000000000163,-0.17819230651913784,0.4597768116563025,0.0845319735327253,0.418832487821252,-3.0732518286679324e-05,-0.33242712248773515,0.4360268923468104,0.850879681099686,0.1481854832000292,0.005759011155311884,1.6180031175335516,-0.6432813029657909,-0.010612131257513521,0.20532436925138617
10.48200000000017,-0.1780948912062251,0.45972228455149194,0.08435739250930137,0.4152568753426482,-3.007055241122952e-05,-0.3343782634383957,0.4358069481855875,0.8445502795317985,0.15607828254183218,0.006084234101907803,1.6178389080649507,-0.6453990638456562,-0.010632196321417632,0.20663009630035056
10.502000000000177,-0.1780015845194737,0.45966821973545174,0.08418509522129608,0.41157106724846526,-2.944921432175085e-05,-0.3363288297313701,0.43558712049138415,0.8343005763260222,0.16397102401479272,0.0064112926007115975,1.6176773590367006,-0.6472370618335658,-0.01065331149596331,0.20429049980503966
10.522000000000183,-0.17791218471175468,0.4596146239958241,0.08401505210088857,0.40793066016582785,-2.8869650806727998e-05,-0.33827879226420715,0.4353674117164729,0.8201305667648201,0.17186370914821128,0.006740164866501682,1.6175184891619587,-0.6487635189839212,-0.01067545381825917,0.19795966768573003
10.54200000000019,-0.17782650431263622,0.4595615030290092,0.08384723390227714,0.4044607182733607,-2.8330895631801272e-05,-0.3402281219721415,0.4351478243057036,0.802040245900101,0.1797563395066588,0.007070828933336691,1.6173623169766131,-0.649953343890818,-0.010698602918342612,0.18735933246646716
10.562000000000197,-0.17774436854529843,0.459508861589788,0.08368161169683878,0.401256918257001,-2.7830496189515656e-05,-0.3421767898299082,0.43492836069635027,0.7800296085535287,0.1876489166897252,0.0074032626560097915,1.6172088608376614,-0.6507875789356412,-0.010722740389873878,0.1722763123877203
10.582000000000203,-0.17766561396842642,0.45945670361643437,0.08351815687076851,0.39838753168630325,-2.7365048776027752e-05,-0.3441247668535546,0.43470902331795974,0.7540986493168439,0.19554144233175355,0.0077374437115182715,1.6170581389215821,-0.6512527587740673,-0.010747849248332907,0.15255811398155425
10.60200000000021,-0.1775891610788586,0.45940517121175933,0.08335678318558648,0.3958882340846504,-2.2961658836709346e-05,-0.34496652633476105,0.43471640103305537,0.7244293461242464,0.18130569607167285,0.004850147390157165,1.61645918955682,-0.6503470878581745,-0.01064419794884397,0.12870629029016353
10.622000000000217,-0.1775127380865103,0.45935401207948895,0.08319795685030566,0.39372919072986795,-2.9636287838394188e-05,-0.3428201549936569,0.4347943619572898,0.691475019988051,0.11041111391098817,0.003208853012677476,1.6159692159329457,-0.6461902760653985,-0.010707684726984891,0.10112691682852505
10.642000000000223,-0.177481737250839,0.45930048547468205,0.0830403672583317,0.3918099232310422,-3.331228124298647e-05,-0.33830191618566263,0.4350305663335438,0.662068792886812,0.049460103037716356,0.0024856851875566426,1.6158658227047233,-0.6430435307973598,-0.010813752036624782,0.08394431547487871
10.66200000000023,-0.17748409249027744,0.45924499672156377,0.08288462800646748,0.3894239632328481,-4.083003533967373e-05,-0.33405752533066085,0.4353613529793384,0.6466240043105816,0.03411771953126575,0.001822350521370063,1.6156857031676302,-0.6435849170354141,-0.010798145132761616,0.08658987200085952
10.682000000000237,-0.17745820635196627,0.45919203335749137,0.08273146631782201,0.3867729514248443,-4.495760243939233e-05,-0.3321836779115155,0.43550546848671984,0.6380680768689204,0.03213909000273567,0.0015202918199538533,1.615519268537434,-0.644303677500743,-0.010774524413417516,0.09030793755983964
10.702000000000243,-0.17741269835505796,0.4591411071710087,0.08258061884983074,0.3842911502125429,-4.5757684489392374e-05,-0.33173427183546955,0.43552506822301673,0.6329204488836122,0.03388218260367766,0.0014420218973309575,1.6153665284052825,-0.644731510018503,-0.010760310266102212,0.09259699076180913
10.72200000000025,-0.17735930097809322,0.4590914344431104,0.08243185402688186,0.38221236705558026,-4.4654176335166856e-05,-0.3318987622756374,0.435489150317818,0.629661311882551,0.036427070505911,0.001460759605869565,1.6152186531282355,-0.6449528590289144,-0.010752934155783808,0.09380147449352234
10.742000000000257,-0.17730450993374264,0.4590425691369064,0.08228504210939352,0.38062060851226104,-4.261727990264088e-05,-0.3322595382749954,0.43543467094553656,0.62763785598783,0.038844313698136956,0.0015131405800946377,1.6150740472039544,-0.6450626925528828,-0.010749306135748628,0.09440427405915158
10.762000000000263,-0.1772511313408685,0.45899431169163224,0.08214011618926403,0.37951997230514956,-4.018195871929507e-05,-0.3326413560251422,0.4353775389814863,0.6265647433496446,0.04088984118940943,0.0015711481280734068,1.614931600722086,-0.6451156873735403,-0.010747541275639982,0.09469963304676329
10.78200000000027,-0.17720012193582318,0.45894658725202564,0.0819970393359247,0.3788756965386105,-3.763414301063854e-05,-0.33298557650553434,0.4353232435301756,0.62629910837052,0.04256492412831332,0.0016250672522092609,1.614790908946408,-0.6451398311409178,-0.010746701562662352,0.09484079864171349
10.802000000000277,-0.1771516454561378,0.4588993741996717,0.08185578756344353,0.37863499997504574,-3.513846356492051e-05,-0.3332828088632598,0.4352728400986809,0.6267469278762331,0.04395373615536441,0.001673082304774834,1.6146518581877998,-0.645150483770067,-0.010746314495018339,0.09490932541737826
10.822000000000283,-0.17710556006787528,0.45885267134443936,0.08171634183832527,0.3787378284281691,-3.279264326340672e-05,-0.3335408982904593,0.4352257958609601,0.6278201917387664,0.04514172421578163,0.001715849731718692,1.6145144419719752,-0.6451548567012697,-0.010746140361242468,0.09494374375509042
10.84200000000029,-0.17706165315465158,0.4588064821083562,0.08157868432139918,0.3791226115523048,-3.065313243480794e-05,-0.3337707457810524,0.4351812416479323,0.6294238475734025,0.04619486076560679,0.001754680521018822,1.6143786861075293,-0.6451561538063656,-0.010746070544057434,0.0949615058966651
10.862000000000297,-0.1770197307356653,0.45876080846075445,0.08144279706677285,0.37972935311961636,-2.875039353176175e-05,-0.33398130532538883,0.43513844263262114,0.6314555671627616,0.04715865605359673,0.0017907275398723922,1.6142446133891761,-0.6451558917410882,-0.010746053522326438,0.09497088733502239
10.882000000000303,-0.17697964035844133,0.45871564945037896,0.08130866167551108,0.38050144493705784,-2.7096495388546678e-05,-0.33417843496143756,0.4350969147479184,0.6338094201372733,0.04806105834502699,0.0018247604931513747,1.6141122324424269,-0.6451548291467578,-0.010746063487451434,0.09497597597754548
10.90200000000031,-0.17694126957262402,0.4586710014296329,0.08117625928559578,0.38138682163605575,-2.5689748037527348e-05,-0.33436516341020317,0.43505640956113223,0.636380391845167,0.048916476452622655,0.0018571738601445092,1.6139815365690948,-0.645153356524471,-0.010746087016917233,0.09497883832154691
10.922000000000317,-0.1769045369176005,0.45862685879222653,0.08104557066115335,0.3823387127114674,-2.451819488273604e-05,-0.3345423829402413,0.4350168586592172,0.6390685347939405,0.04972977116262492,0.0018880705361593163,1.613852506338087,-0.6451516761678526,-0.010746116925409846,0.09498053047310087
10.942000000000323,-0.17686938194276142,0.45858321476619407,0.08091657629407381,0.3833161062284855,-2.356253893571836e-05,-0.33470957819731734,0.4349783131287252,0.6417822991276279,0.05049968686124706,0.0019173583945765417,1.613725113258489,-0.6451498913476897,-0.010746149259391824,0.09498159456781702
10.96200000000033,-0.1768357566108237,0.4585400620937281,0.08078925649058406,0.38428398210125514,-2.279866887927652e-05,-0.3348654488729847,0.43494089115990325,0.6444409308960424,0.05122156209193299,0.001944835931028722,1.6135993233993555,-0.645148052573788,-0.010746181784764365,0.09498230930602594
10.982000000000337,-0.17680361872255015,0.45849739354983227,0.08066359143827538,0.3852133507086574,-2.219982038425078e-05,-0.3350083887861596,0.4349047374028512,0.64697598164725,0.05188934205518098,0.001970259672830196,1.6134751005081205,-0.6451461823232775,-0.010746213213929878,0.09498281809802805
11.002000000000344,-0.17677292730895913,0.45845520230207176,0.0805395612569202,0.3860811248258108,-2.1738374327041736e-05,-0.3351368269196837,0.4348699938424111,0.6493320371814346,0.052496990236400594,0.001993393009595199,1.613352408489589,-0.6451442885310057,-0.010746242805178073,0.09498319502326762
11.02200000000035,-0.17674363968847706,0.4584134821330029,0.08041714603806,0.3868698508059081,-2.1387293988514495e-05,-0.3352494514300693,0.43483678053876373,0.6514667942963829,0.053039414530782585,0.0020140387818237053,1.6132312132420217,-0.6451423720282365,-0.010746270150555029,0.09498347887695766
11.042000000000357,-0.17671570983123946,0.45837222755224366,0.08029632587767033,0.3875673247706924,-2.11212144370163e-05,-0.3353453409670786,0.4348051842398974,0.6533506151345966,0.053513016675896904,0.0020320587118036015,1.6131114839025231,-0.6451404306307731,-0.010746295059310955,0.09498369075234636
11.062000000000364,-0.17668908769696373,0.45833143382446334,0.08017708090489703,0.3881661195496339,-2.0917209621117522e-05,-0.33542402591877213,0.43477525298277947,0.6549656805327899,0.05391595839770301,0.002047382684105388,1.6129931935759978,-0.6451384613294402,-0.01074631748997621,0.09498384309498288
11.08200000000037,-0.1766637192642848,0.4582910969364931,0.08005939130859839,0.3886630475734455,-2.0755272539170963e-05,-0.33548549874475087,0.4347469950712001,0.6563048519135101,0.05424822076510535,0.0020600105012502303,1.6128763196302345,-0.6451364613922971,-0.010746337507423452,0.09498394432126576
11.102000000000377,-0.17663954702503254,0.4582512135229946,0.07994323736246321,0.3890585836968264,-2.0618550121021045e-05,-0.3355301888568974,0.434720381119059,0.6573703382094738,0.05451151781611304,0.0020700082879450328,1.6127608436418628,-0.6451344288457924,-0.010746355253109637,0.09498400111900558
11.122000000000384,-0.1766165107673474,0.4582117807664308,0.07982859944883855,0.3893562700439299,-2.049337722016332e-05,-0.33555891415539285,0.4346953481244168,0.6581722511739418,0.054709112477118946,0.002077501290866886,1.6126467510764713,-0.645132362612432,-0.010746370922657504,0.09498401953218322
11.14200000000039,-0.17659454851390566,0.45817279628375024,0.0797154580810476,0.38956212257583495,-2.0369153919625663e-05,-0.3355728185164709,0.43467180477424167,0.6587271196860468,0.05484557215582701,0.00208266445235824,1.612534030781741,-0.645130262472131,-0.010746384747926337,0.09498400540904187
11.162000000000397,-0.17657359751579002,0.45813425800931296,0.07960379392383872,0.3896840563364913,-2.0238107898349382e-05,-0.33557330226120513,0.43464963737092754,0.6590564215267377,0.05492649282623978,0.0020857118296159624,1.612422674365367,-0.6451281289467493,-0.01074639698219311,0.09498396452220889
11.182000000000404,-0.17655359522970843,0.45809616408115544,0.07949358781160816,0.3897313434016625,-2.009497957541095e-05,-0.3355619508432411,0.4346287159242805,0.6591851796963056,0.05495821354847158,0.002086885679470349,1.6123126755202182,-0.6451259631643551,-0.010746407887781681,0.0949839025284378
11.20200000000041,-0.17653448022759777,0.45805851273566617,0.07938482076412813,0.38971411457524907,-1.9936662757318986e-05,-0.33554046559015227,0.43460890007349795,0.6591406597513342,0.054947537820816655,0.002086445823409786,1.6122040293483866,-0.6451237667320696,-0.01074641772580398,0.09498382486052648
11.222000000000417,-0.17651619300435584,0.45802130221407183,0.07927747399963629,0.3896429129664388,-1.976182806474165e-05,-0.33551059923458054,0.4345900445992496,0.6589511949284512,0.054901473659864745,0.0020846597394068777,1.6120967317242292,-0.6451215416289298,-0.010746426747814702,0.09498373660292544
11.242000000000424,-0.17649867666252209,0.45798453068278705,0.07917152894527761,0.3895283048324798,-1.957055090693016e-05,-0.33547409810721346,0.43457200436185994,0.658645157056432,0.05482700063022784,0.002081793689227449,1.6119907787250867,-0.6451192901199012,-0.010746435189245757,0.09498364237911758
11.26200000000043,-0.1764818774629584,0.45794819616858523,0.07906696724501029,0.3893805505555113,-1.9363960500958074e-05,-0.3354326521787555,0.4345546385621669,0.6582500834864439,0.054730869040954325,0.002078105076823603,1.6118861661477923,-0.6451170146869138,-0.010746443264476893,0.09498354626490108
11.282000000000437,-0.17646574523856579,0.4579122965086998,0.07896377076518302,0.389209336386875,-1.9143921605315916e-05,-0.3353878535911726,0.43453781427017757,0.6577919635245174,0.05461943407737345,0.0020738361410880955,1.6117828891198192,-0.6451147179709475,-0.010746451163410838,0.09498345173308739
11.302000000000444,-0.1764502336742414,0.4578768293153059,0.07886192159805873,0.3890235656692604,-1.8912756384175438e-05,-0.3353411638800509,0.43452140920555704,0.657294682141737,0.05449852566210501,0.002069209011675364,1.6116809418063838,-0.6451124027195211,-0.01074645904939707,0.09498336162975257
11.32200000000045,-0.17643530046096442,0.45784179195335045,0.0787614020635975,0.38883120665057647,-1.8673010208546728e-05,-0.3352938897393477,0.43450531378494756,0.6567796140548147,0.054373353274562955,0.0020644220974730273,1.611580317209046,-0.6451100717354763,-0.010746467058347177,0.0949832781789326
11.342000000000457,-0.1764209073353313,0.4578071815303622,0.07866219470982315,0.38863919273484643,-1.842726225345795e-05,-0.3352471669030257,0.43448943247533967,0.6562653575791768,0.05424844375411535,0.0020596477317666975,1.6114810070473522,-0.6451077278248748,-0.010746475298869414,0.09498320301088778
11.362000000000464,-0.1764070200182343,0.45777299489665996,0.07856428231208822,0.38845337006492,-1.81779794489624e-05,-0.33520195150533955,0.4344736845110574,0.6557675949048649,0.05412760922488356,0.002055030964573102,1.6113830017126143,-0.6451053737437324,-0.010746483853255058,0.09498313720833179
11.38200000000047,-0.17639360806783605,0.45773922865427086,0.0784676478715261,0.388278486680834,-1.792741064329174e-05,-0.3351590181257849,0.4344580040450548,0.6552990635617177,0.05401394167063079,0.002050689369550258,1.6112862902817922,-0.6451030121447892,-0.010746492779145606,0.09498308136503342
11.402000000000477,-0.17638064466267192,0.4577058791728466,0.07837227461294305,0.3881182171209992,-1.767751667705547e-05,-0.33511896362021837,0.43444233981372066,0.6548696227403066,0.05390983031913151,0.0020467137189352797,1.611190860579367,-0.6451006455264655,-0.01074650211171873,0.09498303565168026
11.422000000000484,-0.1763681063307303,0.45767294261091435,0.07827814598236,0.3879752162010126,-1.7429931375783577e-05,-0.3350822157811971,0.434426654398774,0.6544863977253105,0.05381699783111923,0.002043169373769616,1.6110966992756675,-0.6450982761865661,-0.010746511866240177,0.0949829998846573
11.44200000000049,-0.17635597263982786,0.45764041494089563,0.0781852456443702,0.38785119578373445,-1.7185948167508804e-05,-0.33504904585293244,0.43441092317064045,0.6541539858792398,0.05373655129505107,0.002040098236952798,1.611003792011231,-0.6450959061831675,-0.010746522040839757,0.0949829735942673
11.462000000000497,-0.1763442258636258,0.45760829197646663,0.07809355747943657,0.38774701860971583,-1.694652704577828e-05,-0.33501958394392617,0.4343951329954679,0.6538747082855733,0.05366904417281714,0.002037521122183855,1.6109121235380939,-0.6450935373046884,-0.010746532619388162,0.09498295608980517
11.482000000000504,-0.17633285063632326,0.45757656940099845,0.07800306558121337,0.38766280365431827,-1.6712316853319138e-05,-0.33499383642757874,0.4343792807832127,0.653648892221739,0.053614545592538004,0.0020354404014448417,1.6108216778702975,-0.6450911710504299,-0.010746543574365379,0.09498294651969877
11.50200000000051,-0.17631911805011405,0.4575454530985524,0.07791375635542858,0.38202303328535636,-1.6516905483832946e-05,-0.33497787744530727,0.4343631082120316,0.6526434665030619,0.05366173348940549,0.0020350839080519813,1.6107279717318783,-0.6447585625007607,-0.010746302079446143,0.09623583593915824
11.522000000000517,-0.17630096899137146,0.45751510145196755,0.07782561053993467,0.36208503956650195,-1.6306585463772927e-05,-0.3349667424590661,0.43434674975360876,0.6479545798819429,0.05377074924212604,0.0020356606479187238,1.6106315276635832,-0.6442308838006706,-0.010746117930193665,0.10636475160630511
11.542000000000524,-0.17628404400655454,0.45748507050329484,0.0777386108599442,0.3366325313017876,-1.606997818800725e-05,-0.33495560743345476,0.4343303917193859,0.6393416939748839,0.05387976508679564,0.0020362514036180103,1.6105350838472958,-0.6445057061817474,-0.010746192024838098,0.12637013278387024
11.56200000000053,-0.17626910707047727,0.4574552952996421,0.07765274259418777,0.30849733256827977,-1.5809324071389164e-05,-0.3349444723683679,0.43431403410936303,0.6268048087818794,0.0539887810219542,0.0020368561751152145,1.6104386402849247,-0.6455682431406317,-0.010746518661460092,0.15315713625469107
11.582000000000537,-0.17625596200571794,0.4574257858961091,0.077567991179057,0.2790681079344874,-1.552631511648026e-05,-0.33493333726370017,0.43429767692353966,0.6103439243029234,0.054097797046141344,0.002037474962375309,1.6103421969783736,-0.6471678946561551,-0.010747092789678614,0.18328464957702342
11.602000000000544,-0.1762443112839732,0.4573965603180064,0.07748434220354827,0.24941312372341756,-1.522535379080448e-05,-0.3349222021193465,0.43428132016191534,0.5899590405380105,0.054206813157897174,0.0020381077653629197,1.6102457539295536,-0.6490206934646486,-0.010747906804115082,0.2136215637397071
11.62200000000055,-0.1762338862334767,0.45736763437372907,0.07740178143358141,0.22043756807835138,-1.4912566669903268e-05,-0.33491106693520156,0.43426496382449004,0.565650157487135,0.05431582935576134,0.0020387545840422064,1.610149311140368,-0.6508620761291702,-0.010748951478011401,0.24147303631069728
11.642000000000557,-0.17622446180231,0.45733902048333097,0.07732029482792416,0.19289448853066707,-1.4594601602992273e-05,-0.3348999317111601,0.43424860791126346,0.537417275150291,0.054424845638273864,0.0020394154183769795,1.6100528686127253,-0.6524654037174873,-0.010750217120717123,0.26460497321140697
11.662000000000564,-0.17621585340259713,0.45731072791740013,0.07723986854393108,0.16738082532589993,-1.4277756031693485e-05,-0.3348887964471168,0.4342322524222352,0.505260393527473,0.05453386200397475,0.002040090268330655,1.6099564263485349,-0.6536482837770273,-0.01075169442245738,0.28123818559835556
11.68200000000057,-0.17620791141036038,0.45728276322860856,0.07716048893600239,0.14433818221150424,-1.3967442299705033e-05,-0.33487766114296635,0.434215897357405,0.46917951261867513,0.05464287845140374,0.0020407791338661924,1.6098599843497012,-0.654272634084407,-0.01075337497693668,0.29002643535225836
11.702000000000577,-0.17620051579691579,0.45725513067917617,0.07708214254962865,0.12405989918905289,-1.3667919148286916e-05,-0.3348665257986036,0.43419954271677264,0.42917463242389187,0.054751894979101025,0.002041482014946278,1.6097635426181343,-0.6542412545390625,-0.010755251547803185,0.2900232980955541
11.722000000000584,-0.1761935712727586,0.4572278326314488,0.07700481611322535,0.10670320125904258,-1.3382216856268631e-05,-0.3348553904139233,0.4341831885003377,0.3852457529431173,0.05486091158560629,0.0020421989115330655,1.609667101155737,-0.6534926417436596,-0.010757318147560861,0.2806411382798628
11.74200000000059,-0.17618700298972828,0.45720086989574005,0.07692849652931653,0.09230491054620908,-1.3112193945727909e-05,-0.33484425498882014,0.43416683470809986,0.33739287417634567,0.054969928269459796,0.002042929823588397,1.6095706599644215,-0.6519951756115064,-0.010759569988031695,0.26160502528676743
11.762000000000597,-0.17618075278925663,0.4571742420348437,0.07685317086609526,0.0807993384394667,-1.2858675388235731e-05,-0.3348331195231889,0.43415048134005885,0.28561599612357125,0.05507894502920133,0.002043674751073755,1.6094742190460907,-0.6497413710687435,-0.010762003350337002,0.23290409025307632
11.782000000000604,-0.17617477596857553,0.45714794762646643,0.07677882634997164,0.07203717339079205,-1.2621633647437095e-05,-0.33482198401692426,0.43413412839621435,0.22991511878478813,0.05518796186337116,0.0020444336939500793,1.6093777784026562,-0.6467425758158325,-0.010764615411661495,0.1947424813283393
11.80200000000061,-0.17616903852784657,0.45712198448599123,0.07670545035940898,0.0658043869940369,-1.2400384045120419e-05,-0.3348108484699212,0.43411777587656586,0.17029024215999058,0.05529697877050907,0.0020452066521780853,1.6092813380360198,-0.6430242854116853,-0.01076740405648019,0.14749171392354254
11.822000000000617,-0.1761637075220634,0.45709627085890775,0.07663310667696954,0.061840370214348725,-1.3631548737082122e-05,-0.3350485508613793,0.4340886954846927,0.1068493253653386,0.05872722145586788,0.002126984481175757,1.609103109035111,-0.6389878451901982,-0.01076249408181422,0.09198183814021572
11.842000000000624,-0.176253103426883,0.4570642552662122,0.07656088074530765,0.05888010279652363,-2.3311514012833247e-05,-0.3298181528950362,0.4345256690241761,0.06210209903916754,0.05916909602156499,0.0018086318630030898,1.6081799125642573,-0.6402343642117011,-0.010703658266782316,0.07323022666702189
11.86200000000063,-0.17635173899169024,0.45703241205130996,0.0764888465525343,0.053857512990101886,-1.9521506709212622e-05,-0.32108951267431446,0.4351705829677044,0.0448309952305172,0.028437159007731867,0.0007774073938884508,1.607998239457729,-0.6400997101912184,-0.01071835349644211,0.08034924762305805
11.882000000000637,-0.17638515194988974,0.45700499970566383,0.07641878739793588,0.05055081206522599,-1.515723793738463e-05,-0.3170230040754963,0.4354569413458935,0.04098573039932047,0.012411963209684095,0.0003014119428127128,1.6079162939171705,-0.6396921897505177,-0.010733096524250287,0.087044515920585
11.902000000000644,-0.17637572275042987,0.4569806415766845,0.07635032432587417,0.049861290567156095,-1.1902808873741859e-05,-0.3163810848658643,0.4354853853189385,0.04396834448054633,0.008731787543755783,0.0002475793442807659,1.6078486239045036,-0.6394343227022751,-0.010741659591967267,0.09096363135484045
11.92200000000065,-0.1763470658045121,0.45695789955658217,0.07628301367959275,0.05128138285532434,-9.751069646989456e-06,-0.317389823875277,0.43539062463903205,0.050544948194198976,0.01141427258459394,0.00040032356344827855,1.6077832197884716,-0.6393120538450597,-0.010746068322025418,0.0930003990241457
11.942000000000657,-0.17631316984841475,0.4569358991794999,0.07621660410407294,0.053770413288689915,-8.491331548664668e-06,-0.31895133246112345,0.435255292186659,0.05917216501495605,0.016501034445530492,0.0006239463243995928,1.6077198441283513,-0.6392614999458242,-0.010748300976574865,0.0940135259710802
11.962000000000664,-0.17628011146044445,0.4569142392867957,0.07615099558406414,0.05687434240706794,-7.910373310877843e-06,-0.3205746611681415,0.4351161379398955,0.0690307100902062,0.022105114733944664,0.000856160600089453,1.6076586084685867,-0.6392429118536993,-0.01074946152365984,0.09450721042714605
11.98200000000067,-0.17624997444250987,0.456892763162771,0.07608615963976897,0.06039375303931934,-7.824381320414287e-06,-0.3220815948138847,0.4349864646749477,0.07958872695456942,0.027479189016614374,0.0010728583064986165,1.6075990655842576,-0.6392381742807868,-0.010750030485988979,0.09474297826142025
12.002000000000677,-0.17622322344446104,0.4568714175388381,0.07602209304449188,0.06416742941496244,-8.070876267619535e-06,-0.32342161714611717,0.4348699454329488,0.0904574230375991,0.032366855584508566,0.001267192032094714,1.6075407601837388,-0.6392392277281717,-0.010750300369891032,0.09485735909249304
12.022000000000684,-0.17619969850102687,0.4568501923270985,0.07595879972524038,0.06804856109366242,-8.517647686072206e-06,-0.32459415469350333,0.43476651699924074,0.10132078413060938,0.036714394373407525,0.0014390384985639383,1.607483373308614,-0.6392418840779361,-0.010750451163813249,0.09491535721700659
12.04200000000069,-0.17617906045342296,0.45682909256669296,0.07589628366497693,0.07190685819409934,-9.065968996871497e-06,-0.3256148061521396,0.43467496517430404,0.11190904273128845,0.04054804591474003,0.001590200989500036,1.607426690039395,-0.6392445674064818,-0.010750552972537013,0.09494596724218599
12.062000000000697,-0.17616096923978752,0.4568081268012023,0.0758345463269077,0.07563139676188183,-9.642769946424517e-06,-0.32650091158783123,0.43459397143661155,0.1219926398947685,0.04391220253655827,0.001722698274562169,1.6073705595197298,-0.6392467766207367,-0.010750630873016566,0.09496268999910606
12.082000000000704,-0.17614513418120936,0.45678730329561384,0.07577358634211685,0.07913181736098786,-1.0195212165945274e-05,-0.32726719857728503,0.4345224199281968,0.13138193577155888,0.04684814153005921,0.0018382553065036012,1.607314869235658,-0.6392483922238216,-0.010750694331285011,0.09497214500034767
12.10200000000071,-0.17613131704746987,0.45676662922742867,0.07571339996035865,0.08233826046189345,-1.0686921792978837e-05,-0.3279252507109726,0.4344594299893674,0.1399279625761612,0.049389409244319754,0.0019382329648664853,1.6072595304098363,-0.6392494262130644,-0.01075074715767075,0.09497768951893212
12.122000000000718,-0.17611932086276588,0.45674611086804145,0.07565398164746366,0.08520046182882625,-1.1094844815577779e-05,-0.32848416720953555,0.43440430381170325,0.1475225018802526,0.05156287487337268,0.002023707082842262,1.6072044722567138,-0.6392499325808827,-0.010750791172882877,0.09498106166811114
12.142000000000724,-0.17610897672318598,0.45672575398815835,0.07559532462945409,0.08768629267187468,-1.1406611057831927e-05,-0.328951438131206,0.43435646007113876,0.15409692100483147,0.05339124488756617,0.0020955809169832533,1.6071496406560701,-0.6392499752721995,-0.010750827413877284,0.09498317515553177
12.162000000000731,-0.17610013282849604,0.45670556421417363,0.07553742132443855,0.08977993687882782,-1.1618210436349007e-05,-0.32933369787944494,0.4343153776394433,0.15961973588983794,0.054895476129839124,0.002154685304292289,1.6070949987204386,-0.6392496169184146,-0.010750856633164864,0.094984518550739
12.182000000000738,-0.17609264673972366,0.45668554725530774,0.07548026366226102,0.09147984439128899,-1.1731967196712974e-05,-0.3296372683143757,0.43428055560912265,0.16409310310275937,0.05609657693036572,0.002201851581588273,1.6070405275101811,-0.6392489152235805,-0.010750879510695338,0.09498535997696116
12.202000000000744,-0.1760863806526564,0.45666570899958026,0.07542384330930556,0.09279656819977847,-1.175479605170865e-05,-0.329868497331025,0.4342514889305908,0.1675485283290709,0.05701671455331386,0.002237955929446867,1.6069862259720658,-0.6392479219500574,-0.010750896735547799,0.09498585309824456
12.222000000000751,-0.17608119907825287,0.45664605550463,0.07536815181914144,0.09375057166619274,-1.169672231665452e-05,-0.3300339304439877,0.4342276566624034,0.1700420886555003,0.057679714495548234,0.0022639392634523606,1.6069321097882103,-0.6392466826658912,-0.010750909027187207,0.0949860921508136
12.242000000000758,-0.17607696826592148,0.4566265929155365,0.07531318072782908,0.09437007724341687,-1.1569648049774283e-05,-0.33014035853839835,0.43420851947171357,0.17164944092838752,0.05811108960690479,0.0022808084297593267,1.6068782091970684,-0.6392452367118006,-0.010750917129110707,0.09498614038501349
12.262000000000764,-0.17607355678275455,0.4566073273391303,0.07525892160933163,0.09468901441197264,-1.138634573076079e-05,-0.3301947805669879,0.43419352339556255,0.1724608488031105,0.05833773971473852,0.0022896243829524467,1.606824566049414,-0.6392436173193052,-0.010750921791210365,0.09498604454940598
12.282000000000771,-0.17607083677697902,0.4565882646986696,0.07520536610308041,0.09474511261511874,-1.1159660138580707e-05,-0.33020431266165506,0.43418210745644364,0.1725764170418856,0.05838744533792055,0.0022914822650201678,1.606771230440804,-0.639241851930721,-0.010750923749136339,0.09498584204954252
12.302000000000778,-0.17606868556750113,0.45656941058680683,0.07515250592284115,0.09457817374519041,-1.090189807356737e-05,-0.330176067835854,0.43417371329807614,0.1721016782162842,0.05828825590776216,0.0022874873522448773,1.6067182572588259,-0.63923996275232,-0.010750923704810435,0.09498556430522317
12.322000000000784,-0.17606698729924086,0.4565507701294727,0.07510033285372374,0.09422854826878041,-1.062438469419383e-05,-0.3301170242245974,0.43416779549285167,0.1711436366503833,0.05806784972852496,0.002278729907189467,1.6066657029312574,-0.6392379675159169,-0.010750922310016148,0.09498523819641354
12.342000000000791,-0.17606563448304346,0.45653234786896346,0.07504883874240201,0.09373582946883648,-1.0337164731461456e-05,-0.33003389483589435,0.434163831557974,0.16980733830895045,0.05775292212508693,0.0022662611495089992,1.6066136225849523,-0.6392358803763826,-0.010750920153804494,0.09498488661458546
12.362000000000798,-0.1760645293009419,0.45651414767110576,0.07499801548425318,0.09313777165180283,-1.0048826835537735e-05,-0.3299330079282485,0.43416133101492477,0.1681930038414879,0.05736864058723992,0.002251071865317559,1.606562067743051,-0.6392337128486171,-0.010750917753810443,0.09498452865969499
12.382000000000804,-0.17606358460539537,0.456496172658763,0.07494785501008143,0.0924694306239324,-9.766429840213676e-06,-0.3298202041471398,0.43415984305537053,0.1663937352454262,0.05693819125286197,0.0022340746078242358,1.60651108461246,-0.6392314746877897,-0.01075091555124292,0.09498417975768264
12.402000000000811,-0.17606272457779581,0.4564784251719917,0.07489834927427048,0.09176251835205147,-9.495510768802903e-06,-0.3297007542259361,0.43415896255353764,0.1644937845283769,0.05648242951802582,0.002216089989931862,1.606460712951675,-0.6392291746349752,-0.010750913909143768,0.09498385182381192
12.422000000000818,-0.17606188503943732,0.45646090675371004,0.07484949024555984,0.09104495851754646,-9.24015587048613e-06,-0.3295792992110012,0.4341583343039919,0.16256735512944734,0.056019638577116816,0.002197837218062406,1.6064109854642776,-0.6392268209785832,-0.010750913113440223,0.09498355351345772
12.442000000000824,-0.17606101342909905,0.4564436181587148,0.07480126990111582,0.0903406256354956,-9.003117763976422e-06,-0.3294598136899678,0.4341576554739265,0.1606778934193491,0.05556539292962891,0.0021799287515404994,1.6063619276359005,-0.6392244219126473,-0.010750913376295884,0.094983290557154
12.462000000000831,-0.1760600684767126,0.45642655938317506,0.07475368022415152,0.08966924749643139,-8.785963763737588e-06,-0.32934559131489544,0.4341566763462115,0.15887781799270373,0.05513251901262624,0.002162868780489565,1.6063135579201613,-0.6392219857004715,-0.010750914841270887,0.09498306615552532
12.482000000000838,-0.17605901961320397,0.456409729711303,0.07470671320502348,0.0890464488207509,-8.589242566181578e-06,-0.32923925097847534,0.4341551994968988,0.15720862830247667,0.05473114182637391,0.002147055085654231,1.6062658881789442,-0.6392195206729056,-0.01075091758983169,0.09498288140288752
12.502000000000844,-0.17605784616324174,0.45639312777568597,0.07466036084548858,0.08848391309823468,-8.412658585689126e-06,-0.32914276129945264,0.43415307760051136,0.15570133104457615,0.05436880443994018,0.0021327837652510458,1.606218924290737,-0.639217035103195,-0.010750921648785494,0.0949827357098202
12.522000000000851,-0.17605653637087246,0.45637675162773444,0.07461461516563508,0.08798963950511804,-8.255245276187578e-06,-0.3290574805880746,0.4341502100896352,0.15437712214361207,0.054050646343947156,0.002120256277246116,1.60617266685419,-0.6392145370051711,-0.010750926998254681,0.09498262720087855
12.542000000000858,-0.17605508630841854,0.4563605988148166,0.07456946821289855,0.08756827242680136,-8.115530694485558e-06,-0.32898420917867943,0.4341465389133563,0.15324826378045805,0.05377962653434835,0.00210958824166957,1.6061271119296014,-0.6392120338997594,-0.01075093357985215,0.0949825530711362
12.562000000000864,-0.17605349871707834,0.45634466646088756,0.07452491207252782,0.08722148233943541,-7.991690314758401e-06,-0.32892325091582586,0.43414204364351205,0.15231909921163456,0.0535567777642961,0.0021008194689374564,1.6060822517763946,-0.6392095325882418,-0.010750941304772187,0.0949825098926675
12.582000000000871,-0.17605178182389847,0.456328951347737,0.07448093887887057,0.08694837849241847,-7.881683662824689e-06,-0.32887448063902935,0.43413673617043746,0.1515871527545947,0.0533814794161392,0.002093924719823865,1.6060380755584105,-0.6392070389613592,-0.010750950061549379,0.09498249386839239
12.602000000000878,-0.17604994817469083,0.45631344999436496,0.07443754082688762,0.08674593586465189,-7.783372690288627e-06,-0.32883741470141953,0.434130655213044,0.15104426787712463,0.05325173777281278,0.002088824754836774,1.6059945699999405,-0.6392045578629909,-0.010750959723294935,0.09498250103543343
12.622000000000885,-0.1760480135164974,0.4562981587324062,0.07439471018337515,0.08660942112600209,-7.694620948784805e-06,-0.3288112818491187,0.4341238608440137,0.15067774249518626,0.05316446398244963,0.0020853972903604875,1.6059517199838813,-0.6392020930172132,-0.01075097015426233,0.09498252742318128
12.642000000000891,-0.17604599575678595,0.4562830737759565,0.07435243929745872,0.08653280471753994,-7.613373558079238e-06,-0.32879509215007335,0.4341164292019496,0.15047142705399083,0.05311574161041501,0.00208348754201317,1.6059095090890854,-0.6391996470190453,-0.010750981215640464,0.09498256917280536
12.662000000000898,-0.17604391402006148,0.45626819128456975,0.07431072061001937,0.08650914857729676,-7.537718699363653e-06,-0.32878770206412516,0.4341084475307025,0.15040675748659077,0.05310107727915544,0.0020829180990452876,1.605867920067446,-0.6391972213826643,-0.010750992770509421,0.09498262262529288
12.682000000000905,-0.17604178781628976,0.4562535074185964,0.07426954666180742,0.08653096140299593,-7.465931921780875e-06,-0.32878787416405375,0.434100009653744,0.15046370149999572,0.0531156294474219,0.0020834979348474778,1.6058269352630121,-0.6391948166365395,-0.010751004687934378,0.09498268438459155
12.702000000000911,-0.17603963632969377,0.4562390183864009,0.07422891010009201,0.08659051559358755,-7.396504943993524e-06,-0.3287943304280569,0.43409121195999983,0.15062160265931598,0.05315441183228175,0.002085030415975799,1.6057865369759754,-0.6391924324526825,-0.010751016846206808,0.09498275136144022
12.722000000000918,-0.17603747783125867,0.4562247204833134,0.0741888036837781,0.08668012209516826,-7.328160883137999e-06,-0.32880579841022645,0.4340821499482665,0.1508599122934011,0.05321246929943135,0.0020873202243154084,1.6057467077742689,-0.6391900677966957,-0.010751029135257828,0.09498282080226181
12.742000000000925,-0.1760353292137764,0.4562106101224542,0.07414922028699393,0.08679236125499927,-7.259857971231865e-06,-0.3288210499443809,0.4340729153511036,0.1511588042348135,0.05328502522049877,0.00209017915332777,1.6057074307551356,-0.639187721086223,-0.010751041458309539,0.09498289030633092
12.762000000000931,-0.17603320564452285,0.4561966838577902,0.07411015290121216,0.08692026943329759,-7.190783844454692e-06,-0.3288389323399384,0.43406359383649523,0.1514996717694982,0.053367600310096845,0.002093430779346726,1.6056686897586363,-0.6391853903471703,-0.010751053732822945,0.09498295783340092
12.782000000000938,-0.17603112032770105,0.4561829383999712,0.0740715946360132,0.0870574825211232,-7.120342433495761e-06,-0.3288583922821174,0.43405426326686725,0.1518655098730571,0.05345610380715079,0.002096914042479726,1.6056304695349102,-0.6391830733594239,-0.010751065890836319,0.09498302170322792
12.802000000000945,-0.176029084366572,0.45616937062561513,0.07403353871863311,0.08719833865898197,-7.048135362030058e-06,-0.32887849285167714,0.43404499248026646,0.1522411888422458,0.05354689855663324,0.002100485798917065,1.6055927558670535,-0.6391807677862417,-0.010751077878775786,0.09498308058791344
12.822000000000951,-0.17602710671367772,0.4561559775808124,0.0739959784924603,0.08733794334836684,-6.973939592532147e-06,-0.32889842423323024,0.4340358405474895,0.1526136278047621,0.05363684208549089,0.002104022427602451,1.6055555356518243,-0.6391784712838667,-0.010751089656831664,0.09498313349774273
12.842000000000958,-0.17602519419667104,0.4561427564796654,0.07395890741465606,0.08747220080824152,-6.897682859490739e-06,-0.32891750878931936,0.4340268564513941,0.15297187833780046,0.053723306159466855,0.0021074205896422613,1.6055187969408922,-0.639176181589966,-0.01075110119799523,0.09498317976111728
12.862000000000965,-0.17602335160692148,0.45612970469869696,0.07392231905307783,0.08759781586702946,-6.819418213143556e-06,-0.32893520124458153,0.4340180791301664,0.1533071295904296,0.05380417756716916,0.0021105972489874354,1.6054825289459933,-0.6391738965911383,-0.010751112486837792,0.09498321899926082
12.882000000000971,-0.17602158183818364,0.4561168197679559,0.07388620708267873,0.08771227091891545,-6.7392987735970275e-06,-0.3289510847557728,0.4340095378245147,0.1536126469413995,0.053877843017176574,0.0021134890683342424,1.6054467220119726,-0.6391716143709353,-0.01075112351812027,0.09498325109650346
12.902000000000978,-0.1760198860631066,0.45610409935960816,0.0738505652815477,0.08781378253505517,-6.657553575086111e-06,-0.32896486364475896,0.43400125266919076,0.15388365639465365,0.05394316106738082,0.0021160512954215825,1.6054113675622756,-0.639169333240624,-0.010751134295298094,0.09498327616711774
12.922000000000985,-0.1760182639361539,0.45609154127475615,0.07381538752674079,0.08790124223123005,-6.574465170655124e-06,-0.3289763535483192,0.43399323547146007,0.15411718668620844,0.05399942394797388,0.0021182562525449513,1.6053764580218497,-0.6391670517552972,-0.010751144828995751,0.09498329451980243
12.942000000000991,-0.17601671381251607,0.45607914342915995,0.07378066779003686,0.08797414567984801,-6.490349474329677e-06,-0.32898546969597753,0.4339854906227664,0.15431188051659073,0.054046312005619934,0.0021200915367618526,1.605341986722665,-0.6391647687180569,-0.010751155135499832,0.09498330662099144
12.962000000000998,-0.17601523297375846,0.4560669038384592,0.0737464001337334,0.08803251434198084,-6.40553814482921e-06,-0.3289922139698775,0.43397801609448833,0.15446778550065754,0.05408384330143772,0.002121558030522448,1.60530794779706,-0.6391624831748675,-0.010751165235315621,0.0949833130581816
12.982000000001005,-0.1760138178522086,0.4560548206034163,0.07371257870657848,0.08807681310932691,-6.3203636644403716e-06,-0.3289966613332301,0.4339708044740417,0.15458613440691543,0.05411232065408812,0.00212266781290446,1.6052743360639359,-0.639160194402419,-0.010751175151828017,0.09498331450440074
13.002000000001011,-0.1760205503033497,0.4560423927616744,0.07367908041085906,0.09367396292283536,-6.307844901090793e-06,-0.32839269946498734,0.43400875113060866,0.15609944004847498,0.05174219785111294,0.002028660814221101,1.6052356075054557,-0.639163183372628,-0.010751069762385206,0.09497404410807217
13.022000000001018,-0.17605286807824536,0.4560285203995338,0.07364566137529412,0.11340068601257719,-6.419316260782911e-06,-0.32580698432796473,0.4341934423645916,0.1663069812891037,0.04173354069871766,0.0016322844974722397,1.6051832118807183,-0.6391847047504807,-0.010750697962963768,0.09494687687283451
13.042000000001025,-0.1760904599656078,0.45601443171018985,0.07361262663984933,0.13827226407460333,-6.385037265873296e-06,-0.32267907372811516,0.4344181535586518,0.188060046376582,0.029945367040304146,0.001166212580267806,1.6051337617043357,-0.6392163590045642,-0.010750376378974372,0.09492550434357624
13.062000000001031,-0.1761188626621781,0.45600102062911185,0.07358017917042896,0.16547776346244247,-6.133619781662905e-06,-0.3201060566407528,0.43460171822187393,0.2209806316330949,0.020520189403657185,0.0007943910149998129,1.605092654037808,-0.6392383156095218,-0.010750220369772502,0.09492055758721163
13.082000000001038,-0.1761323168416526,0.45598865796586413,0.07354838639167607,0.1938003243539044,-5.723112282720704e-06,-0.31858492737565564,0.43470745945110006,0.26319698044370404,0.015086601402944502,0.0005808912747158867,1.6050578896309382,-0.639243235502262,-0.01075022605802936,0.09492965863507066
13.102000000001045,-0.17613052096044185,0.455977383754121,0.07351723087653683,0.22239098428904155,-5.255831470737625e-06,-0.31820688365497,0.43472872665698775,0.31222028449989336,0.01379225131542214,0.0005311352736301615,1.6050267721790938,-0.6392374558082506,-0.010750350511962443,0.09494441104272161
13.122000000001051,-0.17611600845944325,0.4559670625660812,0.0734866528229608,0.25054634603864384,-4.829078818751085e-06,-0.3188318218029429,0.434675952527111,0.36544722343175373,0.016063821722492475,0.0006221488683797137,1.6049981580887427,-0.6392306170073347,-0.01075054722677312,0.09495798231055531
13.142000000001058,-0.17609240533721293,0.45595748606490333,0.07345657985487636,0.2776660154025895,-4.512153428352906e-06,-0.32021637384128354,0.4345671773004251,0.4204323721754875,0.021053904946672915,0.0008202576316784664,1.6049721944089361,-0.6392292900653943,-0.010750777412382992,0.0949675151096049
13.162000000001065,-0.17606339966532344,0.4559484342064353,0.0734269447035187,0.3032460737431522,-4.3403205019832e-06,-0.32209627804901864,0.4344219623145398,0.475024776188112,0.02787984118219963,0.001090491960678785,1.604949438290871,-0.6392357176000496,-0.010751012106791462,0.09497318118303937
13.182000000001072,-0.1760322159814528,0.45593970768885866,0.07339769339608673,0.32687971803561205,-4.31835908344256e-06,-0.3242318245888789,0.43425803653768547,0.5274267988246253,0.03573935474162593,0.0014011247231996975,1.6049301902210868,-0.639248982902064,-0.010751231552256463,0.094976461022763
13.202000000001078,-0.1760016238383504,0.4559311254732174,0.07336878843990977,0.3482564360588601,-4.408189823027642e-06,-0.3264331976689189,0.43408940674548196,0.5762938895067089,0.04393048772510542,0.001724099044746283,1.60491297822774,-0.6393230751544372,-0.010751467140339116,0.09517915315557235
13.222000000001085,-0.1759740913473147,0.45592250538139223,0.07334021992450467,0.36713835663621314,-4.537207910557051e-06,-0.3286350886912793,0.4339207601507152,0.6212431008077804,0.05212677739887213,0.0020473439209124744,1.6048981497968733,-0.6397848502881948,-0.010751906351849312,0.09681799120414594
13.242000000001092,-0.17594991034828322,0.4559138157740433,0.07331198999975733,0.38336104739830973,-4.671197150800618e-06,-0.33083677050694293,0.4337521389013864,0.6622723435991619,0.0603230648845783,0.002370782210913808,1.604885975896027,-0.6407483159560672,-0.010752581642401858,0.10060238344681478
13.262000000001098,-0.1759286300702065,0.4559050811331548,0.07328409971193638,0.39686432357323154,-4.7880673048822525e-06,-0.33303821014311974,0.433583545419693,0.6993816160185669,0.06851935190179849,0.0026943921101844587,1.6048764587013409,-0.6421870724621896,-0.010753503778779365,0.1066747981596666
13.282000000001105,-0.17590978181106032,0.45589632859794593,0.07325654909376061,0.40768771830706524,-4.875385702875937e-06,-0.3352393746433144,0.4334149821259639,0.7325709159325815,0.07671564017331432,0.0030181517915392982,1.604869600211203,-0.6440484358950567,-0.010754675415321956,0.11491559520269162
13.302000000001112,-0.17589297000668838,0.45588758099792803,0.07322933738039676,0.41595410337462174,-4.927867787589927e-06,-0.3374402310695436,0.433246451438497,0.7618402409368082,0.08491193142465361,0.0033420394066278544,1.6048654022460356,-0.6462697015977766,-0.010756093295241492,0.12502278656828086
13.322000000001118,-0.17587787033747526,0.45587885677141904,0.07320246318272347,0.4218515120921054,-4.945172380972739e-06,-0.3396407465045522,0.4330779557733963,0.7871895883560277,0.09310822738362733,0.003666033087390063,1.6048638664480745,-0.6487813610494996,-0.010757750204563807,0.13655683733413587
13.342000000001125,-0.17586421726054055,0.4558701707067227,0.07317592462422422,0.425615432632663,-4.930135927798715e-06,-0.34184088805402835,0.4329094975444094,0.8086189552443792,0.10130452977986702,0.00399011094751459,1.6048649942811812,-0.6515094590697912,-0.01075963653887746,0.14897894481955812
13.362000000001132,-0.17585179264216189,0.45586153464034984,0.07314971944824428,0.4275123843089791,-4.887417728254235e-06,-0.34404062284881637,0.43274107916276505,0.8261283383855573,0.10950084034435989,0.004314251083898568,1.6048687870306495,-0.6543781989636741,-0.010761741502170477,0.1616860184416493
13.382000000001138,-0.17584041662318034,0.4558529580219493,0.07312384510153548,0.4278252124403333,-4.822500384118548e-06,-0.34623991804712856,0.4325727030370108,0.8397177342930295,0.11769716080898257,0.004638431578109529,1.604875245803023,-0.6573125202349215,-0.010764053985365368,0.1740420821580853
13.402000000001145,-0.1758299404025358,0.455844448362866,0.07309829879908507,0.4268403577487777,-4.7409858421466385e-06,-0.3484387408367546,0.4324043715728513,0.8493871392102712,0.12589349290603638,0.004962630497848923,1.6048843715259458,-0.6602403679698458,-0.010766563177061164,0.18540557266534358
13.422000000001152,-0.17582024052192036,0.4558360115936838,0.07307307757435694,0.4248372261543335,-4.648129806723069e-06,-0.3506370584372695,0.43223608717298606,0.8551365491110174,0.1340898383677785,0.005286825898417248,1.6048961649479865,-0.6630945051997753,-0.010769258957722759,0.19515220911512887
13.442000000001158,-0.17581121430884858,0.45582765235153844,0.07304817831829863,0.4220796796096289,-4.548562309159182e-06,-0.3528348381022392,0.4320678522369481,0.8569659596995337,0.14228619892595598,0.005610995824180894,1.6049106266385131,-0.6658138231926938,-0.010772132124559783,0.20269334054301014
13.462000000001165,-0.17580277621496715,0.4558193742129573,0.07302359780979294,0.41880958375131,-4.446148562261586e-06,-0.3550320471214237,0.4318996691609422,0.854875366410906,0.1504825763113373,0.005935118310040533,1.604927756987552,-0.6683441699371183,-0.0107751744889334,0.20748987305931238
13.482000000001172,-0.17579485485012225,0.4558111798840294,0.07299933273965685,0.41524228215043124,-4.343951114122526e-06,-0.3572286528229784,0.43173154033768374,0.8488647644113473,0.15867897225324298,0.006259171382900645,1.604947556205661,-0.6706387533928359,-0.010778378882064399,0.2090620329764067
13.502000000001178,-0.17578739056126022,0.4558030713567595,0.07297537972981152,0.4115638184535848,-4.2442611965220065e-06,-0.35942462257565133,0.43156346815623814,0.8389341485985229,0.16687538847907893,0.006583133063140443,1.6049700243238334,-0.6726581925229784,-0.010781739098627993,0.2069953361983057
13.522000000001185,-0.17578033344179472,0.45579505003829984,0.07295173534885369,0.4079296951030713,-4.148673662372709e-06,-0.3616199237909798,0.43139545500185933,0.8250835136018942,0.17507182671386676,0.006906981366086462,1.6049951611933875,-0.6743702926522034,-0.010785249801919743,0.20094321197464884
13.542000000001192,-0.17577364168445456,0.45578711685817475,0.0729283961249434,0.40446493876073636,-4.058185781257316e-06,-0.36381452392548247,0.43122750325583004,0.8073128537830787,0.1832682886797754,0.007230694303485723,1.6050229664858822,-0.6757496173937505,-0.010788906408874123,0.19062677476067721
13.562000000001198,-0.17576728021107285,0.4557792723574514,0.07290535855667651,0.40126523604781034,-3.973305278949539e-06,-0.3660083904828492,0.431059615295301,0.785622163236231,0.19146477609565338,0.007554249884980084,1.6050534396930425,-0.6767769208654587,-0.010792704968499225,0.17583225597620608
13.582000000001205,-0.175761219528023,0.4557715167629677,0.07288261912241986,0.3983989067119478,-3.894157315842002e-06,-0.3682014910161273,0.43089179349313145,0.760011435788439,0.1996612906765602,0.007877626119581795,1.6050865801266898,-0.6774384936483463,-0.01079664204327526,0.15640660257333788
13.602000000001212,-0.1757548510089023,0.45576398742097,0.07286007326345359,0.3959047039656705,8.032687114889917e-07,-0.3695633842212298,0.4309077770746895,0.7306102172703288,0.19131299879539132,0.00532432949890044,1.6047385064801738,-0.6769883574297317,-0.01068265351557051,0.1327308370886966
13.622000000001218,-0.17574551150853104,0.4557564098949089,0.07283826860176286,0.39375157646454967,-5.268398016765749e-06,-0.3677901506592236,0.43099903608598966,0.6979113041718799,0.12276694852277234,0.003383350284066345,1.6043252695352845,-0.673189054502689,-0.01071062696273823,0.10546762560764048
13.642000000001225,-0.17576419759980164,0.4557474961162958,0.072816010957183,0.3919136994592937,-6.070665012381291e-06,-0.3638389161079642,0.4311549536994307,0.6657291882713446,0.05113338545980167,0.002669161939017234,1.6044599218835627,-0.6691872133558182,-0.010838551718550943,0.0828425177175415
13.662000000001232,-0.17583563260677557,0.45573532343067136,0.07279339619701863,0.38970898407736615,-1.0719570573847975e-05,-0.35914438111411784,0.43150248684157033,0.6478892799393886,0.031218076597831768,0.001907346530528044,1.6044256557350525,-0.6696659130317699,-0.010826056868179605,0.08464475326427764
13.682000000001239,-0.17587795458269428,0.4557248640281651,0.07277159192551107,0.3871267135248088,-1.3446583370343458e-05,-0.3568806367130455,0.43169157398905006,0.6382609390799158,0.02854425302940913,0.0015253789011395976,1.604382522430552,-0.6705916188492141,-0.010796004239983427,0.08908293990248788
13.702000000001245,-0.17589436645042592,0.45571606055399744,0.07275042670650679,0.38462555682233235,-1.3315568554357427e-05,-0.35628235750516674,0.4317510163454955,0.6326910352584617,0.03043355908782975,0.0014033316802191042,1.6043549963546362,-0.6711579918508084,-0.01077660734965482,0.09194638202238714
13.722000000001252,-0.17589785843234457,0.45570817449856066,0.07272967895703059,0.38248460907162,-1.1666916745881103e-05,-0.3564519372166534,0.431746649201626,0.629313935181645,0.03332197337909989,0.0014098408356801536,1.6043339559235215,-0.6714526904423278,-0.010766446415667562,0.09347481077047815
13.742000000001259,-0.17589639682795927,0.4557007345987629,0.07270922832501496,0.3808165397440809,-9.507032269107305e-06,-0.35688970669158904,0.4317181347822534,0.6273012536028454,0.036105945807557896,0.0014651150123623394,1.6043156425142413,-0.6715991453013724,-0.010761435405961979,0.09424360467541608
13.762000000001265,-0.17589370437637383,0.45569351238129985,0.0726890238848029,0.3796405312898525,-7.355603018324661e-06,-0.35737295435023536,0.43168382888907036,0.6262834737159777,0.03848399824119729,0.001531654034071566,1.6042981154615512,-0.671670512022707,-0.01075898998145864,0.09462209881652381
13.782000000001272,-0.175891228105769,0.4556864124019808,0.07266904916176045,0.3789289213974371,-5.442213972810248e-06,-0.3578200202411667,0.43165078130784873,0.6260804295544536,0.04043616994952222,0.0015949662276637027,1.6042807870448876,-0.6717038001416055,-0.01075779368670459,0.09480374770261984
13.802000000001279,-0.17588939028899048,0.45567940007778207,0.07264930222484729,0.37863177723828484,-3.8520768547760355e-06,-0.35821180712873957,0.43162091486026355,0.626584435709385,0.04204371342811306,0.0016515912998788095,1.6042635004464747,-0.6717188100539382,-0.010757223764226602,0.09489093711669933
13.822000000001285,-0.17588818741420628,0.4556724667398281,0.07262978656045413,0.3786895819838475,-2.6043252735085568e-06,-0.35855355034568737,0.43159414806987517,0.6277063537961604,0.04340130457957681,0.0017016564332417421,1.6042462449539505,-0.6717253833933364,-0.010756949306648764,0.09493424041921754
13.842000000001292,-0.17588748358985895,0.4556656126608316,0.07261050640438035,0.37904018142612217,-1.68132908567576e-06,-0.3588567496358306,0.43156980074800727,0.6293541981243453,0.04458517999308279,0.0017464889336751826,1.6042290622874724,-0.6717278723705257,-0.010756818494735317,0.0949564089740263
13.862000000001299,-0.17588713801245762,0.4556588394200623,0.07259146503504588,0.3796225253947173,-1.0485290385658441e-06,-0.3591320376667281,0.4315471936495876,0.6314294488305627,0.0456504206614906,0.0017874684676608785,1.6042120000367326,-0.6717282973993092,-0.010756760461782554,0.09496803490808786
13.882000000001305,-0.17588704482942108,0.4556521474370756,0.0725726643548713,0.3803787914747477,-6.642961242967239e-07,-0.3593870834670816,0.4315258366800201,0.633829320687902,0.04663314992558727,0.0018256248410069174,1.6041950939830212,-0.6717276564922641,-0.010756740144524601,0.09497428628344283
13.902000000001312,-0.17588713825254493,0.4556455355797957,0.07255410495102516,0.38125568482806677,-4.850410029631028e-07,-0.35962648180122514,0.43150545032080306,0.6364507990522916,0.04755421521128306,0.0018615767638075838,1.6041783638420832,-0.6717264612016476,-0.010756739490030295,0.09497775932482255
13.922000000001319,-0.17588738562460554,0.45563900149603154,0.07253578631175919,0.38220525539487316,-4.6819519750892214e-07,-0.3598523336773992,0.4314859284520035,0.6391947639653709,0.04842318710315588,0.0018955951367557265,1.6041618145887326,-0.6717249774732391,-0.010756748968800765,0.09497977746120172
13.942000000001325,-0.1758877775265418,0.4556325421271844,0.07251770706889561,0.3831853880738609,-5.74057948851513e-07,-0.3600649833678193,0.4314672865997758,0.6419695009746923,0.04924201149045261,0.0019277006680235751,1.60414543984343,-0.6717233428697369,-0.010756763455870157,0.0949810196798665
13.962000000001332,-0.17588831847526262,0.45562615419142855,0.07249986521768244,0.38416004479589444,-7.669299172577502e-07,-0.3602636983618182,0.4314496131051183,0.6446933529799143,0.05000802703478807,0.0019577591033574926,1.60412922569373,-0.6717216266609186,-0.010756780150523781,0.09498183522430902
13.982000000001339,-0.17588901942866628,0.4556198345622918,0.07248225829933722,0.3850993048816725,-1.0157475650584907e-06,-0.3604472189492894,0.43143302936160016,0.6472964864604783,0.05071629057533715,0.0019855604802649918,1.6041131542203608,-0.6717198616859095,-0.010756797503833918,0.09498240398102054
14.002000000001345,-0.17588989231250665,0.45561358052872675,0.07246488354569254,0.3859792366519323,-1.2943477301993845e-06,-0.3606141658229612,0.4314176603145558,0.6497218467176159,0.05136126628364996,0.00201087911532343,1.6040972064347008,-0.6717180616468365,-0.010756814658083445,0.09498281890557606
14.022000000001352,-0.17589094637417016,0.45560738994790273,0.07244773799056588,0.3867816281928426,-1.5814534681592439e-06,-0.3607633196639192,0.4314036143424497,0.6519254183990397,0.05193797782195873,0.0020335154625995494,1.6040813645439522,-0.6717162306280297,-0.010756831149382313,0.09498312854937596
14.042000000001359,-0.1758921860308673,0.4556012613107891,0.07243081855376696,0.38749360347844164,-1.8604524305389739e-06,-0.3608937953051322,0.4313909709141965,0.6538759192891774,0.05244273048386871,0.002053322631368798,1.604065613558652,-0.6717143683415882,-0.010756846746565157,0.09498335903177713
14.062000000001365,-0.17589360986487185,0.4555951937419132,0.07241412210333344,0.3881071493582828,-2.1190269540202014e-06,-0.3610051339317375,0.4313797743080521,0.6555540524427732,0.05287350196484206,0.002070220708136889,1.6040499423030856,-0.6717124729631775,-0.010756861361166083,0.09498352537739155
14.082000000001372,-0.1758952104543818,0.4555891869527298,0.07239764550071799,0.38861857817003637,-2.348686021010972e-06,-0.36109733437996433,0.4313700318335481,0.6569514320359732,0.053230086277280014,0.002084201823804938,1.604034343910749,-0.6717105425869313,-0.010756874994865932,0.09498363732765233
14.102000000001379,-0.1758969747809258,0.45558324116492416,0.07238138563271451,0.3890279495242808,-2.5442414070426143e-06,-0.361170841133091,0.43136171524481737,0.6580692857481443,0.05351406031974008,0.002095328498120929,1.6040188158965485,-0.6717085758895281,-0.010756887707064386,0.09498370226715483
14.122000000001385,-0.1758988850072533,0.4555773570166817,0.07236533943309252,0.3893384730460766,-2.7032629670136652e-06,-0.36122650310467486,0.43135476429035374,0.6589170230223019,0.05372862884460463,0.0021037273460680905,1.604003359899834,-0.671706572353288,-0.010756899593600426,0.09498372663639648
14.142000000001392,-0.17590091946688405,0.45557153546193524,0.07234950389625996,0.38955591161070796,-2.8255409964693722e-06,-0.3612655141730275,0.43134909157614265,0.6595107451357675,0.05387839174881321,0.0021095798147700217,1.6039879811896463,-0.6717045322594872,-0.010756910771952233,0.09498371654960051
14.162000000001399,-0.1759030537460314,0.45556577766999673,0.0723338760847848,0.38968800200655285,-2.912577014495015e-06,-0.3612893438176567,0.4313445881147546,0.659871760111631,0.053969067790648084,0.0021131112587944325,1.6039726880167313,-0.6717024565785895,-0.010756921370462795,0.09498367799939306
14.182000000001405,-0.17590526177057808,0.45556008493084,0.07231845313224411,0.38974390713942303,-2.967118287799199e-06,-0.361299664100818,0.43134112909196115,0.6600251533523599,0.05400720080037291,0.0021145793593687384,1.6039574908868002,-0.6717003468302755,-0.010756931520282648,0.0949836168548422
14.202000000001412,-0.17590751683612996,0.4555544585695645,0.07230323224260113,0.3897337109957406,-2.992746073134039e-06,-0.3612982775711571,0.431338579508857,0.6599984536115001,0.05399986791811624,0.002114262643535821,1.6039424018173207,-0.6716982049512973,-0.010756941349296008,0.09498353876673504
14.222000000001419,-0.17590979253904976,0.45554889987221164,0.07228821068710636,0.3896679647247845,-2.9935229774982612e-06,-0.36128704936155187,0.43133679945693365,0.6598204236218987,0.05395440408431593,0.0021124496548441843,1.6039274336267935,-0.6716960331869273,-0.010756950977600203,0.09498344904358955
14.242000000001426,-0.17591206358187253,0.4555434100240389,0.07227338579955517,0.38955728947959833,-2.973701055289604e-06,-0.36126784573324316,0.4313356488615088,0.6595199954277033,0.05387815269458482,0.0021094291601695225,1.603912599292131,-0.6716938340083846,-0.010756960514253566,0.09498335253341564
14.262000000001432,-0.1759143064385513,0.4555379900605537,0.07225875497059403,0.38941203914660194,-2.9374892684610077e-06,-0.36124248051843205,0.43133499159005945,0.6591253622622952,0.05377824882862663,0.0021054816412480713,1.6038979113972558,-0.6716916100515293,-0.010756970055091214,0.0949832535293832
14.282000000001439,-0.17591649987429855,0.4555326408309987,0.07224431564164321,0.389242023849248,-2.888876685284542e-06,-0.36121267028271703,0.4313346988700968,0.6586632316966816,0.053661438631216515,0.00210087220931549,1.6038833816850582,-0.6716893640693856,-0.010756979681438274,0.09498315570718681
14.302000000001446,-0.1759186253219385,0.4555273629735483,0.0722300652988888,0.3890562931661685,-2.831506216425954e-06,-0.361179998529018,0.43133465199907944,0.6581582387544911,0.05353393615520917,0.0020958449928735867,1.6038690207157804,-0.671687098891136,-0.010756989459580937,0.09498306209542397
14.322000000001452,-0.1759206671220849,0.4555221569011638,0.07221600146768914,0.38886297637764855,-2.768592699129798e-06,-0.361145888868715,0.43133474435856983,0.6576325127318685,0.05340131718935901,0.002090618978903331,1.6038548376279784,-0.6716848173819242,-0.0107569994408616,0.09498297507635112
14.342000000001459,-0.17592261263841794,0.45551702279686507,0.0722021217076423,0.38866917575045035,-2.7028786492586592e-06,-0.3611115867746878,0.4313348827678638,0.657105387534307,0.05326844822135001,0.002085385234274098,1.6038408399932222,-0.6716825224001451,-0.01075700966227812,0.09498289641217067
14.362000000001466,-0.17592445226208853,0.4555119606170616,0.07218842360847087,0.38848090788290385,-2.636620913329363e-06,-0.3610781492917273,0.43133498822971317,0.656593242390167,0.053139447673603485,0.0020803053945376198,1.6038270337527463,-0.6716802167512512,-0.010757020147477918,0.0949828272910142
14.382000000001472,-0.17592617932101595,0.4555069701015502,0.07217490478680133,0.38830308744337094,-2.5716016787274552e-06,-0.3610464419032175,0.4313349961332762,0.6561094577485478,0.053017675847743896,0.002075511279870322,1.6038134232226864,-0.6716779031390518,-0.010757030908039318,0.09498276838666153
14.402000000001479,-0.17592778991071872,0.45550205078880146,0.07216156288384912,0.3881395472221585,-2.5091577571286537e-06,-0.361017141632067,0.4313348559876653,0.6556644699306996,0.052905749579058574,0.002071105480940304,1.6038000111543087,-0.6716755841167877,-0.01075704194495436,0.0949827199264929
14.422000000001486,-0.17592928266346328,0.4554972020352141,0.072148395563965,0.3879930882509374,-2.4502226701780333e-06,-0.36099074538270376,0.43133453076392453,0.6552659075834665,0.05280557739392253,0.0020671627493351673,1.6037867988362582,-0.6716732620409344,-0.010757053250223247,0.09498268176293861
14.442000000001492,-0.17593065847205547,0.4554924230371141,0.07213540051395906,0.3878655537925786,-2.3953767744018487e-06,-0.36096758250388045,0.43133399592443206,0.6549187930790541,0.052718410942522775,0.0020637320263996155,1.603773786227017,-0.6716709390307136,-0.010757064808496565,0.09498265344464157
14.462000000001499,-0.17593192018365403,0.4554877128543845,0.07212257544308892,0.3877579212340411,-2.3449014116547416e-06,-0.36094783056334756,0.4313332382170679,0.6546257926144649,0.05264490861028606,0.0020608389494972184,1.603760972107247,-0.6716686169358816,-0.010757076598696971,0.09498263428449205
14.482000000001506,-0.1759330722776619,0.45548307043474545,0.07210991808358305,0.38767040629107175,-2.2988338201728263e-06,-0.36093153336911404,0.4313322543074851,0.6543874997842909,0.052585207460785786,0.0020584886845186998,1.6037483542433137,-0.6716662973146349,-0.010757088595574255,0.0949826234225807
14.502000000001512,-0.17593130117227737,0.45547869413889985,0.0720974309685384,0.38202751513353383,-2.338516796384192e-06,-0.36092970882756475,0.43133067681110393,0.6533732033125144,0.052688704336025266,0.0020591728497090134,1.6037294754174563,-0.6713209378052472,-0.01075658705379031,0.09616056774975038
14.522000000001519,-0.1759244755978283,0.45547473876950734,0.07208510939242607,0.36208656836457215,-2.395369052612737e-06,-0.3609359411066025,0.4313288078166176,0.6486771945984708,0.05289465218169409,0.0020616354706404563,1.6037063326124243,-0.6707423177833004,-0.010755803765859988,0.10606433798637205
14.542000000001526,-0.17591847229465865,0.4554707822073665,0.07207294769227302,0.33663152231001275,-2.4148038117575085e-06,-0.36094217325872135,0.43132693902315505,0.6400571884266683,0.05310059996192253,0.0020641044512892757,1.6036831903994713,-0.6709647320677347,-0.010755086260108598,0.1258566300382473
14.562000000001532,-0.1759141029072363,0.45546676532968783,0.07206094369505586,0.3084942750717296,-2.4046586458917896e-06,-0.3609484052833951,0.43132507043073676,0.627513184797079,0.053306547676557604,0.0020665797915143,1.6036600487802384,-0.6719840681726964,-0.010754426536062844,0.1524673165380548
14.582000000001539,-0.17591118253107452,0.45546270093319097,0.07204909529186568,0.27906349260278573,-2.3718696259579574e-06,-0.36095463718009746,0.43132320203938324,0.6110451837096748,0.05351249532544585,0.0020690614911740095,1.6036369077563584,-0.6735516144613569,-0.010753817439685703,0.1824522287989221
14.602000000001546,-0.17590942062406956,0.4554586093960563,0.07203740043167745,0.24940741309546943,-2.3228007016864236e-06,-0.36096086894830204,0.4313213338491148,0.5906531851644276,0.05371844290843422,0.0020715495501264836,1.60361376732947,-0.6753827487955265,-0.010753252347071127,0.21267419136805554
14.622000000001552,-0.1759085556958028,0.4554545089540983,0.07202585711846266,0.22043118101011933,-2.2630625900425177e-06,-0.36096710058748266,0.43131946585995184,0.5663371891613087,0.05392439042536965,0.0020740439682293845,1.6035906275012126,-0.6772113475211503,-0.010752725345999886,0.2404328648877225
14.642000000001559,-0.17590837053836997,0.4554504146062064,0.07201446340687814,0.1928877913740526,-2.1973736168765287e-06,-0.36097333209711285,0.4313175980719149,0.5380971957002901,0.05413033787609882,0.002076544745339881,1.6035674882732203,-0.6788089682984542,-0.010752231377945717,0.26348960222661005
14.662000000001566,-0.1759086889775188,0.4554463383563846,0.07200321739678327,0.16737412753674064,-2.1295160150536823e-06,-0.3609795634766663,0.4313157304850242,0.5059332047813436,0.054336285260468825,0.002079051881314824,1.6035443496471349,-0.6799915008772994,-0.010751766287577007,0.2800615159448583
14.682000000001572,-0.1759093702217982,0.45544228963029487,0.07199211722734526,0.1443317352730092,-2.0623682212900255e-06,-0.36098579472561676,0.4313138630993002,0.4698452164044402,0.05454223257832643,0.002081565376010654,1.6035212116245883,-0.6806193858726448,-0.010751326797937,0.28879938766222124
14.70200000000158,-0.17591030335606742,0.4554382756814725,0.07198116107133501,0.12405389807571049,-1.997987524779669e-06,-0.36099202584343804,0.4313119959147633,0.42983323056955125,0.05474817982951876,0.0020840852292833703,1.6034980742072216,-0.6805942389214152,-0.01075091043579008,0.28875440808122954
14.722000000001586,-0.17591140236792147,0.45543430195846973,0.07197034713000275,0.10669778780832112,-1.937721407545299e-06,-0.36099825682960374,0.43131012893143394,0.3858972472766478,0.054954127013892545,0.002086611440988582,1.6034749373966677,-0.6798536589188925,-0.01075051542795695,0.2793370475385335
14.742000000001592,-0.17591260175170728,0.45543037242928325,0.07195967362874642,0.0923001781982014,-1.8823309766475775e-06,-0.3610044876835876,0.4313082621493324,0.33803726652570115,0.055160074131295096,0.0020891440109814764,1.6034518011945684,-0.6783653787338628,-0.010750140584722241,0.2602708838301714
14.7620000000016,-0.17591385267584575,0.455426489863886,0.0719491388136536,0.08079533788163556,-1.8321144935737892e-06,-0.3610107184048634,0.43130639556847894,0.2862532883166821,0.05536602118157317,0.0020916829391168213,1.6034286656025558,-0.6761214698550101,-0.010749785182022256,0.23154388444779261
14.782000000001606,-0.1759151196832866,0.4554226560769884,0.07193874094890493,0.07203391871457551,-1.787022889073967e-06,-0.3610169489929047,0.43130452918889406,0.23054531264956174,0.055571968164573944,0.00209422822524901,1.6034055306222705,-0.6731329927048415,-0.010749448850424552,0.19335929887119518
14.802000000001613,-0.17591637788612882,0.45541887213389365,0.07192847831496636,0.0658018620347222,-1.7467622889678024e-06,-0.3610231794471854,0.43130266301059794,0.1709133395243107,0.05577791508014468,0.002096779869232031,1.6033823962553502,-0.6694252694692627,-0.01074913147589307,0.14608795586327789
14.82200000000162,-0.17591783329993693,0.4554150570973172,0.07191842689786568,0.06183853323962378,-3.1495370005789073e-06,-0.36129055870762816,0.43128762816554955,0.10747949868778144,0.05939527273094797,0.002198698410513563,1.6032982552721056,-0.6654289843131926,-0.010741684358436775,0.09061863377747742
14.842000000001626,-0.17601487348375022,0.45540503654585196,0.07190767761449571,0.05889478912597566,-1.2903323405058557e-05,-0.35607788042559774,0.4317091452048648,0.06235939721802012,0.06008115634616153,0.001960747605956637,1.6025874189001095,-0.6668897072111784,-0.010684994858615002,0.07260344565479013
14.862000000001633,-0.17612276639817134,0.45539487845482013,0.07189625923523503,0.053954092768624014,-9.190204934017593e-06,-0.3470826643634857,0.43234746061640994,0.044207990821776316,0.02800011758056657,0.0008286757675781044,1.6024736880107087,-0.6667176149244166,-0.010697895695354988,0.08004567966113246
14.88200000000164,-0.17616532087407671,0.4553885710991205,0.07188602480367898,0.050686901296602395,-5.076656603626046e-06,-0.34273484719837516,0.43264997856632587,0.03967663777857447,0.010685156469706726,0.00026699276643153724,1.6024512020360784,-0.6662680722811979,-0.010711078251796985,0.08689303805773729
14.902000000001646,-0.1761636292863988,0.455384919340307,0.07187663000608104,0.049982236924947306,-2.026233704319016e-06,-0.34191323225967213,0.4327027079281423,0.04230320535613994,0.006173850500179654,0.00015934193731700664,1.602436764550814,-0.665983491393452,-0.010718351915538112,0.09088814762971245
14.922000000001653,-0.1761411359124396,0.455382613132322,0.07186763935372603,0.05136430023202298,7.295284679155454e-08,-0.3428567898095441,0.43263075457348327,0.04880231547853576,0.008480383968491635,0.00028937726309428285,1.6024219653774405,-0.6658470062672478,-0.010722051408283077,0.09296331230795837
14.94200000000166,-0.17611220746179337,0.45538082808988406,0.07185880140067798,0.053812848227976516,1.4043440264361723e-06,-0.3444368732591156,0.43251372777354596,0.05753271937180671,0.013528001123428167,0.0005166908203606001,1.602414872393496,-0.6657905397476088,-0.010724289022131704,0.09399553636068995
14.962000000001666,-0.17608340020405483,0.45537916743737766,0.07185001762703697,0.0568751274306212,2.1252605099914313e-06,-0.3461241153883268,0.43238955816179564,0.06759535511418596,0.01928415453066299,0.0007616276060924865,1.602409921868989,-0.6657700444794693,-0.010725499823170836,0.09449837837799083
14.982000000001673,-0.1760571475540874,0.4553774677289107,0.07184126315342884,0.060356774025179846,2.382003196817754e-06,-0.3477132480213024,0.43227278551266035,0.07840392404029504,0.02489964189134481,0.0009940062353479176,1.6024062024228571,-0.6657651412488511,-0.010726080384623311,0.09473832484563505
15.00200000000168,-0.17603412593480444,0.45537566875195934,0.07183254123239133,0.06409993017015381,2.308368875968602e-06,-0.34913782690121775,0.43216801049910436,0.08953639994202384,0.030056332238241393,0.0012042491843525867,1.6024031896755535,-0.6657668027409058,-0.010726329580655093,0.09485454747496927
15.022000000001686,-0.176014285764008,0.45537375598064783,0.07182386426493845,0.06795916508764817,2.0155264051474756e-06,-0.35038902943387606,0.43207575383015967,0.10065863745907454,0.03466544973817787,0.0013909755249917445,1.6024005130785852,-0.6657702885348604,-0.01072644757415809,0.09491343611106048
15.042000000001693,-0.1759973336075902,0.45537173260007296,0.07181524590832124,0.0718041874109177,1.5871888705014633e-06,-0.35147909812001654,0.4319951130822133,0.11149198646370054,0.0387367482441207,0.0015554646088765767,1.6023979134907458,-0.6657737759276839,-0.010726514662332029,0.0949445481605309
15.0620000000017,-0.17598293956705308,0.4553696071735182,0.07180669784194135,0.07552327285454832,1.0871607240784587e-06,-0.3524246940976382,0.4319249030577858,0.12180310256972585,0.04230889036842517,0.001699597657015839,1.6023952083177295,-0.6657766791428212,-0.010726559790458029,0.09496159564857652
15.082000000001706,-0.1759708062450332,0.45536738911473,0.07179822904425737,0.07902487350424997,5.639278471581186e-07,-0.35324113387969874,0.4318640423673253,0.13140107733083808,0.04542289918564915,0.0018251524600081854,1.6023922657332317,-0.6657788618573058,-0.010726593763610875,0.0949712810217987
15.102000000001713,-0.1759606824514198,0.45536508734404696,0.07178984601731046,0.08223781075311302,5.3362068208604594e-08,-0.35394106734083103,0.4318116391736549,0.14013673188545184,0.048114476367757945,0.001933620777520727,1.6023889872045491,-0.6657803450604839,-0.01072662081076084,0.09497699738408333
15.12200000000172,-0.17595235747315982,0.45536271014520596,0.07178155327099826,0.08511051943554818,-4.191671606041897e-07,-0.35453473375146405,0.43176696991755803,0.1479019643068215,0.05041340894653436,0.002026228146707336,1.602385298799261,-0.6657812001101567,-0.010726642805309244,0.09498050056538598
15.142000000001726,-0.17594565029743633,0.4553602653996377,0.07177335381838741,0.08760966665387221,-8.370320544677913e-07,-0.35503065782509546,0.4317294288983172,0.15462829062628974,0.052345292875446404,0.002104019514748339,1.6023811475261804,-0.6657815095185413,-0.010726660672407698,0.094982714473343
15.162000000001733,-0.17594039937853573,0.45535776086885565,0.07176524959364369,0.08971836561349074,-1.1907311778783893e-06,-0.35543634584324263,0.4316984786630195,0.16028434594792362,0.05393364106456209,0.0021679506683087223,1.6023765004251116,-0.665781353007157,-0.010726674972178926,0.09498413436607062
15.18200000000174,-0.17593645481188175,0.4553552044021305,0.07175724177574369,0.09143414190458035,-1.476426435233901e-06,-0.35575883132135927,0.4316736115443842,0.164872421823196,0.055201631516897096,0.0022189614059696786,1.6023713444342982,-0.6657808031000824,-0.010726686146206185,0.09498503315408556
15.202000000001746,-0.17593367319512856,0.4553526040394838,0.07174933102587931,0.09276677090426567,-1.6946377903716087e-06,-0.35600504086718293,0.43165432424219496,0.16842425357485638,0.05617327409086259,0.0022580237104803435,1.6023656858722002,-0.6657799240416112,-0.010726694615757724,0.09498556811988076
15.222000000001753,-0.17593191482736828,0.45534996801909366,0.07174151765418704,0.09373607936951626,-1.8490979611298024e-06,-0.35618199909724957,0.4316401039797691,0.17099631604268295,0.05687400346434062,0.002286166119842023,1.6023595490258336,-0.6657787717060482,-0.010726700812969905,0.09498583634698393
15.24200000000176,-0.1759310427049315,0.45534730471199136,0.07173380173207301,0.09436978562632214,-1.945766234191028e-06,-0.35629690686307497,0.4316304237098401,0.1726648827341183,0.05733079700377313,0.0023044786703769033,1.6023529737799012,-0.6657773937697511,-0.0107267051821067,0.09498590341211909
15.262000000001766,-0.17593092277203645,0.455344622509089,0.07172618316437235,0.09470143775008076,-1.991997296014685e-06,-0.3563571281032523,0.4316247437952161,0.17352107617428272,0.05757194180729047,0.002314103598038855,1.6023460124821918,-0.6657758300254538,-0.010726708168711171,0.09498581803470804
15.282000000001773,-0.1759314249595475,0.4553419296828451,0.07171866173286162,0.09476849615450679,-1.9958579217403957e-06,-0.35637011614668623,0.43162251792994594,0.17366609982712491,0.057626570687059286,0.0023162167003366024,1.6023387263626352,-0.6657741128904632,-0.01072671020534495,0.09498561933995703
15.30200000000178,-0.17593242464030423,0.45533923424148515,0.07171123712005723,0.09461059533829877,-1.9655816918986563e-06,-0.356343304310214,0.4316232015086458,0.1732068016133222,0.057524069954249454,0.0023120035309926457,1.6023311818470756,-0.6657722681531778,-0.0107267116980585,0.0949853402737552
15.322000000001786,-0.17593380422082727,0.4553365437891758,0.07170390892006306,0.09426800891681225,-1.9091497465224214e-06,-0.35628397989891325,0.4316262610721094,0.17225167970333605,0.057293441247275076,0.002302633746172575,1.6023234470676406,-0.6657703159416446,-0.01072671301538565,0.09498500907289403
15.342000000001793,-0.17593545466788243,0.4553338654015178,0.07169667664150824,0.09378033244405497,-1.8339840247022439e-06,-0.3561991558322011,0.4316311838140868,0.17090740497484244,0.0569626793872904,0.0022892360965197315,1.6023155887986238,-0.6657682718409232,-0.010726714480454834,0.09498464982038739
15.3620000000018,-0.1759372768326676,0.4553312055223617,0.07168953970627993,0.09318538994901072,-1.7467385092736842e-06,-0.35609545016611754,0.4316374864218725,0.16927590232025994,0.05655821011869141,0.002272875827396565,1.602307669961861,-0.665766148054288,-0.01072671636618728,0.09498428263750086
15.382000000001806,-0.17593918248647972,0.45532856988526815,0.07168249744672266,0.09251836262892271,-1.653173682745282e-06,-0.35597898064035693,0.4316447227513077,0.16745200531797858,0.05610441621163452,0.0022545356314757252,1.6022997477643057,-0.6657639544995236,-0.010726718893271106,0.09498392379601896
15.402000000001813,-0.17594109502171273,0.45532596346083576,0.07167554910316801,0.09181113180582644,-1.5580996398783927e-06,-0.35585527887692875,0.4316524900176027,0.1655216757454049,0.05562326783531143,0.0022351007936447726,1.6022918724622714,-0.665761699749626,-0.010726722230469748,0.0949835858814709
15.42200000000182,-0.17594294980298747,0.4553233904295246,0.07166869382301855,0.09109182307829101,-1.4653740033567205e-06,-0.35572922684402103,0.43166043332819515,0.16356076090885482,0.05513406317565418,0.002215348769773938,1.6022840866964279,-0.6657593917580582,-0.010726726496803424,0.09498327805129615
15.442000000001826,-0.17594469417681158,0.4553208541784101,0.07166193066209714,0.09038453457315025,-1.3779418458801564e-06,-0.35560501656312393,0.4316682485008783,0.16163424755439035,0.054653277690924214,0.0021959431366134377,1.6022764253098876,-0.6657570383435355,-0.010726731765152549,0.09498300638471988
15.462000000001833,-0.17594628716570712,0.45531835731945564,0.07165525858856556,0.08970922927683239,-1.297906126695632e-06,-0.35548613270975765,0.4316756832048457,0.1597959608731648,0.05419451486492709,0.002177431627498645,1.6022689155469276,-0.6657546474412587,-0.010726738066878433,0.09498277429834318
15.48200000000184,-0.17594769888518103,0.4553159017263166,0.07164867648939721,0.08908176953141048,-1.2266186019202652e-06,-0.35537535669876247,0.43168253653712385,0.1580886504317075,0.053768547523353076,0.002160247815447053,1.6022615775288216,-0.665752227152329,-0.01072674539710524,0.09498258299382878
15.502000000001846,-0.1759489097300004,0.4553134885863605,0.0716421831791498,0.08851407082442632,-1.164782677776115e-06,-0.3552747900327946,0.4316886572037441,0.15654440131077013,0.053383436432013556,0.002144715910107125,1.6022544249118857,-0.665749785638722,-0.01072675372035687,0.0949824319054437
15.522000000001853,-0.17594990938058735,0.4553111184644491,0.07163577741061843,0.08801435187618958,-1.1125611716860853e-06,-0.355185894113748,0.43169394051502064,0.15518530787592302,0.0530447117259275,0.002131058087182286,1.6022474656474863,-0.6657473309177724,-0.010726762976297724,0.09498231912142893
15.54200000000186,-0.1759506956815361,0.45530879137505803,0.07162945788684867,0.08758745861590804,-1.0696833723209867e-06,-0.35510954335750927,0.4316983244285482,0.15402434897669548,0.052755602479225006,0.0021194037586506234,1.6022407027808792,-0.665744870608874,-0.010726773085369727,0.09498224176126953
15.562000000001866,-0.17595127344282638,0.4553065068594745,0.07162322327394678,0.08723524081595016,-1.0355471061825757e-06,-0.3550460882946675,0.4317017848833526,0.15306640653787817,0.052517300197974175,0.0021098002105864994,1.602234135242928,-0.6657424116781506,-0.010726783954160393,0.09498219629903554
15.582000000001873,-0.17595165321080836,0.4553042640650792,0.07161707221412818,0.08695696179860196,-1.009312699177161e-06,-0.35499542535965656,0.43170433066579555,0.1523093740487529,0.052329243009001526,0.0021022240749585873,1.6022277586040776,-0.66573996021637,-0.010726795480376493,0.09498217882991336
15.60200000000188,-0.17595185005099417,0.45530206182405997,0.07161100333848759,0.08674972362212882,-9.89986752672446e-07,-0.35495707023924256,0.4317059980344749,0.15174530698728905,0.05218940866292415,0.002096593155798837,1.6022215657725092,-0.6657375212735559,-0.010726807557332498,0.09498218528227545
15.622000000001886,-0.17595188237861747,0.4552998987292965,0.07160501527904303,0.08660889237980528,-9.764945299153386e-07,-0.35493023193586604,0.43170684530981773,0.15136157338848688,0.05209460603140945,0.002092778193045744,1.6022155476278004,-0.6657350987622043,-0.010726820077887812,0.0949822115810447
15.642000000001893,-0.17595177086627936,0.45529777320556913,0.07159910667969091,0.08652851060318648,-9.677404728025418e-07,-0.35491388506861876,0.43170694760675254,0.15114196927260354,0.05204075644529972,0.0020906142146169594,1.6022096935878136,-0.6657326954310262,-0.01072683293780071,0.09498225376983667
15.6620000000019,-0.17595153745119016,0.455295683574666,0.07159327620580389,0.086501686156921,-9.626569484583378e-07,-0.3549068383523034,0.4317063918580927,0.1510677702271439,0.05202315790350367,0.002089911195270557,1.6022039921103226,-0.6657303129033599,-0.010726846038481688,0.09498230809975866
15.682000000001906,-0.1759512044578771,0.4552936281133664,0.07158752255229511,0.08652094936708381,-9.60241771090118e-07,-0.35490779763385805,0.4317052722441523,0.15111869686705845,0.05203672681531141,0.002090463806823465,1.6021984311327242,-0.6657279517691242,-0.010726859289156142,0.09498237109218853
15.702000000001913,-0.17595079384602372,0.4552916051036572,0.07158184445006245,0.08657857237187659,-9.595853706458175e-07,-0.3549154223005872,0.4317036861124305,0.15127377800378572,0.05207621347202546,0.002092060106305589,1.6021929984536398,-0.6657256117163108,-0.010726872608456374,0.09498243958172671
15.72200000000192,-0.17595032658752607,0.45528961287488184,0.07157624067080304,0.08666684676956869,-9.59888700576133e-07,-0.35492837428633267,0.43170173044133364,0.1515121009988441,0.05213638884371103,0.002094489065252314,1.6021876820599046,-0.665723291687218,-0.010726885925483168,0.09498251074416228
15.742000000001926,-0.17594982217201427,0.4552876498378157,0.07157071003025488,0.0867783175238316,-9.60473107625388e-07,-0.3549453592754216,0.43169949887489967,0.15181344386184148,0.05221220154201767,0.002097546893692483,1.6021824704018135,-0.6657209900454693,-0.010726899180380757,0.09498258211294244
15.762000000001933,-0.17594929823606506,0.4552857145109145,0.07156525138997513,0.08690597274365443,-9.607834419535826e-07,-0.35496516003038525,0.43169707933199525,0.15215878810970482,0.052298904868813306,0.0021010421559999816,1.6021773526188707,-0.6657187047417894,-0.010726912324482613,0.0949826515864826
15.78200000000194,-0.17594877030812767,0.45528380553918407,0.07155986365780251,0.08704339036771344,-9.603856803190967e-07,-0.3549866620429522,0.4316945521738341,0.15253071519696354,0.05239215477884539,0.0021047997124773463,1.602172318717943,-0.6657164334690926,-0.010726925320088405,0.09498271742776218
15.802000000001946,-0.17594825165877973,0.45528192170627274,0.07155454578717725,0.0871848439454471,-9.589602818550479e-07,-0.3550088719272551,0.4316919888979927,0.15291369244512704,0.05248808032467778,0.002108663550409524,1.6021673597056156,-0.6657141738002254,-0.01072693813993398,0.09498277825706983
15.822000000001953,-0.17594775324427125,0.4552800619405014,0.07154929677550659,0.08732537062196653,-9.562924073078947e-07,-0.3550309291410376,0.43168945131525394,0.1532942568534956,0.05258332873001004,0.0021124985916164828,1.6021624676768458,-0.6657119233043772,-0.01072695076641831,0.0949828330384492
15.84200000000196,-0.17594728373032054,0.4552782253156137,0.07154411566176738,0.08746080511141588,-9.52260019308259e-07,-0.35505211173848406,0.43168699115731796,0.15366110699307783,0.05267508766268891,0.002116191580640493,1.6021576358624738,-0.6657096796405292,-0.010726963190647879,0.09498288106031491
15.862000000001967,-0.17594684958272055,0.4552764110470662,0.07153900152353387,0.08758778389943078,-9.468207527478099e-07,-0.3550718369320895,0.4316846500583132,0.15400511441295253,0.0527610875631849,0.002119651169113109,1.6021528586388423,-0.6657074406281779,-0.01072697541135871,0.09498292191078024
15.882000000001973,-0.1759464552114012,0.45527461848468037,0.07153395347360789,0.08770372417027915,-9.399983086619452e-07,-0.3550896572764881,0.4316824598506927,0.15431926667860826,0.05283958704164298,0.002122807318114002,1.6021481315034596,-0.6657052042969602,-0.010726987433766162,0.09498295544840296
15.90200000000198,-0.1759461031550834,0.4552728471024574,0.07152897065641454,0.08780678203152859,-9.318689887712343e-07,-0.355105253290398,0.4316804431160702,0.15459855437638972,0.052909344401616244,0.002125610142068353,1.6021434510212833,-0.6657029689176762,-0.010726999268390769,0.09498298176923761
15.922000000001987,-0.17594579429447155,0.4552710964863139,0.07152405224430779,0.08789579453394025,-9.225488562872898e-07,-0.35511842330977716,0.4316786139334002,0.15483981422378193,0.052969578296739664,0.0021280283155550904,1.602138814746715,-0.6657007330176565,-0.010727010929902324,0.0949830011712633
15.942000000001993,-0.17594552808297617,0.4552693663204395,0.07151919743391023,0.0879702097827763,-9.121818857403424e-07,-0.35512907132154964,0.43167697877022704,0.1550415398905641,0.05301992039369718,0.002130047158966341,1.602134221126683,-0.6656984953835312,-0.010727022436013749,0.09498301411735287
15.962000000002,-0.17594530278517057,0.4552676563729063,0.07151440544259167,0.08803000913469052,-9.009293532947733e-07,-0.3551371934680044,0.43167553746714676,0.15520367132932913,0.05306036271660214,0.002131666510897259,1.602129669390276,-0.6656962550543025,-0.010727033806452804,0.09498302119800395
15.982000000002007,-0.17594511571449623,0.4552659664810833,0.07150967550516919,0.08807562509677097,-8.889606211109075e-07,-0.3551428638417611,0.4316742842708075,0.15532737240174352,0.05309120209966792,0.002132898485084308,1.6021251594302524,-0.6656940113073052,-0.010727045062032647,0.09498302309500255
16.00200000000201,-0.17595304475509582,0.4552638147923426,0.07150489039310409,0.09367487948494747,-9.530486444600873e-07,-0.35454092728279213,0.4317167180340311,0.15679009764258822,0.050719818325344126,0.002036656726549537,1.6021151020991535,-0.6656970942137739,-0.010726944031645452,0.09497369153212155
16.022000000002,-0.17598691762770352,0.45526011656957405,0.0714998070947608,0.11341407161072059,-1.1749814160513686e-06,-0.3519294359852224,0.43190350737727995,0.16669880644206161,0.040585194615748894,0.0016259400301400946,1.6020907480686157,-0.665720008924128,-0.010726617192196461,0.0949461436959045
16.042000000001988,-0.17602673385714993,0.45525603899802575,0.07149473002200195,0.13830892891834828,-1.3059686284973117e-06,-0.3487196754394079,0.43213317446559957,0.18798599835346408,0.0284733118987818,0.0011358171854543235,1.6020689899337741,-0.6657552327994355,-0.010726367886324688,0.09492397268517626
16.062000000001976,-0.17605771993093908,0.45525246417946025,0.07148987178098858,0.16553821682409176,-1.2576003334636964e-06,-0.34602870456019963,0.43232551049473905,0.22041939770883195,0.01861976026260012,0.0007378334937297373,1.6020554760565429,-0.6657811822283823,-0.010726277331686608,0.09491830158212435
16.082000000001965,-0.17607363298096018,0.4552497805161313,0.0714853123358462,0.1938756512964642,-1.0521556424351533e-06,-0.34439093094437734,0.43244218287636704,0.26223886684116315,0.0127786512815886,0.0005026918782746241,1.6020480811325903,-0.6657886893128614,-0.010726325677127557,0.09492727112139379
16.102000000001954,-0.17607380122720487,0.4552480516250453,0.07148104441573427,0.2224676316658401,-7.582413661677426e-07,-0.3439288189778018,0.4324744330020936,0.31101612116112526,0.011189601607612325,0.00043971056701096314,1.6020438610497942,-0.6657837977535227,-0.010726466968162124,0.09494245182489962
16.122000000001943,-0.17606059269363455,0.45524716056989095,0.07147701428289556,0.250610624008961,-4.5123099374473736e-07,-0.344518006778369,0.43243121048335337,0.36416573908917316,0.013323531945274126,0.0005271949059857098,1.6020415600834146,-0.6657769526505005,-0.010726657821064495,0.09495662559341299
16.142000000001932,-0.1760376482216684,0.4552469096255665,0.07147315222108164,0.2777070212402041,-1.9196037908579076e-07,-0.345916047060885,0.4323299332360547,0.419231776631611,0.01833757715483144,0.0007308763076850462,1.6020414015790325,-0.665775700242281,-0.010726864875674168,0.09496658360733529
16.16200000000192,-0.17600878309601412,0.4552470826885237,0.07146939179676917,0.303257056814324,-1.8415694816765574e-08,-0.3478498953175457,0.4321902114631777,0.47403688244796094,0.025327912162844742,0.001014108019541772,1.602044127594974,-0.6657828870519001,-0.010727064918332758,0.09497236366140847
16.18200000000191,-0.17597739455964134,0.45524748013304017,0.07146567951313171,0.32685830450024433,5.4298349066141715e-08,-0.35006687231415784,0.43203019193160463,0.5267502154933179,0.03345820908558635,0.0013430314263560884,1.602050227770129,-0.6657977322525793,-0.01072724330692311,0.09497550651440492
16.2020000000019,-0.17594640573409662,0.4552479199355911,0.07146197918815851,0.34820442207502705,3.4326000224780236e-08,-0.3523619979281254,0.43186465278389313,0.5759796887553926,0.041978592371050324,0.0016862969144511768,1.602058111913956,-0.6658660434226802,-0.010727340036474832,0.09515522309130746
16.222000000001888,-0.17591850248405894,0.45524821131277504,0.07145828443546975,0.3670619334620173,-4.87853433921049e-08,-0.3546580685807966,0.43169906515365053,0.6212933519785064,0.05050695383780523,0.002029531196737488,1.6020685693754557,-0.6663239996433074,-0.010727443023754668,0.09677772078052274
16.242000000001877,-0.17589408833527595,0.4552483161358137,0.07145460209213292,0.3832675699577804,-1.6493309073594235e-07,-0.35695391907825086,0.4315334951244191,0.6626873806228553,0.05903532471721341,0.0023726791983605354,1.6020819545066913,-0.6673038944363207,-0.010727589112800806,0.10060221718500659
16.262000000001866,-0.175872703830145,0.45524825954282305,0.07145093785033761,0.3967606102937375,-2.919553798250651e-07,-0.3592495122640818,0.4313679453558693,0.70016177264444,0.06756370701534328,0.0027157159467198514,1.6020982666061172,-0.6687789048998448,-0.010727791559933156,0.10676737444632595
16.282000000001855,-0.175853857427124,0.4552480703341177,0.07144729629546293,0.40757969675527117,-4.147743162499692e-07,-0.3615448110006281,0.43120241850619573,0.7337165256813901,0.0760921027355804,0.003058616474939254,1.6021175047608787,-0.6706933887701555,-0.010728058060672362,0.11514368475155792
16.302000000001843,-0.17583713289565353,0.45524777303327807,0.07144368110947309,0.41584672849174115,-5.239541043774012e-07,-0.36383977817167895,0.43103691723192306,0.7633516370541342,0.08462051387804558,0.0034013558236605664,1.6021396678468534,-0.6729817773608359,-0.010728391914094158,0.1254206879756398
16.322000000001832,-0.1758221889993651,0.455247387700656,0.07144009523899268,0.4217487650233708,-6.143775626528763e-07,-0.3661343766851783,0.430871444187713,0.789067103765596,0.09314894243901463,0.003743909042837182,1.60216475452871,-0.6755720777447948,-0.01072879311459922,0.1371523344906379
16.34200000000182,-0.175808746561486,0.455246930686905,0.07143654103308451,0.4255203602236142,-6.84097101293616e-07,-0.36842856947592667,0.4307060020261708,0.8108629225014122,0.1016773904103374,0.0040862511935271335,1.6021927632599686,-0.6783882086839996,-0.010729259309763456,0.14979491066904135
16.36200000000181,-0.17579657647256908,0.4552464153507641,0.07143302035540385,0.4274271657001217,-7.333739618154816e-07,-0.3707223195082817,0.4305405933976516,0.8287390896301747,0.11020585977885973,0.004428357349685601,1.602223692283088,-0.6813525638027619,-0.010729786604910835,0.16274162729597524
16.3820000000018,-0.17578549002532107,0.4552458526371359,0.0714295346749479,0.4277512444125508,-7.639019011865779e-07,-0.37301558977885596,0.43037522095006786,0.842695601203694,0.11873435252584563,0.00477020259995692,1.6022575396295602,-0.6843885554962383,-0.010730370212924882,0.1753537038494684
16.402000000001788,-0.17577533127352307,0.4552452515327286,0.07142608513913157,0.42677835208379616,-7.78201549853334e-07,-0.3753083433192126,0.4302098873286962,0.8527324529572878,0.12726287062640113,0.005111762049465683,1.6022943031200223,-0.6874228555636066,-0.010731004958209146,0.18698742168061
16.422000000001777,-0.17576597097952443,0.45524461942648253,0.07142267263242692,0.4247873132700447,-7.79165981506225e-07,-0.3776005431985585,0.4300445951759848,0.8588496403100915,0.13579141604890013,0.005453010821607065,1.6023339803643788,-0.6903871801775636,-0.010731685649915418,0.1970168085575154
16.442000000001766,-0.17575730178920518,0.45524396239717785,0.07141929782333266,0.42204151361970377,-7.69735346981136e-07,-0.3798921525264352,0.429879347131361,0.8610471583653913,0.14431999075441146,0.00579392405983657,1.6023765687619416,-0.6932195727099398,-0.010732407342779957,0.20485184824906744
16.462000000001755,-0.17574923435644307,0.4552432854451606,0.07141596120199602,0.41878244495874695,-7.526779108897693e-07,-0.3821831344554058,0.42971414583103845,0.8593250019109819,0.1528485966961294,0.0061344769294577025,1.6024220655015864,-0.6958652047397533,-0.010733165504969867,0.20995230692944186
16.482000000001744,-0.1757416942061072,0.4552425926807986,0.0714126631104108,0.4152251738138605,-7.304558206850402e-07,-0.38447345218373913,0.42954899390782564,0.8536831654195456,0.16137723581880334,0.006474644619409603,1.6024704675619117,-0.6982767525389071,-0.01073395611185312,0.2118374243156475
16.502000000001733,-0.17573461917573902,0.4552418874790491,0.07140940376676011,0.41155555544829764,-7.051558948614754e-07,-0.38676306895809137,0.42938389399093413,0.8441216430490545,0.16990591005817232,0.006814402344052476,1.6025217717114215,-0.7004144229027888,-0.010734775683132546,0.2100918332278367
16.52200000000172,-0.17572795731461624,0.455241172607146,0.07140618328516622,0.40792898282054,-6.784682158341873e-07,-0.3890519480761833,0.4292188487057866,0.830640428643197,0.17843462134040278,0.007153725344952125,1.6025759745087296,-0.7022457055836878,-0.0107356212786998,0.20436815034394826
16.54200000000171,-0.1757216651477828,0.45524045033068194,0.0714030016918494,0.40447044123844567,-6.516980326317563e-07,-0.391340052889474,0.42905386067382595,0.8132395157318265,0.18696337158152468,0.007492588892662548,1.6026330723027538,-0.7037449250360839,-0.01073649046621749,0.19438672761393128
16.5620000000017,-0.17571570623423044,0.455239722502098,0.07139985893848039,0.4012756328869311,-6.257991869287644e-07,-0.39362734680583045,0.4288889325123241,0.7919188975314314,0.195492162686875,0.007830968288507337,1.6026930612329497,-0.7048926554016116,-0.010737381271046786,0.1799330727072253
16.58200000000169,-0.17571004996455206,0.45523899063467865,0.07139675491333418,0.39841293881904744,-6.014198157435891e-07,-0.39591379329219395,0.4287240668341914,0.7666785669456305,0.20402099655054148,0.008168838866359055,1.60275593722954,-0.7056750521740064,-0.01073829211685387,0.16085344268538943
16.602000000001677,-0.17570435087334552,0.45523839441433095,0.07139355999675615,0.39592346839331993,4.301019827078955e-06,-0.39762678686309344,0.4287104632696151,0.7376032219336076,0.20116276182059406,0.006026728071260648,1.6025028740667786,-0.7055802384949786,-0.010634277171861141,0.13740561636993018
16.622000000001666,-0.17569543260492654,0.45523761793427947,0.0713909273055938,0.3937774754976491,-2.1638762576490707e-06,-0.39616409365488137,0.42881624760062015,0.7052048738101285,0.1360686619501579,0.003640962722981752,1.6019128287286974,-0.7021463091003634,-0.010625808851303507,0.11052210793249423
16.642000000001655,-0.17570608712011898,0.45523595022726016,0.07138771668812871,0.391967999882685,-3.2318384358642945e-06,-0.392616995085888,0.42893413530159635,0.6719181714719149,0.06009263385838886,0.0028614801691752394,1.6020355424411103,-0.6978214910859458,-0.010759966281468393,0.08533776114815243
16.662000000001644,-0.17577867781868195,0.4552305883479547,0.07138363817298171,0.38989931298679237,-6.0702782842341925e-06,-0.38767833518932676,0.4292842670980217,0.6518566045560555,0.035001340974997235,0.002030140860868297,1.6020151025232194,-0.697893947782367,-0.01076084715931732,0.08528319303099331
16.682000000001633,-0.1758272891809284,0.45522650211002064,0.07138006483477317,0.3874239014346876,-8.189361536368316e-06,-0.3849593704087807,0.42950326154056157,0.6405831142746157,0.029553724762187993,0.001567959202588843,1.6019921171355536,-0.6987063881059066,-0.010734359389294928,0.08927606334253538
16.70200000000162,-0.17584909780470853,0.45522398952917104,0.07137691838592754,0.3849650801321335,-7.947149763606946e-06,-0.3840022995699303,0.42958962806576745,0.6339199994432662,0.02978275193413396,0.0013960822559060332,1.6019819301682419,-0.6992346958163516,-0.010716421011361527,0.09201612132010298
16.72200000000161,-0.17585617509833448,0.4552223887247861,0.07137398955258198,0.3828129042495371,-6.382546422310902e-06,-0.3839520865654579,0.42960385709645177,0.6298696966483622,0.03173492575003902,0.00137446851827818,1.601978251097162,-0.6995132252034378,-0.01070689509734412,0.09350449842505915
16.7420000000016,-0.17585680595101072,0.45522122403030063,0.07137115396673265,0.38109908607952653,-4.405033309544043e-06,-0.38428120716423125,0.429586566218248,0.6274684533250041,0.034061375463182116,0.0014167094549033673,1.6019770741081178,-0.699652287779541,-0.010702126697989554,0.09425764634566193
16.76200000000159,-0.17585522960231517,0.4552202449053629,0.07136835373820063,0.37985939565919946,-2.4834403415218103e-06,-0.38472803556484697,0.42955839933389695,0.6262410647395947,0.03627560199854766,0.0014801395417688057,1.601976729573334,-0.6997201385415747,-0.010699779360026952,0.09462881799997072
16.782000000001577,-0.17585331745989266,0.4552193351495455,0.07136556772809384,0.3790782143746617,-8.216206666634279e-07,-0.38517969839303523,0.42952846754460483,0.6259346878098642,0.03822928609677724,0.0015460448187598036,1.6019765685884697,-0.6997517111591587,-0.010698632712104542,0.09480653298444537
16.802000000001566,-0.17585177726263393,0.45521844542220086,0.0713627921503746,0.37871346320580157,5.088150399208327e-07,-0.38559631061720306,0.4295001525894933,0.6263961719479931,0.0399218226765518,0.0016080078001772591,1.6019763506166345,-0.6997660463622255,-0.010698087976026095,0.09489191020798994
16.822000000001555,-0.1758507750327756,0.4552175582344549,0.0713600306255911,0.37871028666252715,1.4993889648927695e-06,-0.3859705690738173,0.4294742813731213,0.627509757684108,0.0413976086209887,0.0016643521510735825,1.6019760053807612,-0.6997724368033021,-0.010697825904892655,0.09493437538506667
16.842000000001544,-0.1758502659894783,0.45521666937859756,0.07135728877000058,0.3790089467763994,2.1761027240759716e-06,-0.3863071256604245,0.429450684187999,0.6291692455267935,0.04270531217471086,0.0017154415045331722,1.6019755376053915,-0.6997749564987938,-0.010697701160041657,0.0949561413068352
16.862000000001533,-0.17585015088627282,0.45521577887057274,0.07135457196498235,0.37954931807567893,2.5796743862709642e-06,-0.3866133755507485,0.4294289327029716,0.6312692496612345,0.04388681340840119,0.0017622131663595389,1.601974975405689,-0.6997754987546649,-0.0106976459333629,0.09496757484450041
16.882000000001522,-0.1758503369956667,0.45521488734475934,0.07135188457309294,0.38027356526146644,2.7558885512196346e-06,-0.38689583552273493,0.429408633433971,0.6337040143177479,0.04497330656421555,0.0018055528198836325,1.6019743470798373,-0.6997750034754961,-0.010697626724384755,0.09497374050294605
16.90200000000151,-0.17585075716479512,0.45521399485744746,0.07134922977724693,0.38112782117568356,2.7506924257033856e-06,-0.38715903099880056,0.4293895206158531,0.6363693099324167,0.04598503380462414,0.0018460859985331309,1.6019736719557045,-0.6997739561426644,-0.01069762633042131,0.09497718279685097
16.9220000000015,-0.17585137129348302,0.45521310070086823,0.07134660967797053,0.3820632504145286,2.607466342551537e-06,-0.38740546944825793,0.42937146340817406,0.6391653409008415,0.04693289561112338,0.0018841527039246406,1.6019729581715052,-0.6997726118870047,-0.0106976356986931,0.09497919826161821
16.94200000000149,-0.17585216108291835,0.45521220360829945,0.07134402548153056,0.38303669543972535,2.365464677051156e-06,-0.3876360380991914,0.42935443963414405,0.6419996440161347,0.0478207602330036,0.0019198564352940267,1.6019722038203643,-0.6997711047004854,-0.01069764997512622,0.09498045167856582
16.962000000001478,-0.17585312299660472,0.45521130206812765,0.07134147770268981,0.3840110156808855,2.0589798839384474e-06,-0.38785051398877973,0.42933850023552794,0.6447894984730098,0.04864780144999112,0.001953136108638485,1.6019713995206402,-0.6997695035658593,-0.010697666513889488,0.09498128474253215
16.982000000001467,-0.17585426162779869,0.4552103946209378,0.07133896634931655,0.3849551880247304,1.716992880024619e-06,-0.3880480443536834,0.42932373538865154,0.6474636610160497,0.04941054081389772,0.001983836850397962,1.6019705313579498,-0.6997678423546347,-0.01069768385464949,0.09498187331173344
17.002000000001456,-0.1758555843298703,0.4552094800899826,0.07133649107715362,0.38584421607145925,1.3631645227464823e-06,-0.3882275405620618,0.4293102466867943,0.6499633970763169,0.05010447428347691,0.0020117695257269525,1.6019695836486099,-0.6997661361849207,-0.010697701189806987,0.09498230817772785
17.022000000001444,-0.17585709731304572,0.4552085577329353,0.07133405131305015,0.38665888502037543,1.0160681522089825e-06,-0.38838797130534625,0.42929812654985394,0.6522428601478422,0.05072527193407699,0.0020367558852237826,1.6019685412591098,-0.6997643905399507,-0.01069771808268443,0.09498263671581668
17.042000000001433,-0.17585880310774707,0.455207627320493,0.07133164634935331,0.3873853936809223,6.895883082838773e-07,-0.3885285609520119,0.4292874444822252,0.6542689102572544,0.051269591827576275,0.0020586596300691614,1.6019673913761696,-0.699762606380824,-0.010697734315126509,0.09498288439616748
17.062000000001422,-0.1758606991725499,0.45520668915464807,0.07132927541373621,0.3880148920820606,3.934266632684544e-07,-0.388648907358106,0.4292782391550297,0.6560204768970341,0.051735570005462056,0.002077405197133732,1.6019661247127368,-0.6997607829693869,-0.010697749802338771,0.09498306588265576
17.08200000000141,-0.17586277739453707,0.455205744041324,0.07132693771895887,0.38854295100704855,1.336677781842249e-07,-0.388749035713944,0.4292705151068441,0.6574875729166465,0.05212305271231278,0.0020929865697642876,1.6019647361878537,-0.6997589193509247,-0.010697764543096518,0.09498319072496689
17.1020000000014,-0.1758650242436461,0.45520479323131474,0.071324632496681,0.3889689877869293,-8.663331474888023e-08,-0.38882940429877016,0.4292642429021985,0.6586700597223023,0.052433632846953265,0.00210546842678726,1.6019632251488907,-0.6997570150486545,-0.010697778588960219,0.09498326622770534
17.12200000000139,-0.175867421374862,0.45520383834155653,0.07132235901886262,0.3892956705292106,-2.668715455428404e-07,-0.38889087601566386,0.4292593617310546,0.659576254242621,0.05267054498003459,0.0021149817218234818,1.6019615952209647,-0.6997550703057605,-0.010697792024072846,0.09498329883648904
17.142000000001378,-0.17586994650948565,0.45520288126650826,0.07132011660968544,0.3895283205461942,-4.083428356840168e-07,-0.3889346671906464,0.4292557836071416,0.6602214564997091,0.052838464578455424,0.0021217154795831502,1.6019598538745643,-0.69975308608492,-0.01069780495116611,0.09498329474220372
17.162000000001367,-0.17587257446270155,0.4552019240871991,0.07131790465038745,0.3896743301037479,-5.137418468364202e-07,-0.3889622827942271,0.4292533984942775,0.6606264644577455,0.052943248596021154,0.002125906277218239,1.6019580118009074,-0.6997510639563211,-0.010697817481481117,0.09498326007594904
17.182000000001356,-0.17587527821649013,0.4552009689835323,0.07131572257894615,0.38974260981368153,-5.867169298963288e-07,-0.38897544517913357,0.4292520798424519,0.6608161307940802,0.05299164688999793,0.0021278265806111358,1.6019560821772834,-0.6997490059526172,-0.010697829727354911,0.09498320089694309
17.202000000001345,-0.17587802996374746,0.45520001815375344,0.07131356988617284,0.3897430771379455,-6.314879501936677e-07,-0.3889760216864822,0.42925169014458087,0.6608180047643432,0.05299100720037403,0.002127772841061758,1.6019540798933372,-0.6997469144334109,-0.010697841796768255,0.09498312308596082
17.222000000001334,-0.17588080207142448,0.45519907374362323,0.07131144610947535,0.3896861946569398,-6.525287040817072e-07,-0.38896595504673953,0.4292520862307499,0.660661091665878,0.052948990694801176,0.0021260540304708793,1.6019520207956814,-0.6997447919777291,-0.010697853789419225,0.09498303220808996
17.242000000001322,-0.17588356792812423,0.4551981377867412,0.07130935082529674,0.38958256406302244,-6.543125047814376e-07,-0.3889471993537629,0.4292531241020576,0.6603747526991364,0.05287331026778703,0.0021229811013685766,1.6019499209938006,-0.6997426413077094,-0.010697865794027449,0.09498293338082947
17.26200000000131,-0.175886302655565,0.45519721215661685,0.07130728364102659,0.3894425793442297,-6.411171518972801e-07,-0.38892166347335183,0.42925466317419403,0.6599877593783422,0.05277149978985262,0.0021188576987325627,1.6019477962562838,-0.6997404652381685,-0.010697877886652218,0.09498283116681858
17.2820000000013,-0.17588898367426667,0.45519629853044047,0.07130524418700315,0.38927614037574815,-6.168838378220159e-07,-0.3888911630175895,0.4292565698548654,0.6595275091005585,0.05265071923053282,0.0021139723197473185,1.6019456615138572,-0.6997382666431079,-0.010697890129841271,0.09498272949994295
17.30200000000129,-0.1758915911222939,0.4551953983640297,0.07130323210906753,0.3890924261745434,-5.851234983958611e-07,-0.38885738143521864,0.4292587204218727,0.6590194020617712,0.052517597935769336,0.0021085920118974776,1.6019435304751317,-0.6997360484299773,-0.010697902572461164,0.09498263164676449
17.322000000001278,-0.17589410813234835,0.4551945128770864,0.07130124706199574,0.3888997254170828,-5.488635896883473e-07,-0.3888218403069997,0.42926100320226307,0.6584863743967747,0.05237811624381339,0.002102957615860612,1.601941415352739,-0.699733813514268,-0.01069791525006946,0.09498254020091253
17.342000000001267,-0.17589652097728598,0.4551936430476728,0.07129928870401486,0.3887053204788904,-5.106281708520285e-07,-0.3887858785716007,0.42926332007914725,0.657948578179182,0.052237524002863966,0.0020972804947352575,1.6019393266915412,-0.6997315647897286,-0.010697928185708666,0.09498245710554801
17.362000000001256,-0.17589881909753502,0.455192789614677,0.07129735669250793,0.3885154202237229,-4.7244440108125396e-07,-0.3887506401263411,0.42926558737273607,0.6574231956907757,0.05210029334541042,0.002091740642711729,1.601937273286804,-0.6997293050923298,-0.010697941391012614,0.09498238369780933
17.382000000001245,-0.17590099502611498,0.45519195308697347,0.07129545068092702,0.38833513603581943,-4.3586903014013517e-07,-0.3887170690367062,0.4292677361567843,0.6569243730805316,0.051970102222180035,0.0020864860321221012,1.6019352621782161,-0.6997270371585621,-0.010697954867530828,0.09498232076887028
17.402000000001234,-0.175903044228201,0.4551911337579733,0.07129357031686485,0.3881684951298041,-4.0202909943280966e-07,-0.3886859114404461,0.4292697120816369,0.656463257094647,0.05184984465125373,0.002081633035843817,1.6019332987050925,-0.6997247635804145,-0.010697968608182222,0.0949822686336449
17.422000000001223,-0.17590496487258978,0.4551903317243009,0.07129171524118315,0.3880184849626158,-3.716718076582456e-07,-0.3886577231392824,0.4292714747810029,0.6560481178719274,0.05174166334779996,0.0020772677503890185,1.6019313866086076,-0.6997224867603589,-0.010697982598770944,0.0949822272049475
17.44200000000121,-0.17590675755214782,0.4551895469074025,0.07128988508805811,0.3878871225796878,-3.45219276496333e-07,-0.3886328818274477,0.42927299694195886,0.6556845407604837,0.051647000322942165,0.0020734480419314274,1.6019295281680923,-0.6997202088699352,-0.010697996819500684,0.09498219606791286
17.4620000000012,-0.17590842496949263,0.455188779076991,0.07128807948578163,0.3877755429206218,-3.228247333777009e-07,-0.3886116029052082,0.4292742631169879,0.6553756706162761,0.05156666113576142,0.0020702061413759975,1.6019277243600776,-0.6997179318151914,-0.010698011246436032,0.09498217455151295
17.48200000000119,-0.1759099716028899,0.45518802787535056,0.07128629805814525,0.38768410045409274,-3.04427376510551e-07,-0.3885939578607535,0.4292752683535956,0.6551224929871592,0.05150088871291006,0.002067551623865958,1.6019259750304253,-0.6997156572114837,-0.010698025852875333,0.09498216179495844
17.50200000000118,-0.17589911392068897,0.45501148675221254,0.07138060534364661,0.38761350159164865,0.004831523113723148,-0.3885951096005119,0.4297246601820012,0.6548503667579854,0.05229959375976333,0.0021746978746798847,1.601552319610006,-0.6996404711434263,-0.014884477063422955,0.09477206306883514
17.522000000001167,-0.17584717936395908,0.45422762866003635,0.07179610113421424,0.38755522583323493,0.027287723910084376,-0.3884544750695892,0.4324859824557393,0.6547051498196109,0.053823111762024534,0.0019905346337121916,1.6014715467879987,-0.6992215413022616,-0.03372209410932845,0.09457170700044903
17.542000000001156,-0.17577499217213186,0.4531126403949178,0.07236437979692925,0.38752565331252475,0.0613409653161297,-0.38795160845822163,0.4377061647062481,0.654740128263338,0.052799743952441906,0.002271675365689781,1.6039185447142632,-0.6984823266639498,-0.06136648754356126,0.09508101237046257
17.562000000001145,-0.1756969470649053,0.4518992385758201,0.0729520404868686,0.38749646090511713,0.1011897622676342,-0.3871481574369485,0.44538589157682895,0.6549547589579298,0.05026043889163001,0.0030405756303984346,1.607795387204934,-0.6971705219633251,-0.09227366671711296,0.09555356557216677
17.582000000001134,-0.1756352711708016,0.4506861852208161,0.0735375128165571,0.3874710200994128,0.1410521438289534,-0.384936443785465,0.45942861655545886,0.6556786191364563,0.05150766262442779,-0.0003341795873553494,1.6533239176607621,-0.694012106295994,-0.11695572120014747,0.09672003901408002
17.602000000001123,-0.17553555182601757,0.4493722822172262,0.07428205046747037,0.3874379883805493,0.17451708195466753,-0.3871089706013994,0.4903353827990421,0.6558259879304769,0.05278194563233251,0.002818251516632664,1.6647871198290687,-0.6937856245558431,-0.11796528474488233,0.09661588577566202
17.622000000001112,-0.17542793769079779,0.4481730256087268,0.07494705745560057,0.387523507711291,0.20633242990057898,-0.39108778484602696,0.5264164379907934,0.6543387382102224,0.05049933965515039,-0.0033842081227449462,1.6560440754973527,-0.6945212455461196,-0.11216071999131914,0.09377612433592115
17.6420000000011,-0.17534682703791127,0.44721729271139116,0.07541194530355849,0.38760741555221895,0.23746903856866677,-0.3947146794498704,0.5600857453870923,0.6542381601558088,0.04971338089894367,-0.0025945135911254052,1.6526506939318053,-0.6960923946300779,-0.108394092010549,0.0948296867880284
17.66200000000109,-0.1752839239993539,0.4465298912405834,0.07567421551454855,0.38765204643702994,0.26627567786198786,-0.3982006096405954,0.5915287363723016,0.6539672665135291,0.05065347024913641,-0.0008265348353160557,1.6512590182243925,-0.6970845082695473,-0.10483885930546208,0.09425695849368013
17.68200000000108,-0.17524360858554566,0.44610936758082087,0.0757455134392095,0.3876673491226934,0.29195272365611324,-0.40137746586098766,0.6202696091722414,0.654339471285544,0.05042521204303346,0.0008933534236811742,1.6502069711480092,-0.6981816600340379,-0.10117960431601572,0.0947881474031979
17.702000000001068,-0.1752214022898053,0.4459276645291278,0.07565831593466556,0.38768035659233546,0.31376097033630357,-0.4044949601714176,0.6470711469352279,0.6544975749386439,0.051828215393053025,-0.0019000333100866044,1.6512758128413108,-0.6991514960138652,-0.09586299722003451,0.09449691260127038
17.722000000001056,-0.17521813433792008,0.44595191685329966,0.07544174073194376,0.3877198203513399,0.3317147100618652,-0.4071897507424604,0.6713774027938837,0.6546988859668764,0.049717156128064946,-0.002152086404952548,1.649202491960701,-0.700246973728877,-0.08944667270852771,0.09504070518578758
17.742000000001045,-0.1752279141391165,0.4461527737775664,0.07511884196096089,0.38772953496862306,0.34594057883328044,-0.40984198990984,0.6930405146557064,0.655049760411891,0.05060394129316809,0.0008556377761747191,1.6495973690161527,-0.7012942411443217,-0.0821417170126425,0.09513459106062766
17.762000000001034,-0.17524928585659974,0.44648916745536904,0.07472211814299436,0.3877545144559098,0.35672793517803775,-0.4122505866389637,0.7127802996839141,0.6552579792685269,0.05042191883952265,-0.001283181707334669,1.647679402359522,-0.7023177066085747,-0.07348709721630206,0.09518549456627017
17.782000000001023,-0.17527895175163244,0.4469302051988506,0.07427251286120828,0.3877767776469071,0.3645410572509612,-0.4144461070798196,0.7298763221900205,0.6554445986804931,0.050405226074103256,0.0018554541591605397,1.6458198163419278,-0.7033090533939829,-0.06462778611522935,0.09510000059595074
17.802000000001012,-0.17531409919724442,0.44744414638356766,0.07379218294369584,0.38780669276699264,0.36980759521634526,-0.41655314915147923,0.7452027157066378,0.6553922670548556,0.05151375252133809,-0.0021580273569657997,1.645081192767059,-0.7042786421484183,-0.0550739436697054,0.09455839360323254
17.822000000001,-0.17535408486040185,0.4480095475240249,0.07329279470752802,0.38782489464465,0.3731382321763844,-0.41835047852132257,0.7577542736286187,0.65562293349447,0.05141830722289258,-0.0017410545045670029,1.6432403280088939,-0.7052932281495259,-0.04643113851463882,0.0946281665560684
17.84200000000099,-0.175396514762451,0.448602385738658,0.07279066793508465,0.387850526081506,0.3748785941592303,-0.4199466874815769,0.7678479468151954,0.655740453325516,0.05147764424835023,0.001718324413629749,1.6417414568725153,-0.706331453965295,-0.038693163141350836,0.0946700486532536
17.86200000000098,-0.17543951201076777,0.44920712716826017,0.07229434281662961,0.3878729031318528,0.3754212086899869,-0.42138770896364547,0.7760672663609683,0.655763415490076,0.051763768638242835,-0.0015547691841593413,1.640706114227829,-0.7072885879664874,-0.03164968126772669,0.09445639766650671
17.882000000000968,-0.17548361359564685,0.4498119337327515,0.07180948226159359,0.3878959633025404,0.3751763634787924,-0.42257385626613564,0.7815476887356924,0.6559072863570693,0.05184316311248572,0.0007719851219048036,1.639524407583073,-0.708362452784252,-0.026567378546649194,0.09479442689632758
17.902000000000957,-0.17552653390602227,0.4504065774788662,0.071342144644102,0.38791982803186426,0.37433857886982513,-0.4234911490349109,0.7849660690576593,0.6558650874969663,0.05050435225653757,0.0008726483953983289,1.6372823846187263,-0.7092301648600048,-0.022954805383530057,0.09475953783306307
17.922000000000946,-0.1755689410588632,0.45098641873135914,0.07089349596864795,0.38792576130127987,0.37315505280461403,-0.4242265604956531,0.7861185835599491,0.6559603980955853,0.05134430302376684,0.0005545362554244777,1.6365420945977587,-0.7100162123185764,-0.021251258220311237,0.09473528232332795
17.942000000000935,-0.1756133224770463,0.4515356697376158,0.07047799248432944,0.3879288527657672,0.37160018031005454,-0.4242579113753792,0.7855935860744937,0.6560994047197054,0.05138020228411631,0.00039218341173923813,1.6360412330626144,-0.7102189040987702,-0.020862110358254374,0.09483080039340608
17.962000000000923,-0.1756553491774443,0.4520417404060213,0.07010659685453062,0.3879284738490003,0.36957018649939044,-0.42406868735428266,0.7842139930461888,0.6562000364857752,0.05150308371377288,0.00032051283501997315,1.6356624967342024,-0.7102446507667247,-0.020812750756209024,0.09490010549851516
17.982000000000912,-0.17569319243370937,0.4524971046712348,0.06978375727331089,0.3879290934086239,0.3671897364083667,-0.4238368274653078,0.782385396276658,0.6562456149755245,0.051565814536556516,0.0002910298664075824,1.6353355344473939,-0.7102495141590496,-0.020802015267922455,0.0949391367002762
18.0020000000009,-0.1757265104772698,0.4528983521678573,0.06951004747750114,0.3879305233569978,0.36463763207159994,-0.42359498371750903,0.780313276618028,0.6562518473185838,0.05157301956327346,0.0002772625491584302,1.6350598025740124,-0.7102500189879527,-0.02079788747606317,0.09495981591623673
18.02200000000089,-0.17575528217975883,0.45324473035916235,0.06928413378139381,0.38793161976677704,0.3620645961745534,-0.4233585159299459,0.7781512347909226,0.6562335358058962,0.05154714824540639,0.0002704016663301575,1.6348332939675088,-0.7102488671123918,-0.020796348708031917,0.09497057626028722
18.04200000000088,-0.17577965751849134,0.45353755778247734,0.0691033291395453,0.3879315284730456,0.3595871480417669,-0.4231376819728328,0.7760182670388497,0.6562014407313196,0.051505756168556384,0.00026685639108927847,1.634652907556694,-0.7102469584062883,-0.02079643660945142,0.09497614339227844
18.062000000000868,-0.17579990898537365,0.4537797413008815,0.06896397890884604,0.3879298425113978,0.35729000662508903,-0.4229391437987353,0.7740031027204551,0.6561627587321842,0.051460037727776645,0.0002649631722295982,1.634514688094165,-0.7102447176022413,-0.020797641337497265,0.09497901658823635
18.082000000000857,-0.1758163941246544,0.45397533544087043,0.06886179483471469,0.3879265090570993,0.35522987474094153,-0.4227666587585471,0.7721677445234126,0.6561220391541301,0.05141636263111259,0.00026390370689134115,1.6344141131288323,-0.7102423541711868,-0.02079959149130762,0.09498049621739135
18.102000000000846,-0.17582952278147598,0.4541291476226074,0.06879214425481898,0.38792170673062204,0.3534396130626161,-0.4226217179011356,0.7705512030592747,0.6560820104120744,0.05137787866591247,0.00026326634114481396,1.634346363681848,-0.7102399662865687,-0.020801996848483634,0.09498125585323255
18.122000000000835,-0.1758397295159448,0.45424639588444793,0.06875029293632494,0.38791574301092635,0.3519324763597026,-0.42250412259952685,0.7691733242368896,0.6560442148425871,0.05134573659006277,0.00026284310062335504,1.6343065576986666,-0.7102375948049705,-0.020804628859238658,0.09498164400754067
18.142000000000824,-0.1758474513924044,0.454332422666892,0.06873160114667687,0.3879089792170442,0.3507062042049673,-0.4224124735186658,0.7680385350593538,0.6560094574258369,0.051319940172718424,0.0002625296075370296,1.6342899402800009,-0.7102352523698904,-0.0208073101425484,0.09498184091566025
18.162000000000813,-0.1758531108668835,0.45439246501025665,0.06873167451529734,0.3879017798871774,0.3497468191638684,-0.4223445690658223,0.7671393663394719,0.6559781042465221,0.05129990235033684,0.00026227438800437413,1.634292030153868,-0.7102329389417883,-0.020809907104483605,0.09498193971226122
18.1820000000008,-0.17585710325132745,0.4544314788616533,0.06874647290954583,0.38789448114640457,0.3490320342688454,-0.42229772188112025,0.766459652005968,0.6559502705986728,0.05128478986975129,0.0002620528982374099,1.6343087247390888,-0.7102306498125236,-0.020812323790303455,0.09498198844662832
18.20200000000079,-0.17585978814706843,0.4544540132049665,0.06877238174903241,0.38788737290218916,0.34853421257999434,-0.42226900524153826,0.7659773421740861,0.6559259332005462,0.051273723586155825,0.0002618541387392319,1.6343363678868639,-0.7102283794651201,-0.020814496268231363,0.09498201184021195
18.22200000000078,-0.17586148423241676,0.45446412840297723,0.0688062509146029,0.3878806906510581,0.3482228552495492,-0.4222554409870968,0.7656668989434818,0.6559049931003905,0.05126588461990191,0.00026167373310498294,1.634371785365779,-0.7102261231793843,-0.020816387323878645,0.09498202255962199
18.24200000000077,-0.17586246681699746,0.45446535239663477,0.0688454067270072,0.3878746136976238,0.34806662106529274,-0.4222541390979502,0.765501269613542,0.6558873083697904,0.05126056194985041,0.00026151034794051473,1.634412293580565,-0.7102238774720334,-0.020817981448383337,0.09498202705783872
18.262000000000757,-0.1758629676178929,0.45446066814326225,0.06888764245208213,0.38786926746583394,0.3480349004776822,-0.42226239740785193,0.7654534518728126,0.6558727095613686,0.051257165614886746,0.0002613638523748746,1.6344556870332938,-0.7102216399937405,-0.020819280178557713,0.09498202859834157
18.282000000000746,-0.17586317626095935,0.4544525257894108,0.06893119251488872,0.3878647282710076,0.3480989813053277,-0.4222777685253329,0.7654976800045659,0.6558610062925142,0.05125522130442095,0.00026123439199802584,1.6345002097641637,-0.7102194092292726,-0.02082029786136013,0.09498202881703524
18.302000000000735,-0.17586324306152396,0.45444287346684603,0.06897469515036067,0.38786102943191947,0.3482328524435854,-0.4222980999341988,0.7656102708859147,0.6558519900266231,0.05125435620416288,0.00026112194884088846,1.634544515542118,-0.7102171841805018,-0.020821057901669597,0.09498202852522163
18.322000000000724,-0.17586328269089804,0.4544332011840027,0.06901714764912867,0.3878581679674959,0.3484136967867147,-0.4223215524178112,0.7657701742460071,0.6558454358862965,0.051254281945726586,0.0002610261621757302,1.634587620989456,-0.7102149641125375,-0.020821589528833874,0.09498202811929043
18.342000000000713,-0.1758633783881819,0.45442459298519244,0.06905785772983186,0.3878561113775544,0.3486221260213542,-0.42234660131709834,0.7659592740083878,0.6558411048828826,0.051254777877721855,0.0002609462893980916,1.634628855179812,-0.7102127483860827,-0.020821925092412423,0.09498202778751841
18.3620000000007,-0.1758635864299896,0.45441778330428767,0.06909639392779883,0.3878548041818799,0.3488422087214882,-0.4223720246132999,0.7661624872689348,0.6558387470583661,0.05125567622226446,0.0002608812405153107,1.6346678085921464,-0.7102105363691977,-0.020822097875115783,0.09498202761312463
18.38200000000069,-0.17586394062302704,0.4544132141998995,0.0691325372683081,0.38785417401084743,0.3490613399701933,-0.4223968813649068,0.7663677051991714,0.6558381055322658,0.05125684969264835,0.0002608296484958939,1.634704283669503,-0.7102083274088495,-0.020822140392880974,0.09498202762504561
18.40200000000068,-0.17586445663473071,0.45441109088855114,0.06916623591504581,0.3878541371216381,0.34926999616813514,-0.42242048358806034,0.76656561649326,0.6558389211959869,0.0512582015973746,0.0002607899534288684,1.6347382486448012,-0.7102061208400492,-0.020822083138771853,0.09498202782294116
18.42200000000067,-0.17586513602421044,0.45441143366497627,0.06919756396697765,0.3878546032695736,0.3494614132914776,-0.42244236423404685,0.7667494493966681,0.6558409377052737,0.05125965818165137,0.0002607604874173495,1.6347697957727485,-0.7102039160132304,-0.02082195371880962,0.09498202818987138
18.442000000000657,-0.1758659698784443,0.45441412489752236,0.06922668512887671,0.3878554799029025,0.3496312210706198,-0.4224622434838488,0.7669146632859315,0.6558439064223603,0.05126116284951777,0.0002607395525449544,1.6347991046559731,-0.7102017123255829,-0.02082177632333771,0.0949820286992651
18.462000000000646,-0.17586694199620484,0.4544189503023685,0.06925382160589998,0.38785667567724547,0.3497770597261218,-0.42247999515421975,0.7670586155529105,0.6558475910092553,0.05126267189496699,0.00026072548770125916,1.6348264109779027,-0.7101995092474558,-0.02082157147645316,0.09498202931929003
18.482000000000635,-0.17586803159402342,0.4544256341296262,0.06927922827028658,0.3878581033064687,0.3498982002872804,-0.42249561460279067,0.7671802244487315,0.6558517714442953,0.05126415140258164,0.0002607167223308336,1.634851980653642,-0.7101973063395073,-0.02082135600767758,0.09498203001599279
18.502000000000624,-0.17586921553442256,0.4544338682388509,0.06930317191468385,0.3878596817822277,0.34999518432577054,-0.42250918914239666,0.7672796437585317,0.6558562473086775,0.05126557502940752,0.0002607118167032383,1.6348760891790153,-0.7101951032596845,-0.02082114319370367,0.09498203075572972
18.522000000000613,-0.17587047009677403,0.45444333530597,0.06932591523581934,0.3878613380060966,0.3500694942903864,-0.42252087163662877,0.7673579608434575,0.655860840258699,0.05126692243446793,0.00026070948931802737,1.6348990057904333,-0.710192899761227,-0.020820943023101342,0.09498203150705847
18.542000000000602,-0.17587177232582474,0.45445372659546573,0.06934770507686783,0.38786300788682193,0.3501232616029797,-0.42253085765626364,0.7674169257840915,0.6558653956583145,0.05126817817266673,0.00026070863270195974,1.6349209819368171,-0.7101906956839652,-0.020820762542773832,0.09498203224213436
18.56200000000059,-0.1758731010027235,0.4544647548596202,0.06936876438885457,0.38786463696123635,0.35015901629892643,-0.42253936633317785,0.7674587161292787,0.6558697833938005,0.05126933091272101,0.000260708319221683,1.6349422435009577,-0.7101884909414518,-0.020820606251245564,0.09498203293762358
18.58200000000058,-0.17587443728894392,0.4544761630002643,0.06938928734255836,0.38786618060103256,0.3501794792611001,-0.42254662485501016,0.7674857391010955,0.6558738979279637,0.05127037287367984,0.0002607077986952829,1.6349629861829875,-0.7101862855062496,-0.02082047651017964,0.09498203357518148
18.60200000000057,-0.17587576509554717,0.4544877291574073,0.06940943702463875,0.38786760386914315,0.3501873959709013,-0.42255285639800055,0.7675004710088719,0.655877657676494,0.05127129940225384,0.00026070648959798074,1.6349833734648955,-0.7101840793951959,-0.020820373951586223,0.09498203414154496
18.622000000000558,-0.17587707122949922,0.45449926888267345,0.06942934517765686,0.3878688810891318,0.35018540913112334,-0.42255827119299605,0.7675053320418486,0.6558810038051965,0.05127210863480086,0.00026070396556305273,1.6350035366046587,-0.7101818726559036,-0.020820297863781687,0.09498203462832278
18.642000000000547,-0.17587834536593197,0.45451063502228495,0.06944911348657005,0.38786999518900805,0.35017596643902926,-0.422563060355172,0.7675025934875105,0.6558838985554252,0.051272801204605804,0.00026069993872093104,1.6350235761547844,-0.7101796653552169,-0.020820246544154646,0.09498203503155989
18.662000000000535,-0.1758795798909456,0.4545217158821819,0.06946881596828576,0.3878709368774924,0.35016125913340407,-0.4225673920755445,0.7674943136997867,0.655886323207521,0.05127337996810824,0.00026069424121854515,1.635043564556874,-0.71017745756992,-0.02082021761113423,0.09498203535115748
18.682000000000524,-0.1758807696543361,0.4545324321834938,0.06948850208100783,0.3878717037062625,0.35014318663428234,-0.42257140976565183,0.7674822987540821,0.655888275789725,0.05127384973379498,0.0002606868060441391,1.635063549426388,-0.7101752493796639,-0.020820208271373757,0.09498203559021381
18.702000000000513,-0.1759068056882602,0.454887416079229,0.0693241327183903,0.38786919415412136,0.3402831040626234,-0.42256950669732274,0.7669859530135883,0.6558711734898552,0.051866668177925,0.000254733314799274,1.635614789577615,-0.7101968486027628,-0.011848229188419844,0.0948038146634988
18.722000000000502,-0.17601794325996944,0.4564169908301262,0.06856017807193913,0.38786608879033574,0.2944092922682063,-0.4222132567375971,0.7642349852646625,0.6559619029093827,0.04977623981092468,0.0003273934094764754,1.6337622415790032,-0.7102666777073329,0.029551510769785946,0.09486968598287329
18.74200000000049,-0.17617138385100867,0.4585664245183891,0.06753187811865043,0.3878577779054798,0.22477087351684882,-0.42191911690188194,0.7589906019123811,0.6562774097619581,0.052237659741876524,0.00039059961476692784,1.635994742931154,-0.7107954628885608,0.09155170824798603,0.09550913786161623
18.76200000000048,-0.17635609411089123,0.46121058209475807,0.06611092797729227,0.3878193894253636,0.15222533034882862,-0.4196697540228779,0.7291500098477706,0.6572299176311072,0.0510837147480062,-0.0019246794972361649,1.6342009039034182,-0.7112008634507262,0.13120275217047064,0.09702845072765362
18.78200000000047,-0.1765639153711781,0.4643248972925049,0.06422206473434504,0.38779467701750603,0.08558165369557626,-0.41506087436600203,0.6617339101368632,0.6575914357615044,0.051353462581189675,-0.0021299334613278666,1.6329470447916852,-0.7113066115276901,0.12672663529991585,0.09697705117079122
18.802000000000458,-0.1767508819887463,0.4672754670662181,0.0625057967625893,0.38782054516418474,0.016256991855694257,-0.41008730381188335,0.5871514908361201,0.6568340405663509,0.052292062846753765,-0.0004001170182192418,1.6327282216574643,-0.710824419020274,0.11796031554546074,0.09485397745464705
18.822000000000447,-0.17691278083587786,0.4697968632663362,0.06116230575223471,0.387879892523173,-0.05347432746882686,-0.4046497392594908,0.5134753436898785,0.656523110109582,0.051481985739910294,-0.000601595302468544,1.6327041847908486,-0.7103461178081691,0.11099137134991345,0.09522594166636238
18.842000000000436,-0.17703969712398426,0.4717892464228668,0.06023173198452664,0.3879099470580165,-0.11974678569944264,-0.3990688404347759,0.4420945078496491,0.6562021212519495,0.05169611994305519,-0.0007456288325570568,1.6316330244180075,-0.7091388877428146,0.10347101034355265,0.09500844106575826
18.862000000000425,-0.17713483291244944,0.47323566766735375,0.05969425976716851,0.3879231540887933,-0.17970377861230835,-0.39319570282122923,0.3729695189684624,0.6560294373980814,0.0507537521725465,0.002599031795585804,1.6319746254201035,-0.7073863291277095,0.0925061564690132,0.09493675998125783
18.882000000000414,-0.17720218093926954,0.47416466420522146,0.05950586978881965,0.3879233245096958,-0.23174815025524925,-0.3871993845754249,0.3066011538699432,0.6560573168192289,0.0510030326726595,0.0016328893114011015,1.6307733712905326,-0.7053785458343975,0.07696991218025533,0.09522152998226571
18.902000000000402,-0.17724510058730847,0.4746339280562291,0.05960871315016693,0.38791308764741755,-0.2752184575525383,-0.38102202973440563,0.24266844616622932,0.6560934763194112,0.05153420334077588,-0.00023241131902900197,1.6292286464985228,-0.7029849038130955,0.055804651787814,0.0952970424390146
18.92200000000039,-0.17726975441750933,0.47471394561082075,0.05994303382360319,0.3879079635933106,-0.3102810430803663,-0.3745679529551301,0.18134801254835145,0.656292959340596,0.05081340845322866,-0.00421464213162898,1.6286000337068984,-0.7004292780976961,0.02926157999639421,0.09603163798368419
18.94200000000038,-0.17727527083119576,0.47448186506683543,0.06044809064722568,0.3878930235347801,-0.3372855269703569,-0.3681248469833342,0.12159005199997862,0.6559036561138231,0.05354229286187647,-0.0006993004870568866,1.6256278529892305,-0.697283612875318,-0.003432285955078329,0.09470712232331797
18.96200000000037,-0.17727459826253125,0.47400663277783345,0.06107641912901634,0.3878930124326797,-0.35754440622755984,-0.36130117941453516,0.06490001917131012,0.6563513803543722,0.053850490881529864,-0.0003390091499760949,1.6245019240862477,-0.6945404949845725,-0.039566695474044185,0.09633833809124945
18.982000000000358,-0.17726023693048235,0.4733608963092666,0.061775350138535315,0.38788834755179674,-0.37154003345650544,-0.35440741926001273,0.010108998063737662,0.6558083092267815,0.0553320463433872,-0.0022494745452382447,1.6224340609619798,-0.6908360756964556,-0.07989184609511954,0.09486749158985104
19.002000000000347,-0.1772453630855516,0.47256311440134424,0.06255379523511916,0.38787463941972167,-0.3819347750853591,-0.34693292857230174,-0.03953387809672662,0.6564767194500857,0.051573052459116385,-0.00022707683747426286,1.6336354950467937,-0.6871964749196066,-0.11855295199119552,0.0967067033016592
19.022000000000336,-0.17717672713159138,0.4712614607094752,0.0638228967846023,0.3878439087903425,-0.3976986223344925,-0.3440188236587238,-0.06054022774830407,0.6565627655416784,0.051106629457291324,-0.0033203823620797735,1.6404240158446002,-0.6862477438543715,-0.12237920501289709,0.09682707742988378
19.042000000000325,-0.17708137780893726,0.46970737095345777,0.06526307318909347,0.38785456127528367,-0.40999695767701017,-0.3431050529605632,-0.06939883135884392,0.6561998874228224,0.051409225991117705,-0.003753411672445068,1.6399188603202495,-0.6865260118381521,-0.11713402777177798,0.09612627181542244
19.062000000000314,-0.17697854156721485,0.46807374018766357,0.06669894613890022,0.38789559618035685,-0.4166501079521519,-0.3425885010328052,-0.07329658106506753,0.6553531867868652,0.05208737096152221,-0.002767431395161679,1.639653173499254,-0.6867908839530442,-0.1124786277868438,0.09471386874980017
19.082000000000303,-0.17687798242061703,0.4664560432191842,0.06805428007959331,0.38792689088575827,-0.41816661332692817,-0.34200494849086616,-0.0746205919018963,0.6550540559567086,0.051304818443984476,-0.0008649496380514733,1.6394651136034684,-0.6871905474052281,-0.11042861365150547,0.0948649596842855
19.10200000000029,-0.17677966419967667,0.4649034601720541,0.069305236080972,0.38792183118555473,-0.41595156832939834,-0.3414591014898302,-0.07368988860542033,0.6549980385816393,0.05140191888012743,-0.0002982532644339819,1.6400771895895379,-0.6872680664398165,-0.10994479524216061,0.09492249361626776
19.12200000000028,-0.17668507474141285,0.4634467284677677,0.07044146687824956,0.3879147541140835,-0.4112934214288675,-0.3410570710388174,-0.0706293691286254,0.6548313934320317,0.05167504875861168,-0.00021460377305419393,1.6410642183408743,-0.6871978527327735,-0.10988914971382056,0.09468795104886432
19.14200000000027,-0.1765962732201007,0.4621111096965981,0.07145231548131938,0.38790277282700336,-0.4050732702899451,-0.34082586549472926,-0.0659442849341508,0.6548105775598494,0.05163394200186,-0.00014619315791387984,1.6420913968174502,-0.6871859947252187,-0.10991011975834965,0.09478079577962603
19.16200000000026,-0.17651407182668646,0.46091343850504407,0.07233204669814101,0.3878863382611024,-0.39795294574698437,-0.340771497834902,-0.06019978476749182,0.6548413944283767,0.05161271720658233,-0.00010057343998474119,1.6429805134502324,-0.6871763828949858,-0.10992694076026363,0.09486920877064997
19.182000000000247,-0.17643970663125436,0.45986327387181924,0.07307916275155474,0.3878702943674523,-0.39045788917409135,-0.3408503790992362,-0.053905265273122116,0.6548826987746652,0.05163167806185151,-7.978681683406595e-05,1.6437222853546467,-0.6871665239794101,-0.10993505086330184,0.09492153434181261
19.202000000000236,-0.1763739481600383,0.45896288471785107,0.07369705383279407,0.3878570043209325,-0.38300366821759657,-0.34101983382682016,-0.04747457743276404,0.6549203228885765,0.051678820571900375,-6.744691109630908e-05,1.6443425615210727,-0.6871580814910262,-0.10993618465041265,0.09494856991785877
19.222000000000225,-0.17631705814328755,0.45820860247232736,0.07419297781731017,0.3878470448741018,-0.37590436899742485,-0.3412442197992051,-0.04122923398386036,0.6549525152413894,0.05172740770531212,-5.985339984076126e-05,1.6448485942536197,-0.6871511901306802,-0.10993428142427983,0.0949631329426288
19.242000000000214,-0.17626887364839333,0.4575921732320331,0.07457703430334842,0.38784019488140836,-0.36938460688168434,-0.34149669930753,-0.035403227431819256,0.6549805347910276,0.051772884514519675,-5.58529053556814e-05,1.6452441836975589,-0.6871456138642653,-0.10992969215577825,0.0949709064342018
19.262000000000203,-0.17622892126603018,0.4571021051915301,0.07486112306111223,0.38783603277319284,-0.3635900510780836,-0.34175697256934723,-0.030156075623731484,0.6550059085383257,0.051822921066984697,-4.501677121429013e-05,1.6455309725316405,-0.6871413198940185,-0.10992337918715157,0.09497451488029818
19.282000000000192,-0.1761965053797109,0.4567248314698054,0.07505809126331241,0.38783407118236474,-0.35859977286854794,-0.34200917142034293,-0.025582315975937967,0.6550304802084024,0.05186494162667805,-3.9445485523826316e-05,1.6457285112950575,-0.6871375664906602,-0.10991552158376672,0.09497637428834355
19.30200000000018,-0.17617079035554192,0.45644569072966557,0.07518104087852608,0.3878338633711153,-0.35443884455022484,-0.3422424635673629,-0.021724292635831928,0.6550552990571311,0.05189856862442091,-3.8589863870382264e-05,1.645849304399875,-0.6871340090648057,-0.10990673876893617,0.09497741428172926
19.32200000000017,-0.17615086805830255,0.45624974599019597,0.07524276717422466,0.38783502538730164,-0.35109004658601034,-0.3424502614698633,-0.018582706657770495,0.6550807532803626,0.05192865804220621,-3.884282626297987e-05,1.6459077054763434,-0.6871307830396018,-0.10989789125030716,0.09497797521404391
19.34200000000016,-0.17613581604887607,0.45612242971465367,0.0752553365795348,0.38783724907273304,-0.34850477903682575,-0.3426291217954958,-0.016126310718808753,0.6551067267183075,0.05196060400477174,-3.6580489527584585e-05,1.645920035377554,-0.6871280842839291,-0.1098896471594901,0.09497813998834265
19.362000000000148,-0.1761247422369504,0.4560500311305212,0.07522978607095121,0.3878402571839292,-0.3466126581377607,-0.3427774496268156,-0.01430057928385085,0.6551330144601716,0.051990085157830754,-3.485730069535868e-05,1.6458945055362517,-0.6871255110746567,-0.10988217530382967,0.09497819328352544
19.382000000000136,-0.17611681444547714,0.4560200378437941,0.07517593316056492,0.3878438110141163,-0.3453297955121689,-0.34289593839898314,-0.013036270762878539,0.6551592149662836,0.05201642562419179,-3.473269737892046e-05,1.6458402016278473,-0.687123090819655,-0.10987574962918414,0.09497824250282066
19.402000000000125,-0.17611128516204486,0.4560213499851166,0.07510227830291753,0.38784770508193983,-0.3445658210768183,-0.3429865469116344,-0.012255760086747688,0.6551848640973444,0.05204069544913574,-3.464801017959543e-05,1.64576613880651,-0.6871207439314042,-0.10987035150824205,0.09497827540092443
19.422000000000114,-0.1761075020841216,0.45604439180780776,0.07501597842424883,0.3878517627180737,-0.3442292530698422,-0.3430521324904246,-0.011878591897488964,0.6552094950304221,0.05206306734020594,-3.4295262493651e-05,1.6456796045926676,-0.6871184358711628,-0.1098659814356025,0.09497829421812912
19.442000000000103,-0.17610491329071545,0.4560811329091937,0.07492288413745206,0.38785583222919595,-0.34423181905566586,-0.3430960488865219,-0.011825674360718373,0.6552326992497408,0.052083395188343394,-3.382233719604353e-05,1.6455865406833494,-0.687116130347657,-0.10986256397035346,0.09497830909071162
19.462000000000092,-0.17610306610396037,0.45612504180225194,0.07482762052942722,0.38785978524469517,-0.3444915556211765,-0.3431218633329466,-0.012022479000820077,0.6552541415298896,0.052101560624921335,-3.3357786922521834e-05,1.6454916332300058,-0.6871138034262658,-0.1098599974453488,0.09497832542273885
19.48200000000008,-0.1761016016162194,0.45617098922390575,0.07473369862773561,0.38786351643038725,-0.34493488715061654,-0.34313313881287544,-0.012401270810283636,0.6552735654580402,0.052117541458797496,-3.293581146710419e-05,1.64539837352633,-0.6871114548502132,-0.1098581962413141,0.0949783423099606
19.50200000000007,-0.17610024648448835,0.4562151161935319,0.07464364644380811,0.38786694262708,-0.3454978537674875,-0.343133251489265,-0.012902457120692074,0.6552907980468439,0.05213136485992857,-3.257314987292144e-05,1.6453092586472897,-0.6871090877405657,-0.1098570632458755,0.0949783584331238
19.52200000000006,-0.17609880291306976,0.45625468085313725,0.07455914920575711,0.3878700017813653,-0.3461266196307524,-0.3431252693828956,-0.013475256096041338,0.6553057466771708,0.05214308312584184,-3.231240920705216e-05,1.6452259729109646,-0.6871066969254228,-0.10985647574131469,0.09497837370214221
19.542000000000048,-0.1760971376670692,0.4562878958172868,0.07448119043068283,0.38787265179655184,-0.34677740127224255,-0.3431118973577028,-0.014077853818047022,0.6553183890056162,0.052152804562839626,-3.2150808217059077e-05,1.6451494714441641,-0.6871042841247998,-0.10985632657328029,0.09497838754167004
19.562000000000037,-0.17609517110470507,0.4563137647240511,0.07441018819705167,0.38787486901592094,-0.34741598119726214,-0.343095442395908,-0.014677105470608649,0.6553287652218108,0.05216067677868454,-3.20628668364125e-05,1.645080124391771,-0.687101855374913,-0.10985652403204219,0.09497839925976113
19.582000000000026,-0.1760928666635613,0.4563319250444311,0.0743461219795517,0.38787664625141477,-0.34801691901313975,-0.3430778030808512,-0.015247918684004517,0.6553369692825396,0.05216686567777993,-3.202905963947821e-05,1.6450178641499802,-0.687099415644912,-0.10985698356547319,0.09497840856855769
19.602000000000015,-0.1760902211138688,0.45634250239067703,0.07428864686098859,0.3878779906629818,-0.34856256351717957,-0.34306048316185983,-0.015772434541022617,0.6553431388692306,0.05217154854295915,-3.203624021373862e-05,1.6449623029474785,-0.6870969685537873,-0.10985762898334679,0.09497841548847766
19.622000000000003,-0.17608725583230098,0.4563459797110199,0.07423719336577048,0.38787892152261916,-0.3490419588734661,-0.343044618882489,-0.01623908513071555,0.6553474455951902,0.05217489695329687,-3.208621715490189e-05,1.6449128211496984,-0.6870945158826632,-0.10985839322149679,0.09497842059237453
19.641999999999992,-0.17608400921054246,0.4563430833417798,0.07419105216117344,0.38787946795452355,-0.34944971860273283,-0.34303101966106536,-0.01664160261196358,0.655350084607086,0.05217712093254654,-3.214874230281278e-05,1.6448686992796857,-0.687092061206058,-0.10985922186527114,0.0949784233775175
19.66199999999998,-0.17608053026570633,0.4563346867100121,0.07414944368240138,0.38787966665476964,-0.34978492462039906,-0.3430202027833934,-0.016978021644931472,0.6553512674696482,0.0521783459613876,-3.2270739550183863e-05,1.6448290781815942,-0.6870896021869933,-0.10986006616890101,0.09497842593442213
19.68199999999997,-0.1760768734203375,0.4563217315510827,0.07411157335551974,0.3878795595002782,-0.3500500933909949,-0.34301243529661574,-0.01724973148050362,0.6553512159608146,0.05217860653654879,-3.26563171253006e-05,1.6447928110130503,-0.6870871273315385,-0.10986087839230865,0.09497843469835662
19.70199999999996,-0.17607309428757084,0.4563051657428991,0.07407667360755948,0.3878791919975502,-0.3502502396028603,-0.34300780482624654,-0.01746064527530122,0.6553501448752853,0.052178224933737284,-3.3134485384044526e-05,1.6447591323677098,-0.6870846423830896,-0.10986164368579128,0.09497844274118031
19.721999999999948,-0.17606924654573938,0.4562858963930067,0.0740440340700708,0.3878786113435329,-0.350392054491627,-0.3430062381530056,-0.0176164008673276,0.6553482632623776,0.05217738849213429,-3.360629312249795e-05,1.6447274012091024,-0.6870821482050922,-0.10986235024181351,0.09497844829391033
19.741999999999937,-0.17606537966313385,0.4562647565136847,0.0740130215476315,0.38787786452388046,-0.35048320718602766,-0.3430075464845042,-0.017723701413366887,0.6553457695197931,0.052176253258880506,-3.4020152293813766e-05,1.6446970549359248,-0.6870796456285704,-0.10986298960184157,0.094978451179822
19.761999999999926,-0.1760615373934174,0.45624248342057,0.07398309138831034,0.3878769969180548,-0.35053177061825713,-0.34301146070088534,-0.017789767057672927,0.6553428471163195,0.05217494741483536,-3.434814757988825e-05,1.6446676242229699,-0.6870771355222527,-0.10986355735202546,0.09497845160815575
19.781999999999915,-0.1760577569168283,0.4562197069172389,0.07395379188863266,0.38787605115487767,-0.35054576751196426,-0.3430176616682589,-0.017821894215945926,0.6553396615612646,0.052173574278939185,-3.457905849640974e-05,1.6446387309904487,-0.6870746188979101,-0.10986405263981004,0.09497844998637153
19.801999999999904,-0.17605406849345817,0.4561969453755872,0.07392476326861226,0.3878750662031033,-0.350532827663258,-0.34302579191692556,-0.017827116136942944,0.6553363584084398,0.05217198359556157,-3.470905887817645e-05,1.6446101188269262,-0.687072082051546,-0.10986447778316774,0.09497844473308335
19.821999999999893,-0.1760504957228917,0.45617460791189646,0.07389573263615698,0.3878740757902996,-0.350499942932099,-0.34303518895464497,-0.0178119019226812,0.655333059054468,0.0521654976830053,-3.5202581026636735e-05,1.6445782160129894,-0.6870691890889575,-0.10986480600554296,0.09497840546284775
19.84199999999988,-0.17604705562020306,0.4561530016239949,0.07386650549057087,0.387873113655126,-0.3504533202020836,-0.34304624948790235,-0.017782328693966072,0.6553298266980296,0.052166071768579465,-3.3358824004362954e-05,1.6445496065604321,-0.6870667405610335,-0.10986520837889349,0.09497837021815832
19.86199999999987,-0.17604375925952284,0.4561323397799958,0.0738369580275848,0.38787220072290146,-0.35039828198369133,-0.3430581763655906,-0.017743129672948266,0.655326841212247,0.05216569934538188,-3.3993785921494304e-05,1.6445163965490652,-0.687064205932403,-0.10986538002082216,0.09497841258389064
19.88199999999986,-0.17604061222498787,0.4561127560101629,0.07380702377426734,0.3878713558143697,-0.350339246416294,-0.34307074056239983,-0.017698751399786366,0.6553241279157651,0.0521648817946881,-3.4833191862962194e-05,1.6444853531565782,-0.6870616395637907,-0.10986550119272998,0.09497845872313218
19.90199999999985,-0.1760101382399308,0.45567414934063294,0.07404834938049314,0.3878602209161235,-0.34265948627845016,-0.3433891875543607,-0.011833454948547047,0.6557268057649147,0.05187914359679489,-9.49646487204031e-05,1.6451112784748103,-0.687229408266529,-0.11118417559320742,0.09580030283166124
19.921999999999837,-0.17586968423314983,0.4536670320881081,0.07531394295949279,0.38783196267837755,-0.30737294315316654,-0.3454448328251529,0.021224676508907435,0.6561526176529672,0.05229989098904655,-0.00015421469135502405,1.6464145873967773,-0.6872714663915501,-0.11108424155039742,0.09601669682880248
19.941999999999826,-0.17565686567140992,0.45070565582707933,0.0771500004070606,0.38781890562668475,-0.25077414182833996,-0.34887692398728526,0.0748384521657382,0.6563732028159349,0.05264310398610467,-0.00021251064696769197,1.6481587305447083,-0.6872255722492208,-0.11062433850475328,0.09600813139109858
19.961999999999815,-0.17540727765934774,0.4473698450987557,0.07914874982975821,0.3878225459118219,-0.18046919853312038,-0.353391158715469,0.14155458312559857,0.6564116550238168,0.052741098818598536,-0.00033961112431996743,1.650075506458993,-0.6871283127821458,-0.11031617177065592,0.09595252234777865
19.981999999999804,-0.17514997651015535,0.4440798776444335,0.08102674780351786,0.3878418938486931,-0.10303658176984681,-0.35862342997318164,0.2155660583474154,0.6560785598024218,0.052817836365067594,-0.0005509871762840842,1.6517532602348546,-0.6867424410752602,-0.10987751749572407,0.09525607506407216
20.001999999999793,-0.17491082279235598,0.4411334172314454,0.0825879151023847,0.3879068245264236,-0.023542912037081146,-0.3641576134516996,0.29150050286226403,0.6550225735750133,0.052527460253784915,0.0010111507955465385,1.6532653104388233,-0.686192249331956,-0.10996825052519509,0.09390217835542633
20.02199999999978,-0.17470896587392645,0.43870813841763234,0.08372959352538956,0.3879456013801617,0.05375120656599353,-0.3697831185252296,0.3661640358466746,0.6547133352625464,0.0516317406245936,0.0007678749694724656,1.6544327126997525,-0.6860065688125253,-0.10972676570149076,0.09434077944874364
20.04199999999977,-0.17455217831841532,0.4368741868842471,0.08443359048941593,0.3879337471686012,0.12525413900677948,-0.37529596799628356,0.4383471563548406,0.654831097270236,0.05208092662826765,-0.0008663314800380409,1.656604528463845,-0.6855539249659773,-0.10685702967364545,0.09474846330922043
20.06199999999976,-0.1744435798101331,0.4356187601915648,0.0847409816848994,0.3879224858803601,0.1884158670576629,-0.3805640136259726,0.5081025321071657,0.6549161828166634,0.051779619279316486,-0.00039355333585704226,1.65753363110163,-0.6849718497962791,-0.09874624324573994,0.09507316788986261
20.08199999999975,-0.17438003088561232,0.43489467007795746,0.08470650154649871,0.3879057580739654,0.242046937120091,-0.3855586129502458,0.5757470895552669,0.6549009873184931,0.04994577622276218,-0.002534725408573882,1.6570912138184133,-0.6841292017594657,-0.08383272241523662,0.09487977811916166
20.101999999999737,-0.17435705251751282,0.43463299293519964,0.08439182506974446,0.38788321363620465,0.2859667588032433,-0.39054602956119794,0.6407368443287098,0.6549231814135756,0.051763557784400005,-0.00019967278044483159,1.6597991722325334,-0.6835213119482056,-0.06237347190840146,0.09458913856067586
20.121999999999726,-0.17436949696271226,0.43475253833621025,0.08386164491229307,0.38787003099911344,0.3206904888863211,-0.3952248068273079,0.7033879788184982,0.6551820667827273,0.0518008369695652,1.1771816077759415e-05,1.660987999826262,-0.6831680329503986,-0.03449953343192262,0.09515987218556568
20.141999999999715,-0.17440777450852657,0.43517166259295736,0.08317683818559847,0.3878510196769177,0.3469925856393164,-0.3997131824792589,0.7637069497457827,0.6554163980880662,0.052032927696973125,0.00043792792772084314,1.6623492063512162,-0.682824842311923,-0.0008745201736617621,0.09542690370361705
20.161999999999704,-0.17446531275356192,0.4358131080962144,0.08239109281526538,0.38783563644685637,0.36598156451478947,-0.4038904684573909,0.8215798815817343,0.6556510820723226,0.05064375132018089,0.002852118291696224,1.6622127583817243,-0.682482608666369,0.037357811210501905,0.09565703446363447
20.181999999999693,-0.1745371689150097,0.4366064000671335,0.08155106866568199,0.38784365286414557,0.37887318684209104,-0.4078467801817391,0.8775489704305184,0.6558863859078461,0.04828084245816461,-0.0019882603963289284,1.6613885066124623,-0.6824451269403953,0.07960950019348648,0.09648526264712778
20.201999999999682,-0.17462150029255022,0.43753463156744404,0.08064586235081346,0.38779668981932286,0.38801333227359486,-0.41166450397405613,0.9272610705174252,0.6565659061675637,0.05957500839669389,0.010104316613502157,1.644519528966119,-0.6825359537462808,0.11921726182941958,0.09686460457331808
20.22199999999967,-0.1747482853574571,0.4389437448805652,0.07927358797556014,0.3877665458881207,0.4032662495055578,-0.41248201774611637,0.9475289406265051,0.6574597469076958,0.05994453483160351,0.008903427314496054,1.631968020983716,-0.6825652308278355,0.12254800468618422,0.09806161274915473
20.24199999999966,-0.17488305525315698,0.4406005888237642,0.0777367990695974,0.38773954939670674,0.41496198813776586,-0.41315634175167476,0.9550090829801942,0.657930421801681,0.055669260728671295,0.008211086469874482,1.6360375618433391,-0.6833070958266895,0.11639695361025787,0.09807207122563297
20.26199999999965,-0.17501727556118268,0.4423191993813451,0.07622256584430476,0.3877845811724912,0.4207239263151978,-0.4138252867409088,0.9578887405491324,0.657114195830427,0.05333494754882268,0.008253028245774884,1.6415917156516235,-0.684052107264761,0.11153358006370045,0.09593460678170229
20.281999999999638,-0.1751552813552712,0.4439966910467336,0.07481323098329658,0.3878698235035444,0.4213163483505446,-0.41367114979617076,0.9586186664936056,0.656297253264352,0.052976645876800774,0.004820895454173507,1.6444673480706768,-0.684567181606953,0.10969362581847983,0.09501783794064182
20.301999999999627,-0.17528851882549365,0.44558809809501776,0.07352797673587827,0.38792075981459617,0.41820150478807533,-0.4129125575486504,0.9576216739818746,0.6558702663912088,0.05312043270836756,-0.0014337336367889674,1.644074212298479,-0.684653172235631,0.10990485049451558,0.09481970411482138
20.321999999999615,-0.17541060004093537,0.4470732969099049,0.0723649503193725,0.3879508466201216,0.41281404378048475,-0.4119527605841981,0.9542469653624331,0.6555289482411755,0.0525380317403907,-0.003435976406310684,1.6429916443786032,-0.6846319037259283,0.11013467534353684,0.09470436011228528
20.341999999999604,-0.17551997954101436,0.4484295898629473,0.07133270258119048,0.3879600519467216,0.4060207431317527,-0.41091923307826145,0.9489842577697308,0.655367100128222,0.05216706426390764,-0.001974513876966535,1.641973860820621,-0.6846029376121084,0.11003839313623368,0.09479953735745578
20.361999999999593,-0.17561494643260964,0.44963996593937117,0.07043773761360345,0.3879560084211427,0.39842123442231486,-0.4099598871718792,0.9427598945756864,0.6552791561860993,0.0520418425166602,-0.0009440513838642507,1.6411328078601861,-0.6845935100265654,0.10996898005606254,0.09487354382330712
20.381999999999582,-0.17569566302158357,0.45069586253737604,0.0696806832678951,0.38794554791833,0.3905389997770851,-0.4090822250746216,0.936093549092293,0.6552266895974449,0.05200934546862683,-0.0004312486279230056,1.6403982596323945,-0.6845894145384771,0.10993014223915713,0.09492000900907321
20.40199999999957,-0.175762772393147,0.45159616958739923,0.06905714333352977,0.3879324063421432,0.38278434980681064,-0.408291924434096,0.9293831946507246,0.6551907251367587,0.052007675984912,-0.00018361920785435565,1.639786575473014,-0.6845847748700284,0.10990891032636135,0.09494616309386611
20.42199999999956,-0.17581722408638395,0.4523458024287332,0.0685587968905719,0.38791856075159137,0.37546529078178426,-0.4075947585472364,0.9229344503293347,0.6551637361677087,0.05199992103690782,-7.035113380605409e-05,1.6392805099557488,-0.6845790395862016,0.10989577784918628,0.09496171737841258
20.44199999999955,-0.1758601741708414,0.4529541703247032,0.06817460895143278,0.38790508079678515,0.36879712051470415,-0.4069952035760488,0.916968676872467,0.6551421227121118,0.051993155696914546,-8.844117002718253e-06,1.638898282625323,-0.6845732439566768,0.1098848223949912,0.09497026758827466
20.461999999999538,-0.17589290928980672,0.4534338021794299,0.06789187081861427,0.3878925700387436,0.3629151086617189,-0.40649428749601113,0.9116352951966585,0.6551245428308725,0.0520060401329251,2.227886337270797e-05,1.638628812414199,-0.684568850874149,0.10987472900338721,0.09497435933232637
20.481999999999527,-0.17591677074548104,0.45379917734229813,0.06769704578510995,0.3878813467272523,0.3578877954756475,-0.40608758606451356,0.9070200791900616,0.6551111231310627,0.05202244601753987,3.541504071222151e-05,1.6384366132182446,-0.6845652196674475,0.10986495743600455,0.09497640703379642
20.501999999999516,-0.17593309719148414,0.4540657240673257,0.06757647328189671,0.38787156426940395,0.35372984817331077,-0.40576862216828613,0.9031562611614067,0.6551019922728735,0.05204032820656754,4.177822710783175e-05,1.6383175638758338,-0.6845620175057266,0.10985533116177279,0.09497743986419184
20.521999999999505,-0.17594317740614784,0.4542490029535782,0.06751692100038476,0.387863301845082,0.3504143874372003,-0.40552933938603736,0.9000360274816973,0.6550970758700602,0.05205939599848666,4.471333716428568e-05,1.6382592193067118,-0.6845591404983401,0.10984613172980259,0.09497794575170025
20.541999999999494,-0.1759482205202608,0.4543640686222887,0.0675059958255812,0.38785657836572174,0.3478842210557441,-0.40536049884652325,0.8976198210588927,0.6550963256546176,0.05208229418550459,5.098472056053049e-05,1.6382555089833593,-0.6845566298970214,0.10983688812897593,0.09497865893258606
20.561999999999482,-0.17594932452933862,0.45442498484407584,0.06753244235474994,0.3878513622281436,0.3460611959689057,-0.4052524879008949,0.8958477930286212,0.6550991532688707,0.0521064049299414,5.11068438685691e-05,1.6382836398348615,-0.6845542192349072,0.10982904630307555,0.09497883218979307
20.58199999999947,-0.17594747232909105,0.45444450045786605,0.06758631262953446,0.38784760994329237,0.34485505371187536,-0.40519502870374663,0.8946450831685137,0.6551048635575503,0.052124607802615665,4.799319307172632e-05,1.6383377953289997,-0.6845515500851537,0.10982271725404477,0.0949786407072275
20.60199999999946,-0.17594351923451354,0.45443385519269985,0.06765904597189872,0.38784521521431636,0.3441702377928169,-0.4051788970920538,0.8939291169425995,0.6551130962962751,0.05214204715244347,4.6042304505672986e-05,1.6384108701109843,-0.6845490263624785,0.10981747501738967,0.09497850497288192
20.62199999999945,-0.17593819125823426,0.4544026827880258,0.06774348354454016,0.38784404076366996,0.34391122665507856,-0.40519517139933736,0.893615785968543,0.6551233876794692,0.05215937328156131,4.465385987890722e-05,1.6384955232485798,-0.6845466080591651,0.10981323833887358,0.09497842897722658
20.641999999999438,-0.17593208844483924,0.4543590056980803,0.06783381813698704,0.3878439333157559,0.3439867263662567,-0.4052356869884888,0.8936232784447768,0.6551352421368986,0.05217607809665073,4.363941715469194e-05,1.6385858014151222,-0.6845442301524912,0.1098099251298926,0.09497839530592969
20.661999999999427,-0.17592569176983644,0.454309297254627,0.06792550075537475,0.3878447301128041,0.34431266800181337,-0.40529322949795976,0.893875162100071,0.6551481681757629,0.052191724884458016,4.2879373467205384e-05,1.638677116568721,-0.6845418591698533,0.10980746299623032,0.09497838672561808
20.681999999999416,-0.1759193727464835,0.4542585931301592,0.0680151176126641,0.38784626467925626,0.3448141750108451,-0.4053616020737458,0.8943024692978379,0.6551617037309226,0.05220605317477912,4.2289679405863106e-05,1.638766074149247,-0.6845394833793885,0.1098057705979943,0.09497839085017527
20.701999999999405,-0.17591340497699043,0.45421063596256256,0.06810024959812742,0.38784837208503176,0.3454266562192083,-0.40543562691087864,0.8948449392788688,0.6551754317701882,0.052218904181770054,4.186032914513138e-05,1.6388502469039337,-0.6845370929118711,0.10980473133581911,0.09497840131903992
20.721999999999394,-0.17590797668272015,0.4541680388767901,0.0681793246818247,0.3878508938926799,0.3460961703658376,-0.40551112754929536,0.8954516118800271,0.655188985367222,0.05223021482569369,4.1579414268491706e-05,1.638928069150665,-0.684534683765374,0.10980422682747082,0.0949784145062246
20.741999999999383,-0.17590320370710372,0.45413245676940406,0.06825147077618993,0.3878536824506611,0.34677923865973237,-0.40558487413058175,0.8960808656077047,0.6552020508270848,0.05224000252351458,4.140529745123513e-05,1.6389987162242445,-0.6845322599587413,0.10980415775740697,0.09497842774283219
20.76199999999937,-0.17589914248310157,0.45410475659994765,0.06831637485154139,0.38785660405200484,0.347442249685562,-0.4056544917255491,0.8967000131472506,0.655214370168976,0.052248325134955725,4.130695696927178e-05,1.639061926437307,-0.684529825729954,0.1098044305071163,0.09497843958090443
20.78199999999936,-0.17589580236519287,0.4540851795242372,0.06837415301360877,0.3878595411776136,0.3480605697961951,-0.4057183581085002,0.8972846062515312,0.655225740766287,0.05225526644782031,4.1266125067117105e-05,1.6391178659778343,-0.6845273834370819,0.10980495794121474,0.0949784494333753
20.80199999999935,-0.17589315698697267,0.45407349001193986,0.06842523432742995,0.3878623938792095,0.3486174714305935,-0.4057754949735452,0.8978175444816336,0.6552360132007754,0.052260929178829706,4.127155261570244e-05,1.6391670102436715,-0.6845249339040881,0.10980566187125082,0.09497845718965353
20.82199999999934,-0.17589115439110095,0.45406910876157025,0.06847025997571904,0.3878650803884401,0.34910297049042704,-0.40582545939871545,0.8982880734501351,0.6552450878525445,0.052265431212189996,4.131146709522889e-05,1.639210036903021,-0.6845224794599793,0.10980647550447831,0.09497846287784802
20.841999999999327,-0.17588972583579257,0.4540712276305088,0.06850999836146898,0.3878675369882888,0.34951264623838046,-0.4058682336990831,0.8986907416687967,0.6552529111720143,0.05226889826988346,4.137662798006278e-05,1.639247744276932,-0.6845200222253824,0.10980734314537921,0.09497846665938058
20.861999999999316,-0.17588879317829437,0.4540789060459876,0.06854527587717142,0.3878697173095757,0.34984649932660516,-0.4059041235620136,0.8990243733352884,0.6552594707955532,0.05227145887320054,4.1460224520942236e-05,1.639280982953634,-0.6845175638428874,0.10980821991180292,0.09497846877686858
20.881999999999305,-0.1758882748569334,0.45409114924663785,0.0685769224965571,0.3878715911784183,0.3501078891377457,-0.4059336663955003,0.8992910984170159,0.6552647900506234,0.052273240481071806,4.155707976283511e-05,1.6393106017103478,-0.6845151055885232,0.10980907116617022,0.09497846950467184
20.901999999999294,-0.17588809054722865,0.4541069693997028,0.06860573091231788,0.38787314311373666,0.35030257821462013,-0.40595755129633077,0.8994954690397109,0.655268922165964,0.0522743662658474,4.166311684525689e-05,1.6393374070979285,-0.6845126484674124,0.10980987162484696,0.09497846911851737
20.921999999999283,-0.17588816460681841,0.4541254311230426,0.06863242766966822,0.38787437057547836,0.35043790016342835,-0.4059765514513917,0.8996436805006388,0.6552719444175849,0.052274952491528866,4.1775063842373864e-05,1.6393621351359113,-0.6845101932679868,0.10981060425449837,0.09497846787874115
20.941999999999272,-0.17588842845095193,0.4541456832429966,0.06865765460509059,0.38787528205797633,0.35052205805794745,-0.4059914689289087,0.8997429061494054,0.6552739524370135,0.05227510523299767,4.189150495897117e-05,1.6393854345378513,-0.684507740472313,0.10981125897477588,0.09497846606217092
20.96199999999926,-0.1758888220176575,0.45416697876819867,0.06868195886802936,0.38787589511254833,0.3505635529893496,-0.4060030912724193,0.8998007484333529,0.6552750548042113,0.05227492327053421,4.200949566453103e-05,1.6394078549484072,-0.6845052898749172,0.10981183144535869,0.0949784638387089
20.98199999999925,-0.1758892944681593,0.45418868510437077,0.06870578983459394,0.38787623438520935,0.35057073654801785,-0.40601215984740674,0.8998248021792279,0.655275367971432,0.05227449201331462,4.212815085747385e-05,1.639429846916829,-0.6845028410906837,0.10981232186159201,0.09497846140758041
21.00199999999924,-0.17588980428726614,0.4542102864478503,0.06872950135555916,0.3878763297182869,0.35055147737579656,-0.4060193483022723,0.8998223229720951,0.6552750118130908,0.052273885491042775,4.224629932201799e-05,1.6394517629717116,-0.6845003941990413,0.10981273413085732,0.0949784589243168
21.021999999999228,-0.17589031893414594,0.45423138017406883,0.06875335792118388,0.38787621437014963,0.35051292916758725,-0.4060252484083744,0.8997999895661108,0.6552741058309628,0.05227316736213626,4.2362420598296424e-05,1.6394738642276345,-0.6844979493123614,0.10981307471888904,0.0949784564905381
21.041999999999216,-0.17589081416229432,0.4542516688679984,0.06877754348854312,0.3878759233963885,0.3504613858977117,-0.40603036315786684,0.8997637485079499,0.655272765903137,0.05227239052595346,4.247547514971596e-05,1.639496330273735,-0.6844955064518183,0.10981335168959183,0.09497845418411836
21.061999999999205,-0.17589127312272335,0.45427094942604773,0.06880217191493644,0.3878754922247343,0.35040220975217556,-0.4060351055944307,0.8997187281975825,0.6552711016198431,0.05227159777800895,4.2584887623437754e-05,1.6395192700752934,-0.6844930655486247,0.10981357396295072,0.0949784520633627
21.081999999999194,-0.1758916853450361,0.45428910044140225,0.06882729812666014,0.38787495543921297,0.3503398175069398,-0.40603980195672285,0.8996692095120271,0.6552692142071243,0.052270822745018986,4.2690433156753236e-05,1.6395427334847394,-0.6844906264634554,0.10981375072034508,0.09497845016826767
21.101999999999183,-0.17592422055285217,0.4547258296207111,0.06858133539494553,0.38786420266605626,0.34265368139128155,-0.4055619465754347,0.8938233490246985,0.6556644720615626,0.051982305252824615,7.255298591654131e-05,1.638929478137743,-0.684700873970359,0.11114813642497313,0.09579031841317542
21.121999999999172,-0.1760708608254033,0.4567292741997069,0.06731295039797205,0.38783627986633334,0.30736326320212,-0.40292032243762294,0.86081550293182,0.6560872727589493,0.052409659895329995,0.0001210558296020549,1.6377096961592863,-0.6847650682814578,0.11106622482716813,0.09600225197715986
21.14199999999916,-0.17628153981475544,0.4596868501098742,0.06547512195875578,0.3878231369271888,0.2507649836381788,-0.3987048964637575,0.8072584018219877,0.6563062194443965,0.052755587887826014,0.00018618254647838407,1.6360610200346093,-0.6847268527419352,0.11061460928240566,0.09599199321608759
21.16199999999915,-0.17650905521742824,0.4630200704679924,0.0634750682415809,0.3878264849649975,0.18046186583265184,-0.39369076948571596,0.7405764111570863,0.6563435857313563,0.05285373384124576,0.0003158683013572899,1.634183822103847,-0.6846299352086554,0.11031188238219278,0.09593615444714551
21.18199999999914,-0.17672241656771098,0.46630912136451064,0.06159585525902508,0.3878453982178959,0.10303095869193274,-0.38834731169181225,0.6665710863157963,0.6560100428605372,0.05292137688008373,0.0005285967432909554,1.6324978101508303,-0.6842420121368697,0.10987819972920937,0.09524344443495339
21.201999999999128,-0.1769049490416964,0.46925607950650844,0.06003308689998134,0.38790974860380334,0.023542984030635185,-0.3830238321816793,0.590608184138505,0.6549578868590913,0.052598110819160174,-0.0010211749498757802,1.6309491682510744,-0.6836865456854713,0.10995703310384045,0.09390172510657596
21.221999999999117,-0.1770509591838019,0.4716825589194223,0.058889163207015,0.38794722355901184,-0.05373756375137074,-0.37789405016836264,0.5158682245838052,0.6546713833371841,0.05172223059016752,-0.000761048275004905,1.6297833297145843,-0.6834128840723731,0.10966728167480627,0.09435816890370155
21.241999999999106,-0.17716036471982155,0.4735170418982948,0.05818331051918478,0.38793298894553185,-0.12524387989997965,-0.37264074969163746,0.4436299602933323,0.654859637398787,0.051837218743016444,0.0011462235790715629,1.6280383856503717,-0.6825047680127789,0.10677465215944816,0.0948553069321546
21.261999999999095,-0.17723616388723584,0.4747740646273068,0.05787158161989732,0.38791765338100453,-0.188323461368654,-0.3672166014167519,0.37364296879756015,0.6546950645643809,0.05197102816610122,0.001435035092209861,1.6266185111306994,-0.680910390466194,0.0983500008241448,0.09426963186555865
21.281999999999083,-0.17728633996540685,0.47549555674895144,0.0579054090382838,0.38789651208018405,-0.24203874514832674,-0.3615512950103235,0.3063985568361088,0.6550087848296028,0.051632665350317304,0.0003242269900758694,1.626242317914267,-0.6792261546644071,0.08388913603941835,0.09489484184927505
21.301999999999072,-0.177312745392816,0.47575813076280743,0.058214125764126164,0.3878849597369791,-0.2859587427926831,-0.35573245826852645,0.24118460363124133,0.6549761232497866,0.05195499267266093,0.0014682481076013106,1.625510256542278,-0.6771454159570145,0.062163256842842844,0.09473477366517866
21.32199999999906,-0.1773213291804359,0.4756393648365689,0.05873676531529173,0.3878736214338701,-0.32064610668119325,-0.34962703483762897,0.17863491199325846,0.6550490956805822,0.05079657030790034,-0.001009795315570855,1.6257479572879154,-0.674777614636934,0.0342687017639914,0.09482990278996012
21.34199999999905,-0.17731590388145926,0.475220989472434,0.05941298451696932,0.38785675152959503,-0.34694628086467294,-0.3435082711269003,0.11833738152103213,0.6552175068706095,0.05303027205443224,-0.0007203260242352629,1.623212458448556,-0.6723835309302675,0.0005605463936942737,0.0950291011673981
21.36199999999904,-0.17729966030648853,0.4745839820400801,0.06018514672674043,0.387856108160091,-0.36587006208880857,-0.33703354378119,0.06025486555985915,0.6550634611556447,0.052471921157232246,-0.0009060226432359167,1.6231304828433737,-0.6695082631029893,-0.03810107421691241,0.09466629767264377
21.381999999999028,-0.17727845715607693,0.47379393632083017,0.061011747521951855,0.3878610537089514,-0.3787649944159344,-0.33044325115931605,0.0046198629668341516,0.6551974516967775,0.053745553467434655,0.0004543602921465529,1.6215508725544623,-0.6667871005312912,-0.08019705995680707,0.09531089301538548
21.401999999999017,-0.17724943629110615,0.4728550079438886,0.06191995826975423,0.3878605393877985,-0.3884141476511343,-0.32403054012464516,-0.044604430466223276,0.6550422868522856,0.05886714016976097,0.00020548779650213974,1.6339280518673813,-0.6636695169364143,-0.11897074375765898,0.09495780531240727
21.421999999999006,-0.1771816816883642,0.4714262689191182,0.06329982701874833,0.3878629520236486,-0.4038770881933928,-0.32045456428265434,-0.06358814267457177,0.6553021248675008,0.054538680588930154,0.00026061261064263435,1.643470551966934,-0.6623503323742967,-0.12100272174755093,0.09615460795574199
21.441999999998995,-0.17708311352439168,0.4697750526957087,0.06481724710345964,0.38785386956627693,-0.41512491808292146,-0.31929111181186576,-0.07159922002470573,0.6551290645382841,0.052695699336346054,0.00010841061475453661,1.6426647885316352,-0.662391995508926,-0.11590144340387458,0.0957294207906409
21.461999999998984,-0.17697686178369113,0.4680655908787733,0.0663108057850974,0.3878933079572895,-0.420640047178896,-0.3187700912075717,-0.07488358974483236,0.6542478707043872,0.05356956568756736,-0.0004381983705283154,1.6408222287507568,-0.6626301695905975,-0.11172032942101401,0.09426223374837356
21.481999999998973,-0.17687424753419315,0.4663881811959371,0.06771077113626536,0.38792764384455114,-0.4211644099065585,-0.31804840029338954,-0.07550210884231041,0.653889128011138,0.051997528508404535,-0.0004924709079893749,1.6390433716560295,-0.6628466448964448,-0.10993243116283327,0.09429029713744416
21.50199999999896,-0.17677498011550488,0.46479120187800016,0.06899398440349644,0.38791811459594266,-0.4180770725370737,-0.3174083108688518,-0.07401876848985497,0.653999899513044,0.05190810478206542,-0.00032899126146573827,1.6394643914701303,-0.6628958512083114,-0.10975583517341325,0.09471158421827203
21.52199999999895,-0.17667931976690932,0.46330174365494725,0.07015410040989437,0.3878939047050312,-0.4127006076809299,-0.3169637634626481,-0.07043931366964572,0.6541586329533973,0.05213393432792342,-0.00019405664179456372,1.6405616525594995,-0.6628118701484934,-0.1098941005676141,0.09492040580637953
21.54199999999894,-0.17658838448584663,0.4619415794857234,0.07118392790290924,0.38787358081291334,-0.4059198203326764,-0.3168171002302879,-0.0652021135635865,0.6542506587531899,0.052372586236418134,-0.00012542929598571495,1.6416505979698162,-0.6627961129879241,-0.10991527522636099,0.09496650440481728
21.56199999999893,-0.17650486975437177,0.4607289299252196,0.07207529372060886,0.3878598584719435,-0.39833990822200055,-0.3168271492791108,-0.05897937899987443,0.6543062567334528,0.05254268511916998,-8.180805731504866e-05,1.642605606025257,-0.6627869193800286,-0.10991406695078543,0.09497468281499695
21.581999999998917,-0.17642995311634038,0.45967183848766885,0.07282797620745916,0.38785112516531495,-0.390475474828988,-0.31694359167110314,-0.05229781535067054,0.6543420159473138,0.05264186109571646,-5.443185212431011e-05,1.6433988084407811,-0.6627785966964347,-0.10991277725655349,0.0949769784460806
21.601999999998906,-0.17636415485693896,0.45877080211132554,0.07344696583113729,0.387845906957849,-0.38273684396466434,-0.3171339617187309,-0.04556735660642471,0.6543671441823367,0.05270221779286397,-3.5652281054176924e-05,1.6440440386589334,-0.6627709409669407,-0.10991178890440914,0.09497787109928174
21.621999999998895,-0.17630754862651463,0.45802053555079264,0.07394092692600059,0.3878431809512468,-0.37543174552320896,-0.3173710236662235,-0.0390991356123241,0.6543873574962755,0.05274559245994414,-2.8667073694299268e-05,1.6445452087916546,-0.6627644127247985,-0.10990874080891799,0.09497825535869586
21.641999999998884,-0.17625985285350612,0.4574114276758373,0.07432106668291634,0.38784220887306026,-0.36877551524206936,-0.3176309432452249,-0.03311747334751453,0.6544064873789165,0.05277436028360918,-3.466009501752819e-05,1.64493874303125,-0.6627585480631065,-0.10990208113736724,0.09497882349792999
21.661999999998873,-0.1762205085855349,0.45693085602068734,0.07460015894976142,0.38784251477845516,-0.36290305352020824,-0.317895495110897,-0.02777378904635687,0.6544259129057517,0.052807359009135656,-3.22136222432006e-05,1.6452206994849994,-0.6627539596526649,-0.10989430553658136,0.0949787693773082
21.68199999999886,-0.17618875986002702,0.4565643134499495,0.07479174603886198,0.3878437411909978,-0.35788298226852877,-0.31814962905213684,-0.023152850416233956,0.6544466808838109,0.05283685205311305,-3.195734039346891e-05,1.6454128140625948,-0.6627500318919228,-0.10988547938593846,0.09497876551667914
21.70199999999885,-0.1761637241314811,0.45629638208290024,0.0749094603678547,0.38784562882949675,-0.35373024674313797,-0.31838312993264134,-0.019287543652788453,0.6544689060179003,0.05286434804340717,-3.332913841337842e-05,1.6455299509096093,-0.6627466640277166,-0.10987633243636749,0.09497880308404123
21.72199999999884,-0.17614446029627404,0.4561115339752377,0.0749664864677321,0.3878479871525734,-0.3504183553524499,-0.3185894463163035,-0.016169202512649042,0.6544923022990444,0.05289214779123426,-3.486795790791858e-05,1.6455851014424858,-0.6627437222088982,-0.10986729910625039,0.09497890830185807
21.74199999999883,-0.17613002086708132,0.45599476341264045,0.0749751544665753,0.38785067150120817,-0.34789029408257605,-0.3187650444845739,-0.013758288548581734,0.6545162355674132,0.052918881484245346,-3.4711455342472265e-05,1.6455931928080654,-0.6627409669347013,-0.10985900430479484,0.09497886134662403
21.761999999998817,-0.17611949621067566,0.45593205337701165,0.07494666215642515,0.387853561423501,-0.346068417139864,-0.31890901635702984,-0.011993160352056907,0.6545401447502052,0.052944698775707025,-3.418585001952687e-05,1.6455644039404773,-0.6627383995286074,-0.1098516608884797,0.09497879894510591
21.781999999998806,-0.17611204511337253,0.45591069839760184,0.07489090231576498,0.38785654928653773,-0.3448627687927574,-0.31902229739551774,-0.01079831365935823,0.6545634907868064,0.052969446249248923,-3.340975871113186e-05,1.6455085587669027,-0.6627359571109325,-0.10984537580119072,0.09497874371457085
21.801999999998795,-0.17610691517803165,0.4559195013789459,0.07481638107501284,0.3878595404852038,-0.34417795517099564,-0.3191071596299914,-0.010091011308900963,0.6545857998778016,0.05299275499242363,-3.2579577069314535e-05,1.6454340452088305,-0.6627335959676107,-0.10984013844167327,0.09497870631870961
21.821999999998784,-0.17610345430430857,0.45594886486515246,0.07473020983306171,0.38786245252145835,-0.34391860856736084,-0.31916672113791766,-0.009786733081443257,0.6546066834664405,0.05301426310962668,-3.178604340571461e-05,1.6453480040381443,-0.6627312737019447,-0.10983592022725805,0.09497868569716801
21.841999999998773,-0.17610111440530665,0.45599079485217603,0.07463815678159137,0.3878652147685998,-0.3439935772182428,-0.3192045578238486,-0.00980330675771184,0.6546258470325854,0.05303368898609794,-3.111427324470685e-05,1.6452563163266358,-0.6627289460850534,-0.10983262804764793,0.09497868151513945
21.861999999998762,-0.17609944906944797,0.45603883897694797,0.07454474003024124,0.3878677690992076,-0.34431889795146525,-0.31922442769421144,-0.01006402982737125,0.6546430813939039,0.05305091483855915,-3.056468507617547e-05,1.6451634984183197,-0.662726597404946,-0.10983018693199899,0.09497868775216609
21.88199999999875,-0.1760981073269161,0.45608797548043595,0.07445335037101045,0.38787007003171625,-0.34481977076057674,-0.31923002969920156,-0.010499730507251816,0.6546582602463823,0.05306591745083083,-3.0127387287122546e-05,1.6450729259059398,-0.6627242236825,-0.10982850598136451,0.09497869924776951
21.90199999999874,-0.17609682461958195,0.456134469432816,0.07436639109525328,0.3878720844692477,-0.3454316542280648,-0.3192248314842864,-0.01105000378538144,0.654671333012389,0.05307872536968665,-2.9825814833939115e-05,1.6449870315313122,-0.6627218194216661,-0.10982745978688002,0.0949787136852451
21.92199999999873,-0.17609541204718246,0.45617571037527604,0.07428542455702386,0.3878737913849655,-0.3461006309615939,-0.3192119716558628,-0.011663812336623745,0.6546823116082068,0.053089441656569036,-2.9636607858868595e-05,1.6449073606806714,-0.6627193888647883,-0.10982694104392625,0.09497872867012741
21.941999999998718,-0.17609374505208789,0.45621004188872605,0.07421131855572122,0.38787518114510905,-0.3467832331372491,-0.31919419211350564,-0.012299495824657908,0.6546912611900533,0.0530982128989165,-2.952638981750512e-05,1.6448347424280023,-0.6627169392612727,-0.10982685273996023,0.09497874240002543
21.961999999998707,-0.17609175212942418,0.4562365922957622,0.0741443862064692,0.38787625442069085,-0.34744584970097886,-0.31917380715588856,-0.012924363052523357,0.6546982904651132,0.053105207644203116,-2.9472629408676503e-05,1.644769450016061,-0.6627144764993279,-0.10982710217963074,0.09497875397376919
21.981999999998695,-0.17608940406060175,0.4562551134215815,0.0740845149124658,0.3878770209364576,-0.34806384018157993,-0.31915270259832557,-0.013513990671600955,0.6547035418890688,0.053110608134630644,-2.9461149545635645e-05,1.64471133333905,-0.6627120048966582,-0.10982760349140584,0.09497876309062735
22.001999999998684,-0.17608670403246895,0.4562658322664482,0.07403128165511784,0.38787749808307154,-0.348620466207897,-0.3191323547909528,-0.014051324996358394,0.6547071825904173,0.05311460412355736,-2.9482517759169922e-05,1.644659935580771,-0.662709527522021,-0.10982827992566253,0.0949787697911475
22.021999999998673,-0.17608367885242646,0.45626931877029925,0.07398405302760606,0.3878777094467017,-0.34910573153456237,-0.31911386317131096,-0.014525673258799625,0.6547093961063385,0.053117387230470256,-2.952984717853257e-05,1.6446145939449193,-0.6627070465457735,-0.10982906518724801,0.09497877429310411
22.041999999998662,-0.1760803713629224,0.45626637141603577,0.07394206945590642,0.38787768332218214,-0.3495152034994601,-0.31909799141385947,-0.014931655326752885,0.6547103749378117,0.05311914583373076,-2.9597665305540993e-05,1.6445745241633718,-0.6627045635315028,-0.10982990393385728,0.09497877689499147
22.06199999999865,-0.17607683407904692,0.4562579212451392,0.07390451385501856,0.38787745126749457,-0.34984887218937555,-0.3190852132472546,-0.015268171682180594,0.6547103139443398,0.05312006063728308,-2.968137762680549e-05,1.64453888914132,-0.6627020796505111,-0.1098307516374162,0.09497877792093619
22.08199999999864,-0.17607312401460554,0.4562449539385482,0.07387056557077759,0.3878770467444638,-0.3501100884654888,-0.3190757598498649,-0.015537429363338373,0.6547094046123695,0.05312030100587792,-2.977703007963604e-05,1.6445068526726963,-0.6626995958225586,-0.10983157398274912,0.09497877769004659
22.10199999999863,-0.17606929862098228,0.45622844892764863,0.07383944088067787,0.3878765038784686,-0.35030460868376595,-0.319069666449088,-0.01574405501515682,0.654707830231182,0.05312002211823577,-2.9881210383954673e-05,1.6444776195665662,-0.6626971127963742,-0.10983234594973391,0.09497877649993804
22.121999999998618,-0.1760654127358779,0.4562093340194839,0.07381042159512366,0.38787585635981536,-0.3504397625892238,-0.31906681635995887,-0.015894313357414303,0.6547057619957398,0.053119362949298955,-2.9991006745641834e-05,1.6444504637808102,-0.6626946311873367,-0.10983305069991778,0.09497877461838153
22.141999999998607,-0.17606151642277243,0.4561884537185213,0.07378287343883302,0.3878751365011532,-0.3505237514984867,-0.31906698121812455,-0.015995440335012143,0.6547033560322607,0.053118445057094496,-3.0103984458159408e-05,1.6444247462871522,-0.6626921514892729,-0.10983367836594843,0.09497877227955548
22.161999999998596,-0.17605765357437975,0.4561665492751599,0.07375625592567733,0.38787437445852463,-0.35056507644798574,-0.3190698566028547,-0.016055092929085704,0.654700751314593,0.05311737211659926,-3.0218162764781214e-05,1.644399924415972,-0.662689674074343,-0.10983422482174263,0.09497876968293174
22.181999999998585,-0.1760538611525132,0.4561442484597566,0.07373012539249733,0.3878735976179755,-0.3505720903419466,-0.31907509261547995,-0.01608091198152176,0.6546980684125862,0.05311623011482338,-3.033198542784698e-05,1.64437555437331,-0.6626871991908814,-0.10983469049290318,0.09497876699372568
22.201999999998574,-0.176050168941086,0.4561220631230496,0.07370413274974834,0.387872830144793,-0.3505526641042957,-0.31908231928311,-0.016080190269256514,0.6546954089909963,0.05311508810069968,-3.0444283880345645e-05,1.6443512885076923,-0.6626847269649978,-0.1098350792505675,0.09497876434433883
22.221999999998562,-0.17604659969708705,0.4561003927346499,0.073678017358027,0.38787209268824446,-0.35051395421327214,-0.31909116690100947,-0.016059635278196854,0.654692855961019,0.05311399937171879,-3.055423430102601e-05,1.6443268687492667,-0.6626822574083526,-0.10983539741770429,0.09497876183651459
22.24199999999855,-0.17604316959517222,0.4560795322688362,0.07365159826575142,0.3878714022310958,-0.3504622575563674,-0.31910128161358753,-0.01602521447392872,0.6546904741769121,0.053113002976628715,-3.066131088017605e-05,1.6443021174647119,-0.6626797904320749,-0.10983565290488174,0.09497875954401959
22.26199999999854,-0.17603988887400204,0.4560596830124772,0.07362476385788551,0.38787077207020054,-0.350402939066302,-0.31911233666801286,-0.0159820701486099,0.6546883115670921,0.05311212541880194,-3.076523768269447e-05,1.6442769267816235,-0.6626773258653352,-0.1098358544827048,0.09497875751572642
22.28199999999853,-0.17603676260581327,0.45604096508798475,0.07359746077933586,0.38787021191211607,-0.3503404178763211,-0.3191240398612062,-0.015934490948071835,0.6546864005915538,0.05311138245624079,-3.086594127195983e-05,1.644251247246336,-0.6626748634764459,-0.1098360111903425,0.09497875577896192
22.301999999998518,-0.17600655097332263,0.4556058535526044,0.07383821981834789,0.3878590400568177,-0.3426626439129051,-0.31944249368056005,-0.01005719504611199,0.6551002182844116,0.0528317976556354,-9.504049529314306e-05,1.644877732780893,-0.6628418435750255,-0.11115013119474958,0.09579565514964714
22.321999999998507,-0.1758674069229614,0.4536136658110176,0.07508904233945167,0.38783081439042366,-0.307386431197596,-0.32150111494728534,0.023027086915437804,0.6555242615003529,0.05326859678769765,-0.00015289593072303822,1.6461710368066156,-0.6628833403584109,-0.11106159378652816,0.09601116166639628
22.341999999998496,-0.1756566614587143,0.4506736123346897,0.07690155693301906,0.38781848870224145,-0.2508022645951054,-0.32493176418583014,0.07668575230679779,0.6557370207921922,0.05360533645106027,-0.00021648723797525836,1.6478869647870193,-0.662837373800635,-0.11061210986560674,0.09600384668767234
22.361999999998485,-0.17540955920334494,0.4473611116641387,0.07887299249789176,0.38782290922819185,-0.18051043198005393,-0.3294397816401223,0.1434595750773891,0.6557685682598577,0.05369594128841154,-0.0003434290709358868,1.6497810953651046,-0.6627407326954547,-0.11031008428389677,0.09594892098770254
22.381999999998474,-0.1751548703953432,0.44409361602313385,0.08072326886844093,0.38784281101029716,-0.10308365805411833,-0.33466249285575056,0.2175300297445803,0.6554287438574983,0.05376884425199119,-0.0005517151174427432,1.6514407563228994,-0.6623601605882928,-0.10988015952208868,0.09526771682386441
22.401999999998463,-0.17491822661662068,0.44116651966803727,0.0822591812669208,0.38790806578693104,-0.02359253982345736,-0.34017767695091033,0.29353004730023846,0.6543772386447174,0.05344092890588782,0.0010205421867031724,1.6529487766088604,-0.6618142314402355,-0.10996593631300541,0.09394675311365258
22.42199999999845,-0.17471848417406227,0.4387564684844892,0.0833795196338494,0.3879455345922388,0.053703366380215854,-0.34577745200834886,0.3682663616474466,0.6540955034543674,0.052527569463851474,0.0007589845187360466,1.6541378550228965,-0.661616678891317,-0.10970229232363746,0.09438054474126983
22.44199999999844,-0.17456386012754838,0.4369344096975465,0.08406536310308031,0.38793254934567667,0.12523687704349137,-0.3512281680563263,0.4404931853229305,0.6543289170325449,0.052472426360851795,-0.0012654338998265068,1.6558794557709544,-0.661193843449488,-0.10685680592617074,0.09505914420829625
22.46199999999843,-0.17445594242712353,0.4356868128005797,0.0843592165916724,0.387916861654741,0.18836678580677454,-0.3564995138289463,0.5103406406441426,0.6543302725029028,0.05301509215913947,-5.9952323158726014e-05,1.6568188378710071,-0.660500686667212,-0.09863959174578746,0.09498378976226918
22.48199999999842,-0.17439429253335006,0.4349676502954157,0.08431374211618858,0.3879079410535677,0.24202225505912672,-0.36150891698509297,0.5779190277476778,0.654369783849361,0.05263592535323308,-6.847956718369437e-05,1.6560419169043838,-0.6598386340986521,-0.08382103454409517,0.09515509396516372
22.501999999998407,-0.174373310042495,0.43470964748631125,0.0839893225850322,0.38788660711262213,0.28601741739907754,-0.36631030118390884,0.6429044730135675,0.6546332757394964,0.05258138803144363,0.001969758161929597,1.6555037985194034,-0.6592748671157567,-0.06245477345159111,0.09559162760561037
22.521999999998396,-0.17438523789964858,0.43482955841676374,0.08345371328265137,0.3878713497776996,0.32068998728682085,-0.3709483308257208,0.7058593443298895,0.6547034797632071,0.052786485324656796,0.0007616705307479923,1.6552635437963938,-0.6587087611075584,-0.03421856451440364,0.0955673335122204
22.541999999998385,-0.17442164591187853,0.4352456597972004,0.0827674259204661,0.38786014740317826,0.3468637497797804,-0.37541152530808924,0.7668629502788445,0.6544101332670977,0.05293358581253777,-0.0033089489997404605,1.6550664468380483,-0.6579582941810219,0.00023475380338161544,0.09450569200323367
22.561999999998374,-0.1744813988126053,0.4358896822117378,0.08197345854719702,0.3878298655824481,0.36601907569445086,-0.37958936530292287,0.8240899960274514,0.6552599253560035,0.05379714199148491,0.005030510011562982,1.6552342763493333,-0.6580334187819765,0.037672269288378434,0.09612013259356211
22.581999999998363,-0.17455141764588655,0.43667816483953426,0.08113435966078968,0.38784915436153833,0.3787906163069964,-0.3834978237939193,0.8806388065280313,0.6550064763663241,0.05126051754963053,-0.0031440380711024746,1.6527362112804809,-0.6576319707156874,0.08064371784417564,0.09576911277130146
22.601999999998352,-0.17463546239168792,0.43762451728901663,0.08020339594635013,0.3877858355061832,0.38848233502476504,-0.3868087781145298,0.9287048503206423,0.6562952132817519,0.050662756113822774,0.015753102162217602,1.6512041235907247,-0.6577078419548852,0.1180181689808986,0.09752865360332297
22.62199999999834,-0.1747623800583948,0.439026065129084,0.07883999530110879,0.387748683588027,0.40374641112282894,-0.38729535658369046,0.9483933153609106,0.6571558956518174,0.05120060248271302,0.01598221327538069,1.6499283069262454,-0.657273274444542,0.12077735614976466,0.09827538726652416
22.64199999999833,-0.17490248405764305,0.4406422423137816,0.07735030899924986,0.38773036200230415,0.4150034167908666,-0.3872034948848758,0.9567015870047926,0.6576477197691543,0.051879049185927444,0.015603803493108304,1.6486828691480655,-0.6571623191561708,0.11591806627661382,0.09837296374952703
22.66199999999832,-0.17504469701085162,0.44232328383033864,0.07587885440794721,0.3877614194898032,0.42061815388668156,-0.38678265271561824,0.9600554980912561,0.6572870693477517,0.0534961170091662,0.015314119835727892,1.6470965867020775,-0.6569114190133436,0.11167534831426204,0.09714591052480007
22.681999999998308,-0.17518496174191103,0.4439875033844973,0.07448537870337418,0.3878353133775668,0.4214204542390869,-0.38597719357280696,0.960257161141727,0.6565364600676058,0.05397599398013804,0.013792909313584432,1.6455048506198118,-0.6566956805562225,0.10910413993158588,0.09605802610181433
22.701999999998296,-0.1753158722766971,0.44557144431511664,0.07321153799614945,0.3879057142580612,0.418313101486337,-0.3851656202604138,0.9593637892406242,0.6556926086773275,0.05462446422754653,0.00283818571457528,1.6442767078448137,-0.6565509205557436,0.10945261503498675,0.09504161447121046
22.721999999998285,-0.175437247180734,0.44704349496883394,0.07206636067119586,0.38798993756671996,0.41286562254419595,-0.3839709375432433,0.956628921383923,0.6545860262107329,0.05345752141555505,-0.008747715504581758,1.6423071384883157,-0.6561568605934877,0.11041235430643012,0.09397844745901936
22.741999999998274,-0.17554866423880278,0.44839191968338005,0.07104678994118925,0.3880178075552178,0.4061637234254294,-0.38253141728286366,0.950919263980645,0.65430577325858,0.053024177326452704,-0.005653490576425391,1.6415037769267422,-0.6559296169698994,0.10978895608354772,0.09439672272586075
22.761999999998263,-0.17564265695004824,0.44959675270297955,0.07016275604047671,0.38801061835019174,0.3985392672375948,-0.38147946305667363,0.9444188505878689,0.6541976080064786,0.052970839675550524,-0.0025459101545801275,1.6407815230224385,-0.6559153191170634,0.10949560330429176,0.09463893620937897
22.781999999998252,-0.17572168112811223,0.45064801869034976,0.06941575671981198,0.3879878584164069,0.3906128195927129,-0.38056960199512324,0.9375978835139207,0.6541897852641593,0.05285220389761521,-0.0011379266961503473,1.6401195931453691,-0.65590356061357,0.10937257726879324,0.09479532570187849
22.80199999999824,-0.1757868905486812,0.4515443297068914,0.06880150460864597,0.3879602713313042,0.3828145358290776,-0.3797760546849474,0.9307856072377626,0.6542121033401708,0.05278729082474591,-0.0005160418110180294,1.6395791793203436,-0.655890687598962,0.10931660098025141,0.09488356973152312
22.82199999999823,-0.17583946802183775,0.452290428432291,0.0683117920603915,0.38793344267511537,0.37545732561243894,-0.3790933799558219,0.9242629521146208,0.6542353138728422,0.05283633400482122,-0.0002332789093064864,1.6391089851344174,-0.6558843051876324,0.10928823883953931,0.09492999028284119
22.84199999999822,-0.17588068057818154,0.45289566908140594,0.06793560963131234,0.3879095580947612,0.3687582399987419,-0.37851192712717024,0.9182423788715934,0.654252310760771,0.05291780608353178,-9.49806814954164e-05,1.6387404995577552,-0.6558804411921115,0.10927032860387133,0.0949541093274048
22.861999999998208,-0.17591184580108069,0.45337258641372247,0.06766023015415977,0.38788924213511705,0.3628527677225781,-0.37802580535189845,0.9128688150224933,0.6542629816347991,0.052988698356279396,-2.628429723204707e-05,1.638469447686026,-0.6558767431882829,0.10925674216065927,0.09496635784429984
22.881999999998197,-0.1759343025675797,0.45373567380348323,0.06747210157984115,0.38787249360696047,0.3578089853022824,-0.3776303204376612,0.9082253906526392,0.6542694590017538,0.053041923289688396,7.686973954045064e-06,1.6382833976836135,-0.6558729786713675,0.1092451261396801,0.09497250694934145
22.901999999998186,-0.1759493727409807,0.4540003664482505,0.06735756378378302,0.38785907622257604,0.3536408806484508,-0.37731999375930303,0.9043434667187376,0.6542742685720508,0.05308576790730763,2.513393832769942e-05,1.6381701655458867,-0.6558696463516461,0.10923457333988244,0.09497563854983349
22.921999999998175,-0.17595832648621348,0.45418221642656975,0.06730340738331729,0.38784868361804103,0.35032072560788236,-0.37708736277450045,0.9012135256849377,0.6542793723864817,0.05312329462471308,3.397768697492721e-05,1.6381168215705981,-0.655866711715336,0.10922494820704451,0.09497722937475075
22.941999999998163,-0.17596235292434032,0.45429625326103046,0.0672972839739382,0.387841003168925,0.3477902943750868,-0.37692370324264846,0.8987950959624982,0.6542860208745194,0.05315608504434315,3.8233073204638076e-05,1.6381112071422668,-0.6558640445691856,0.10921632437813303,0.09497802672374595
22.961999999998152,-0.1759625380086105,0.4543565109805065,0.06732798853632795,0.38783573227734536,0.3459707122328261,-0.37681964056740086,0.8970258960111779,0.6542948461715051,0.053185292174114766,3.9965662727180034e-05,1.638142173491154,-0.6558615412992137,0.10920881876964725,0.09497841312365375
22.98199999999814,-0.1759598500908634,0.45437570384593884,0.06738563105038527,0.38783257813104316,0.3447708664488087,-0.376765631729579,0.895829748813699,0.6543060228723097,0.05321168891183367,4.036878669779711e-05,1.6381999234577702,-0.6558591371092121,0.10920246133136727,0.09497859392385047
23.00199999999813,-0.1759551322610609,0.4543650294252026,0.06746171672127432,0.38783125472848945,0.3440943178511373,-0.3767523600732393,0.8951232864260635,0.6543194149970382,0.05323574570697118,4.0144588542119906e-05,1.6382760594046375,-0.655856793969121,0.10919720883326459,0.09497867942089536
23.02199999999812,-0.17594910060526575,0.45433407836569584,0.06754915188306809,0.3878314819955281,0.34384479648596944,-0.37677101801387086,0.8948213836793661,0.6543346902455378,0.05325765704139183,3.9692182843925004e-05,1.6383633823564623,-0.6558544653660728,0.10919298014752667,0.09497872584844966
23.041999999998108,-0.17594234684288362,0.45429083119283514,0.06764219133536628,0.3878329872480638,0.3439303747036776,-0.37681356445389835,0.8948413668895866,0.6543514005781933,0.05327753891386823,3.919447378089383e-05,1.6384560782776556,-0.6558521268334089,0.10918969349266239,0.09497875763140204
23.061999999998097,-0.17593534488806498,0.454241721717815,0.0677363432329006,0.3878355082852661,0.3442664623995481,-0.3768728728563049,0.8951060927237245,0.6543690465646428,0.05329548060838873,3.871449783277534e-05,1.638549661697641,-0.6558497726247825,0.10918727317574242,0.09497878264566884
23.081999999998086,-0.1759284604236133,0.4541917496049554,0.06782824475028028,0.38783879659809,0.3447777776851664,-0.3769427846269264,0.8955460012024783,0.6543871275276006,0.053311513205214954,3.8341077918650005e-05,1.6386407448925995,-0.6558473873821209,0.10918559687103963,0.09497880568141351
23.101999999998075,-0.17592196202403762,0.4541446251744548,0.0679155214036072,0.38784262111844386,0.3453994120997583,-0.3770181616862797,0.8961004030790759,0.6544051671758775,0.053325686431375544,3.808942060247669e-05,1.6387269496914745,-0.6558449699914813,0.10918454941340311,0.09497882771409785
23.121999999998064,-0.17591603363611244,0.45410293310508715,0.06799663924869424,0.38784677166972603,0.3460771960837209,-0.3770948635616062,0.8967180461619221,0.6544227352582728,0.0533380747284183,3.792739467079574e-05,1.6388067758425502,-0.6558425283779689,0.1091840316425157,0.09497884778114879
23.141999999998053,-0.17591078758313625,0.4540683039800336,0.06807075762671853,0.387851061463122,0.34676750992770583,-0.37716968216730656,0.8973571131736645,0.6544394616656501,0.053348759898736664,3.782961095168702e-05,1.6388794213794036,-0.6558400697898042,0.10918394593032898,0.09497886515721535
23.16199999999804,-0.1759062773939323,0.4540415844066249,0.06813758873224182,0.38785532887731045,0.34743667245681525,-0.3772402592939696,0.897984811830415,0.6544550430526942,0.0533578335845367,3.778007184505348e-05,1.6389446365746405,-0.6558375997173793,0.1091841985001098,0.09497887954416194
23.18199999999803,-0.17590251003249596,0.45402299891320735,0.06819726822408329,0.3878594384079143,0.34806003877606145,-0.37730498798227374,0.898576665272039,0.6544692450413853,0.05336539961585694,3.776849613148739e-05,1.6390025926249716,-0.6558351220816518,0.10918470270753958,0.09497889094933429
23.20199999999802,-0.1758994571754047,0.4540122987543978,0.06825023967709982,0.3878632807683473,0.3486209167829128,-0.3773629045393527,0.8991156049818511,0.6544819011913129,0.05337157380896706,3.7787620805744596e-05,1.6390537650181403,-0.6558326395988285,0.10918538130771088,0.0949788995637936
23.22199999999801,-0.17589706528874155,0.4540088944589309,0.06829715442922075,0.387866772217239,0.3491093934928934,-0.3774135777490888,0.899590953547258,0.6544929094947227,0.053376481915596935,3.78317517553479e-05,1.6390988327800124,-0.6558301541342725,0.1091861677090343,0.09497890567712675
23.241999999997997,-0.1758952643572655,0.45401197039521735,0.06833878735592022,0.387869853226239,0.3495211443762189,-0.37745700069076354,0.899997368623386,0.6545022270099616,0.05338025654403434,3.789607382828073e-05,1.6391385940084806,-0.6558276669938264,0.1091870064142419,0.09497890962276673
23.261999999997986,-0.17589397520735475,0.45402058080473334,0.06837596830084632,0.3878724866156635,0.34985628213911546,-0.37749348932424903,0.9003338040578108,0.6545098631725985,0.053383033647697115,3.797635502363771e-05,1.6391738973330774,-0.6558251791370592,0.1091878528422375,0.09497891174430645
23.281999999997975,-0.17589311543887695,0.45403372767406397,0.0684095282900672,0.3878746552874416,0.3501182861479463,-0.37752359078623465,0.900602529950915,0.6545158722672372,0.05338494899198235,3.806883787187241e-05,1.639205588354465,-0.6558226913155442,0.10918867269824456,0.09497891237541106
23.301999999997964,-0.1758926040385501,0.4540504215032228,0.06844025923631362,0.3878763596804505,0.3503130402893965,-0.37754800323775495,0.9008082408053454,0.6545203454871619,0.05338613488119709,3.817021023502281e-05,1.6392344697093533,-0.6558202041497206,0.10918944103427558,0.09497891182824109
23.321999999997953,-0.17589236478884587,0.4540697265065603,0.06846888557397232,0.3878776150650208,0.3504479956379629,-0.37756750814856893,0.9009572700403218,0.6545234029482556,0.053386717331202975,3.8277602219208826e-05,1.6392612731513094,-0.6558177181620684,0.10919014111866643,0.09497891038705297
23.34199999999794,-0.17589232861329798,0.4540907920818715,0.06849604612983523,0.38787844878246197,0.3505314648915988,-0.37758291512015446,0.9010569200720814,0.6545251859587828,0.053386813795948715,3.838858454799594e-05,1.6392866419115033,-0.6558152337839865,0.10919076321184962,0.09497890830489619
23.36199999999793,-0.17589243501312404,0.45411287253282584,0.06852228450367838,0.3878788975227103,0.35057204807084297,-0.3775950187416133,0.901114909857204,0.6545258497807652,0.05338653149216429,3.85011584794434e-05,1.6393111215808949,-0.6558127513507127,0.10919130332564121,0.09497890580220139
23.38199999999792,-0.1758926327535831,0.45413533705863385,0.06854804628304866,0.3878790047192409,0.3505781833196605,-0.3776045665341151,0.9011389361580773,0.6545255570553237,0.0533859663152634,3.8613734719274e-05,1.6393351578131767,-0.6558102710944168,0.10919176202513167,0.0949789030665942
23.40199999999791,-0.1758928799538002,0.4541576719602486,0.06857368152674172,0.38787881812575614,0.350557812614059,-0.3776122367530044,0.901136340668042,0.6545244720064641,0.053385202301178554,3.872510227714411e-05,1.6393590992646554,-0.655807793141457,0.10919214331606306,0.09497890025359261
23.421999999997897,-0.17589314372312181,0.45417947687929167,0.06859945110245447,0.3878783876243617,0.35051814956616795,-0.3776186246602274,0.9011138723461856,0.6545227554872796,0.053384311563220814,3.883438967906286e-05,1.6393832043439984,-0.655805317516284,0.10919245364643457,0.09497889748802009
23.441999999997886,-0.17589339947241348,0.45420045670622544,0.06862553563982174,0.38787776330047274,0.35046553508393385,-0.37762423582889537,0.9010775326615726,0.6545205608902956,0.05338335461905587,3.894102135773806e-05,1.6394076505255157,-0.6558028441519946,0.10919270103911333,0.09497889486601958
23.461999999997875,-0.17589363001177769,0.4542204105868515,0.06865204604709227,0.3878769938060021,0.3504053661878343,-0.37762948507230715,0.9010324907342385,0.6545180309097746,0.05338238101866729,3.904467191972458e-05,1.6394325451707283,-0.6558003729060372,0.10919289436241054,0.0949788924575711
23.481999999997864,-0.17589382452833727,0.45423921923653793,0.06867903472733976,0.38787612501984803,0.3503420835844248,-0.37763469967913355,0.9009830553923587,0.6545152951176332,0.05338143018746661,3.914522061247893e-05,1.639457936993919,-0.6557979035789135,0.10919304273780348,0.09497889030939344
23.501999999997853,-0.17592408948713834,0.4546558609143297,0.06845879186209551,0.3878676085802223,0.3421557557073314,-0.37723807788512553,0.8963924645059296,0.6547889914446732,0.05290441117569859,6.817120920955887e-05,1.6388181988935273,-0.6559201841768342,0.11231707938311605,0.09549280509377787
23.521999999997842,-0.17606875405849892,0.4566356631585227,0.06721792060820181,0.38784881377519104,0.3069779977521116,-0.37458764926733595,0.8636380041286604,0.6550636549069649,0.0531186182677572,0.00011401954334911426,1.6376056343398988,-0.6559506810012242,0.11243920143651631,0.09558590721304777
23.54199999999783,-0.17627770451835453,0.4595718428478368,0.06540766334326865,0.38784014559808383,0.25068018946932363,-0.37033616401467445,0.8097551026364872,0.6551950655017976,0.05334435153458997,0.00017644032988811738,1.6359448316900178,-0.6559108521082035,0.11143812883790978,0.09556523293415763
23.56199999999782,-0.17650346320765864,0.46288287288535046,0.06343935837879243,0.38784350306129217,0.18057194933893922,-0.365300774041389,0.7427854082092477,0.6551851389869423,0.05337441162236517,0.00026964136489049704,1.6340880199286176,-0.6558194578827241,0.11073668175965998,0.09552186896313504
23.58199999999781,-0.17671543172322923,0.46615126947925273,0.06159265614058672,0.38785965745477496,0.1032522066987878,-0.3599514898668175,0.6685387621174866,0.6548505143522947,0.05354107966922042,0.00040702322016870495,1.6324118985727474,-0.655467267277327,0.1100303741089877,0.0949312908560215
23.601999999997798,-0.17689671490245845,0.46908477209343497,0.060056365956631906,0.38790382129154105,0.023880507492993638,-0.3546762844992553,0.5920599993472009,0.6541150740500398,0.053351590850238155,0.00033981625082486945,1.6305357424961755,-0.6550602614823612,0.10954339283778958,0.09408228606422928
23.621999999997787,-0.17704127628053157,0.47149872759163575,0.05893922707157049,0.3879317759104838,-0.053443678239657455,-0.34958263736084927,0.5172083378204964,0.653896859140231,0.0525155816723369,0.00023334148426038158,1.629348836620098,-0.6547687545183364,0.10923748533705319,0.09443882932528333
23.641999999997775,-0.17714942736209363,0.47332627619806783,0.058254224835669215,0.38791822567933465,-0.12495958828530503,-0.34441430126481376,0.44486068563961007,0.6540041168026226,0.053029874434717315,-3.846650615984146e-05,1.6286699445027637,-0.6538858686187666,0.10628065927721095,0.09467904729764805
23.661999999997764,-0.1772256156295798,0.4745765797627957,0.057963372099091914,0.38789632985394285,-0.1881609915737576,-0.3390510455599295,0.3749257310018785,0.6542126509948253,0.05320805689401393,-0.0006163172244297617,1.6299746449474044,-0.6525629820874361,0.09805219315228138,0.09495145695594608
23.681999999997753,-0.17727474095412274,0.4752964002477683,0.05801223286852902,0.38787293796936173,-0.24189361958663036,-0.3334409351656253,0.30749064883615257,0.6545134195705894,0.05273653846315104,-0.0022432609859238343,1.6317489700395083,-0.6508710214704718,0.08342462628840124,0.0953590673030919
23.701999999997742,-0.1773010302374693,0.4755584138114555,0.058334643766089725,0.3878616040160646,-0.2858719466608536,-0.32763742261513173,0.24222474774421232,0.6546178875924303,0.05242668809236098,-0.00236983530731532,1.6335334435853726,-0.648867688004998,0.06170002405949246,0.0954474755516285
23.72199999999773,-0.1773101215387693,0.47544300412416474,0.058866558320049125,0.38786769777694224,-0.3205947611575981,-0.3215470256817641,0.17910222215018368,0.6546642048489095,0.050984085968867596,0.0009878372094502955,1.6367659805382246,-0.646680006711061,0.033253108789284155,0.095781963195773
23.74199999999772,-0.17730331424955684,0.47502443141135264,0.059555235690884285,0.3878267316694707,-0.34694418659864007,-0.31555811538077627,0.11897869190624959,0.6550197964779428,0.05444961969877787,-0.002860716230118302,1.6347574544847323,-0.6442498492996442,-0.00024139252879954587,0.09577805002289291
23.76199999999771,-0.17728963109909868,0.47439073381483704,0.06033580310696537,0.38784508279104,-0.3660048547880819,-0.30904758725616543,0.06086459513133964,0.6552553196948315,0.05293812443360207,-0.0014569002614248548,1.6378643414005944,-0.6417884743010724,-0.03882391044144227,0.09678581540431383
23.781999999997698,-0.17726402980954886,0.47360284657346924,0.06117097954238087,0.3878206251119435,-0.37878098232963897,-0.3025791871856977,0.005043438877186739,0.655083895010675,0.055042358608925326,-0.0027939382161870597,1.6373460556854038,-0.6385547779121046,-0.08124117895350964,0.09561404048769508
23.801999999997687,-0.17722627408760064,0.4726500201874666,0.0621080263916767,0.38785520294424036,-0.3888177864234312,-0.29699079870504536,-0.04391467136399983,0.6552918541888755,0.04930781993919113,0.004351285485096982,1.6377117587425465,-0.6370355421103183,-0.1193173681727464,0.09726335962116166
23.821999999997676,-0.17714178121985938,0.47121909428046593,0.06349985329988622,0.3877976412112571,-0.4042608816806641,-0.2956117565048673,-0.06271557499118782,0.6563769457636673,0.05041992587255432,0.003861246389963651,1.6344885233951008,-0.6377431933988603,-0.12107990375615332,0.09873167554794327
23.841999999997665,-0.17704457615179195,0.469598113988998,0.06498964842500511,0.38776670030804217,-0.4152843298727588,-0.2946283343222757,-0.07109061909418872,0.6568703533987047,0.051443690394022,0.0035142210656706223,1.6355074386662476,-0.6378307444793518,-0.11662661497097118,0.09861400059672362
23.861999999997654,-0.17694088884773043,0.4679159759015688,0.0664584344003507,0.38779023326781226,-0.42074000925426674,-0.2939403767096311,-0.07447796916083227,0.6563817755372617,0.05236467309922266,0.003234401792495657,1.6368414941481206,-0.6376846617171802,-0.11268669429253181,0.09703448852413386
23.881999999997642,-0.17683695590242868,0.4662476968601536,0.06785344677498335,0.38789228609112475,-0.42155937963400836,-0.29358488980815756,-0.07405216546123906,0.6546236027466683,0.056595352833570985,-0.0009865611192632908,1.6403083208179325,-0.6375353554232691,-0.10958149278806584,0.09410771290369407
23.90199999999763,-0.17674262489653264,0.4646633567498473,0.06912376480661121,0.38800356686343757,-0.4185531987557964,-0.2925785718570856,-0.07184021333826733,0.6533435838821366,0.053875950666259186,-0.00209164514307684,1.639856348165221,-0.6372301625700499,-0.10866850723264443,0.0932811306989701
23.92199999999762,-0.17665260465591145,0.4631888354704202,0.07026678349977418,0.3880327301309382,-0.4130894709521568,-0.2918946700569028,-0.06797917615564311,0.6530849133157314,0.05291521117439013,-0.0013382938568920416,1.6408844698257512,-0.6372422423468417,-0.10867675282268918,0.09391112414362655
23.94199999999761,-0.17656528474158215,0.4618423688751141,0.07128073066271877,0.3880094612666499,-0.40617641379887864,-0.2916216418171193,-0.06259868643119935,0.6531664574418842,0.05279928181535897,-0.0007215903839269882,1.641917774803515,-0.6372700226196817,-0.10873852018794039,0.09441764798099223
23.961999999997598,-0.17648362543261756,0.4606415178732292,0.07215861884178795,0.38797017761075375,-0.39847748231217267,-0.2916148354498749,-0.056259315172476926,0.6533188688474356,0.05299210301524725,-0.00037262662675324846,1.6428129866131276,-0.6372839520163022,-0.10877771633362804,0.09469794840210118
23.981999999997587,-0.1764098096905319,0.4595951027411241,0.07289933892572632,0.3879320109758781,-0.3905162046619608,-0.2917593639901589,-0.049472084146004645,0.653452557150719,0.0532260495496556,-0.00020280554002305762,1.6435678868878076,-0.6372869261850659,-0.10879744951595312,0.09483825324308286
24.001999999997576,-0.17634490526441596,0.45870404068662973,0.0735073560131085,0.3879004907985145,-0.3827017283368506,-0.2919866288494748,-0.042649645758441684,0.653549133357566,0.053414695576364704,-0.00012194540819619521,1.644186452870024,-0.637284442055081,-0.10880521361161527,0.09490782134841694
24.021999999997565,-0.1762891836675122,0.45796314328364934,0.07399119032497649,0.3878762607599379,-0.37533929304245056,-0.29225608305287176,-0.03610627000505546,0.653613208295763,0.05354848941030562,-8.706483409833058e-05,1.6446840043509394,-0.6372800833376825,-0.10880559540070407,0.09494293719670391
24.041999999997554,-0.17624240812976444,0.4573627673775706,0.07436206132410254,0.38785841379034386,-0.3686418167577659,-0.292541495836281,-0.030067869832566752,0.6536544368373939,0.053647029695765715,-7.159609311801404e-05,1.645056242608297,-0.6372757383901089,-0.10880149311345587,0.09496087295101475
24.061999999997543,-0.1762040088265675,0.4568902120980141,0.07463280801123816,0.38784573904849534,-0.36274253381683824,-0.2928249799059091,-0.024683077380892492,0.6536817921963427,0.0537348241068363,-6.054656962040957e-05,1.645320253726059,-0.6372726825889397,-0.1087945102563119,0.09497006555464747
24.08199999999753,-0.17617320452986812,0.4565309185209137,0.07481700442581476,0.38783715843081773,-0.35770780354362414,-0.29309155009150784,-0.020035880814243488,0.6537017702594178,0.05379254474657102,-4.839546546230054e-05,1.64550562158019,-0.6372691098835661,-0.10878648460260157,0.09497445759595036
24.10199999999752,-0.17614908901037368,0.45626943771680084,0.07492829053908946,0.3878318041605114,-0.3535504695099035,-0.29333303928194865,-0.01615650111348865,0.6537188886302371,0.05383431940270298,-4.275335153347562e-05,1.6456174989617691,-0.6372658267932831,-0.1087777517975786,0.09497673227986908
24.12199999999751,-0.17613070279226317,0.4560902407997967,0.0749798248530421,0.3878290023095716,-0.3502419766450458,-0.2935442596061196,-0.013034289717483173,0.6537357529795298,0.05386774863229955,-4.042250829597622e-05,1.6456691360396343,-0.6372628744915726,-0.10876906731405891,0.09497791485985144
24.1419999999975,-0.1761170880262089,0.4559783425463937,0.07498388844533431,0.3878282326782753,-0.3477234687569524,-0.29372271282440626,-0.010627489553892817,0.6537536096114374,0.05389673670276163,-3.9004657990645464e-05,1.6456733357448967,-0.6372601615331415,-0.10876094716564996,0.09497850084436273
24.161999999997487,-0.17610732946313795,0.4559197649941178,0.07495161119875494,0.3878290790644153,-0.3459155773446636,-0.29386813327137734,-0.008872550665482924,0.6537728663825514,0.053922993221682675,-3.7827976620057484e-05,1.6456412990944858,-0.6372576186105094,-0.10875370699567131,0.09497877681450109
24.181999999997476,-0.17610058444248955,0.4559018557799017,0.07489280541831286,0.38783119428248153,-0.3447268056531842,-0.29398193725115407,-0.007692213562299594,0.653793425714213,0.0539472751515321,-3.6706705670144366e-05,1.6455828417297729,-0.6372551853080326,-0.10874752290809658,0.0949788953810286
24.201999999997465,-0.17609610211465174,0.45591347949834005,0.07481589086011861,0.38783427825065964,-0.34406045581234346,-0.2940667269885508,-0.007002168138425053,0.6538149212466275,0.05396987011740923,-3.572348555905973e-05,1.6455062609245905,-0.6372528096237148,-0.10874238412498648,0.09497894669488512
24.221999999997454,-0.1760932336623782,0.4559451048994794,0.07472789135096088,0.3878380659270592,-0.34382008714009826,-0.29412585207805064,-0.006716535169825727,0.6538368616584873,0.053990773524953996,-3.4932056512624716e-05,1.64541867454878,-0.637250441225859,-0.10873822123229746,0.09497897632699229
24.241999999997443,-0.17609143510053415,0.4559888064270618,0.07463448887325395,0.3878423217339398,-0.34391367090748626,-0.2941630745390649,-0.006752083294464796,0.6538587183919718,0.05400992319101815,-3.430219162224196e-05,1.645325827566363,-0.6372480579782551,-0.10873497495059277,0.09497900006124055
24.261999999997432,-0.17609026468629246,0.4560381994568945,0.07454011985591116,0.38784683720052027,-0.34425658100497497,-0.2941822778601214,-0.007031267350423467,0.6538799876121532,0.054027257905080436,-3.379195197845496e-05,1.6452321657017144,-0.6372456561279277,-0.10873257769633643,0.09497902137163158
24.28199999999742,-0.1760893763585308,0.4560883271528394,0.07444809986556555,0.38785142988410126,-0.34477354991283393,-0.2941872344957968,-0.007484262453348708,0.6539002282739378,0.05404270813381145,-3.342416909921717e-05,1.64514105582987,-0.6372432268823031,-0.10873091127216777,0.09497904263574619
24.30199999999741,-0.1760885102941613,0.45613551569349836,0.0743607640872453,0.3878559434644827,-0.3453997209256934,-0.2941814670854612,-0.008050236652345446,0.6539190748256947,0.05405625971293434,-3.317991581547242e-05,1.6450548378053753,-0.6372407717284968,-0.10872986788937472,0.09497906344697862
24.3219999999974,-0.17608748208331848,0.45617721066385764,0.07427961485883468,0.38786024793350604,-0.34608100619578785,-0.2941681452504014,-0.008677888501555776,0.6539362446241401,0.05406794684434235,-3.302236333926507e-05,1.6449749864898249,-0.6372382976235437,-0.1087293497045036,0.0949790824405137
24.341999999997388,-0.17608617131228171,0.45621180591046606,0.07420546831301505,0.38786423922725877,-0.3467738873153021,-0.29415002351213226,-0.009325427318605613,0.6539515387379613,0.05407783615862816,-3.2926555315958476e-05,1.64490228643702,-0.6372358106209186,-0.10872925951462531,0.09497909877387509
24.361999999997376,-0.17608451019972798,0.45623847395913736,0.07413859406137853,0.38786783842393396,-0.3474447960247232,-0.29412941753147365,-0.009960145234603432,0.6539648374461029,0.05408602293526114,-3.287730728096923e-05,1.6448369760804211,-0.6372333151878022,-0.10872950396160133,0.0949791121223432
24.381999999997365,-0.1760824728085089,0.456257004726512,0.07407884376127469,0.3878709904303953,-0.3480692054272935,-0.294108206733954,-0.010557691074971834,0.6539760931176267,0.05409262699345843,-3.2864928200614943e-05,1.6447788779270103,-0.6372308143951824,-0.10872999687650162,0.09497912250000043
24.401999999997354,-0.1760800651683371,0.4562676573506551,0.07402576581757073,0.3878736621775545,-0.3486305411957908,-0.2940878558376093,-0.011101148772979848,0.6539853215827109,0.05409778732537632,-3.28825445065246e-05,1.6447275141796303,-0.6372283102562222,-0.10873066151678348,0.09497913011639975
24.421999999997343,-0.17607731651032424,0.45627102827441046,0.07397870470533197,0.38787584041539963,-0.34911900372727167,-0.29406944937849816,-0.011580007785111219,0.6539925926608224,0.054101656159472,-3.292472256964166e-05,1.644682206567911,-0.6372258040607528,-0.10873143178916939,0.0949791352819253
24.441999999997332,-0.17607427171115037,0.4562679372836398,0.07393688441122222,0.38787752922118035,-0.34953037434846074,-0.29405373443192234,-0.011989096868476873,0.6539980203311506,0.05410439304958816,-3.2986827105755155e-05,1.64464215999537,-0.6372232966523341,-0.10873225266815695,0.0949791383488148
24.46199999999732,-0.17607098496657914,0.4562593320346985,0.07389947628572771,0.3878787473351816,-0.34986486189654964,-0.29404116766949123,-0.012327537105915993,0.654001752934146,0.05410615936989541,-3.3064753081116016e-05,1.6446065303721162,-0.6372207886292602,-0.10873308000311199,0.09497913967564506
24.48199999999731,-0.17606751465675594,0.45624621069036325,0.07386565219178609,0.38787952543002985,-0.35012603075575593,-0.29403196370983514,-0.012597755823889901,0.6540039637263307,0.05410711344923829,-3.3154832895998415e-05,1.6445744775807194,-0.6372182804711087,-0.10873387987968157,0.0949791396066633
24.5019999999973,-0.17606391932542811,0.4562295616009458,0.07383462425005774,0.38787990340694367,-0.3503198380216339,-0.2940261424256772,-0.012804590381354399,0.6540048420514835,0.054107406483684936,-3.325381677302639e-05,1.6445452049263793,-0.6372157726039615,-0.1087346276761271,0.09497913846026429
24.521999999997288,-0.17606025466856415,0.456210318491982,0.07380567274156385,0.38787992779823843,-0.350453796044308,-0.294023573474761,-0.012954499896569101,0.6540045853322803,0.054107179296979044,-3.3358876096735063e-05,1.6445179866738853,-0.6372132654220776,-0.10873530693217315,0.0949791365229505
24.541999999997277,-0.17605657141204517,0.4561893293231966,0.07377816386020751,0.38787964934091457,-0.35053626719633696,-0.29402401683919754,-0.01305489388403213,0.6540033920269276,0.054106559962343405,-3.3467606565837315e-05,1.6444921853977945,-0.637210759283636,-0.10873590812664687,0.09497913404654472
24.561999999997266,-0.17605291395084738,0.4561673368359201,0.07375155903572497,0.38787912077188214,-0.35057589025320685,-0.294027158597169,-0.01311357946170791,0.6540014556375621,0.054105662252086954,-3.3578021948430896e-05,1.64446726089327,-0.6372082544951178,-0.10873642744042322,0.09497913124734766
24.581999999997254,-0.1760493196215503,0.45614496877884353,0.07372541749532914,0.3878783948816228,-0.35058113212721953,-0.29403264151983,-0.013138323155216874,0.6539989598041961,0.05410458484401966,-3.3688536202928657e-05,1.6444427723364825,-0.6372057512946808,-0.10873686556315973,0.09497912830652766
24.601999999997243,-0.17604581848452128,0.4561227358676642,0.07369939362099974,0.3878775228501,-0.3505599546746051,-0.29404009038979073,-0.013136519217303707,0.6539960744721767,0.05410341118681222,-3.3797935040868465e-05,1.644418375266659,-0.637203249840638,-0.10873722658619833,0.09497912537138047
24.621999999997232,-0.17604243350042414,0.4561010356679629,0.0736732305078109,0.3878765528767118,-0.3505195836892271,-0.29404913217976975,-0.013114953613679536,0.6539929530839136,0.05410220991048907,-3.390533939640885e-05,1.644393814805515,-0.6372007502076348,-0.1087375170099814,0.09497912255726676
24.64199999999722,-0.17603918099664345,0.4560801607706686,0.07364675095290693,0.38787552910523326,-0.350466365780819,-0.2940594114147411,-0.013079651201057071,0.6539897307174628,0.05410103566249303,-3.401016365215807e-05,1.6443689163498825,-0.6371982523905632,-0.10873774488244642,0.09497911995010852
24.66199999999721,-0.17603607133183133,0.456060309836976,0.07361984691802445,0.3878744908352181,-0.35040569838876257,-0.2940706011726346,-0.013035792937962322,0.6539865230750237,0.05409993025262684,-3.411207134723938e-05,1.6443435747833786,-0.6371957563147088,-0.10873791907511915,0.09497911760933075
24.6819999999972,-0.1760331096802383,0.45604160030909463,0.07359246832143376,0.387873472003348,-0.3503420184920295,-0.29408241026265225,-0.012987690028680676,0.6539834262125926,0.05409892399954163,-3.4210930722667e-05,1.6443177430631475,-0.6371932618499513,-0.1087380486959339,0.09497911557113947
24.701999999997188,-0.1760175052324763,0.45584069899424284,0.07366963226333254,0.3878738124277094,-0.3457330287928892,-0.2941847251479995,-0.01183272522186377,0.6538414134918737,0.05537883101563783,4.0155669175688844e-05,1.6435981945859455,-0.6371427106584591,-0.11197442375329976,0.09460728214762026
24.721999999997177,-0.17595263429594013,0.4548611842116934,0.07425689098971752,0.3878775729850817,-0.32816141449407504,-0.29477424549840076,0.004177314306229828,0.6539594395875145,0.054635943887861416,0.00010006091686604476,1.644469958169937,-0.6368860695288069,-0.11246525458708195,0.09493294783352696
24.741999999997166,-0.17585122291557542,0.45339268113904296,0.07514018539582483,0.3878637384200015,-0.3003089843929154,-0.29621340463040846,0.031560100569511786,0.6541366874026271,0.05364588878362475,-3.7818740420478357e-05,1.6459202111718176,-0.636661789848886,-0.11129778444150136,0.09516175884306026
24.761999999997155,-0.17573243876565303,0.4517366874502473,0.07610144838732497,0.3878591659716842,-0.2654297616475566,-0.29837609251861974,0.06536527815670132,0.6540953398690595,0.05433330994964722,-5.5445931527565894e-05,1.6471652738484368,-0.6365772339101933,-0.11049901255755099,0.09498776299235892
24.781999999997144,-0.1756116574922451,0.4501017677555125,0.07700145021176057,0.3878734878965837,-0.22684139909633702,-0.30087783078380265,0.1027182406136848,0.6537954905705341,0.054052966600608876,-8.045804798190711e-05,1.6478169897085702,-0.6364743854357773,-0.10987663160595701,0.09456110972487167
24.801999999997133,-0.17550173163999383,0.4486378228471577,0.07774224765236087,0.38788465471026917,-0.18709203047001877,-0.3034888918790998,0.14088469907612872,0.6536955340781762,0.05379195331843077,-6.686262086228079e-05,1.6484884489589353,-0.6364483953483667,-0.10979156386633773,0.09466710579458548
24.82199999999712,-0.1754082330100705,0.44743111173134287,0.0782767749888192,0.3878846734011613,-0.14837507801688044,-0.30618752000578925,0.1782369057365601,0.6536903312045699,0.05373649131574485,-6.369736338699616e-05,1.6490086400825106,-0.6364360884781962,-0.10976830849447172,0.09480583356909074
24.84199999999711,-0.17533632870892163,0.44652714982836844,0.07858480568430141,0.3878790441082725,-0.11225137635865175,-0.3087904371639195,0.2135187974081709,0.6537603239076514,0.053701349221163826,-9.447255597609917e-05,1.6493184002393413,-0.6363845408920102,-0.10956119219580304,0.09498380710343239
24.8619999999971,-0.1752866227512126,0.44592522077689817,0.07868295974781339,0.3878867654735199,-0.08008483254838769,-0.31120482678967615,0.24673316337748788,0.653470300773176,0.052888522348154256,-0.00011412009351019894,1.6489112981461624,-0.6361095620903474,-0.10780752798236093,0.09450008872996223
24.88199999999709,-0.17526012750273895,0.4456110522808392,0.07858971843108893,0.38787742485543253,-0.05239423259040102,-0.31352907977596156,0.2773662825093277,0.6535968751398633,0.0541217559689281,0.00012678924736359,1.6487958555235747,-0.6360565077757667,-0.10447590018287287,0.0947541669373048
24.901999999997077,-0.1752539324533926,0.44554720019102706,0.07834091001687635,0.38787087976174706,-0.02947545114103048,-0.315545035705238,0.30566313200726725,0.6537664772061649,0.053817143108220195,0.00028500726932630436,1.646222601325715,-0.6359101666908843,-0.09900028730210167,0.09515802200689619
24.921999999997066,-0.17526402962709972,0.4456919351332381,0.07797132301130001,0.38786798791431404,-0.011233254652229508,-0.31734037994194086,0.3316962499644665,0.6537994643163529,0.05311043378368081,0.0007318019294660376,1.644299821111751,-0.6356442812488373,-0.09134942640134198,0.09525233457363003
24.941999999997055,-0.1752868800462844,0.4460037089498167,0.0775122729479659,0.38786272038771447,0.0027201258968061644,-0.3189567042623675,0.355640002350666,0.6537379192559835,0.05260060873097282,-0.0019163486658318701,1.642474619414657,-0.6352553097101469,-0.08168748224730046,0.09498764901615948
24.961999999997044,-0.17532046447448024,0.44644411843834286,0.07699005339413066,0.3878575831685041,0.012962406159186807,-0.3204258720637116,0.37693563987716694,0.6537875858361477,0.053512891498310906,-0.0006904129722968569,1.6418888256180044,-0.6350209673719918,-0.07110434207952507,0.09500431489437128
24.981999999997033,-0.1753601741592236,0.44697389614404465,0.07643284936612785,0.38785559575903833,0.019968815583317798,-0.3216950053255551,0.39606295702883954,0.6535758657990095,0.05437615445880451,0.0003933987352356142,1.6411079797531882,-0.634590282536924,-0.05955721565632948,0.09435298101552167
25.00199999999702,-0.17540670968790076,0.4475672112971491,0.07585387928077209,0.38785000507833384,0.024524121459846882,-0.3226771162556433,0.41267047911755145,0.6538444956719907,0.05434507706453702,-0.00010255436336582287,1.639309227210104,-0.6344121660862047,-0.048160185111598836,0.09491142478065194
25.02199999999701,-0.17545512026687293,0.4481927299305454,0.07527559946701151,0.38785472299163043,0.02698435788830862,-0.3234654397727561,0.42682040274072497,0.6538186533284606,0.05466901258298296,0.004206874403231295,1.6377978935455542,-0.6341212015156207,-0.03716511503366199,0.09490007626230022
25.041999999997,-0.17550522071295746,0.44883267273096117,0.0747063693946885,0.38786212587949814,0.027947848327053118,-0.3240091613391275,0.43911893475648156,0.6538808803905938,0.05390518201442642,-0.0002771698524116114,1.635376809554372,-0.6338443754595858,-0.026550618916654785,0.09521427324625047
25.06199999999699,-0.17555432226927614,0.4494711984019176,0.07415528780901053,0.38786170381802015,0.0277847226047906,-0.32440176078112226,0.448835596657262,0.6538594415030744,0.054387565267891985,0.00012809671826289254,1.6340418847600446,-0.6334724075932594,-0.017390866316069994,0.0951130623078358
25.081999999996977,-0.17560214669179913,0.45009693542749446,0.07362782373755988,0.3878641135711017,0.026858491377736434,-0.32452480909209613,0.45625413678236254,0.653739543629763,0.05376100701026631,0.001045757047516734,1.631463711474383,-0.632959685167282,-0.009763024376584342,0.09480622974512731
25.101999999996966,-0.17564894420738264,0.4507041115802026,0.07312489837237611,0.3878663123915067,0.025505112196150682,-0.32454358285899143,0.4613856107168838,0.6537339117135489,0.05451801055414777,0.0003918810426314232,1.6290211482645236,-0.6326146455194446,-0.003973954142976896,0.09482549749809147
25.121999999996955,-0.17569396759487182,0.4512878970971669,0.07264812134099194,0.38786957784058124,0.023932812214617995,-0.3242907007680848,0.46405836824986096,0.6537403970690833,0.05404146550252049,0.00211356740068527,1.6257001792112131,-0.6321996865309454,-0.0004102457007530841,0.09490459633724842
25.141999999996944,-0.17573673358312028,0.4518462954648041,0.07219738225370463,0.3878722431646982,0.02227916866327134,-0.32391797175245424,0.46462502718873183,0.6537148685013457,0.054168746504264294,0.0010007506142154536,1.623974081914461,-0.6318024120566911,0.001155279036506661,0.09491394829871225
25.161999999996933,-0.17577422986656507,0.45236947094451047,0.0717823884136507,0.387871994806482,0.020389071069360182,-0.32371519818332417,0.46355499275078427,0.6537184737515916,0.054136761256314704,0.0009089261096222212,1.623412237532996,-0.6317116543336759,0.0013780837083593941,0.09497624657832895
25.181999999996922,-0.17580703573472709,0.4528431499867387,0.07141616542286143,0.3878722264705606,0.0181188409416544,-0.3235682286456698,0.4618417001532892,0.6537155973889612,0.05414777268393923,0.0009946387330346065,1.623035081082991,-0.6316988255729791,0.0014003414181951238,0.09497914715923925
25.20199999999691,-0.1758356688527434,0.45326225790182306,0.0711009023759222,0.38787199924155974,0.01561447264384012,-0.3234147146651817,0.45981267914272433,0.6537228309593169,0.054157749161968194,0.0010217659023216005,1.6227188720551093,-0.6316945123860416,0.0014035628898668995,0.09498090064053699
25.2219999999969,-0.17586019900685584,0.4536254595668467,0.07083555231506834,0.3878712968661131,0.013035230046377721,-0.32325677987192347,0.4576429230329148,0.6537348701721494,0.054174811832212046,0.001031844708897767,1.6224534465256564,-0.6316911700446837,0.0014043473515976332,0.09498203637521627
25.24199999999689,-0.175880771390317,0.45393368904651193,0.07061752033952698,0.38787048763355403,0.01051023013045853,-0.32310096777757763,0.45546407883209006,0.6537480005972144,0.05419500605315425,0.001036644108716796,1.6222356257284007,-0.6316881283554858,0.0014040319159523001,0.09498266072729178
25.261999999996878,-0.1758976241461192,0.45418957164904705,0.07044317988736086,0.38786980198904947,0.008136008423335736,-0.32295292953243565,0.45337594014891014,0.6537604461719538,0.054214762701329654,0.0010392765952867843,1.622061736143131,-0.6316852936305865,0.001402856070104451,0.09498298519426576
25.281999999996867,-0.1759110661200419,0.4543969737311976,0.0703082212672231,0.38786932939571256,0.005979643977702095,-0.3228169089276718,0.45145018773837386,0.6537714954955652,0.05423234431401172,0.0010408274292545308,1.6219274184608927,-0.6316826181960927,0.0014010314369333962,0.09498314847370917
25.301999999996855,-0.17592145272505225,0.4545606012511297,0.07020794745515871,0.38786907835428297,0.0040827834487853895,-0.32269575180070587,0.44973400622089005,0.6537809672528404,0.054247191025577755,0.0010417748558680363,1.6218279151514987,-0.6316800632245071,0.0013987709215508154,0.0949832280521497
25.321999999996844,-0.1759291641792897,0.45468564791340454,0.07013752424550691,0.3878690194540389,0.0024658580000222617,-0.32259104909049835,0.4482538906828117,0.6537889227793086,0.05425933693505033,0.0010423617083702716,1.6217583330706962,-0.6316775960546314,0.0013962679672319261,0.09498326520673556
25.341999999996833,-0.17593458704149165,0.45477749744551066,0.0700921841133704,0.3878691095534976,0.0011322326529080988,-0.3225033334427257,0.44701945321785896,0.6537955189273364,0.054269069772901184,0.0010427218675161483,1.6217138533024225,-0.6316751897391988,0.0013936862527461277,0.09498328148449725
25.361999999996822,-0.1759380992640859,0.4548414814315304,0.07006738478950103,0.38786930408173526,7.211867584651696e-05,-0.32243229114302646,0.4460270604212806,0.6538009367946783,0.05427675602200562,0.001042933830752766,1.621689891925005,-0.6316728228746327,0.0013911565719792601,0.09498328794288029
25.38199999999681,-0.17594005867263293,0.4548826911945691,0.07005892541647481,0.3878695627332705,-0.0007338673030533798,-0.3223769678831363,0.44526318143774385,0.6538053501256647,0.05428275879224013,0.0010430463800194145,1.621682216511989,-0.631670479323686,0.0013887774773035239,0.09498329011605813
25.4019999999968,-0.1759407946125869,0.45490584003327117,0.07006302448394011,0.3878698516870431,-0.0013115702086359076,-0.3223359568216619,0.44470736837684005,0.6538089135618662,0.05428740383471692,0.001043091600102951,1.6216870234696164,-0.6316681476802486,0.0013866179278214097,0.09498329065779798
25.42199999999679,-0.17594060241726472,0.454915170637685,0.0700763645484456,0.387870144079838,-0.0016906259762485478,-0.32230756331533156,0.4443348259845743,0.6538117601862067,0.05429096910533787,0.0010430916767286845,1.6217009816783505,-0.6316658205074278,0.0013847209718306913,0.09498329074676398
25.441999999996778,-0.1759397403114915,0.4549144016333578,0.07009610911759559,0.3878704196535862,-0.0019022609021108374,-0.32228994414524564,0.44411855590063104,0.653814002959552,0.054293685041714494,0.0010430625347227739,1.6217212480811882,-0.631663493463328,0.0013831078734220167,0.09498329083259749
25.461999999996767,-0.1759384283545488,0.45490670682154577,0.07011989710898499,0.3878706640481217,-0.0019775457205706668,-0.32228122109050783,0.44403108308033307,0.6538157374411687,0.05429573916494883,0.0010430158514150914,1.6217454607889552,-0.6316611644359629,0.001381782304605901,0.09498329102834943
25.481999999996756,-0.17593684903313067,0.45489472069332787,0.07014582006510445,0.38787086797232967,-0.0019460727889905874,-0.3222795699307851,0.4440457885425957,0.6538170446393042,0.05429728200142362,0.0010429602302354957,1.6217717149833122,-0.6316588327782383,0.0013807343563946375,0.09498329131185146
25.501999999996745,-0.17593514913417382,0.45488056409973415,0.07017238689082089,0.38787102636431836,-0.001835013644083356,-0.32228328673209944,0.44413788415100064,0.6538179935549522,0.054298433015913326,0.0010429019375335989,1.6217985264455232,-0.6316564986932334,0.0013799442117692282,0.09498329162371527
25.521999999996734,-0.1759334425553037,0.45486588447269544,0.07019848034466018,0.38787113759136665,-0.0016685076257523929,-0.32229083376271705,0.4442850723421021,0.6538186433069573,0.054299286049968476,0.0010428454086434875,1.6218247869779008,-0.6316541627837702,0.0013793853875019232,0.09498329191007983
25.541999999996722,-0.17593181374495437,0.4548519056384,0.07022330891300295,0.38787120271249353,-0.0014673294461274836,-0.3223008676840711,0.4444679373048512,0.6538190448553639,0.054299914111292,0.001042793627267404,1.6218497153646874,-0.6316518257543157,0.0013790274990228904,0.09498329213682954
25.56199999999671,-0.17593032150304871,0.45483948298337035,0.07024635707123313,0.3878712248139698,-0.0012487837387976748,-0.32231225280653614,0.44467011479608215,0.6538192423784667,0.05430037349878129,0.0010427484297328945,1.6218728068811765,-0.631649488238473,0.0013788385375614123,0.09498329229018185
25.5819999999967,-0.17592900291461805,0.4548291604740702,0.07026733632195362,0.38787120842234557,-0.0010267770365445796,-0.3223240622148274,0.44487828621649833,0.6538192743618063,0.05430070729584292,0.0010427107590126681,1.6218937837367124,-0.6316471507198096,0.0013787866744341126,0.09498329237180984
25.60199999999669,-0.17592787723106995,0.45482122675419046,0.07028613882289204,0.38787115899646146,-0.0008120216483524573,-0.3223355694715256,0.44508203937563473,0.6538191744497822,0.05430094827924736,0.0010426808802629973,1.6219125482534331,-0.6316448135148583,0.001378841625436382,0.09498329239276304
25.621999999996678,-0.17592694955524885,0.4548157682212635,0.07030279489356402,0.38787108249770413,-0.0006123309752512741,-0.3223462334194993,0.4452736340757277,0.6538189721027058,0.0543011212963019,0.0010426585635390372,1.6219291400548972,-0.6316424767920422,0.0013789756201964334,0.09498329236818479
25.641999999996667,-0.17592621422545635,0.45481271759625935,0.07031743523096645,0.3878709850358707,-0.0004329714454389106,-0.3223556783468308,0.44544770569692266,0.6538186930966344,0.05430124516731579,0.001042643236820798,1.6219436980776312,-0.6316401406067684,0.0013791640282240225,0.09498329231352912
25.661999999996656,-0.17592565782898614,0.4548118970343911,0.07033025827582864,0.38787087258633596,-0.000277042076273747,-0.32236367147448375,0.4456009347431864,0.6538183598998114,0.054301334174168714,0.0010426341116863216,1.6219564278289262,-0.6316378049394682,0.0013793856962300496,0.09498329224231544
25.681999999996645,-0.17592526180661938,0.45481305527692667,0.07034150285310514,0.38787075077286043,-0.00014585838247045387,-0.3223700994000542,0.44573170510564497,0.6538179919567934,0.05430139919814543,0.0010426302839247393,1.6219675739964614,-0.6316354697289482,0.0013796230509979315,0.09498329216512691
25.701999999996634,-0.1759301302170551,0.4548154741367882,0.07035149883877839,0.379501929413533,-4.126459323146419e-05,-0.32237527294216695,0.4458444778375685,0.6529935679390989,0.0543014510278814,0.0010426300083364434,1.6219776444304759,-0.6327024774233306,0.001386598226674203,0.10075008272718151
25.721999999996623,-0.17594406688173636,0.45481832822123053,0.07036075873407123,0.349584478162952,3.291521624458962e-05,-0.32238035164633755,0.4459558897709146,0.6484805830573979,0.05430150202758427,0.0010426299801894192,1.6219876392645323,-0.6360450267668812,0.00142144347454011,0.12825565333016828
25.74199999999661,-0.17595672158406697,0.4548219973833976,0.07036952777296422,0.3112633136201135,8.149577830381586e-05,-0.3223854303502904,0.4460673017042557,0.6400435981757028,0.05430155302909126,0.001042629951397844,1.6219976340985798,-0.6394577284405852,0.001481092741791673,0.17231200649699166
25.7619999999966,-0.1759667027851174,0.45482630375638744,0.0703779831475785,0.2688064658834398,0.00010973424306941291,-0.3223905090540255,0.4461787136375917,0.6276826132940136,0.05430160403240248,0.001042629921961708,1.6220076289326193,-0.6423186896022646,0.0015605902036256655,0.22720328678610674
25.78199999999659,-0.17597424540210038,0.454831009524749,0.07038626019494923,0.22432684602994366,0.0001224338310395533,-0.3223955877575429,0.4462901255709226,0.6113976284123305,0.05430165503751794,0.0010426298918809758,1.6220176237666526,-0.6444945831995971,0.0016553732738010876,0.2877985145546841
25.80199999999658,-0.17597975324792706,0.4548359161109467,0.07039445722417277,0.17945571972805532,0.00012379850940309888,-0.3224006664608426,0.44640153750424855,0.5911886435306533,0.054301706044437695,0.0010426298611556548,1.6220276186006797,-0.6460179976861546,0.0017614221517699563,0.3495633642842802
25.821999999996567,-0.17598359841543532,0.4548408727661548,0.07040264107358334,0.13557629608436836,0.000117370908156815,-0.3224057451639245,0.4465129494375694,0.567055658648982,0.054301757053161544,0.0010426298297857139,1.6220376134346968,-0.6469897984277159,0.0018753282619296333,0.4086111563819395
25.841999999996556,-0.17598609932818043,0.45484577149596683,0.07041085287665116,0.09383961624039888,0.0001060301247273623,-0.3224108238667887,0.44662436137088524,0.5389986737673167,0.05430180806368972,0.001042629797771097,1.622047608268708,-0.6475325186148212,0.0019943039045876923,0.4617243276942052
25.861999999996545,-0.17598752374034146,0.45485053992459795,0.0704191135945365,0.05515856618805329,9.203030889171539e-05,-0.3224159025694352,0.446735773304196,0.5070176888856573,0.054301859076022,0.0010426297651117665,1.6220576031027123,-0.6477649286968331,0.002116151393116529,0.5063474537857978
25.881999999996534,-0.1759880947872452,0.45485513417134726,0.0704274290412927,0.02020918103955812,7.706463333484014e-05,-0.32242098127186397,0.4468471852375017,0.4711127040040042,0.05430191009015858,0.00104262973180775,1.6220675979367098,-0.6477893418832357,0.0022392065032226308,0.5405576542962673
25.901999999996523,-0.1759880747883458,0.454859526797961,0.07043579426675624,-0.011915686467590829,6.234265023855857e-05,-0.32242605997407503,0.4469585971708024,0.431283719122357,0.054301961106099236,0.00104262969785903,1.6220775927706974,-0.647603837596855,0.0023622678860976964,0.5504833247814407
25.921999999996512,-0.17598756762782178,0.4548637154186936,0.07044419716955594,-0.01433298297767653,4.86720250506193e-05,-0.3224311386760683,0.447070009104098,0.3875307342407158,0.054302012123844196,0.001042629663265565,1.6220875876046803,-0.6471986512293278,0.0024845211837729864,0.5094864188381388
25.9419999999965,-0.17598652905907922,0.4548677174505053,0.07045262144263781,-0.009228139310732615,3.653866122510731e-05,-0.32243621737784384,0.44718142103738856,0.3398537493590806,0.054302063143393225,0.0010426296280273066,1.6220975824386543,-0.6468700589708424,0.0026054638543302963,0.4535100881603607
25.96199999999649,-0.17598516498331893,0.45487153830349025,0.07046104890548203,-0.005099694962943568,2.6180241887153987e-05,-0.32244129607940164,0.44729283297067407,0.2882527644774513,0.05430211416474638,0.0010426295921442197,1.622107577272622,-0.6466448305504452,0.0027248356691635667,0.3952025054056375
25.98199999999648,-0.17598359909642025,0.4548751920198855,0.07046946112967616,-0.0027276255523351095,1.7651281905309576e-05,-0.32244637478074173,0.44740424490395453,0.23272777959582808,0.054302165187903796,0.0010426295556162767,1.6221175721065828,-0.646496779776837,0.0028425567022285006,0.33592289141128934
26.001999999996467,-0.17598190042705256,0.45487869719245394,0.07047784061912372,-0.0015349159676369371,1.087852217095897e-05,-0.32245145348186405,0.44751565683722994,0.17327879471421098,0.054302216212865254,0.0010426295184434952,1.6221275669405357,-0.6464025467113891,0.002958674244511801,0.2747214256577058
26.021999999996456,-0.17598011556929471,0.454882073178038,0.07048617156832472,-0.000978271795623805,5.706276322894981e-06,-0.32245653218276865,0.44762706877050035,0.10990580983259984,0.05430226723963083,0.0010426294806258575,1.6221375617744798,-0.6463459783324248,0.0030733190777459674,0.21065917803012396
26.041999999996445,-0.17597828005085464,0.4548853383036407,0.07049444028533373,-0.0007371012085370564,1.9322201379588434e-06,-0.32246161088345554,0.44773848070376576,0.04260882495099471,0.05430231826820055,0.0010426294421632632,1.622147556608417,-0.6463160666731261,0.0031866707366980176,0.14319390292355066
26.061999999996434,-0.17597642196020313,0.45488850903308964,0.070502635361094,-0.0006652081479678348,-6.654669823803596e-07,-0.31993833464829047,0.4479434934037171,-0.02234628044365876,-0.0148639596979862,0.0028685732052007853,1.624505783367996,-0.6437825904522786,0.003214191155567911,0.07831930913202018
26.081999999996423,-0.17597456338850842,0.4548915996058982,0.0705107476550079,-0.000663421995763626,-2.3084751215205118e-06,-0.31897469591402283,0.44801789435767714,-0.02698523557288078,-0.03550492428829679,0.002621136286197381,1.6255035273966683,-0.6428761218090051,0.0032203766195832567,0.07382488750552496
26.101999999996412,-0.1759727214140258,0.45489462194176905,0.07051877015516436,-0.000673099240095127,-3.2050296911911004e-06,-0.31904058356996196,0.44802471686886214,-0.01623081454868145,-0.022813894895591224,0.0015148671526470216,1.6256356406055894,-0.6430004850195793,0.0032309844099236915,0.08470377348601606
26.1219999999964,-0.1759709090661134,0.4548975857080997,0.07052669776062312,-0.0006778482715874277,-3.541640109227689e-06,-0.319023084472028,0.44802020823856037,-0.0082919952211806,-0.011966626275760952,0.0007332020480362854,1.625604113263477,-0.6430282800624818,0.003223896986104556,0.09273345480688082
26.14199999999639,-0.17596913611455595,0.4549004985026439,0.07053452702284783,-0.0006786033650899569,-3.4788018735363416e-06,-0.31893279404728303,0.44801451444171597,-0.003967777960384431,-0.005891505940084649,0.00029713228827783663,1.6255346374592297,-0.6429726805294098,0.003210131597647485,0.0971242738684554
26.16199999999638,-0.1759674097063039,0.4549033661034554,0.07054225587411772,-0.0006782162821823561,-3.1496454426778836e-06,-0.3189246800994941,0.4480135954404149,-0.0019188353034616718,-0.002882473377101884,0.00013053593848876948,1.625525839400227,-0.642991188995917,0.003206680986890739,0.09922480282897878
26.181999999996368,-0.175965734895279,0.45490619274784677,0.07054988336274941,-0.0006779019512889128,-2.6606697400742066e-06,-0.3189246575591768,0.4480134968653871,-0.0009393860177971898,-0.0014003565849885714,6.0035202984636014e-05,1.6255251184599886,-0.6430123520288769,0.0032044819363906824,0.10024573378801782
26.201999999996357,-0.17596411508021798,0.45490898141406405,0.07055740940830886,-0.000677807220903932,-2.0938483322926496e-06,-0.31892469773049514,0.4480134854852955,-0.0004696364462177119,-0.0006685924453191088,2.8361346396919813e-05,1.62552507171643,-0.6430295202447233,0.0032023159583048286,0.10074910849412494
26.221999999996346,-0.1759625523605633,0.4549117340879272,0.07056483458466091,-0.0006778110032027702,-1.5095414475674797e-06,-0.31892464167038836,0.44801348499173277,-0.0002452734189690632,-0.0003167177420456338,1.3469662053073306e-05,1.6255250712161813,-0.643043429059126,0.0032001540405073095,0.10100060347460453
26.241999999996334,-0.1759610478228501,0.45491445200313857,0.07057215993459118,-0.0006778286726772833,-9.497798813624971e-07,-0.31892458026558723,0.4480134856449543,-0.0001393678522942081,-0.00015410033657130398,6.534760717390243e-06,1.6255250721418917,-0.6430548222374042,0.003198033745025787,0.10112829164641615
26.261999999996323,-0.1759596017701149,0.4549171358490998,0.07057938681670203,-0.0006778371376097602,-4.4160337173116544e-07,-0.3189245441780607,0.448013486068102,-8.817020098609367e-05,-7.70710085718499e-05,3.26166803120436e-06,1.62552507247041,-0.6430642310245036,0.0031959823839006613,0.10119694019581553
26.281999999996312,-0.17595821390514255,0.4549197859440225,0.07058651678317072,-0.0006778385591118481,-2.3441082329133403e-10,-0.3189245258585089,0.4480134862893384,-6.272336845744185e-05,-3.918113796045805e-05,1.6565080013771849e-06,1.6255250725644068,-0.6430720402425617,0.003194014599702255,0.1012363664582491
26.3019999999963,-0.17595688347639066,0.4549224023739601,0.0705935514855964,-0.0006778378778264985,3.680514403748606e-07,-0.31892451670194405,0.4480134864018686,-4.985733965360975e-05,-2.0085972514679408e-05,8.48801052885106e-07,1.6255250725899364,-0.6430785528767626,0.003192136356167191,0.10126043653180544
26.32199999999629,-0.1759556093937602,0.45492498510027124,0.07060049260539801,-0.0006778372846973698,6.634348321837032e-07,-0.31892451207466876,0.44801348645927064,-4.329376983390123e-05,-1.0338888382531864e-05,4.3679916161271983e-07,1.6255250725967718,-0.6430840133030311,0.0031903475537855067,0.10127598276784969
26.34199999999628,-0.17595439032004448,0.4549275340391477,0.07060734180491215,-0.0006778370897956706,8.904702958229083e-07,-0.3189245097118649,0.44801348648871314,-3.993055618516242e-05,-5.332157698563413e-06,2.2523978736457038e-07,1.6255250725985961,-0.6430886188613802,0.0031886439196419925,0.10128654825621111
26.361999999996268,-0.17595322474281666,0.45493004911737606,0.07061410069535415,-0.0006778370875715426,1.056407207246346e-06,-0.3189245084980227,0.44801348650387013,-3.8203523089177056e-05,-2.752588787501074e-06,1.1626065139180567e-07,1.6255250725990824,-0.6430925287088584,0.003187018548098025,0.10129404976674208
26.381999999996257,-0.1759521110306378,0.4549325303086075,0.07062077081804247,-0.0006778371190497544,1.1698862244017297e-06,-0.31892450787253546,0.4480134865116884,-3.731575475367323e-05,-1.4216056361515922e-06,6.003790861700873e-08,1.6255250725992116,-0.6430958711216743,0.0031854631263735916,0.10129956695029098
26.401999999996246,-0.17595104747674412,0.454934977654226,0.07062735363566072,-0.0006778371358075288,1.2399696121627312e-06,-0.3189245075497598,0.4480134865157253,-3.685917114704903e-05,-7.343705584218895e-07,3.101121764088089e-08,1.6255250725992467,-0.643098749477435,0.003183968862668765,0.10130373476480758
26.421999999996235,-0.17595003233277523,0.4549373912725262,0.07063385053077732,-0.0006778371392381465,1.275457025933259e-06,-0.31892450738308314,0.44801348651781087,-3.6624288707411236e-05,-3.794026416642751e-07,1.601997578587465e-08,1.6255250725992563,-0.6431012471126273,0.0031825271507052236,0.10130694469600011
26.441999999996224,-0.17594906383461423,0.45493977135942903,0.0706402628093111,-0.0006778371381899797,1.2844365993780876e-06,-0.31892450729698685,0.4480134865188885,-3.650344182555599e-05,-1.9602436049590713e-07,8.276177466822496e-09,1.6255250725992585,-0.6431034312472932,0.003181130012645292,0.10130945035663916
26.461999999996213,-0.17594814022200717,0.4549421181834438,0.07064659170708575,-0.0006778371370480816,1.2740230386303159e-06,-0.3189245072525074,0.44801348651944545,-3.6441262237519635e-05,-1.0128197998034313e-07,4.27573016921664e-09,1.6255250725992594,-0.643105356147407,0.003179770363567279,0.1013114241294405
26.4819999999962,-0.1759472597532978,0.4549444320770604,0.07065283839803645,-0.0006778371366156995,1.2502386048024076e-06,-0.3189245072295267,0.4480134865197332,-3.6409267824504595e-05,-5.233119398253562e-08,2.2090073093050118e-09,1.6255250725992596,-0.6431070656688848,0.003178442138172151,0.10131298831241015
26.50199999999619,-0.17594642071634575,0.4549467134262719,0.07065900400300129,-0.0006778371365742154,1.2179983721154392e-06,-0.3189245072176531,0.448013486519882,-3.6392804879330184e-05,-2.7039106121399788e-08,1.1412669962417769e-09,1.6255250725992592,-0.6431085953020873,0.003177140315932178,0.10131423277823927
26.52199999999618,-0.1759456214364737,0.4549489626594949,0.07066508959834528,-0.0006778371366206096,1.1811672230482648e-06,-0.31892450721151805,0.4480134865199588,-3.638433368720642e-05,-1.3970941259506724e-08,5.896292549148333e-10,1.625525072599259,-0.6431099738138419,0.0031758608755438553,0.10131522537654274
26.541999999996168,-0.17594486028211484,0.45495118023678177,0.07067109622392206,-0.0006778371366489478,1.1426621354824688e-06,-0.31892450720834814,0.44801348651999867,-3.6379974722205874e-05,-7.218714209411027e-09,3.0462927721712713e-10,1.625525072599259,-0.643111224565712,0.0031746007039993307,0.10131601834297774
26.561999999996157,-0.17594413566868722,0.4549533666399137,0.07067702489008347,-0.0006778371366541157,1.104579055511858e-06,-0.3189245072067103,0.44801348652001927,-3.6377731753666735e-05,-3.72987659855155e-09,1.5738549237168148e-10,1.625525072599259,-0.6431123665721161,0.003173357480248183,0.10131665244520169
26.581999999996146,-0.175943446061106,0.4549555223637205,0.07068287658360131,-0.0006778371366508591,1.068328800407566e-06,-0.31892450720586396,0.44801348652002987,-3.6376577600439935e-05,-1.9272111587834065e-09,8.131262101556943e-11,1.625525072599259,-0.6431134153495629,0.003172129548582786,0.10131715979665237
26.601999999996135,-0.17594278997525709,0.45495764790878407,0.07068865227247986,-0.0006778371366475157,1.034770876353952e-06,-0.31892450720542664,0.4480134865200353,-3.637598371317983e-05,-9.957819602891208e-10,4.200986991323711e-11,1.625525072599259,-0.6431143835982263,0.003170915792661405,0.10131756585011288
26.621999999996124,-0.1759421659786792,0.4549597437755496,0.07069435290971428,-0.0006778371366458186,1.0043377844578333e-06,-0.3189245072052007,0.4480134865200382,-3.63756781192825e-05,-5.145164470336259e-10,2.1704252308314705e-11,1.625525072599259,-0.6431152817490043,0.00316971551755188,0.1013178908610843
26.641999999996113,-0.17594157269064833,0.4549618104597713,0.07069997943609907,-0.0006778371366451749,9.771453440202886e-07,-0.31892450720508403,0.44801348652003964,-3.637552087118026e-05,-2.6584855197137687e-10,1.121342449795251e-11,1.625525072599259,-0.6431161184026561,0.003168528344340303,0.10131815099160518
26.6619999999961,-0.17594100878181254,0.454963848449163,0.07070553278221764,-0.0006778371366449201,9.530868405771101e-07,-0.31892450720502374,0.44801348652004036,-3.63754399567125e-05,-1.37362875322665e-10,5.7933743792896816e-12,1.625525072599259,-0.6431169006823778,0.003167354119627451,0.1013183591595218
26.68199999999609,-0.17594047297349052,0.45496585822108965,0.07071101386975251,-0.0006778371366447647,9.319104870119237e-07,-0.3189245072049926,0.4480134865200409,-3.6375398320907335e-05,-7.097484521054838e-11,2.9931231139997966e-12,1.625525072599259,-0.6431176345169367,0.003166192840604924,0.10131852570102108
26.70199999999608,-0.17593996403672169,0.45496784024112463,0.07071642361225482,-0.0006778371366446429,9.132808590966304e-07,-0.3189245072049765,0.4480134865200409,-3.637537689655153e-05,-3.6672415484016385e-11,1.5463893135629382e-12,1.625525072599259,-0.643118324868107,0.0031650445952307454,0.10131865889237955
26.72199999999607,-0.17593948079113497,0.4549697949623009,0.07072176291550056,-0.0006778371366445522,8.968257239386393e-07,-0.31892450720496823,0.4480134865200409,-3.63753658723142e-05,-1.8948492306486907e-11,7.989365245369831e-13,1.625525072599259,-0.6431189759134299,0.0031639095162782627,0.10131876536342622
26.741999999996057,-0.17593902210368734,0.45497172282489445,0.07072703267754696,-0.0006778371366444911,8.821701085443898e-07,-0.31892450720496396,0.4480134865200409,-3.6375360199620175e-05,-9.79060419311566e-12,4.127687901284312e-13,1.625525072599259,-0.6431195911931298,0.003162787747575606,0.10131885042655067
26.761999999996046,-0.17593858688731157,0.45497362425659915,0.07073223378858444,-0.0006778371366444527,8.6895963537048e-07,-0.31892450720538745,0.4480134865200311,-3.6375357074050846e-05,1.99768688909706e-12,-1.0378078127238601e-14,1.625525072599259,-0.6431201737287007,0.0031616794205892793,0.10131891833941631
26.781999999996035,-0.1759381740995038,0.4549754996729708,0.07073736713066281,-0.0006778371366444292,8.568751512853949e-07,-0.31892450720602217,0.4480134865200164,-3.6375355370497125e-05,1.1217115287714232e-11,-3.282149812835385e-13,1.625525072599259,-0.643120726116934,0.0031605846393601214,0.10131897251415073
26.801999999996024,-0.17593778274087465,0.454977349478041,0.07074243357735323,-0.0006778371366444141,8.456405535514653e-07,-0.3189245072081016,0.4480134865199541,-3.637535461887899e-05,4.04483200704779e-11,-1.0312946721347146e-12,1.625525072599259,-0.6431212506085847,0.0031595034722007587,0.10131901568564367
26.821999999996013,-0.1759374118536821,0.45497917406502286,0.07074743399339167,-0.0006778371366444051,8.350255178941751e-07,-0.3189245072098737,0.44801348651990064,-3.637535428720653e-05,5.112577807657047e-11,-1.2753967100371224e-12,1.625525072599259,-0.6431217491656561,0.003158435948149005,0.10131905004638381
26.841999999996002,-0.17593706052036057,0.4549809738170481,0.07075236923433752,-0.0006778371366443991,8.248445957225717e-07,-0.3189245072100401,0.4480134865198957,-3.637535421551194e-05,3.192657119221621e-11,-7.943762882495512e-13,1.625525072599259,-0.6431222235146322,0.0031573820573146255,0.10131907735356227
26.86199999999599,-0.17593672786205683,0.454982749107892,0.07075724014626843,-0.0006778371366443955,8.149538971315729e-07,-0.3189245072135866,0.44801348651976636,-3.6375354168904046e-05,6.610625663994309e-11,-1.3155353674020234e-12,1.625525072599259,-0.6431226751925226,0.0031563417537486885,0.10131909901574163
26.88199999999598,-0.17593641303718305,0.45498450030265825,0.070762047565525,-0.0006778371366443929,8.052463325748801e-07,-0.3189245072139196,0.44801348651975414,-3.637535417135521e-05,4.319993769329227e-11,-8.447510643430935e-13,1.625525072599259,-0.6431231055615241,0.003155314958945561,0.10131911616165364
26.90199999999597,-0.17593611523999206,0.45498622775840464,0.07076679231851074,-0.0006778371366443916,7.956461616351986e-07,-0.3189245072175923,0.4480134865195979,-3.6375354174494654e-05,7.715708630381248e-11,-1.1068000817126273e-12,1.6255250725992585,-0.6431235158600989,0.0031543015675731118,0.10131912969596138
26.921999999995958,-0.17593583369918184,0.45498793182470093,0.07077147522154882,-0.0006778371366443905,7.861033995264378e-07,-0.3189245072181796,0.4480134865195729,-3.637535417930211e-05,5.383430773280169e-11,-7.41913330638933e-13,1.6255250725992585,-0.64312390719822,0.0031533014517761,0.10131914034357911
26.941999999995947,-0.1759355676765325,0.45498961284411643,0.07077609708079219,-0.0006778371366443904,7.765884642505555e-07,-0.31892450722168336,0.44801348651940626,-3.637535418268533e-05,8.32446601910299e-11,-7.839069864233323e-13,1.6255250725992578,-0.6431242806001803,0.0031523144668391817,0.10131914868535939
26.961999999995935,-0.17593531646557936,0.4549912711526382,0.07078065869218284,-0.0006778371366443902,7.670873101991234e-07,-0.31892450722268306,0.4480134865193587,-3.637535418453347e-05,6.383779017525818e-11,-5.530113118468911e-13,1.6255250725992578,-0.6431246369949032,0.0031513404551153784,0.10131915518665632
26.981999999995924,-0.1759350793903242,0.45499290708002743,0.07078516084145337,-0.0006778371366443893,7.575971859276728e-07,-0.3189245072243325,0.44801348651927275,-3.637535418558927e-05,6.167513096189036e-11,-3.691665036837985e-13,1.6255250725992574,-0.6431249772475502,0.0031503792504674263,0.10131916022023489
27.001999999995913,-0.17593485580398668,0.4549945209501182,0.07078960430416462,-0.0006778371366443893,7.481230720571148e-07,-0.318924507225703,0.448013486519201,-3.6375354186125534e-05,5.524588186646429e-11,-2.4712215487923823e-13,1.6255250725992574,-0.6431253021563617,0.0031494306813555986,0.10131916408463798
27.021999999995902,-0.17593464508779644,0.4549961130810683,0.07079398984577195,-0.0006778371366443893,7.386747962912981e-07,-0.31892450722728016,0.4480134865191138,-3.6375354186353996e-05,5.6297290095538884e-11,-1.1859989708490714e-13,1.6255250725992567,-0.6431256124659906,0.003148494573664423,0.1013191670189114
27.04199999999589,-0.17593444664982746,0.45499768378556926,0.0707983182217145,-0.0006778371366443893,7.292647826398384e-07,-0.3189245072294568,0.44801348651899303,-3.6375354186470825e-05,6.376994003843024e-11,-3.5198814670850914e-14,1.625525072599256,-0.6431259088724718,0.0031475707528237015,0.10131916921441013
27.06199999999588,-0.17593425992387365,0.4549992333710235,0.07080259017752137,-0.0006778371366443893,7.199063674045238e-07,-0.31892450722966287,0.44801348651898165,-3.6375354186494854e-05,3.927177710317087e-11,-1.342523010161133e-14,1.625525072599256,-0.6431261920257293,0.0031466590453564855,0.10131917082426402
27.08199999999587,-0.17593408436836627,0.4550007621396949,0.07080680644892975,-0.0006778371366443893,7.106126018850592e-07,-0.3189245072332704,0.44801348651877637,-3.6375354186487644e-05,7.069909737360836e-11,1.0151409878766017e-13,1.6255250725992545,-0.6431264625449925,0.0031457592801841724,0.10131917197096663
27.101999999995858,-0.1759339194653328,0.4550022703888396,0.07081096776201116,-0.0006778371366443893,7.013954580263668e-07,-0.31892450723360977,0.448013486518757,-3.6375354186492625e-05,4.5718423127716104e-11,7.222824546789821e-14,1.6255250725992545,-0.6431267210025634,0.0031448712890937702,0.10131917275245943
27.121999999995847,-0.1759337647193959,0.4550037584108206,0.07081507483330222,-0.0006778371366443893,6.922653557499197e-07,-0.3189245072370744,0.4480134865185587,-3.6375354186496494e-05,7.538932464158891e-11,1.643281923583764e-13,1.6255250725992525,-0.6431269679521515,0.0031439949075368276,0.10131917324700986
27.141999999995836,-0.17593361965681242,0.45500522649321273,0.0708191283699376,-0.0006778371366443893,6.832309373303802e-07,-0.31892450723762866,0.44801348651852696,-3.6375354186499055e-05,5.2130306832676026e-11,1.1728532859999456e-13,1.6255250725992525,-0.6431272039060663,0.003143129974484328,0.10131917351712172
27.161999999995825,-0.17593348382455112,0.45500667491889807,0.07082312906978301,-0.0006778371366443894,6.742990231836449e-07,-0.3189245072407802,0.4480134865183474,-3.637535418650206e-05,7.68340460896554e-11,1.695311536725206e-13,1.6255250725992503,-0.6431274293615564,0.0031422763327885045,0.10131917361267034
27.181999999995814,-0.17593335678940766,0.4550081039661581,0.07082707762156706,-0.0006778371366443894,6.654746935151853e-07,-0.3189245072416792,0.44801348651829614,-3.63753541865022e-05,5.842537655321353e-11,1.2834788210281326e-13,1.6255250725992503,-0.6431276447808962,0.0031414338287879956,0.10131917357341584
27.201999999995802,-0.1759332381371565,0.4550095139087598,0.07083097470501072,-0.0006778371366443894,6.567614504841246e-07,-0.3189245072442776,0.4480134865181495,-3.637535418650323e-05,7.352544190469687e-11,1.3820873586431754e-13,1.6255250725992483,-0.6431278506123265,0.003140602312405122,0.10131917343101739
27.22199999999579,-0.1759331274717376,0.45501090501604186,0.07083482099095438,-0.0006778371366443893,6.481614252128017e-07,-0.3189245072457279,0.4480134865180676,-3.637535418650337e-05,6.443352781037908e-11,1.1446538109657655e-13,1.6255250725992474,-0.6431280472759716,0.003139781636706078,0.10131917321064889
27.24199999999578,-0.1759330244144775,0.4550122775529978,0.07083861714148151,-0.0006778371366443893,6.396756026999107e-07,-0.3189245072474144,0.44801348651797335,-3.6375354186503094e-05,6.326188414161079e-11,9.292437068009658e-14,1.6255250725992456,-0.6431282351762527,0.003138971657825687,0.10131917293229271
27.26199999999577,-0.175932928603343,0.4550136317803587,0.07084236381003949,-0.0006778371366443893,6.313040452536179e-07,-0.31892450724974414,0.44801348651784323,-3.637535418650293e-05,6.986436689585134e-11,8.687775712809205e-14,1.6255250725992434,-0.6431284146978835,0.003138172234653215,0.10131917261177766
27.281999999995758,-0.17593283969222617,0.45501496795467566,0.07084606164155718,-0.0006778371366443893,6.230461013677371e-07,-0.3189245072499649,0.4480134865178309,-3.6375354186501894e-05,4.287571969890887e-11,5.1974636352957854e-14,1.6255250725992434,-0.6431285862047785,0.003137383228575784,0.10131917226161001
27.301999999995747,-0.1759327573502599,0.4550162863284009,0.07084971127255987,-0.0006778371366443893,6.149005920392143e-07,-0.31892450725369503,0.4480134865176245,-3.6375354186501325e-05,7.425941813544648e-11,5.4750912778171455e-14,1.625525072599239,-0.6431287500525864,0.0031366045034523157,0.10131917189164065
27.321999999995736,-0.17593268126116227,0.45501758714996804,0.07085331333128116,-0.0006778371366443893,6.068659704569136e-07,-0.3189245072540461,0.44801348651760503,-3.637535418650133e-05,4.7867580688578084e-11,3.3377016460771294e-14,1.625525072599239,-0.6431289065686799,0.0031358359251118795,0.1013191715095982
27.341999999995725,-0.175932611122609,0.4550188706638722,0.07085686843777271,-0.0006778371366443893,5.989404539088979e-07,-0.31892450725753957,0.44801348651741313,-3.637535418650238e-05,7.6924099207918e-11,2.616439987001761e-14,1.625525072599234,-0.6431290560789349,0.0031350773616065433,0.1013191711215174
27.361999999995714,-0.17593254664563257,0.4550201371107486,0.07086037720401157,-0.0006778371366443893,5.911221288069919e-07,-0.31892450725809846,0.44801348651738243,-3.6375354186501725e-05,5.3028135700503045e-11,1.5742150444383115e-14,1.6255250725992338,-0.643129198882441,0.0031343286826747627,0.1013191707320813
27.381999999995703,-0.1759324875540468,0.4550213867274497,0.07086384023400558,-0.0006778371366443893,5.834090310668343e-07,-0.3189245072612207,0.44801348651721157,-3.637535418650265e-05,7.683522170470801e-11,5.711797373722368e-15,1.6255250725992283,-0.6431293352764127,0.0031335897600259857,0.1013191703448961
27.40199999999569,-0.17593243358389607,0.4550226197471212,0.07086725812389694,-0.0006778371366443893,5.757992048562258e-07,-0.3189245072621113,0.44801348651716294,-3.6375354186502145e-05,5.824394602667705e-11,1.941224260760834e-15,1.625525072599227,-0.6431294655349432,0.003132860466906237,0.10131916996271113
27.42199999999568,-0.1759323844829281,0.45502383639927707,0.07087063146206399,-0.0006778371366443893,5.682907430685701e-07,-0.3189245072646537,0.44801348651702405,-3.637535418650076e-05,7.250589614282517e-11,-5.800805591981151e-15,1.625525072599222,-0.6431295899286118,0.0031321406783425265,0.1013191695875943
27.44199999999567,-0.17593234001008926,0.4550250369098714,0.07087396082922175,-0.0006778371366443893,5.608818129088397e-07,-0.3189245072660723,0.44801348651694656,-3.637535418650159e-05,6.332337673310076e-11,-7.31479891283531e-15,1.6255250725992196,-0.6431297087096962,0.003131430270845857,0.10131916922107301
27.46199999999566,-0.1759322999350414,0.4550262215013703,0.07087724679852087,-0.0006778371366443893,5.53570669795359e-07,-0.3189245072677082,0.44801348651685724,-3.637535418649883e-05,6.180307115334805e-11,-9.09602072301676e-15,1.625525072599216,-0.6431298221235007,0.0031307291225489975,0.10131916886424726
27.481999999995647,-0.1759322640376989,0.45502739039282064,0.07088048993564529,-0.0006778371366443893,5.463556624617774e-07,-0.3189245072699667,0.44801348651673395,-3.6375354186496636e-05,6.796705270269752e-11,-1.138505555354683e-14,1.6255250725992108,-0.6431299304038023,0.003130037113096798,0.10131916851787935
27.501999999995636,-0.17593223210778655,0.45502854379991775,0.07088369079890873,-0.0006778371366443893,5.392352317523831e-07,-0.3189245072701808,0.4480134865167223,-3.6375354186498405e-05,4.1686923068534164e-11,-7.103068089359152e-15,1.6255250725992108,-0.6431300337711906,0.0031293541235898475,0.10131916818246595
27.521999999995625,-0.17593220394441517,0.4550296819350707,0.07088684993934996,-0.0006778371366443893,5.322079051872273e-07,-0.31892450727377325,0.448013486516526,-3.6375354186498906e-05,7.171958016549098e-11,-1.2504486085009378e-14,1.6255250725992005,-0.6431301324446973,0.003128680036750757,0.10131916785829581
27.541999999995614,-0.17593217935567623,0.4550308050074663,0.07088996790082691,-0.0006778371366443893,5.252722889647411e-07,-0.31892450727411137,0.44801348651650746,-3.6375354186500905e-05,4.620424954575488e-11,-8.074228381980441e-15,1.6255250725991999,-0.6431302266220514,0.003128014736581003,0.10131916754549539
27.561999999995603,-0.17593215815825328,0.4550319132231313,0.07089304522010972,-0.0006778371366443893,5.184270586908272e-07,-0.3189245072774605,0.4480134865163244,-3.6375354186474606e-05,7.39073663356257e-11,-1.0500677879254953e-14,1.6255250725991885,-0.6431303165050772,0.00312735810875598,0.10131916724406571
27.581999999995592,-0.1759321401770502,0.4550330067849921,0.07089608242697254,-0.0006778371366443893,5.116709497880613e-07,-0.3189245072779965,0.44801348651629497,-3.637535418648043e-05,5.091984006816387e-11,-7.032840678769714e-15,1.625525072599187,-0.6431304022750584,0.003126710040206794,0.1013191669539114
27.60199999999558,-0.1759321252448355,0.4550340858929337,0.07089908004428443,-0.0006778371366443893,5.050027482530249e-07,-0.31892450728097976,0.4480134865161318,-3.6375354186490924e-05,7.354717307391938e-11,-7.36825375145108e-15,1.6255250725991748,-0.6431304841163132,0.0031260704194866137,0.1013191666748639
27.62199999999557,-0.1759321132019016,0.45503515074385653,0.07090203858809895,-0.0006778371366443893,4.984212821952561e-07,-0.31892450728183075,0.4480134865160853,-3.6375354186496595e-05,5.571876395087082e-11,-5.184816626751302e-15,1.6255250725991712,-0.6431305621955933,0.0031254391364177667,0.1013191664067
27.64199999999556,-0.175932103895739,0.455036201531732,0.07090495856774286,-0.0006778371366443893,4.919254144056514e-07,-0.3189245072842544,0.4480134865159527,-3.637535418650104e-05,6.922064870737475e-11,-4.686133283215238e-15,1.6255250725991592,-0.6431306366805681,0.003124816082374901,0.10131916614915627
27.661999999995547,-0.17593209718072383,0.45503723844765626,0.07090784048590355,-0.0006778371366443893,4.855140360609633e-07,-0.3189245072856067,0.4480134865158787,-3.637535418650248e-05,6.041496144303842e-11,-3.6067253157183906e-15,1.625525072599152,-0.6431307077254905,0.003124201150034131,0.1013191659019408
27.681999999995536,-0.17593209291781967,0.45503826167990274,0.07091068483871554,-0.0006778371366443893,4.79186061568598e-07,-0.31892450728716354,0.4480134865157935,-3.6375354186501197e-05,5.889723756920027e-11,-2.759716357012047e-15,1.6255250725991433,-0.6431307754817861,0.0031235942335251995,0.1013191656647422
