time,bx,by,byaw,q3,q4,q5,px,py,pz
0.002,3.112647513070627e-06,3.196212756184396e-06,-4.7719466992234495e-09,-9.318046705066248e-06,0.00013737710901834914,-0.00018310131151297803,0.9,0.4,0.46
0.022000000000000006,0.0002037631172356827,0.00020853688183887064,-3.717396031877045e-06,-0.0005353380394513484,0.005804734244376231,0.000880737833038654,0.9,0.4,0.4578418
0.04200000000000002,0.0007074963669917644,0.0007203564499495684,-3.310824501034472e-05,-0.0014590074289134545,0.014951754644857906,0.00584084166853113,0.9,0.4,0.4517596000000001
0.06200000000000004,0.0015055563862645587,0.0015259784443376987,-0.00012073349924557625,-0.0023767997263667066,0.020617844473037283,0.009235135985068688,0.9,0.4,0.4417534
0.08200000000000006,0.002588456773077333,0.0026129335039684898,-0.00029246889172950815,-0.002838701054712585,0.0186919749325522,0.008167893096390922,0.9,0.4,0.42818458371734536
0.10200000000000008,0.003949323587960767,0.003971018993482763,-0.0005526073206722869,-0.0026342803423642933,0.010968041559439944,0.004249697101280816,0.899999999999972,0.3999999939655547,0.4252537599370339
0.1220000000000001,0.005582376835299419,0.005593039868076591,-0.0008801027619806442,-0.0018911516010733603,0.003775547644891841,0.000384181674827001,0.8999999999998506,0.39999996765378343,0.4269077252943464
0.1420000000000001,0.0074802898326199315,0.00747399603365075,-0.0012377206227434695,-0.0009817264165167025,0.0026208367909277444,-0.00038896937525599964,0.8999999999996503,0.3999999242779338,0.42832520794912465
0.16200000000000012,0.009635822451766347,0.009609311643935642,-0.0015884639126201412,-0.0003284019422429555,0.008060335629806192,0.0023772262088185064,0.8999999999994807,0.39999988755119464,0.42913442195339
0.18200000000000013,0.012042474992850521,0.011993017134150885,-0.0019109137136671436,-0.00020120696833985882,0.015542630564092799,0.006329182901876125,0.8999999999993632,0.39999986212245814,0.4295449162740173
0.20200000000000015,0.014692694159898824,0.014616742992861718,-0.002206321556494546,-0.0006023253652630558,0.0191812602638477,0.008366253634185784,0.899999999999298,0.3999998480256209,0.42973376389969525
0.22200000000000017,0.017579014096848453,0.017469930884902195,-0.002494710395071784,-0.0012848277070991773,0.01637963584009481,0.007018680282621596,0.899999999999268,0.3999998415268853,0.4298181339114508
0.2420000000000002,0.020696001284965175,0.020541076113565333,-0.002802608722810684,-0.001887552514596349,0.009651507851548119,0.00351027858694974,0.8999999999992547,0.39999983861612154,0.42985680098683965
0.2620000000000002,0.024038554519299732,0.023819351887599056,-0.003148800106056324,-0.0021139711288637266,0.004401849387958778,0.0006670041572663858,0.8999999999992485,0.3999998372870927,0.42987504402410864
0.2820000000000002,0.027600534225189335,0.027295819205699644,-0.003534932438592919,-0.0018665953038292287,0.0045995231780146485,0.0006452108823082382,0.8999999999992456,0.3999998366650497,0.4298838269653963
0.3020000000000002,0.031376090399545795,0.030963676599549312,-0.003945015449281061,-0.0012778116322673067,0.009793911049385377,0.0033075177465350745,0.8999999999992443,0.39999983636834935,0.4298881064667074
0.32200000000000023,0.03535962340404261,0.034817520759482856,-0.004353360140968481,-0.0006305632890280078,0.01570433210973605,0.006453126956635117,0.8999999999992435,0.3999998362251103,0.4298902054519364
0.34200000000000025,0.03954476754612897,0.038852040960504396,-0.004736587357722433,-0.00021420491019702204,0.017731435561465024,0.007628716764067223,0.8999999999992435,0.39999983615546836,0.4298912385401719
0.36200000000000027,0.043925669268346346,0.043060791017116865,-0.005083747697018161,-0.00018793301880236455,0.014523435483355307,0.006034806028991674,0.8999999999992435,0.39999983612147566,0.42989174792535384
0.3820000000000003,0.04849793855779455,0.047435622063375246,-0.005399922014839108,-0.0005155066749558236,0.008841760538601251,0.003052761310815234,0.8999999999992435,0.39999983610484857,0.42989199931843136
0.4020000000000003,0.053256952089021474,0.05196700440329644,-0.005702084269000361,-0.0009970763189115909,0.005205278275842341,0.0010591593606699907,0.8999999999992435,0.39999983609670653,0.42989212344411815
0.4220000000000003,0.05819528440517847,0.05664501017569418,-0.006009747945271271,-0.0013754259725479554,0.006307557689127888,0.001538007729201281,0.8999999999992435,0.399999836092717,0.42989218474564556
0.44200000000000034,0.06330441119404383,0.061460443561323234,-0.006335177334753357,-0.0014611596736344235,0.011038788304002584,0.00398453773247112,0.8999999999992435,0.3999998360907616,0.42989221502395925
0.46200000000000035,0.06857572162082698,0.0664055910431716,-0.006677791039364613,-0.00121672459372166,0.015549821332752027,0.006403342763927764,0.8999999999992435,0.39999983608980305,0.42989222998002746
0.4820000000000004,0.07400014465095384,0.07147426389535849,-0.007025071315264854,-0.0007628078843761386,0.016371608441755912,0.006929464919211528,0.8999999999992435,0.39999983608933304,0.4298922373678396
0.5020000000000003,0.07956928447773931,0.07666115552489339,-0.0073590638175252765,-0.0003098874208758666,0.013071558790270516,0.005260250083400409,0.8999999999992435,0.39999983608910267,0.42989224101723184
0.5220000000000004,0.08527571969950323,0.0819608812734291,-0.0076649914123757676,-5.24425504259564e-05,0.008421479310587511,0.0028038427999366664,0.8999999999992435,0.3999998360889897,0.42989224281995214
0.5420000000000004,0.09111182983219952,0.0873671823122588,-0.007937764770468135,-7.861348620159362e-05,0.006083300229528042,0.0014986547447141602,0.8999999999992435,0.3999998360889343,0.4298922437104601
0.5620000000000004,0.09706962640818924,0.0928726435206135,-0.008183479163684058,-0.0003367526546722775,0.007734617782349812,0.0022888216281194973,0.8999999999992435,0.3999998360889072,0.42989224415035404
0.5820000000000004,0.10314130329925034,0.09846902277577643,-0.00841556653092115,-0.0006701791992900068,0.011882795731013755,0.004449883900611081,0.8999999999992435,0.39999983608889395,0.4298922443676534
0.6020000000000004,0.10931889752978842,0.10414800257564912,-0.008647809297642937,-0.0008986978091374021,0.015189920873608641,0.00623908829533622,0.8999999999992435,0.3999998360888874,0.42989224447499524
0.6220000000000004,0.11559428857649773,0.1099019723400013,-0.008887732620711988,-0.0009051112385098192,0.015149500892539249,0.00629586117191088,0.8999999999992435,0.39999983608888423,0.42989224452802016
0.6420000000000005,0.12196008067319807,0.11572446611615103,-0.009133453343206461,-0.0006857776999409468,0.011975631096203792,0.004671023805189203,0.8999999999992435,0.3999998360888827,0.42989224455421343
0.6620000000000005,0.1284095388886267,0.1216100884227235,-0.009375211946148404,-0.0003438930200183242,0.00828905619894231,0.00271052320260636,0.8999999999992435,0.3999998360888819,0.4298922445671524
0.6820000000000005,0.13493574783573742,0.12755400221856195,-0.009600515449739066,-3.2875231828984855e-05,0.006962831253114577,0.0019456550744659296,0.8999999999992435,0.3999998360888814,0.4298922445738567
0.7020000000000005,0.1415316372186862,0.13355124205898772,-0.009800197121123993,0.00011957741444494441,0.008891208673034395,0.002901271716294651,0.8999999999992435,0.3999998360888814,0.4298922445774595
0.7220000000000005,0.14819026035886648,0.13959619462969924,-0.009972471577231495,6.961723657534374e-05,0.012407734878554328,0.0047456405571929434,0.8999999999992435,0.3999998360888814,0.42989224457946273
0.7420000000000005,0.15490452717778114,0.14568248546028664,-0.010123226439313389,-0.00012837664115191398,0.014711250199800638,0.006006571659382846,0.8999999999992435,0.3999998360888814,0.42989224458045144
0.7620000000000006,0.16166740833849869,0.15180328730449077,-0.010262692394183311,-0.0003546792210127726,0.014089930073880754,0.005742620227793731,0.8999999999992435,0.39999983608888195,0.4298922445809632
0.7820000000000006,0.1684725371712335,0.15795187341378977,-0.010400326716714323,-0.0004854768914495775,0.011183169511661548,0.004240849234408852,0.8999999999992435,0.39999983608888373,0.4298922445813614
0.8020000000000006,0.17531397402186047,0.16412214681756637,-0.010540452143160501,-0.0004515175606726593,0.008359484715393873,0.002728082869023793,0.8999999999992435,0.39999983608888834,0.42989224458145175
0.8220000000000006,0.18218565376460014,0.1703088954720589,-0.010680648198368396,-0.0002666079797999391,0.007793687350000388,0.002372490006001643,0.8999999999992435,0.39999983608890366,0.42989224458157693
0.8420000000000006,0.1890814843479385,0.1765076666462032,-0.010813444559690919,-1.4881926467444183e-05,0.009798845590114487,0.003385192256377103,0.8999999999992435,0.39999983608894774,0.4298922445815641
0.8620000000000007,0.19599545675000143,0.1827143542797788,-0.010930271079834136,0.00019403479278244285,0.01268644680113663,0.004909575155751009,0.8999999999992435,0.39999983608910145,0.4298922445816224
0.8820000000000007,0.20292148517270722,0.18892471768665114,-0.011025636660503395,0.0002785057284072351,0.014179080796124276,0.005740897532939224,0.8999999999992436,0.39999983608955886,0.429892244581608
0.9020000000000007,0.2098536878242537,0.19513405677588255,-0.011099552788971614,0.00022123803389721908,0.013200659503903915,0.005275245131666854,0.8999999999992445,0.3999998360905673,0.42989224458135733
0.9220000000000007,0.216786746887949,0.20133718741040477,-0.011157190618734348,7.264011745187637e-05,0.010641510526864285,0.003942966043300742,0.8999999999992458,0.39999983609228545,0.42989224458097725
0.9420000000000007,0.2237156146255959,0.20752871230946077,-0.011206138602323185,-7.79933149073118e-05,0.008563526281505484,0.0028198651716753436,0.8999999999992478,0.39999983609461914,0.4298922445805907
0.9620000000000007,0.23063516813097276,0.2137034335120033,-0.011252731385197964,-0.00014743756600443052,0.008544359730201042,0.0027614151728404444,0.8999999999992502,0.39999983609742584,0.42989224458027747
0.9820000000000008,0.23754031299135592,0.2198566978882776,-0.011299247392667095,-9.724684781384384e-05,0.01048606735234497,0.003754448219355042,0.8999999999992527,0.3999998361005451,0.42989224458006176
1.0020000000000007,0.2444260122228241,0.2259845229176402,-0.011343228478595393,5.149613358021143e-05,0.012782330175847399,0.004974791659560542,0.8999999999992554,0.3999998361038338,0.429892244579928
1.0220000000000007,0.25128723348272397,0.2320834598861575,-0.011379083001858645,0.00023253440245838428,0.013640912062316352,0.005467855594413013,0.8999999999992582,0.3999998361071968,0.4298922445798517
1.0420000000000007,0.25811922913710283,0.2381502739791561,-0.011401047371266088,0.0003689955027846247,0.01247748514248607,0.004892697440855406,0.899999999999261,0.3999998361105767,0.4298922445798115
1.0620000000000007,0.2649177141044559,0.2441816086045366,-0.011406010058697343,0.0004104004736756136,0.010300744186398056,0.0037517421730524133,0.8999999999992638,0.39999983611405177,0.4298922445797916
1.0820000000000007,0.27167858081411056,0.25017379618843,-0.011394877677395332,0.00035446708043323274,0.008846515530860567,0.002956732927382874,0.8999999999992667,0.3999998361174692,0.42989224457978337
1.1020000000000008,0.27839769091942274,0.2561228891918108,-0.0113719485140452,0.0002445682918738819,0.009197867093085618,0.003102461839718596,0.8999999999992695,0.3999998361208264,0.42989224457978087
1.1220000000000008,0.28507095141447886,0.2620248787172626,-0.011342737636426101,0.00014589892861435524,0.010984681495549913,0.0040249165344863475,0.8999999999992723,0.39999983612412315,0.4298922445797807
1.1420000000000008,0.29169431079651464,0.26787598684008634,-0.011311393048797518,0.00011315957604534773,0.01274884509414862,0.0049693872821361725,0.8999999999992748,0.3999998361273602,0.42989224457978137
1.1620000000000008,0.29826378657320324,0.2736728880418685,-0.011278949527732793,0.0001655850857302623,0.013129445943335078,0.005205432142450987,0.8999999999992774,0.39999983613053813,0.42989224457978215
1.1820000000000008,0.30477570758271855,0.27941275813918054,-0.011243179699374311,0.0002805261444414355,0.011908216585234364,0.004589506661134173,0.8999999999992799,0.3999998361336582,0.4298922445797827
1.2020000000000008,0.3112267731074678,0.28509314310681844,-0.01119999334583347,0.00040724932959673233,0.010115588702792807,0.0036437258057051085,0.8999999999992824,0.39999983613672124,0.42989224457978326
1.2220000000000009,0.3176138097540082,0.2907117237021517,-0.011145609959920375,0.0004929398488067856,0.009166791457811106,0.003116310290909221,0.8999999999992848,0.39999983613972784,0.4298922445797834
1.2420000000000009,0.3239336487739698,0.29626609083849664,-0.011078423243288745,0.000507724730576985,0.009748128989207483,0.0033915439003357486,0.8999999999992874,0.3999998361427757,0.4298922445797834
1.262000000000001,0.33018317091206345,0.30175363619679124,-0.010999702674145642,0.00045702003783169544,0.011326984215298532,0.004212979429476255,0.8999999999992898,0.39999983614574997,0.4298922445797834
1.282000000000001,0.33635929734899084,0.30717160242744523,-0.010912888782341179,0.0003763495533339321,0.012629686502174105,0.004916475180614998,0.8999999999992923,0.39999983614880225,0.4298922445797834
1.302000000000001,0.34245906165570117,0.31251725545265024,-0.010821918772640373,0.00031237764817143224,0.012665430344131303,0.004965267660801395,0.8999999999992948,0.39999983615196866,0.4298922445797834
1.322000000000001,0.34847979520805644,0.31778808726748875,-0.010729443065552813,0.00030010384828602657,0.011475854803844346,0.0043574623483387835,0.8999999999992975,0.399999836155231,0.4298922445797834
1.342000000000001,0.3544191161724801,0.32298195307532124,-0.010635780745256477,0.0003472510975792624,0.010046431302130008,0.0035982529768985223,0.8999999999993001,0.3999998361585364,0.4298922445797834
1.362000000000001,0.3602747399220083,0.3280970823891116,-0.01053905062744591,0.000432673621163048,0.009493910235440647,0.003282093651403425,0.8999999999993028,0.399999836161844,0.4298922445797834
1.382000000000001,0.3660444092207342,0.33313196551877644,-0.010436328179261923,0.0005184768904476489,0.010196875821905316,0.0036288346186916275,0.8999999999993055,0.39999983616512774,0.4298922445797834
1.402000000000001,0.3717259168544076,0.3380851780485414,-0.010325206733548097,0.0005691133818597018,0.011543818243701634,0.0043344584749516885,0.8999999999993082,0.3999998361684798,0.4298922445797834
1.422000000000001,0.37731710598744855,0.34295523083686835,-0.010204997667631768,0.0005679488854254278,0.01245943256729018,0.0048344704825916,0.899999999999311,0.3999998361717631,0.4298922445797834
1.442000000000001,0.38281595931139173,0.347740512418493,-0.010077031271459966,0.0005236933050867778,0.012260270717136042,0.004754008834964498,0.8999999999993137,0.3999998361749812,0.4298922445797834
1.462000000000001,0.38822072496834964,0.35243934335146665,-0.009943983468151446,0.00046441689192994943,0.01116105530097705,0.004186935184415916,0.8999999999993162,0.39999983617813706,0.4298922445797834
1.482000000000001,0.39352986681656543,0.35705010922570624,-0.009808617964165683,0.0004228866934089899,0.010059749291574785,0.003597720326592095,0.8999999999993187,0.3999998361812332,0.4298922445797834
1.5020000000000011,0.3987366413069342,0.36157301335442504,-0.009674006693518785,-0.00043666615381090655,0.009391432501024375,0.003970263917943536,0.9002228494328139,0.40024376766124864,0.43006270762600757
1.5220000000000011,0.4038181100348049,0.3660071268831727,-0.009600960658501936,-0.0049504246371235554,0.009195407165121745,0.003099695105641703,0.9026903953497123,0.40247803059362713,0.4305379248478461
1.5420000000000011,0.4087858002884211,0.3703285333494969,-0.00975212575866035,-0.009403408210570043,0.009571148860142764,0.0036007314944676537,0.9060697859057564,0.405175906364988,0.430396093746143
1.5620000000000012,0.4136412760623676,0.37451828868797893,-0.010263907849986355,-0.011913321985033955,0.010438763012717067,0.0036263605431071347,0.9097690529310638,0.40806696595014325,0.43024903145254934
1.5820000000000012,0.4183846211832756,0.3785681485407927,-0.011178229231380201,-0.012061064356001624,0.010690184897805965,0.0042020425596304865,0.9135999351145491,0.41145522494121006,0.43035892071714943
1.6020000000000012,0.42302039517310597,0.38248072408221984,-0.012442482288474435,-0.01059441345789766,0.009879104729685256,0.00347071692624709,0.9171972973584065,0.41527675369054134,0.43080853922722023
1.6220000000000012,0.4275454839515658,0.3862627966622297,-0.013949140890439837,-0.007643113549439588,0.009137324421519506,0.0022463461935075327,0.920970462408268,0.41962504312007615,0.4309098005566108
1.6420000000000012,0.43196011611261825,0.3899286272351748,-0.015548091041260632,0.09595068395267017,0.10985788142744458,-1.1545030530694267,0.924745121144799,0.4238424775923554,0.43120412601689156
1.6620000000000013,0.4362596584026405,0.39349891728699626,-0.016962158136270982,0.09805745769377155,0.11740552438058836,-1.1547332963777184,0.9280944616950313,0.4267045285484725,0.43053165638289054
1.6820000000000013,0.4404379984738913,0.3969869122748536,-0.018097000989421345,0.0984705916945536,0.12594241082111987,-1.1491066458910733,0.9302758707234128,0.4276054827511149,0.42939216324309437
1.7020000000000013,0.44451240753484145,0.4003968233416658,-0.018978813269488633,0.09712715275644428,0.12838012437521984,-1.1493557053427763,0.9305714461302639,0.4279423064284542,0.42940621842533466
1.7220000000000013,0.4484808468527622,0.4037230189986214,-0.019693130407036238,0.09491673798467191,0.12227050768675482,-1.1509001999809265,0.9305523358709339,0.4281423296763291,0.429619981841584
1.7420000000000013,0.4523477738151536,0.4069570254809415,-0.020341648219266636,0.0931358843001318,0.11419366362014655,-1.1545693050937091,0.9305212356756541,0.42825239368697565,0.4297586179737258
1.7620000000000013,0.45610938517370236,0.41009278678970207,-0.02099259217298691,0.0927415274777911,0.11161585571900443,-1.1556254597913573,0.9305039949754959,0.42830535599055203,0.42982822040778873
1.7820000000000014,0.45976724562578863,0.41313189561006153,-0.021652629815471783,0.09384111594626575,0.11664310262175498,-1.1537148129992343,0.9304956681207761,0.4283299452149846,0.42986140721319194
1.8020000000000014,0.46332744798688724,0.4160833158814795,-0.022274539464390803,0.09569688681133708,0.12408531350372481,-1.1507395206587467,0.9304917210893568,0.42834143512077355,0.42987725786191344
1.8220000000000014,0.46679609865140104,0.4189588523229675,-0.022793617068159387,0.0972153549261674,0.12685529372249346,-1.1494771089334763,0.9304898380128206,0.4283468848629074,0.4298849113203634
1.8420000000000014,0.4701762992655588,0.4217675067994632,-0.02316998573528422,0.09758573605234203,0.12270393159837867,-1.1510849013425195,0.9304889311126103,0.42834950290131585,0.4298886409740306
1.8620000000000014,0.4734681163796426,0.42451194754947214,-0.023412908763870647,0.09669988856611414,0.11592222068102565,-1.1537681492789975,0.9304884911823633,0.42835077149029577,0.42989046942424464
1.8820000000000014,0.4766703431125013,0.42718872929620816,-0.023575372780342177,0.09515549525417591,0.1130100157458033,-1.1551041644194675,0.9304882767879149,0.4283513894191447,0.4298913689635215
1.9020000000000015,0.47978358728726384,0.4297919098599232,-0.023724398325664583,0.09386901973278375,0.1164045989054013,-1.1538032260544644,0.9304881720209581,0.4283516913135974,0.429891812366467
1.9220000000000015,0.4828133383150174,0.43231784429076636,-0.023905570693416457,0.09353451628228912,0.12254498347166454,-1.1513457139488754,0.9304881207467653,0.42835183905011254,0.4298920311562192
1.9420000000000015,0.48576551485001085,0.4347679267327034,-0.024122214958998474,0.09425434768900728,0.12553673001032353,-1.150062567635432,0.9304880956316314,0.4283519114113479,0.4298921391729333
1.9620000000000015,0.48864319706298137,0.4371483182484229,-0.024339614078299335,0.09553770802196603,0.12280800793357492,-1.1510657894332865,0.9304880833242428,0.42835194687048384,0.4298921925158219
1.9820000000000015,0.4914465201372209,0.43946713563777695,-0.024509668376254366,0.09662389338682609,0.11726876749096048,-1.153278765243415,0.9304880772917268,0.4283519642507763,0.4298922188623994
2.002000000000001,0.4941738331268112,0.4417307550876864,-0.02460061845207388,0.09692403732013898,0.11425580671050012,-1.1545867989309402,0.9304880743345016,0.42835197277081094,0.4298922318761768
2.021999999999999,0.4968249468786986,0.44394143153047594,-0.024615023436144773,0.0963353672895005,0.11640341799816946,-1.1538058473790866,0.9304880728847358,0.4283519769477115,0.42989223830451034
2.0419999999999967,0.49940376462099867,0.44609741823361887,-0.024586949127028784,0.0952597397606391,0.12137514130939776,-1.1518125303182727,0.9304880721739716,0.42835197899548294,0.42989224147993194
2.0619999999999945,0.5019157062844113,0.448195103730756,-0.02456165611252789,0.09433463605759018,0.12436457824655027,-1.1505577487268561,0.9304880718255054,0.4283519799994426,0.42989224304851814
2.0819999999999923,0.504364234031152,0.4502319538923308,-0.02457068061642641,0.09405788290344781,0.12272173759159347,-1.1511374725516386,0.9304880716546616,0.42835198049165757,0.4298922438233676
2.10199999999999,0.5067501964985771,0.4522086689180885,-0.02461657000000519,0.09452578901210558,0.11827760546698693,-1.1529021670606494,0.9304880715709011,0.4283519807329786,0.42989224420612826
2.121999999999988,0.5090725008736365,0.4541293390127447,-0.024674858436779204,0.09541362905490146,0.11534869231441923,-1.1541479071593348,0.9304880715298351,0.4283519808512927,0.42989224439520485
2.1419999999999857,0.5113305475927036,0.45599974231586105,-0.02471075886376632,0.09618955004721172,0.11655844592535966,-1.1537358617035411,0.9304880715097015,0.4283519809092996,0.42989224448860514
2.1619999999999835,0.5135266986657617,0.4578248514483876,-0.024700121726593714,0.09642884647459671,0.12050945404485215,-1.152162150384582,0.9304880714998304,0.428351980937739,0.4298922445347432
2.1819999999999813,0.5156650662115105,0.4596068511352115,-0.02464261241920743,0.09604234074344167,0.12334908417416493,-1.1509806801939504,0.9304880714949907,0.42835198095168225,0.42989224455753455
2.201999999999979,0.5177487837073532,0.4613448205678848,-0.024560424386277743,0.09529572346228031,0.1225101943862217,-1.1512520689185501,0.9304880714926179,0.4283519809585183,0.42989224456879316
2.221999999999977,0.5197790617565324,0.46303621645038945,-0.024484539837188186,0.09463122074048878,0.1190136786239457,-1.1526310978867127,0.9304880714914597,0.4283519809618553,0.42989224457473063
2.2419999999999747,0.5217555246845218,0.4646791138445222,-0.024437240708869698,0.0944085040322006,0.11628521734135747,-1.153775580454505,0.9304880714909812,0.428351980963234,0.42989224457786135
2.2619999999999725,0.5236778692443579,0.46627393696590663,-0.02442086186649617,0.09471171800014684,0.11681093957112014,-1.1536280271552106,0.9304880714909655,0.42835198096327864,0.4298922445794986
2.2819999999999703,0.5255478211929839,0.4678237583480336,-0.02441852766301628,0.0953248691296983,0.11988780992477369,-1.1524109752237937,0.9304880714912609,0.4283519809624281,0.42989224458013964
2.301999999999968,0.5273685508070894,0.469332988543848,-0.024405483191684466,0.09587813630926863,0.1224881377019774,-1.151337465463807,0.9304880714918136,0.42835198096083626,0.42989224458029396
2.321999999999966,0.5291425755277369,0.4708053645709687,-0.02436379645750782,0.09606719317521871,0.12222574617723238,-1.1513897574788468,0.9304880714925461,0.4283519809587257,0.429892244580224
2.3419999999999637,0.5308708790027801,0.4722425231379623,-0.024291965559126924,0.09581569223471278,0.11953205329240937,-1.152444450547472,0.9304880714933899,0.4283519809562948,0.4298922445800993
2.3619999999999615,0.5325532354859529,0.47364386337259856,-0.024204565652017365,0.09529801428257331,0.11707126558196482,-1.1534649143384776,0.9304880714942938,0.4283519809536905,0.4298922445799862
2.3819999999999593,0.5341894866462342,0.4750076668778453,-0.02412298240140159,0.09482202057149958,0.1171159169151022,-1.153500585727933,0.9304880714952578,0.42835198095091304,0.42989224457990394
2.401999999999957,0.5357810769452896,0.47633276302108535,-0.02406311164408606,0.09464652994042191,0.11945949872016254,-1.1525814147880964,0.9304880714962245,0.42835198094812776,0.42989224457984887
2.421999999999955,0.5373307638292628,0.4776196791792624,-0.024027130485501525,0.09484098871360842,0.12177240045831227,-1.151632773623252,0.9304880714971849,0.4283519809453606,0.4298922445798158
2.4419999999999527,0.5388408726103492,0.47887067836847713,-0.02400358586327628,0.09526348177898937,0.12190651794362023,-1.151535960555055,0.9304880714981343,0.4283519809426255,0.42989224457979774
2.4619999999999505,0.5403123191417288,0.48008884394061213,-0.023975027048653702,0.09565794010673778,0.11987991489091283,-1.1523231882184723,0.9304880714991264,0.42835198093976673,0.42989224457978836
2.4819999999999482,0.5417448292776126,0.48127680137449985,-0.02392829523627908,0.09580549678224184,0.11771863400949993,-1.1532113097017624,0.9304880715001622,0.4283519809367828,0.4298922445797843
2.501999999999946,0.5431380525528319,0.4824358065646129,-0.023861550259284745,0.09564278529142319,0.11744087278257394,-1.153366651337825,0.9304880715012281,0.4283519809337118,0.4298922445797829
2.521999999999944,0.5444929460382599,0.4835656811802931,-0.023784408522129305,0.09528448748539936,0.11918086254459474,-1.1526909369770608,0.9304880715023063,0.4283519809306056,0.42989224457978265
2.5419999999999416,0.5458117949381478,0.48466550451599516,-0.023711685389233822,0.0949443700743686,0.1211885311512843,-1.1518725759767277,0.9304880715034197,0.4283519809273976,0.42989224457978276
2.5619999999999394,0.5470968237224021,0.4857346005997252,-0.023654770690098886,0.09480770304345296,0.12157995371234515,-1.1516812529466127,0.9304880715045174,0.42835198092423465,0.42989224457978303
2.5819999999999372,0.5483491350838064,0.486773304207843,-0.023615641006546798,0.09493104830362868,0.12009713858538844,-1.1522516386385002,0.9304880715055978,0.4283519809211225,0.42989224457978326
2.601999999999935,0.5495686808563957,0.48778311281791054,-0.023586600724225946,0.09522198674523916,0.11824168723332586,-1.153008002643031,0.9304880715066596,0.4283519809180636,0.42989224457978326
2.621999999999933,0.550755089955458,0.48876618703611374,-0.023555406061363984,0.09550277406601973,0.11776310009923507,-1.1532351937730372,0.9304880715077025,0.42835198091505855,0.42989224457978326
2.6419999999999306,0.5519088601981852,0.48972453191281523,-0.023512480205766264,0.09561629875333802,0.11901566904276327,-1.1527549075520909,0.9304880715087267,0.42835198091210724,0.42989224457978326
2.6619999999999284,0.5530316477621504,0.49065930039856914,-0.02345603231534397,0.09551194035911534,0.12072121415990904,-1.1520637245260934,0.9304880715097325,0.4283519809092093,0.42989224457978326
2.681999999999926,0.5541253240101437,0.4915705810315184,-0.02339240567368369,0.09526453715650622,0.1212645232653639,-1.1518187116550722,0.93048807151072,0.42835198090636395,0.42989224457978326
2.701999999999924,0.5551910205274648,0.4924577880419999,-0.023331873063642265,0.09502190785566594,0.12021669164723756,-1.1522167358123316,0.9304880715116897,0.42835198090357074,0.42989224457978326
2.721999999999922,0.5562289402313145,0.49332040180705594,-0.023282608658750717,0.09491670047776943,0.11865627973496942,-1.1528484126427754,0.9304880715126727,0.4283519809007391,0.42989224457978326
2.7419999999999196,0.5572389024575837,0.49415861566482305,-0.023246334076798783,0.09499410794192736,0.11806764327777106,-1.153112077633285,0.930488071513675,0.42835198089785137,0.42989224457978326
2.7619999999999174,0.5582212577568673,0.4949735389688852,-0.02321791340609327,0.09519400250012679,0.11893406252888566,-1.152785411813015,0.9304880715147109,0.42835198089486654,0.42989224457978326
2.781999999999915,0.5591772359776515,0.49576685092125616,-0.02318879297942376,0.09539329260827469,0.12035446857361284,-1.1522131245336418,0.9304880715157794,0.42835198089178866,0.42989224457978326
2.801999999999913,0.5601083196784558,0.4965401256407239,-0.023152046707203913,0.09547983939511588,0.12097207604999835,-1.1519444532170366,0.9304880715168631,0.42835198088866666,0.42989224457978326
2.821999999999911,0.5610154704413577,0.4972942618004501,-0.023106082804421772,0.09541373962424335,0.12026536052779996,-1.1522080758843483,0.9304880715179482,0.4283519808855399,0.42989224457978326
2.8419999999999086,0.5618989256974034,0.49802934396039333,-0.02305507062955431,0.09524321197835306,0.11897822609989427,-1.1527257069374244,0.9304880715190262,0.42835198088243387,0.42989224457978326
2.8619999999999064,0.5627586001799737,0.49874497280310565,-0.023006133015487738,0.09507042371924351,0.11834540412253779,-1.1530006333602771,0.930488071520092,0.42835198087936377,0.42989224457978326
2.881999999999904,0.5635947985751558,0.4994408410633198,-0.022965134924982065,0.09499021539908592,0.11891213929621604,-1.152792314048371,0.9304880715211769,0.4283519808762383,0.42989224457978326
2.901999999999902,0.5644085409768179,0.5001171950296986,-0.02293352619939355,0.09503792962742495,0.12007273264321175,-1.152327466363976,0.9304880715222379,0.4283519808731812,0.42989224457978326
2.9219999999999,0.5652011043337613,0.5007749159744391,-0.022907906194616526,0.0951748444893128,0.1207093003925464,-1.1520562497948028,0.930488071523277,0.42835198087018755,0.42989224457978326
2.9419999999998976,0.5659733489675034,0.5014152268266735,-0.022882319676750598,0.09531607948005023,0.12026443432799007,-1.1522174002773562,0.9304880715242955,0.42835198086725335,0.42989224457978326
2.9619999999998954,0.5667254897829885,0.5020392393640597,-0.022851773835288133,0.09538161530051656,0.11922265732780983,-1.1526337149512003,0.9304880715252943,0.4283519808643755,0.42989224457978326
2.981999999999893,0.5674574142413417,0.5026476075465318,-0.02281492144427638,0.09534025463011733,0.11859165789551812,-1.1529025477398076,0.9304880715262742,0.42835198086155196,0.42989224457978326
3.001999999999891,0.5681692952348452,0.5032404680375749,-0.022774492447322686,0.09522286836433762,0.1189310086865646,-1.1527831882011939,0.930488071527236,0.42835198085878085,0.42989224457978326
3.0219999999998888,0.5688619350156158,0.5038176630857774,-0.022735423192258034,0.09510000573280346,0.11986145777985271,-1.1524128518685517,0.93048807152818,0.4283519808560611,0.42989224457978326
3.0419999999998866,0.569536454215491,0.504379082509983,-0.02270191774853159,0.09503926521261534,0.12047923580344559,-1.152153360408403,0.9304880715292235,0.4283519808530543,0.42989224457978326
3.0619999999998844,0.5701936982427945,0.5049249345655694,-0.02267516660789204,0.09506800030934606,0.12023054565092468,-1.1522383357036081,0.9304880715302972,0.4283519808499606,0.42989224457978326
3.081999999999882,0.5708339503080366,0.5054558186391431,-0.022652933485041167,0.09516160030920354,0.11940342924680908,-1.1525667259364625,0.9304880715313879,0.4283519808468183,0.42989224457978326
3.10199999999988,0.5714571286084537,0.5059725801502796,-0.02263107953036865,0.09526154561016537,0.11880478929451112,-1.1528182499378414,0.9304880715324817,0.4283519808436673,0.42989224457978326
3.1219999999998778,0.5720632902156992,0.5064760446321105,-0.02260601499495015,0.09531075897142846,0.11897610276327339,-1.1527639504735305,0.9304880715335694,0.42835198084053455,0.42989224457978326
3.1419999999998756,0.5726529909895837,0.5069667783034161,-0.02257663846545731,0.09528523165613269,0.11970749807473222,-1.15247481009312,0.9304880715346447,0.42835198083743603,0.42989224457978326
3.1619999999998734,0.5732271295481974,0.5074449930568512,-0.022544728483257313,0.09520456461780005,0.12028227888850418,-1.1522359313879107,0.9304880715357053,0.4283519808343807,0.42989224457978326
3.181999999999871,0.5737864778038144,0.507910641790478,-0.022513701459685946,0.0951173302089711,0.12017638852075026,-1.152266010221656,0.930488071536749,0.42835198083137355,0.42989224457978326
3.201999999999869,0.5743313816689398,0.5083636489183397,-0.02248656607843291,0.09507163030448991,0.11953292490342637,-1.152519737791789,0.9304880715377749,0.42835198082841724,0.42989224457978326
3.2219999999998667,0.5748618492492654,0.5088041415183323,-0.022464278428680512,0.09508844718667345,0.11898536453479122,-1.152747347087176,0.9304880715388161,0.42835198082541776,0.42989224457978326
3.2419999999998645,0.5753779248635955,0.5092325516733209,-0.022445376667840765,0.0951522758220849,0.11903641448566271,-1.1527389832886097,0.9304880715398326,0.4283519808224892,0.42989224457978326
3.2619999999998623,0.5758800082162833,0.5096495361142016,-0.0224269901001562,0.09522282091650058,0.11959926706483955,-1.1525181622943863,0.930488071540827,0.4283519808196245,0.42989224457978326
3.28199999999986,0.5763687943242185,0.5100557622420826,-0.022406545615452998,0.09525951381577792,0.12011707077664416,-1.1523048140755985,0.930488071541801,0.4283519808168185,0.42989224457978326
3.301999999999858,0.5768449258610729,0.5104516930048617,-0.022383163419490038,0.09524407565267562,0.12011141706634186,-1.1522968626185812,0.930488071542756,0.4283519808140675,0.42989224457978326
3.3219999999998557,0.5773087308681145,0.5108375016694288,-0.022357993260405936,0.09518874816214966,0.11962190687740941,-1.152488399941907,0.9304880715437547,0.4283519808111901,0.42989224457978326
3.3419999999998535,0.5777602598643653,0.5112131581603442,-0.022333395314850443,0.0951269004920167,0.11913536382605668,-1.1526888834030684,0.9304880715447941,0.428351980808196,0.42989224457978326
3.3619999999998513,0.5781995667691361,0.5115786239075669,-0.02231151871502103,0.09509271554623887,0.11910387843018412,-1.1527114896655477,0.9304880715458601,0.42835198080512504,0.42989224457978326
3.381999999999849,0.578626974843324,0.5119340320462576,-0.022293117999942578,0.09510212349259162,0.11952680446767412,-1.152547038315616,0.9304880715469721,0.428351980801921,0.42989224457978326
3.401999999999847,0.579043057423621,0.5122797450600091,-0.02227724506019531,0.09514549623286826,0.11998113436059059,-1.1523612221510626,0.930488071548075,0.4283519807987433,0.42989224457978326
3.4219999999998447,0.579448365708778,0.5126162680810125,-0.02226191338303776,0.09519518317409037,0.12004245054596648,-1.1523283503365647,0.930488071549164,0.42835198079560577,0.42989224457978326
3.4419999999998425,0.5798431948152545,0.5129440871653894,-0.02224528247736244,0.09522240304546536,0.11967953937846122,-1.1524690653597434,0.9304880715502366,0.4283519807925153,0.42989224457978326
3.4619999999998403,0.5802275926670158,0.5132635345343475,-0.02222666046296271,0.09521331048589755,0.11925761563650529,-1.1526416174093943,0.9304880715512918,0.4283519807894756,0.42989224457978326
3.481999999999838,0.5806015866338612,0.5135747533310081,-0.022206783871329513,0.09517541883906992,0.1191727704380393,-1.152683702571972,0.9304880715523287,0.4283519807864881,0.42989224457978326
3.501999999999836,0.5809654213203046,0.5138777686056777,-0.022187280501533894,0.09513162173511928,0.11948171683426997,-1.152564882727516,0.9304880715533473,0.42835198078355335,0.42989224457978326
3.5219999999998337,0.5813195744065827,0.5141726089382155,-0.02216968283698969,0.0951061627985288,0.11987138370289005,-1.1524065781725807,0.9304880715543477,0.42835198078067127,0.42989224457978326
3.5419999999998315,0.5816645416245484,0.5144594054455981,-0.02215457846773763,0.0951110493063829,0.11997422801499452,-1.152358745772456,0.9304880715553299,0.42835198077784153,0.42989224457978326
3.5619999999998293,0.5820006168662976,0.5147384214890816,-0.02214135785363812,0.09514043083836995,0.11971346398595628,-1.1524587014078986,0.9304880715563254,0.4283519807749727,0.42989224457978326
3.581999999999827,0.5823278640730771,0.515010008054269,-0.0221286484856183,0.09517536681590946,0.1193553673594932,-1.1526041623913548,0.9304880715572972,0.42835198077217307,0.42989224457978326
3.601999999999825,0.58264628942192,0.515274516656991,-0.02211513600620759,0.0951954512091425,0.11923921171142685,-1.1526571275311568,0.9304880715582945,0.42835198076929976,0.42989224457978326
3.6219999999998227,0.5829560547794875,0.5155322183724191,-0.022100283537595845,0.0951902741626424,0.11945706950309269,-1.1525745362333137,0.9304880715593291,0.42835198076631886,0.42989224457978326
3.6419999999998205,0.5828701735568638,0.5159079286546471,-0.02208454101801345,-0.2783420278702694,0.6609876876488133,-2.1515330400407655,0.9309632665891605,0.42846463125674683,0.4303831071672654
3.6619999999998183,0.5793130018028679,0.5173829203256507,-0.02206390733823708,-0.2784207304792796,0.6046236339443309,-2.147413181307994,0.9385039194893383,0.4302790083261669,0.4369558567867193
3.681999999999816,0.5747697695470166,0.5191419750657371,-0.02205736937017037,-0.280263220228937,0.5570388268659721,-2.149259383063891,0.9474524393337435,0.4324796902612497,0.44131495687153427
3.701999999999814,0.5710961189705479,0.5205933510129364,-0.022131221034968403,-0.28201885897479456,0.5285341291852429,-2.153920342386293,0.9565933940897059,0.434690529720112,0.442399939000147
3.7219999999998117,0.5682650933901527,0.5217305692394854,-0.022337247350906895,-0.2829613573269493,0.5257707823201534,-2.150336172066978,0.9659997800911411,0.436996882635201,0.44079699562936014
3.7419999999998095,0.5660878233587983,0.5225851815050813,-0.022692374203309787,-0.2830593942973729,0.5215523202879068,-2.153509236229567,0.9756960201830295,0.43942506210044807,0.436540925678093
3.7619999999998073,0.5655140040427578,0.5228755578352284,-0.02318537034980818,-0.28306748014475364,0.5219114382647263,-2.154563394183473,0.985568543859048,0.4419187395985653,0.42933801063479954
3.781999999999805,0.5654662566681287,0.5229482103767324,-0.02379759226214741,-0.2826854772586383,0.5219784490175838,-2.152402639177779,0.9897975988402593,0.44297015576966803,0.4283251683061876
3.801999999999803,0.5656260435917796,0.5229151153864114,-0.02449888151280558,-0.2820121490080316,0.5225938005424979,-2.1533044250045226,0.9902600539336197,0.44308492774383584,0.43054499361625054
3.8219999999998007,0.5657783232701309,0.5228581832643262,-0.02525196597627957,-0.2811731184674286,0.5223728195162275,-2.1534495429781755,0.9894018126967701,0.44287182220383337,0.4315532908275699
3.8419999999997985,0.5659694177235608,0.5227758063252429,-0.026018191407845195,-0.2802822776190884,0.5225891949979365,-2.152767375935325,0.9874413774007115,0.4423807705258478,0.43086940272755436
3.8619999999997963,0.5661824594564933,0.5226832871873025,-0.026761734234209175,-0.2794231409681513,0.5231573826322966,-2.153153478279637,0.9849521641667307,0.44175501364945313,0.42908066301479664
3.881999999999794,0.5663699444568062,0.5226033326515421,-0.02745242383926349,-0.27866577520534863,0.5234851331429179,-2.1527748462933665,0.9846843152620036,0.4416871463674143,0.4291150289730067
3.901999999999792,0.5665516592936337,0.522535484604309,-0.028067866517743637,-0.2780605202867299,0.523638370774725,-2.1515116850957,0.9849431414039796,0.4417520794989438,0.4294555558083063
3.9219999999997897,0.5667177488236066,0.5224865698211171,-0.028594426576897355,-0.2776411925986688,0.5231248528015159,-2.15045906759389,0.9851495969545703,0.4418038783420192,0.42968090136877823
3.9419999999997875,0.5669382531718706,0.5224268610934837,-0.029026187872207666,-0.277268880617971,0.5242172010535033,-2.1514978863853997,0.9852605823081133,0.4418317141776761,0.4297945057283532
3.9619999999997852,0.5670268826346715,0.5224064969490406,-0.029359847979952995,-0.27687089781494656,0.5236363768826305,-2.150827152343154,0.9853130963629121,0.44184488250638343,0.42984656411243427
3.981999999999783,0.5671092560117779,0.5223745243057867,-0.02959020451927218,-0.27635170673961196,0.5239749614492072,-2.1510077407407686,0.9853374928803114,0.44185099959680363,0.42987046795349043
4.001999999999781,0.567130452449501,0.5223516051442109,-0.029709585007922295,-0.27586493738052936,0.5238431379653131,-2.1511917079492036,0.9853489615836148,0.44185387509488844,0.4298817051795424
4.021999999999779,0.5671380114292351,0.5223244681192853,-0.029711913381485607,-0.2754095764134678,0.5239149151418954,-2.1509158301659363,0.9853544335894594,0.4418552470397784,0.4298870958402448
4.041999999999777,0.5671257808964322,0.5222966013633202,-0.02959345986637334,-0.27499399452567447,0.5241614425204937,-2.151154913091204,0.9853570736231113,0.441855908944657,0.42988971601396464
4.061999999999775,0.567077393240474,0.522278042869672,-0.029353464863304302,-0.2747061201702202,0.5238667215871126,-2.1510450950667184,0.9853583563469213,0.44185623054571016,0.4298909992722403
4.0819999999997725,0.5670609511104017,0.5222473199014007,-0.028994962538468446,-0.2745234511388433,0.5242086086572617,-2.1511151899416494,0.9853589821584828,0.4418563874472023,0.42989163036380884
4.10199999999977,0.5670225174376385,0.5222290084271857,-0.028526242311893137,-0.27453585386721224,0.5239750555014923,-2.151068285572548,0.9853592881784381,0.44185646417149177,0.4298919414033232
4.121999999999768,0.5670049810932893,0.5222042894373012,-0.027960393532710577,-0.2746178319763235,0.5240207670613702,-2.1510978181931595,0.9853594380071936,0.44185650173603724,0.42989209487438573
4.141999999999766,0.5669837806831074,0.5221855910110225,-0.027313001703772,-0.2748626665966506,0.5237818948286291,-2.15105918943036,0.9853595114124509,0.4418565201399455,0.42989217064242086
4.161999999999764,0.5669941654475888,0.5221533738034816,-0.026602335396424454,-0.2750520827719393,0.5245953908115097,-2.1511374812886856,0.9853595473881661,0.4418565291596497,0.4298922080596103
4.1819999999997615,0.5669578874502869,0.5221358012294206,-0.025844632856030135,-0.27537662984637135,0.5240564334896851,-2.151099248198356,0.9853595650229335,0.44185653358097615,0.42989222654035136
4.201999999999759,0.5669204996986477,0.5221135092282186,-0.025057077276255873,-0.275641738825387,0.5238228397096383,-2.151014572794834,0.9853595736680382,0.44185653574844613,0.42989223566884543
4.221999999999757,0.5669278227716993,0.5220701501749014,-0.024253116678363218,-0.2758960265235808,0.5242953036264223,-2.1511733596893587,0.9853595779063351,0.4418565368110568,0.4298922401779946
4.241999999999755,0.5669052369580778,0.5220312349058182,-0.023444984890650854,-0.2761244055914196,0.5243978125898794,-2.1510338678933594,0.9853595799842273,0.4418565373320185,0.429892242405393
4.261999999999753,0.5668675893945344,0.5219872129822105,-0.02264148746263238,-0.2762869018971549,0.5241458016260675,-2.1511495628418253,0.9853595810029593,0.4418565375874315,0.42989224350567745
4.2819999999997505,0.566822863113608,0.5219408486777893,-0.021848394782311514,-0.27646214053211593,0.523663199732073,-2.151010917781552,0.9853595815024181,0.441856537712654,0.4298922440491957
4.301999999999748,0.5668323302102534,0.52186658531195,-0.02106974998122597,-0.27647262912004356,0.5245982838023877,-2.151151419143342,0.985359581747291,0.4418565377740476,0.42989224431768325
4.321999999999746,0.5667996849827301,0.5218018839415616,-0.020305629494555562,-0.27654071545422587,0.5244057843005465,-2.1511358717188718,0.9853595818673467,0.4418565378041476,0.42989224445031105
4.341999999999744,0.566736773153196,0.5217397576842526,-0.0195561265326329,-0.27650682392618003,0.5239579798329995,-2.151016273181484,0.9853595819262073,0.4418565378189049,0.4298922445158267
4.361999999999742,0.5667156178147907,0.5216601831196419,-0.0188179423960652,-0.27647701014046583,0.5240041864994825,-2.1511428112829165,0.9853595819550655,0.44185653782614004,0.4298922445481902
4.381999999999739,0.5666967178920242,0.5215774674853303,-0.018088543754143458,-0.2763960121363995,0.5243784517241004,-2.151042109859004,0.9853595819692139,0.44185653782968726,0.4298922445641772
4.401999999999737,0.5666664111211223,0.5214944348863793,-0.017363842864635087,-0.2763029315675987,0.5244196729488587,-2.151177665484872,0.985359581976152,0.44185653783142675,0.4298922445721841
4.421999999999735,0.5666032433639062,0.5214234810374715,-0.016640107626610952,-0.27626242078767366,0.5237525202111648,-2.150995364168825,0.985359581979379,0.44185653783223583,0.4298922445766465
4.441999999999733,0.5665902193248056,0.521333088618275,-0.01591436115931347,-0.27613050868874245,0.5242084923462645,-2.1511320474272817,0.9853595819803319,0.4418565378324747,0.4298922445788847
4.461999999999731,0.5665709634854235,0.5212482808530808,-0.015183021038176975,-0.27609815658072573,0.5243018233469742,-2.1511164277970667,0.9853595819797837,0.4418565378323372,0.42989224457986275
4.481999999999728,0.5665248110995403,0.5211705379426693,-0.01444494720337603,-0.2760036840373413,0.5242465567852724,-2.1510575794559705,0.9853595819783068,0.44185653783196693,0.4298922445801565
4.501999999999726,0.5664901355083232,0.5210915808768974,-0.013697754432440624,-0.2759940752114783,0.5239615124171593,-2.1511196687558214,0.9853595819759515,0.4418565378313764,0.42989224458020603
4.521999999999724,0.5664573123427166,0.5210132414708992,-0.01294175920852034,-0.2759509676291512,0.5239987814424327,-2.1510123605444726,0.9853595819731544,0.4418565378306751,0.42989224458012076
4.541999999999722,0.5664442739829554,0.5209288043613105,-0.012176431501881609,-0.27592984821952116,0.5242847573849803,-2.151168577591423,0.9853595819701056,0.44185653782991063,0.4298922445800134
4.56199999999972,0.5664014397054358,0.520857034916096,-0.011402672726718136,-0.2759562008928785,0.5240433817979553,-2.1510014473197536,0.9853595819669326,0.4418565378291151,0.42989224457992486
4.581999999999717,0.5663753690590911,0.5207777237511831,-0.010621694876280712,-0.2759343260320336,0.524109366240006,-2.151129705453404,0.9853595819637126,0.44185653782830786,0.42989224457986347
4.601999999999715,0.5663436676814082,0.5207038958388456,-0.009834285471046363,-0.27599969039561767,0.523881648880622,-2.151055861805514,0.9853595819604908,0.4418565378275002,0.4298922445798252
4.621999999999713,0.5663436168468821,0.52061768828438,-0.00904275628492136,-0.27596343438603305,0.5246907930831929,-2.1511225771456113,0.9853595819572927,0.44185653782669837,0.42989224457980335
4.641999999999711,0.5662973672300865,0.5205475145069739,-0.008247491709811691,-0.2760321776481703,0.5241554068924611,-2.151116049940525,0.985359581954133,0.4418565378259061,0.42989224457979186
4.661999999999709,0.5662512854480479,0.5204761707129131,-0.007450803003270756,-0.27603852919382804,0.5239239619340997,-2.1510033345772968,0.9853595819510196,0.44185653782512546,0.42989224457978636
4.681999999999706,0.566251560496981,0.5203896763403075,-0.0066529702557273215,-0.2760557046842877,0.5243926522278973,-2.151175248947842,0.9853595819478564,0.4418565378243324,0.4298922445797839
4.701999999999704,0.5662237009020789,0.5203128051274766,-0.005855358694147131,-0.276076271064231,0.5244948588722086,-2.151036927862768,0.9853595819447658,0.44185653782355755,0.4298922445797831
4.721999999999702,0.5661828046424554,0.520236627021078,-0.005058412191300828,-0.2760707063831002,0.5242465278821467,-2.1511438138508443,0.9853595819417411,0.4418565378227992,0.429892244579783
4.7419999999997,0.5661365288289829,0.5201645286198336,-0.004262150716148902,-0.27612611981651414,0.5237700433216004,-2.151013956947608,0.9853595819387778,0.4418565378220562,0.4298922445797831
4.761999999999698,0.5661462671215122,0.5200715012591883,-0.0034673266388576887,-0.27606185857727245,0.5247011355294369,-2.1511495571571837,0.9853595819358719,0.4418565378213277,0.42989224457978326
4.781999999999695,0.5661151384922831,0.5199928439780616,-0.00267286270822374,-0.27609982461096594,0.5245143064939313,-2.15113345377825,0.9853595819330212,0.44185653782061296,0.42989224457978326
4.801999999999693,0.5660550416657688,0.5199207933788318,-0.001879515429611913,-0.2760715724259257,0.5240751662755706,-2.1510182161611953,0.9853595819302238,0.44185653781991163,0.4298922445797833
4.821999999999691,0.5660372852890309,0.5198359393888798,-0.0010859201308037866,-0.2760776690208251,0.5241264590830875,-2.151139305996683,0.9853595819272609,0.4418565378191687,0.4298922445797834
4.841999999999689,0.566022220303738,0.5197508263101215,-0.000292385885509113,-0.2760524019131785,0.5245032159348778,-2.1510428308326213,0.9853595819240738,0.4418565378183697,0.4298922445797834
4.861999999999687,0.565995951393954,0.5196669701777464,0.0005019336312071061,-0.27602710762495813,0.5245497666011731,-2.151175856900644,0.9853595819208395,0.4418565378175588,0.4298922445797834
4.881999999999684,0.5659202741025252,0.5195967177365505,0.00129792445870796,-0.2759810961708399,0.5239758257457428,-2.1510156324001297,0.9853595819175976,0.441856537816746,0.4298922445797834
4.901999999999682,0.5658974882394092,0.5195099288556314,0.0020976027937742326,-0.2759553854201413,0.5240904683859671,-2.151132103867094,0.9853595819143752,0.4418565378159381,0.4298922445797834
4.92199999999968,0.5658831954863796,0.5194229139175984,0.0029011652691036875,-0.2759376822619459,0.5244773432001932,-2.1510726474788378,0.9853595819111886,0.4418565378151391,0.4298922445797834
4.941999999999678,0.5658601912857517,0.5193382940719624,0.003708640163901197,-0.2759383146279659,0.5245204452408676,-2.1511539325814977,0.9853595819080466,0.44185653781435136,0.4298922445797834
4.961999999999676,0.5658047429040829,0.5192670176323465,0.004519099860211285,-0.27600047256344334,0.523870012909622,-2.1510031143729385,0.9853595819049544,0.44185653781357603,0.4298922445797834
4.981999999999673,0.5657990689504514,0.5191780128717423,0.005331167546877544,-0.2759635898518994,0.5243357922940637,-2.151133454187836,0.9853595819019144,0.44185653781281387,0.4298922445797834
5.001999999999671,0.5657860684496991,0.5190944377322811,0.006144797170549421,-0.27601918183282953,0.5244401089070623,-2.151106625369772,0.9853595818989277,0.441856537812065,0.4298922445797834
5.021999999999669,0.5657454685299312,0.519016374703032,0.006958288557272962,-0.27599479889727213,0.5243954589686385,-2.1510647592911236,0.9853595818958985,0.44185653781130546,0.4298922445797834
5.041999999999667,0.5657150941259685,0.518936162547362,0.0077722102496539545,-0.2760380202714855,0.5241214005202196,-2.151113439090901,0.9853595818929415,0.44185653781056405,0.4298922445797834
5.0619999999996645,0.5656856813732892,0.5188551199595568,0.008585327150157052,-0.2760260817011246,0.5241651163424418,-2.1510131957333445,0.9853595818900496,0.44185653780983897,0.4298922445797834
5.081999999999662,0.5656751409649275,0.518766928978566,0.009398176568435723,-0.2760169697720771,0.5244537331463538,-2.151168085483808,0.9853595818872167,0.4418565378091287,0.4298922445797834
5.10199999999966,0.5656189197319968,0.5186895912642968,0.010211209057531836,-0.27595684038927965,0.524320919115102,-2.1510421774262682,0.9853595818842724,0.44185653780839046,0.4298922445797834
5.121999999999658,0.565582917409124,0.5186062799242511,0.011026468241421275,-0.27595680835619724,0.5241034225669136,-2.1511206143092996,0.9853595818812088,0.4418565378076224,0.4298922445797834
5.141999999999656,0.5655533204567831,0.5185222270224152,0.011843896614268032,-0.27593906975277027,0.5241515223096466,-2.1510366102913374,0.9853595818780612,0.4418565378068332,0.4298922445797834
5.1619999999996535,0.5655450353179234,0.51843224363141,0.012663845943944062,-0.275941309998802,0.5244343651792212,-2.1511442448815066,0.9853595818748804,0.4418565378060358,0.4298922445797834
5.181999999999651,0.5655068633891511,0.5183538031737377,0.013485374538507178,-0.2759785667377041,0.5242031791225157,-2.151013478140982,0.985359581871597,0.44185653780521256,0.4298922445797834
5.201999999999649,0.5654850309751279,0.5182676299419118,0.014307740245299346,-0.27595301130567707,0.5242787025212823,-2.151126986667476,0.9853595818683604,0.4418565378044011,0.4298922445797834
5.221999999999647,0.5654567097644351,0.5181865533773324,0.015131053680863442,-0.2760084997474711,0.5240612400076617,-2.1510491667813962,0.9853595818651762,0.4418565378036028,0.4298922445797834
5.241999999999645,0.5654596869517616,0.5180935055320571,0.015954094574463232,-0.27595172283842073,0.5248683938072818,-2.15112873355727,0.9853595818620471,0.44185653780281836,0.4298922445797834
5.2619999999996425,0.565393536702533,0.5180203322922347,0.01677777797826143,-0.27597111750581677,0.5241385767904752,-2.1510477313502094,0.9853595818589731,0.4418565378020477,0.4298922445797834
5.28199999999964,0.5653606764683482,0.5179336417512426,0.01760268112409119,-0.2758995421221938,0.5242417681210714,-2.1510966385483696,0.9853595818559543,0.44185653780129086,0.4298922445797834
5.301999999999638,0.565328962156765,0.5178498206629218,0.018430419759522528,-0.2759305677956944,0.5240579874500056,-2.1510849981627627,0.9853595818529901,0.44185653780054773,0.4298922445797834
5.321999999999636,0.5653326121520816,0.5177547201287354,0.01926032534443629,-0.2758790788036096,0.5248578190770603,-2.151119180841842,0.9853595818500799,0.4418565377998181,0.4298922445797834
5.341999999999634,0.565291008114777,0.5176751478989052,0.020092806857139274,-0.2759392594047495,0.5243314409667792,-2.1511031414378015,0.9853595818472229,0.4418565377991018,0.4298922445797834
5.3619999999996315,0.5652497584177666,0.517594970874399,0.02092605424391592,-0.27593350840980674,0.5241120923962153,-2.1510175580557975,0.9853595818443269,0.4418565377983757,0.4298922445797834
5.381999999999629,0.56522558709091,0.5175094181298132,0.021760326236224148,-0.2759487138716473,0.5240410450750532,-2.1511032280735014,0.9853595818413733,0.4418565377976351,0.4298922445797834
5.401999999999627,0.5652166061024433,0.5174168712951893,0.022595532677910455,-0.27586778868893985,0.5248058304950137,-2.1511023212788416,0.9853595818383204,0.44185653779686984,0.4298922445797834
5.421999999999625,0.5651699901679536,0.5173356240213128,0.023433328393937435,-0.2758934591985412,0.5243365292765715,-2.151125340669289,0.9853595818351724,0.44185653779608053,0.4298922445797834
5.441999999999623,0.5651280731013395,0.5172534991365004,0.024273014130562733,-0.2758858697656602,0.5241173453985648,-2.1510187878466356,0.9853595818319789,0.44185653779527995,0.4298922445797834
5.4619999999996205,0.5651339982333282,0.5171590204659942,0.025114755270790295,-0.2759019201215644,0.5245815529146648,-2.1511542517392805,0.9853595818287808,0.4418565377944781,0.4298922445797834
5.481999999999618,0.5651119581173988,0.5170742175930187,0.025957116091829394,-0.27592260941893476,0.5246918638993366,-2.1510489647449593,0.9853595818256039,0.44185653779368156,0.4298922445797834
5.501999999999616,0.5650767537590676,0.5169901775043012,0.026799561397073894,-0.275916882984007,0.5244580982692505,-2.1511379567638844,0.9853595818224634,0.4418565377928942,0.4298922445797834
5.521999999999614,0.5650183110034006,0.5169119265617763,0.027642274373219963,-0.2758995563887017,0.5240481238018938,-2.151010109775213,0.9853595818192665,0.4418565377920927,0.4298922445797834
5.541999999999612,0.5650168025151187,0.5168161355051838,0.028486548660957824,-0.2758645927930483,0.5245814028737884,-2.1511618558352077,0.9853595818161397,0.4418565377913088,0.4298922445797834
5.5619999999996095,0.5649926942826684,0.5167288961546945,0.029332633142152665,-0.2758701466962189,0.5247026348733226,-2.1510655846963025,0.9853595818130777,0.44185653779054107,0.4298922445797834
5.581999999999607,0.5649580849731245,0.5166430263006166,0.030180364508432204,-0.2758681747308517,0.5244593638815422,-2.1511237197161863,0.9853595818100765,0.44185653778978856,0.4298922445797834
5.601999999999605,0.5649011636466424,0.5165634770093112,0.031029601664429092,-0.2758570354040632,0.5240491229441526,-2.151018096449079,0.9853595818071332,0.44185653778905065,0.4298922445797834
5.621999999999603,0.564901343294249,0.5164669892724226,0.03188125517502611,-0.2758288739360404,0.5245856649377431,-2.1511604194692366,0.9853595818042452,0.44185653778832656,0.4298922445797834
5.641999999999601,0.5648788549707355,0.5163792806533004,0.032735200613539496,-0.27584244407826314,0.5247104934948571,-2.151062430853449,0.9853595818014108,0.44185653778761597,0.4298922445797834
5.6619999999995985,0.5648457422073357,0.5162930702996859,0.03359090889236731,-0.27584863454147807,0.5244706543628345,-2.1511275252533806,0.985359581798629,0.4418565377869186,0.4298922445797834
5.681999999999596,0.5647901414693408,0.5162131709400204,0.034447913340675776,-0.2758448905056353,0.5240636238538485,-2.151015079570808,0.9853595817955536,0.4418565377861475,0.4298922445797834
5.701999999999594,0.5647914659866048,0.51611650762086,0.03530687316584075,-0.2758226809684195,0.5246017693978537,-2.1511610899385474,0.9853595817923892,0.4418565377853541,0.4298922445797834
5.721999999999592,0.5647699245063891,0.516028482133506,0.03616749120614748,-0.2758407324482941,0.5247283369226204,-2.1510627469809678,0.9853595817891752,0.44185653778454836,0.4298922445797834
5.74199999999959,0.5647376190512697,0.5159417938468214,0.03702914955435853,-0.27584953494738934,0.5244904078122564,-2.15112626176837,0.9853595817859522,0.44185653778374034,0.4298922445797834
5.7619999999995875,0.564682702365706,0.5158612112571084,0.03789137318085119,-0.2758466310480669,0.5240851640688304,-2.151015960037864,0.9853595817827479,0.441856537782937,0.4298922445797834
5.781999999999585,0.5646845858732964,0.515763946315565,0.03875488494300814,-0.27582361540181133,0.5246236333379959,-2.151160341953158,0.9853595817795785,0.44185653778214234,0.4298922445797834
5.801999999999583,0.5646634986237166,0.5156751515907343,0.03961949841923251,-0.27583981970118393,0.5247508024411557,-2.1510626683153053,0.9853595817764534,0.4418565377813588,0.4298922445797834
5.821999999999581,0.5646315916054353,0.5155875698252579,0.04048473821431648,-0.2758457953438059,0.5245138191001522,-2.151126336301478,0.9853595817733777,0.44185653778058764,0.4298922445797834
5.841999999999579,0.5645770336863146,0.5155059651812778,0.0413502890302721,-0.27583950700906384,0.5241095504712269,-2.151015675567603,0.9853595817703539,0.4418565377798295,0.4298922445797834
5.861999999999576,0.5645792287183015,0.5154078611635837,0.04221703841802523,-0.275812819789137,0.5246476941398226,-2.151160257410008,0.9853595817672859,0.4418565377790602,0.4298922445797834
5.881999999999574,0.5645584169566216,0.5153181679359767,0.04308494731553418,-0.2758256730587684,0.5247749416777313,-2.1510625610388763,0.9853595817642904,0.44185653777830924,0.4298922445797834
5.901999999999572,0.5645267897017021,0.5152296671293717,0.0439536629676211,-0.27582858856668996,0.5245384930136169,-2.1511261349335684,0.9853595817613602,0.4418565377775746,0.4298922445797834
5.92199999999957,0.5644725203536326,0.5151471055977366,0.04482296440254823,-0.2758197623630456,0.524134880600763,-2.151015761534246,0.98535958175849,0.44185653777685496,0.4298922445797834
5.941999999999568,0.5644749904307804,0.5150482975479669,0.045693806018937536,-0.2757910267643265,0.5246724733908749,-2.15115994419198,0.9853595817556761,0.44185653777614947,0.4298922445797834
5.961999999999565,0.5644544440214747,0.5149578878654144,0.04656617962881645,-0.2758027161192049,0.5247996335696985,-2.1510625309467684,0.985359581752733,0.4418565377754116,0.4298922445797834
5.981999999999563,0.5644001289090461,0.5148741864908569,0.047439709086405,-0.2758090125653515,0.5241754873522124,-2.151096389856912,0.9853595817496704,0.4418565377746437,0.4298922445797834
6.001999999999561,0.5643938647040608,0.5147759874695981,0.048314944129397776,-0.275725250350862,0.5249187359111512,-2.1511383535794852,0.9853595817465292,0.4418565377738561,0.4298922445797834
6.021999999999559,0.5643519744749343,0.5146884028614648,0.049193584715098104,-0.27575827770343797,0.5244660944354146,-2.1510896131018558,0.985359581743252,0.4418565377730344,0.4298922445797834
6.041999999999557,0.5643154719680251,0.5146005377511623,0.050074548467597416,-0.2757608860626449,0.5242595436092733,-2.151039339473946,0.9853595817400017,0.4418565377722195,0.4298922445797834
6.061999999999554,0.5642977490935436,0.5145089752684769,0.05095755270625387,-0.27579786198540895,0.5241900376514675,-2.151089366863455,0.9853595817367924,0.44185653777141487,0.4298922445797834
6.081999999999552,0.5642956303287752,0.5144113843091779,0.051841606432920115,-0.27573257298693427,0.5249564649426284,-2.1511035989725764,0.9853595817336316,0.44185653777062234,0.4298922445797834
6.10199999999955,0.5642552322793732,0.5143243243193972,0.05272770966192534,-0.27577501796947523,0.5245036785769451,-2.1511271546246467,0.9853595817305225,0.44185653776984285,0.4298922445797834
6.121999999999548,0.564218955454579,0.5142366237217024,0.05361461732031086,-0.2757795039889473,0.5242967963474957,-2.151013152464181,0.9853595817274668,0.4418565377690767,0.4298922445797834
6.141999999999546,0.5641896815286593,0.5141462366458308,0.05450215584203146,-0.2757743148847539,0.52432567931011,-2.151079703597217,0.9853595817244651,0.4418565377683241,0.4298922445797834
6.161999999999543,0.5641633902019892,0.5140515813337121,0.0553910356134465,-0.2757154970435976,0.5244326000537985,-2.1511066370715572,0.9853595817215173,0.44185653776758504,0.4298922445797834
6.181999999999541,0.5641389637597778,0.513960350394605,0.05628233262583913,-0.27576657825488177,0.524267875945499,-2.151055087422973,0.9853595817186229,0.44185653776685935,0.4298922445797834
6.201999999999539,0.5641501039354486,0.5138594082492723,0.05717469605057203,-0.2757303106444317,0.5250694440297592,-2.1511448361392485,0.9853595817156886,0.4418565377661237,0.4298922445797834
6.221999999999537,0.5640930340966893,0.5137765571450296,0.05806803969246368,-0.27577861981232255,0.5243591261924267,-2.151026308372657,0.9853595817128251,0.4418565377654057,0.4298922445797834
6.241999999999535,0.5640693493453176,0.5136818798144915,0.05896189254181113,-0.27572625272974466,0.524476047450174,-2.151108442990315,0.9853595817098862,0.44185653776466877,0.4298922445797834
6.261999999999532,0.5640454498354817,0.5135906069550444,0.0598571717123677,-0.27577762994662425,0.5243088934273522,-2.151077999925014,0.9853595817068372,0.4418565377639043,0.4298922445797834
6.28199999999953,0.5640282105908188,0.5134958839516336,0.06075265686724236,-0.27574621512690134,0.5245783909331094,-2.1510590746823466,0.9853595817036956,0.4418565377631167,0.4298922445797834
6.301999999999528,0.563984904941897,0.5134063481308921,0.06164877580252862,-0.27572498955947455,0.5243313794166097,-2.1510859449061077,0.9853595817005127,0.44185653776231865,0.4298922445797834
6.321999999999526,0.5639758725958138,0.5133066830967242,0.06254689234397594,-0.2756873048792423,0.5246885595826949,-2.151123306364177,0.9853595816973276,0.4418565377615201,0.4298922445797834
6.341999999999524,0.5639430439065501,0.5132163033727684,0.06344728894302627,-0.2757234221741197,0.5244931890130194,-2.1510288206357897,0.9853595816941654,0.4418565377607273,0.4298922445797834
6.361999999999521,0.563935485107592,0.5131183614014244,0.06434912959342547,-0.2757070641790029,0.5247500338932005,-2.151147921788383,0.9853595816909376,0.44185653775991807,0.4298922445797834
6.381999999999519,0.5638876870551025,0.5130279947559375,0.06525263081478598,-0.27565893802906216,0.5246085321438865,-2.1510738755773535,0.9853595816877758,0.4418565377591254,0.4298922445797834
6.401999999999517,0.5638616836822843,0.5129334830330667,0.06615926285443172,-0.27568240814906936,0.5244155913938124,-2.1510938839592186,0.985359581684677,0.44185653775834854,0.4298922445797834
6.421999999999515,0.5638422098269905,0.5128392369818743,0.06706795414039164,-0.27568842718545583,0.5244808431305703,-2.151046799726544,0.9853595816816378,0.4418565377575866,0.4298922445797834
6.441999999999513,0.563799337327873,0.5127498469656332,0.06797812176657883,-0.27570616125962605,0.5241528620916436,-2.151059756996584,0.9853595816786563,0.4418565377568392,0.4298922445797834
6.46199999999951,0.5637912113068537,0.5126490480514517,0.06889000438497689,-0.27563438909559657,0.5246237771100184,-2.1511154076728527,0.9853595816757305,0.4418565377561056,0.4298922445797834
6.481999999999508,0.5637843014667543,0.5125517362327133,0.06980460759314913,-0.2756821162991853,0.524783863757438,-2.151111335313801,0.9853595816728588,0.44185653775538575,0.4298922445797834
6.501999999999506,0.5637544799930261,0.512458919873506,0.07072026322706335,-0.2756752546222542,0.5247526204176521,-2.1510806283438564,0.9853595816700399,0.44185653775467904,0.4298922445797834
6.521999999999504,0.5637276217548012,0.5123648030146779,0.0716367810925096,-0.2756649163165323,0.5247610268261548,-2.1511068870398926,0.9853595816669236,0.44185653775389777,0.4298922445797834
6.5419999999995015,0.5637066599814639,0.5122668694508076,0.07255486757110007,-0.2756350796756014,0.5248789949949444,-2.1511371929958707,0.9853595816637172,0.44185653775309397,0.4298922445797834
6.561999999999499,0.5636590309039538,0.5121788282705486,0.07347475282939875,-0.27569992628432605,0.5242875477771701,-2.151018549199544,0.9853595816604604,0.4418565377522774,0.4298922445797834
6.581999999999497,0.5636704655597639,0.5120756830980989,0.07439510294665615,-0.2756715306708943,0.5249596398959837,-2.1511405383926707,0.9853595816571946,0.44185653775145867,0.4298922445797834
6.601999999999495,0.5636064846044154,0.5119879025842528,0.07531598211361724,-0.2756502035766815,0.5243886549062048,-2.1510531727102173,0.9853595816539477,0.44185653775064465,0.4298922445797834
6.621999999999493,0.5635966753683019,0.5118877496847196,0.07623874022278494,-0.2756526539363699,0.5245245249703706,-2.1511053234117914,0.9853595816507362,0.4418565377498395,0.4298922445797834
6.6419999999994905,0.5635168959150496,0.5118034997815344,0.07715546006602535,-0.24169081365970824,-0.270463088354001,-0.6640629592191974,0.9873730316205451,0.44177062668980616,0.4331022461116133
6.661999999999488,0.5631905659269416,0.5117585683263063,0.07795720851220876,-0.24398625799572105,-0.2277358802689283,-0.6667374438404546,1.0167576826886913,0.4404322932680617,0.4795785457250648
6.681999999999486,0.5629848921554406,0.5116840728888825,0.0785589500022655,-0.2450212216599195,-0.2180275509973291,-0.6565856001108492,1.0455593433443786,0.43976622008410854,0.5281643869099819
6.701999999999484,0.5629898718862717,0.5115613742445023,0.07895796937930853,-0.24369195212701028,-0.24337272075617844,-0.6682049121046816,1.0610540149320649,0.4407499914051197,0.5718460778049576
6.721999999999482,0.5631238310604818,0.5114117797059702,0.0792370632506147,-0.24082216327270664,-0.2820605042960079,-0.6912872369929385,1.065480093531663,0.44303142777486965,0.611680335334179
6.7419999999994795,0.563251310452207,0.5112706998204412,0.07952074378415594,-0.23785731785750666,-0.30961034233565754,-0.7079994844985719,1.0644282945468297,0.44559626130251717,0.638939988379887
6.761999999999477,0.5632598096225943,0.5111680460224989,0.07991552348878525,-0.2361341866848804,-0.30995862896200826,-0.7104291831266796,1.0639158362994363,0.4471779179634512,0.6470779282395436
6.781999999999475,0.5631374605969991,0.5111114850809343,0.08046374241307726,-0.23639521806303374,-0.2849900376351016,-0.6932725569956643,1.0667519458999766,0.44717246577027164,0.6356884505642028
6.801999999999473,0.5629728826123338,0.511084323052223,0.08112821854265738,-0.23839688754715377,-0.24815341007889336,-0.6706042842772536,1.0715739430342537,0.44586631979475677,0.6137180995015576
6.821999999999471,0.5628616045973587,0.5110616772968404,0.08181410865832993,-0.24123141574604381,-0.22017739956144716,-0.651302139436516,1.075697555472544,0.44403852066259414,0.593572615629148
6.8419999999994685,0.5628481498547411,0.5110236897216673,0.08241134458922829,-0.24382273119874798,-0.2144224753924013,-0.6470375678248365,1.0779077174259113,0.442404750872387,0.5860357671279625
6.861999999999466,0.5629308080544283,0.5109598242931519,0.08283647810086636,-0.24530757629965788,-0.23257797664642518,-0.6572724146477814,1.0778015705204589,0.44154178268182587,0.5942152911846207
6.881999999999464,0.5630769929846486,0.5108699839557925,0.08306071496496299,-0.24524125754146697,-0.2631317750528644,-0.6770626653882108,1.0752410761051134,0.44177903718048683,0.6129570671065221
6.901999999999462,0.5632183797180799,0.5107666005332551,0.08311781351764826,-0.2437204288677576,-0.28957677332513393,-0.6947390232712225,1.0712038533274455,0.44299951584279473,0.6317016646049141
6.92199999999946,0.5632779576026592,0.5106692348604563,0.08309001557612172,-0.24138904306034234,-0.2984348018833138,-0.7016063209462843,1.0682321498632388,0.4445729947271061,0.640717365344728
6.9419999999994575,0.5632275297690701,0.5105924247059559,0.08307616267052,-0.2391799892395352,-0.2864204485653472,-0.694333127434884,1.0683359455132948,0.4457349410963772,0.6360681704915909
6.961999999999455,0.5631121382303822,0.51053835075212,0.08315396275927675,-0.23797987218683225,-0.26108604710971,-0.6782162164822111,1.071100348041645,0.44613270594465076,0.6212152140118068
6.981999999999453,0.5630081177068458,0.5104994990442998,0.0833515853539725,-0.23814359026372603,-0.2365990030464851,-0.662183624805705,1.074475308132989,0.4458095322851637,0.6045458927905217
7.001999999999451,0.5629685785088104,0.5104657960560165,0.08364265661700378,-0.23946722685039804,-0.22566902055063093,-0.6544815721216317,1.0768030280268224,0.44500929851235255,0.5948176132592972
7.021999999999449,0.5630074875341426,0.5104283791191409,0.08396239085985387,-0.24136749755843076,-0.23300921065272037,-0.658358778626007,1.0773670554553187,0.444066110883706,0.59661571950746
7.0419999999994465,0.5631074691564241,0.5103813288288627,0.08423520003845926,-0.24311789374860346,-0.25343380012763644,-0.671145923381596,1.0759609973902646,0.4433604454071056,0.608238684719257
7.061999999999444,0.5632235212558292,0.5103242987655368,0.08440347717512366,-0.24408371827056768,-0.2754142553114106,-0.6856529827335013,1.0730962808729811,0.44316149078852046,0.6229445298987717
7.081999999999442,0.5632968496474666,0.5102628772195833,0.08444825445820725,-0.2439328359868487,-0.2874802742493865,-0.6941748798861236,1.0703545631420166,0.4434582504275247,0.6328399710320428
7.10199999999944,0.5632909462664892,0.5102041366096196,0.08439512338335933,-0.24277952564133312,-0.2840896281314184,-0.6925707143066965,1.0694693471698449,0.44398517668185306,0.6331439094626073
7.121999999999438,0.5632194360273785,0.5101516409655382,0.08430222930515104,-0.24116878948828055,-0.26804383384483904,-0.6824719888037784,1.0708391198065057,0.44448373949091713,0.6244240901021193
7.1419999999994355,0.5631330195232391,0.5101048835393004,0.08423468277275875,-0.23979799053064182,-0.2485560725597348,-0.6698422107699417,1.073356577766249,0.4448279810650082,0.61184425670976
7.161999999999433,0.5630811375483388,0.5100619184440078,0.08423833050991171,-0.2391521768493449,-0.23604364117967255,-0.6614128363550428,1.0755911618606657,0.4449443194279201,0.6021719245925818
7.181999999999431,0.5630874925383883,0.5100212235191995,0.08432500291032796,-0.23939108256652925,-0.23653180254364953,-0.6610191678327089,1.076632358393355,0.4448191015012103,0.6002238388831327
7.201999999999429,0.5631481768300477,0.5099815664185777,0.08447211100053979,-0.24033820505712258,-0.24874851790223443,-0.6685464543489381,1.0761236230774014,0.44451790890625437,0.6065096295871919
7.221999999999427,0.5632355323525664,0.5099425462579499,0.08463448101014956,-0.24160443951010394,-0.2655673834223654,-0.679394828312919,1.0742797044116263,0.44419186118673665,0.6171687583001669
7.2419999999994245,0.5633071515003667,0.5099048946101088,0.08476278209254555,-0.2426710081954714,-0.27792135253138534,-0.6878471877323684,1.0720492378155413,0.4439372239893736,0.6263463853418426
7.261999999999422,0.5633276592855573,0.5098695290845774,0.08482334014708497,-0.24311959196572225,-0.27975665301591346,-0.689516305836149,1.0707461753246736,0.44377018235566545,0.6293774260407298
7.28199999999942,0.5632925633864715,0.5098356950560531,0.08481077937194664,-0.2428313487029614,-0.27082751252609805,-0.6840600115975047,1.0710831000627181,0.44369294069952875,0.6251575796601794
7.301999999999418,0.5632299929813492,0.509800954497102,0.08474744648910788,-0.2420109865139717,-0.25652356189744296,-0.6748830054867286,1.0726777042974216,0.44373245020111424,0.6163999463145
7.321999999999416,0.5631789332664797,0.5097633471512155,0.08467152325770784,-0.24104317478342796,-0.2446709049623811,-0.6670050484213227,1.0745157811945696,0.4438895942522466,0.6079601322819302
7.341999999999413,0.563166098593584,0.5097230793859463,0.08462040855207294,-0.24030792565255069,-0.24126082549694464,-0.6643902892408065,1.0757122728424862,0.4441102119315985,0.6041952151476113
7.361999999999411,0.5631970199973605,0.5096822429144999,0.08461695047859372,-0.24004605078999502,-0.24745836812970584,-0.6679929564983758,1.0758060573380368,0.44430479932669703,0.6067397294093942
7.381999999999409,0.5632571324125466,0.5096437568053881,0.0846628849701645,-0.24030663513855632,-0.25934371797024003,-0.6755587679194102,1.0747886065544074,0.4444088927976718,0.6138362379468392
7.401999999999407,0.5633176086551219,0.509610367140778,0.08474052381838672,-0.2409286364319678,-0.270350659774383,-0.6828904524223566,1.0731794240509258,0.44437335348698265,0.6214685891947295
7.421999999999405,0.5633489318819284,0.5095835231253601,0.08482179495860709,-0.2416413162150992,-0.27484175325561994,-0.6861694749275533,1.0718909004899582,0.4441848785671452,0.6256272785142443
7.441999999999402,0.5633385896024374,0.5095619583014995,0.08487989335435626,-0.24217119001101395,-0.27094562548053613,-0.6839525269629644,1.0716560579891503,0.4438909131181984,0.6244076337622794
7.4619999999994,0.5632987696664927,0.5095416569368872,0.08489917845128157,-0.2423303347413971,-0.2612577852300598,-0.677812692805502,1.0724895125772547,0.44359035265897184,0.6188375278259544
7.481999999999398,0.5632562655264822,0.509518180805081,0.08488004961020473,-0.24211040477376247,-0.25123311482870736,-0.6712644830306599,1.073829814711376,0.4434042066017849,0.6121084436179672
7.501999999999396,0.5632354626051385,0.509489115026343,0.0848367156661322,-0.24164438861378626,-0.24611820883238403,-0.6676467296962791,1.074946630829247,0.44340404020482177,0.6077862514713759
7.521999999999394,0.5632469834644688,0.5094550703773296,0.08479013682745273,-0.24112929403695038,-0.2481894696471581,-0.6687037729882598,1.0753412939122902,0.44357347203180375,0.6079582667753697
7.541999999999391,0.5632852792717055,0.5094191800135242,0.08475966453201972,-0.24076551065415655,-0.2558798012116576,-0.673479936785956,1.0748778242007029,0.4438389771627074,0.612214516972282
7.561999999999389,0.5633320172522227,0.5093856440541069,0.08475600619261726,-0.24066598690863292,-0.26478186972576784,-0.6793189420549912,1.07381341174093,0.44408753972954734,0.6180587423809093
7.581999999999387,0.5633645427024083,0.5093580297188147,0.08477847852129647,-0.24082939505693668,-0.2702065456680805,-0.6830643472184157,1.0727379908805927,0.4442015866900551,0.6223371904501082
7.601999999999385,0.5633684170990597,0.5093375119970979,0.08481689030192373,-0.24115964748808966,-0.26958124536775424,-0.6829245581306097,1.0722622293867576,0.444116637149919,0.6229430558634392
7.621999999999383,0.5633460299218169,0.5093221063607226,0.08485657430729336,-0.24151549439994452,-0.2636552831900595,-0.6792396246086753,1.0726078097561595,0.44386276407213104,0.6198289281464692
7.64199999999938,0.5633140249365132,0.5093077205775948,0.08488425037624395,-0.24176991986307406,-0.2558749212824046,-0.6742031912760793,1.0734982764020744,0.4435517533518396,0.6148767958278235
7.661999999999378,0.5632920799846651,0.5092903760360491,0.08489245406466274,-0.24185067895380266,-0.2504188983341358,-0.6705154736383792,1.074413485805395,0.44331307384049956,0.6107834975239553
7.681999999999376,0.5632923624321183,0.5092680568444972,0.0848812817602252,-0.24175377129629547,-0.24995812796816141,-0.6699831747103292,1.0749081818822022,0.4432318406858224,0.6096132922971916
7.701999999999374,0.5633150377854811,0.509241340835682,0.08485735698478797,-0.2415342429829788,-0.25437318434604483,-0.6726588508679269,1.0747779212312447,0.4433228675399119,0.6117709807002767
7.721999999999372,0.5633492844786727,0.5092129251515624,0.08483078434136457,-0.24127617952273753,-0.261021722440738,-0.6769409437542556,1.0741146124765313,0.443529742473664,0.6159021845903285
7.741999999999369,0.5633786303019142,0.5091864402809743,0.08481153643388009,-0.24107280203682138,-0.2662971419197255,-0.6804928174933036,1.0732844007883153,0.44374515299589773,0.6197189588320938
7.761999999999367,0.5633895877746947,0.5091647229095465,0.08480587797965791,-0.2409964548588633,-0.2675618853219587,-0.6815108726281552,1.0727552698703957,0.4438743757298217,0.6212607956453607
7.781999999999365,0.5633793510628208,0.509148328862721,0.08481447967495805,-0.24105137633094137,-0.2644414354159119,-0.6796435242256196,1.0728036688091107,0.443849443950569,0.6198919280064368
7.801999999999363,0.5633569351409512,0.5091354705433023,0.08483313655454786,-0.2411959952467782,-0.2588629838711226,-0.6760761574770788,1.0733515076001057,0.44367891838287704,0.6165316454565716
7.821999999999361,0.563336946097522,0.5091232640293515,0.08485476932316026,-0.2413946895235507,-0.25389902206896686,-0.672784653416565,1.0740632619406667,0.44345839537238085,0.6130639351317027
7.841999999999358,0.5633310957050724,0.5091090152583844,0.08487154572084969,-0.2415653462203417,-0.2520866799053922,-0.6714499794971669,1.0745654943850087,0.44327173920190976,0.6112953937088386
7.861999999999356,0.5633428835962324,0.5090914744315947,0.08487796515329048,-0.2416393867805139,-0.25414216857467625,-0.6726227798781079,1.0746278899950026,0.44317425486884526,0.612025571839216
7.881999999999354,0.5633668283194073,0.5090713079206678,0.0848729321557562,-0.2416144849061364,-0.25872076627467905,-0.6755229334662224,1.074245026398174,0.44319379929202624,0.6147000920360474
7.901999999999352,0.5633914980030571,0.5090504873335968,0.08485908877438936,-0.24151879542793078,-0.2632666985356493,-0.6785267394104783,1.0736357277251405,0.4433180381881808,0.6177914675272053
7.92199999999935,0.5634054057507634,0.5090311659088952,0.08484149996494723,-0.24136882808380772,-0.2654248710775608,-0.6800619214961267,1.0731346828917911,0.4434559351598917,0.6196635334467493
7.941999999999347,0.5634033273042487,0.5090147911756099,0.08482630838201881,-0.2412246759896224,-0.2642441202676622,-0.6794315028479356,1.0730133924948213,0.4435467267976047,0.619431942893492
7.961999999999345,0.5633890063226212,0.5090013456557202,0.08481849576047451,-0.24113204254699147,-0.260572012782573,-0.6771205175438597,1.0733105480808944,0.4435492030114816,0.6173679997770443
7.981999999999343,0.5633723898075278,0.5089896369567757,0.08482034545022844,-0.24112085353013757,-0.25649163400110525,-0.6744525960852042,1.07383210640905,0.4434663124539419,0.6146729792461294
8.001999999999342,0.563363631240786,0.5089781192401767,0.08483064633875505,-0.24120371634934656,-0.25415262075548295,-0.6728353183372967,1.0742934302135048,0.4433492895335405,0.6127897533561583
8.021999999999348,0.5633679154868647,0.5089655653334701,0.08484496585767327,-0.2413406184992381,-0.2546463095148686,-0.6730299857412422,1.0744695088748843,0.4432409957326631,0.6126389458315569
8.041999999999355,0.56338347955212,0.508951593939634,0.08485765627707768,-0.24146576246924345,-0.25751366351074784,-0.6748090103499724,1.07428940004653,0.44316530615612937,0.6141772979295869
8.061999999999362,0.5634029628693534,0.5089368677666174,0.0848642126683164,-0.2415582490834094,-0.2610968593480292,-0.6771400627611113,1.0738656574012535,0.4431553270211463,0.6164863267137805
8.081999999999368,0.5634172611977606,0.508922406062603,0.08486212772307167,-0.24158584391143026,-0.263486004667132,-0.6787726547465668,1.0734336744965967,0.4432020604029107,0.6183114756980009
8.101999999999375,0.5634203880912114,0.5089089930893828,0.08485187707849963,-0.2415213218740985,-0.2635260767431385,-0.678905132740704,1.0732248940287716,0.4432589924651925,0.618739400544145
8.121999999999382,0.5634126621489077,0.5088968844850827,0.08483725278794758,-0.24138626336169683,-0.26136176309543124,-0.6775759343914639,1.0733372929822067,0.44329264396994117,0.6176480946537338
8.141999999999388,0.563400134282672,0.5088858023714137,0.08482398101578834,-0.2412481927756563,-0.2582724767698033,-0.6755818775570622,1.0736873531953675,0.44329477673846523,0.6157122618537345
8.161999999999395,0.5633908003209227,0.508875134155163,0.08481687615587799,-0.2411702066609395,-0.25592873061379334,-0.6740056209147062,1.0740767722838211,0.44327969073959667,0.6139963094913745
8.181999999999402,0.5633902630704404,0.5088642934606556,0.08481779334170161,-0.2411724943821416,-0.25549542817885296,-0.6736331558984019,1.0743063245601203,0.4432527133109587,0.6133754437130208
8.201999999999408,0.5633992082306851,0.5088530962019011,0.08482532661161529,-0.24124691030173145,-0.2570613562831486,-0.6745725380432763,1.0742738118368502,0.4432260936328257,0.6140950934516285
8.221999999999415,0.5634134658666519,0.5088417965087797,0.08483564962104613,-0.2413584809303222,-0.2596708983961028,-0.6762451046831255,1.0740126690151117,0.44320784814979414,0.6156869015733262
8.241999999999422,0.5634263488636019,0.5088308774922295,0.08484432189020981,-0.24145065476710484,-0.26189548930198525,-0.6777309556909367,1.0736698760617633,0.4431877736024253,0.617262035901175
8.261999999999428,0.5634322273304594,0.5088208364708785,0.08484813516690144,-0.24150332343692263,-0.2626080607727319,-0.6782700480890375,1.0734332794657813,0.4431728970400981,0.6180035529741547
8.281999999999435,0.5634294808643849,0.5088117167757197,0.08484591996866442,-0.24150075818296612,-0.2615455866313198,-0.6776489111046733,1.0734221057430684,0.4431591979848076,0.617586009292626
8.301999999999442,0.563421141823084,0.5088030894082073,0.08483878151553606,-0.24144380915495814,-0.2593849435328228,-0.6762739901482746,1.0736248716941938,0.4431436477480369,0.6163087913138258
8.321999999999449,0.5634128965267151,0.5087943584017197,0.08482963593496369,-0.24135544621129762,-0.2573260576158754,-0.6749133981339247,1.0739186215704581,0.443129260279539,0.6148957753668444
8.341999999999455,0.563409866484429,0.508785161543259,0.08482205703431978,-0.24127837125057017,-0.2564313516075452,-0.6742713221290995,1.0741470027620859,0.4431241162000219,0.6140900004239869
8.361999999999462,0.5634140650612283,0.5087755248373071,0.08481858087220129,-0.24124562306438765,-0.2570827425847205,-0.6746295540810686,1.0742014914070035,0.4431351428248727,0.6142670700988068
8.381999999999469,0.5634236609989757,0.5087658100160117,0.08481982077662785,-0.24125563722390128,-0.2588318970669079,-0.6757319791420298,1.0740657298057295,0.44314644246135915,0.615265697481435
8.401999999999475,0.5634341662093078,0.5087566375382071,0.08482454162472874,-0.2413105009011346,-0.2606927363704671,-0.6769544222613293,1.0738237710483216,0.4431585452403097,0.6165090394413403
8.421999999999482,0.5634408561779639,0.5087484257575094,0.08483017879610873,-0.24137721350046515,-0.2616916148164548,-0.6776528324866953,1.0736088500304488,0.44315589433172903,0.6173339004617152
8.441999999999489,0.5634412833729607,0.5087412332938244,0.08483415815480043,-0.24142693330997056,-0.2613710452115639,-0.6775010266635758,1.073533352977572,0.44313357626788963,0.6173417889571762
8.461999999999495,0.5634364551257443,0.5087346930113674,0.084834943761256,-0.24144157699336577,-0.25999065834533375,-0.6766386107330679,1.0736274020346643,0.44309775764875753,0.6165868297641485
8.481999999999502,0.5634300414041384,0.5087282081347936,0.08483257434251429,-0.24141940897703515,-0.25834222852022204,-0.6755645119522354,1.0738277712413744,0.4430560965566519,0.6155150791990605
8.501999999999509,0.5634262131220279,0.5087212873568849,0.08482830140476046,-0.24138230384984094,-0.257300961805227,-0.6748512037922221,1.074024596443041,0.4430347965230433,0.6147052862439938
8.521999999999515,0.5634274415955944,0.5087137159358769,0.08482383895141153,-0.24134009477321994,-0.2573646082687147,-0.6748426201763046,1.0741164895562167,0.44302946839962554,0.6145593447919173
8.541999999999522,0.5634334108423764,0.5087057461883178,0.08482069233932804,-0.24131699776015048,-0.25842148787547076,-0.6754936543756863,1.0740663549875344,0.44304905600994854,0.6151062031246786
8.561999999999529,0.5634413703812998,0.5086978637837636,0.08481950043509755,-0.2413132864270465,-0.2598523152067182,-0.676419989652172,1.073909356426068,0.44307672933696257,0.6160128298655352
8.581999999999535,0.5634476969273646,0.5086906080450412,0.08482009628907448,-0.24132563355299694,-0.2608878403943341,-0.6771211582789182,1.0737349275863854,0.44309688561671556,0.6167828370339484
8.601999999999542,0.5634498323813364,0.5086842890972315,0.08482175439132005,-0.24134648355842292,-0.2610186034058526,-0.677248469648,1.0736368372399776,0.44309800404413313,0.617026097829366
8.621999999999549,0.563447578106758,0.5086788132370802,0.08482369618264221,-0.24135793240250067,-0.26024071472227855,-0.6767765265683758,1.0736603383698111,0.44306755039856033,0.616653817134079
8.641999999999555,0.5634244175838923,0.5086685562701218,0.08482534557399748,-0.24134710838337484,-0.2590164040724313,-0.6759632387971608,1.073778450111235,0.44302702718013653,0.6158987458421118
8.661999999999562,0.5631595433986815,0.5085899033658874,0.08482883942930948,-0.2410943573187546,-0.2578856916600224,-0.6751684304991193,1.0737491165841115,0.4430334236688689,0.6150982188468793
8.681999999999569,0.562598487816065,0.5084275175946524,0.08484462153532278,-0.2406667399660803,-0.2573776197108575,-0.674839441918864,1.0733988943966202,0.44309294943003835,0.6146396482588434
8.701999999999575,0.5617505538285077,0.5081855280801735,0.08488768160833189,-0.24024037602158305,-0.2577401029602589,-0.6750170238826786,1.072654761076329,0.4431280249913403,0.6147277442099285
8.721999999999582,0.5606226754854201,0.5078682289439792,0.08497034109076211,-0.23997868752396898,-0.25871161838110895,-0.6756471369199014,1.0715091624093382,0.44305490720592666,0.6152822492417008
8.741999999999589,0.5592199360889539,0.5074793029342177,0.08509669739867008,-0.23996893293401375,-0.25976125167639946,-0.6763267213059552,1.0700101433635534,0.4428109966392404,0.6159800511875528
8.761999999999595,0.5575469659785363,0.5070213050248111,0.0852607726159409,-0.24019650552583768,-0.2603352559903765,-0.676735618506385,1.0682400132554537,0.4423757530762487,0.616452651481013
8.781999999999602,0.5556093070929685,0.5064956170297601,0.08544870582782733,-0.2405604828008284,-0.2601786655296371,-0.676662013630795,1.066272319565617,0.4417767495124789,0.6164720412020235
8.801999999999609,0.5534141489289894,0.5059028302639887,0.08564377806380873,-0.24091275770877169,-0.2594249077273901,-0.6761963768065523,1.064138710582711,0.4410711895913687,0.6160642176804068
8.821999999999615,0.550970001108826,0.5052435406213729,0.08583227230655338,-0.24114284225130347,-0.25851388481263415,-0.6756020408466573,1.0618220177175401,0.44033795228668,0.6154738170411631
8.841999999999622,0.5482855928591016,0.5045188824747607,0.08600709965431039,-0.24118822321330613,-0.2579321769886981,-0.6752061953708344,1.059273915665916,0.43963681595503434,0.6150237213223548
8.861999999999629,0.545368681535822,0.5037309255762655,0.08616907569118937,-0.24105163590328646,-0.25796315427692457,-0.6751987958041717,1.0564451020588717,0.438980013057832,0.6149404104567749
8.881999999999636,0.5422254097083203,0.5028827019392081,0.08632562879803812,-0.24079500627692405,-0.25854994091538636,-0.6755616989191117,1.053314348837431,0.4383343644256332,0.6152441044815965
8.901999999999642,0.5388604654768959,0.5019779523126565,0.08648709973323776,-0.2405530640589611,-0.25935203457723677,-0.6760813511340479,1.0499045571459331,0.4376668537999509,0.615752251990815
8.921999999999649,0.5352778531911168,0.5010202305268436,0.08666163859300226,-0.24041702727393954,-0.259940625227418,-0.6764804899816632,1.0462651240227034,0.43692218956677364,0.6161890570647836
8.941999999999656,0.5314819309645427,0.5000124245109321,0.08685227573297746,-0.24041675219555253,-0.26002855242774914,-0.6765620095735784,1.0424464768620039,0.4360451294045521,0.6163352207297701
8.961999999999662,0.5274781298342387,0.49895667063281235,0.08705633544244788,-0.240556615998752,-0.25960860247237877,-0.6763091489626569,1.0384807996046848,0.43503559147704035,0.6161380574070191
8.981999999999669,0.5232729227092697,0.49785427027448187,0.08726645262590774,-0.24077231283894637,-0.25893793710800084,-0.6758793150769122,1.0343639450723725,0.43391530984763094,0.6157267713755041
9.001999999999676,0.5188731845198576,0.4967062003413561,0.08747367333091305,-0.24098996041685067,-0.25838558353514246,-0.6755107184964658,1.0300648454076906,0.43272505686694396,0.6153324771697024
9.021999999999682,0.5142852934186957,0.4955135505669394,0.08767019864504093,-0.24115222030454062,-0.2582328146290119,-0.6753928677560773,1.025551966614289,0.43153523801673743,0.6151610146641343
9.041999999999689,0.5095144852379001,0.49427776516775634,0.08785169555487685,-0.24119776540972712,-0.25853333461473105,-0.6755709830157884,1.0208038728544064,0.43036253799340796,0.6152877571863244
9.061999999999696,0.504564817641425,0.49300100166135685,0.08801878118700679,-0.24112657253231126,-0.2591013594079224,-0.6759341141058409,1.0158303202533765,0.4292169330388066,0.6156278346620768
9.081999999999702,0.4994396520621799,0.4916859537326168,0.08817634102919501,-0.24097323330286802,-0.2596255063022797,-0.6762824036344169,1.01066323647436,0.42807148605745765,0.6159914817549196
9.101999999999709,0.4941424283078017,0.49033561904512685,0.08833131273202187,-0.24082086930960916,-0.25983921069492927,-0.6764382213554835,1.0053455292800746,0.4269035562761237,0.6161902004209158
9.121999999999716,0.4886772644303026,0.4889527162500221,0.0884895890239008,-0.24072211198772542,-0.2596560780447518,-0.6763361474552152,0.9999039474350067,0.42566888215859167,0.6161345157856573
9.141999999999722,0.48304913657255943,0.4875395598777859,0.08865399520560248,-0.24072541199262582,-0.25920181867608294,-0.6760497038349481,0.9943432359055651,0.424355201567758,0.6158734452470357
9.161999999999729,0.4772634855937559,0.4860978093246567,0.08882324243743574,-0.24081112176660738,-0.2587339935407153,-0.6757427135961859,0.9886415537461763,0.42295032595513604,0.6155590690342363
9.181999999999736,0.471325585458919,0.4846288406197212,0.0889931480393052,-0.24095759840646475,-0.2584988549805882,-0.6755777847669803,0.9827709207711248,0.42147723015674393,0.6153602821366232
9.201999999999742,0.4652399423250435,0.4831338522116965,0.08915798287208117,-0.2411170248468994,-0.2586041341817631,-0.6756324069426358,0.9767131115882741,0.4199734751981257,0.6153739046653401
9.221999999999749,0.4590100907777634,0.4816141212460852,0.0893123441904947,-0.24124052121208847,-0.2589730581876081,-0.6758642737782647,0.9704704835297763,0.4184747205938192,0.6155794641781076
9.241999999999756,0.45263884335241067,0.4800711452747325,0.08945316786546219,-0.2412794750970391,-0.2593972845107989,-0.6761420777665582,0.9640638285650833,0.4169893887732314,0.6158581670141133
9.261999999999762,0.44612886361207776,0.47850681162849745,0.08958104564206547,-0.24122580079791142,-0.25965454018410244,-0.6763198703012978,0.9575252703887306,0.41551412814809724,0.6160616299500078
9.281999999999769,0.43948323023801805,0.4769233441713208,0.08969974864297031,-0.24112608845151706,-0.25962505318447143,-0.6763140168006384,0.9508844946681722,0.4140477573828655,0.6160911183806466
9.301999999999776,0.4327056817556955,0.47532293935610964,0.08981419156171704,-0.24102383419400636,-0.2593464616032426,-0.6761421925515184,0.9441508887859286,0.4125667615360414,0.6159452481546894
9.321999999999782,0.42580047674014965,0.47370764516315444,0.08992858122978023,-0.24096154019641644,-0.25898307496712675,-0.6759070428716187,0.937313683603993,0.4110501446056995,0.6157137845965674
9.34199999999979,0.41877193372832694,0.4720792397492062,0.09004504831284675,-0.24095901347189833,-0.2587315388854991,-0.6757366924568777,0.9303494871109881,0.40948119867755056,0.6155245224611176
9.361999999999796,0.4116239333220202,0.4704392824042504,0.0901629857121557,-0.2410298863946474,-0.25871635785781855,-0.6757165217025423,0.9232399493328487,0.4078729618448845,0.615474241466075
9.381999999999802,0.4043596081073689,0.46878900805479284,0.09027933516254731,-0.24113167731786453,-0.2589303388944204,-0.675847691931542,0.9159765888691108,0.4062247451401469,0.6155805688591142
9.40199999999981,0.3969814930990555,0.4671296564578413,0.09039037108026228,-0.24123331733462441,-0.25924771866546276,-0.6760527848022889,0.9085711239422494,0.4045547528473576,0.6157785057602723
9.421999999999816,0.38949421173314935,0.4654625382420757,0.09049284149397833,-0.2413214381640717,-0.2594991375672204,-0.6762235421777626,0.9010527520042907,0.40289862085532063,0.6159609131102595
9.441999999999823,0.38190551989354066,0.46378889795129563,0.09058465145564408,-0.24135502913501491,-0.25956387681930293,-0.6762760020356027,0.8934496788205907,0.40125496995245413,0.6160375088509438
9.46199999999983,0.37422374863607666,0.46211017361473666,0.09066609229293475,-0.2413311740151433,-0.2594262683476531,-0.6761959765230049,0.8857811572090468,0.3996192766469075,0.6159797119332299
9.481999999999836,0.3664576223270891,0.46042794826464256,0.09073940751820686,-0.24127668490490156,-0.2591770161135552,-0.6760381756001421,0.8780538400538813,0.3979978722003942,0.6158308018291676
9.501999999999843,0.3586159868293262,0.4587438141501695,0.09080764826368637,-0.24121771474012357,-0.25895822355700154,-0.6758939401004785,0.8702586586611624,0.39637507099941577,0.61567828159154
9.52199999999985,0.35070743184507,0.45705936421844595,0.0908735020554115,-0.2411898469898331,-0.2588859862420678,-0.675841038348101,0.8623849024687408,0.394746360879416,0.615605314752948
9.541999999999856,0.34273997635900655,0.455376026155813,0.0909381023435385,-0.24120364349194773,-0.2589919433431832,-0.6759041370062162,0.8544271812747213,0.39310298928141474,0.6156477706662963
9.561999999999863,0.33472100012230677,0.4536950445332245,0.0910010291576994,-0.2412395893466416,-0.25921281057726486,-0.6760458125158935,0.8463902926555322,0.3914276788818362,0.6157789356477947
9.58199999999987,0.3266574414961018,0.45201766422356193,0.09106084062612792,-0.2413065266433465,-0.2594300248700418,-0.6761905117275022,0.8382961080861425,0.3897410024381778,0.6159278788895293
9.601999999999876,0.3185560809129803,0.4503449336098593,0.09111521228294245,-0.24139021063222343,-0.2595352644797638,-0.676266254232872,0.830169952446604,0.3880587120616639,0.6160193627305491
9.621999999999883,0.3104238187149039,0.44867772511745174,0.09116166590954318,-0.24145482300326818,-0.25948588742430223,-0.6762420115149896,0.822031369657553,0.38638770054705596,0.6160132323396537
9.64199999999989,0.3022678003242156,0.4470169334477019,0.09119891171150109,-0.24147586401627624,-0.2593224968390566,-0.6761406180631233,0.8138883352002189,0.38472580353278196,0.6159227864281953
9.661999999999896,0.2940953154684595,0.4453636155195414,0.09122734503255059,-0.24146416755821587,-0.25914190100541873,-0.6760235754800775,0.8057419040150489,0.3830900589619371,0.6158041316870956
9.681999999999903,0.2859135262979859,0.4437188869638943,0.09124856934808571,-0.24142834385014852,-0.2590429673371308,-0.6759557551749764,0.7975841838057536,0.3814738442932627,0.6157239393466286
9.70199999999991,0.27772921786018107,0.44208394795443273,0.09126484140189785,-0.24138372775446373,-0.2590750002277264,-0.6759720429073806,0.7894087142732429,0.3798656188292392,0.615724131056844
9.721999999999916,0.269548677563403,0.44046006222494755,0.09127838901563226,-0.24135734439156253,-0.2592157673357846,-0.6760609093294943,0.7812176426079219,0.37825886729850905,0.6158018547764486
9.741999999999923,0.2613777415509932,0.4388484032087678,0.09129026143790957,-0.2413726324166425,-0.25938801285466456,-0.6761741627002951,0.7730237112174804,0.37665774221873916,0.6159141463512443
9.76199999999993,0.25322197536071067,0.4372498690046037,0.09129993622998665,-0.24141160824316488,-0.2595035560901396,-0.6762539380395937,0.7648418850656742,0.3750493640217404,0.6160030068809059
9.781999999999936,0.24508692091355364,0.435665234539409,0.09130612415800253,-0.2414572758945828,-0.2595097334874261,-0.6762639935820468,0.7566879327302818,0.3734323062421914,0.6160266537053674
9.801999999999943,0.2369782357917583,0.4340952297197632,0.09130742173759285,-0.24150938798594268,-0.2594143372438302,-0.6762066733726878,0.7485746015947484,0.371825320173565,0.6159800593187126
9.82199999999995,0.2289016546709041,0.4325404698222359,0.09130243045731594,-0.2415568841744868,-0.25927722668199205,-0.6761191496057297,0.7405057171912154,0.37024253167377036,0.6158949274667462
9.841999999999956,0.22086283561535375,0.43100151048401436,0.09129022114716498,-0.24157508408378356,-0.2591755787850948,-0.6760514663670187,0.7324768223805601,0.368682391344442,0.61582061583626
9.861999999999963,0.21286719075916333,0.4294790709804455,0.0912710610202151,-0.24156847094471218,-0.2591626073225084,-0.6760397114666211,0.7244843674152094,0.36715132337059664,0.6157973132206012
9.88199999999997,0.20491974147882552,0.4279739206667066,0.09124622285781803,-0.2415295239479973,-0.25924158810097525,-0.6760884694906457,0.7165258678504866,0.3656339303237361,0.6158357984576084
9.901999999999976,0.19702514198527474,0.42648706186189284,0.09121769512685349,-0.24150452003498207,-0.25936782648729945,-0.6761703306914449,0.7086108646863055,0.36414644940422763,0.615913979107941
9.921999999999983,0.18918774635457364,0.4250193133452146,0.09118683705474112,-0.24149747674589475,-0.2594751277494634,-0.6762427014947947,0.7007485509409996,0.36267118575387125,0.6159906209456038
9.94199999999999,0.18141179085314238,0.4235713924501541,0.09115403028035207,-0.24151626822962488,-0.2595117245795256,-0.676270845591123,0.6929525953767776,0.3612119896910865,0.6160281463865165
9.961999999999996,0.17370151174296247,0.4221438136287519,0.09111873030661397,-0.24154602435163464,-0.25946611943662895,-0.6762452456097925,0.6852309708854226,0.35976010730248126,0.6160118507744295
9.982000000000003,0.16606118572832235,0.4207370140998103,0.0910800765175504,-0.24157695346377256,-0.25937017330201223,-0.6761850014454542,0.6775876493681048,0.3583190130882483,0.6159559391384961
10.00200000000001,0.15849504739666964,0.4193513903946265,0.09103730068858445,-0.24160154734702546,-0.259279544553981,-0.6761257013116501,0.6700218812456386,0.3568953388556675,0.6158940951435038
10.022000000000016,0.15100714884319652,0.4179873275788519,0.09099003050463729,-0.24160850180237883,-0.2592430854699609,-0.6760998670539925,0.662530037703645,0.35548991633159965,0.61586060856966
10.042000000000023,0.14360125447444,0.41664532385095077,0.09093856145129833,-0.2416093582568406,-0.2592780046922368,-0.676120206282287,0.6551114802657553,0.3541089983893114,0.6158725617571009
10.06200000000003,0.1362807887338016,0.4153258767829513,0.09088330637706066,-0.24161288149803228,-0.25936312136396406,-0.6761746834310668,0.6477708591822156,0.35276266123758265,0.6159221811585457
10.082000000000036,0.1290488899425329,0.4140294214981431,0.09082460103415592,-0.24161216882592285,-0.2594526571798554,-0.6762340351280658,0.6405140166214389,0.3514412643363248,0.6159825861502419
10.102000000000043,0.12190854166537873,0.41275640089688576,0.090762889779231,-0.24160854382396266,-0.2595016373668468,-0.676268724882709,0.6333498978441099,0.3501414612490441,0.616023159286131
10.12200000000005,0.11486267992821639,0.41150719801675895,0.09069871415026508,-0.24159457815965357,-0.2594892706630714,-0.6762638804358665,0.626284652096282,0.3488511715151208,0.6160256613127654
10.142000000000056,0.10791425996196981,0.4102822609037028,0.0906327946221955,-0.24159493916320302,-0.25942801385314723,-0.6762261604531565,0.6193243201101084,0.3475812579006104,0.6159928717787437
10.162000000000063,0.10106619147223854,0.40908188919871485,0.09056520539673968,-0.24161663540101116,-0.25935470309586295,-0.6761789011613552,0.6124700354387415,0.34633917389284063,0.615945618398096
10.18200000000007,0.09432123886831763,0.40790620566082625,0.0904953431309931,-0.2416368082866365,-0.2593097536074782,-0.6761483999388775,0.6057172175005846,0.3451143727974305,0.6159106414562501
10.202000000000076,0.08768195143929035,0.4067553946589069,0.09042267361975137,-0.24165741432202378,-0.2593158645237061,-0.6761505183647449,0.599065075406223,0.343917191278068,0.615906383018218
10.222000000000083,0.08115059672786278,0.4056295931576282,0.09034680696394677,-0.24166445299134484,-0.25936755344980694,-0.676182924488387,0.592513504507109,0.34274481920819205,0.6159339438502068
10.24200000000009,0.07472920042428978,0.4045290326050988,0.09026787553280806,-0.24166457770398894,-0.2594360157770283,-0.6762275984141732,0.5860673823329736,0.3416028736296988,0.6159777767459937
10.262000000000096,0.06841961130986038,0.4034539314836381,0.09018626703706806,-0.2416594889477096,-0.2594856694263088,-0.6762615614209815,0.579733119317265,0.34049157817075515,0.6160149369376773
10.282000000000103,0.062223594109794174,0.4024044883789345,0.09010251417081942,-0.24165004567521164,-0.2594931919016235,-0.6762687145613201,0.5735161674512986,0.339405976312615,0.6160274903209256
10.30200000000011,0.05614288342140543,0.40138083530961866,0.09001735545843802,-0.2416213822529999,-0.25945863059013047,-0.6762481931627955,0.5674176624356734,0.3383291422872588,0.6160114876836257
10.322000000000116,0.050179210005185465,0.4003832557989028,0.08993201231620883,-0.24160623075929888,-0.2594039103466761,-0.6762131268449469,0.56143799683421,0.33725920053526687,0.6159780359438517
10.342000000000123,0.044334204241987904,0.3994119041338349,0.08984677544050496,-0.24162787752174217,-0.25935965362122015,-0.6761839608599014,0.5555807768802278,0.33622841637725853,0.6159465074867344
10.36200000000013,0.03860930491579605,0.39846669635373405,0.08976074441070651,-0.2416687037624677,-0.2593490037409719,-0.676175421181111,0.5498409086251722,0.33522238300950813,0.615933722203449
10.382000000000136,0.033005725870510136,0.3975474706806984,0.08967249552235441,-0.24170517167017944,-0.25937564257099216,-0.6761916649613631,0.5442183802879643,0.33424886495070893,0.6159455944154459
10.402000000000143,0.027524467021877202,0.39665409324154083,0.08958100037809143,-0.24171775089675943,-0.2594238125866364,-0.6762225122750813,0.5387137114090838,0.33330388593907523,0.6159746937932196
10.42200000000015,0.02216637527875782,0.39578656036449744,0.08948630670605223,-0.24170710720342362,-0.25946746684092314,-0.67625165174909,0.5333307233936576,0.3323891028912699,0.6160051755788264
10.442000000000156,0.016932083417633574,0.394912756363972,0.08938932205178522,-0.24160633833863876,-0.25948634513287955,-0.6762725279687561,0.5280784030089912,0.3315221897077771,0.6160228629781216
10.462000000000163,0.01182146570037977,0.39379486039607065,0.08929856915011206,-0.24088087092812632,-0.25949512595736834,-0.6762823487550627,0.5229859996384745,0.3307274582756247,0.6160328605065162
10.48200000000017,0.006835494122674569,0.39239559132940743,0.08924330306227596,-0.23976199216667352,-0.2594946066016248,-0.6762784180491331,0.5180502219974054,0.3298978662096506,0.6160350371856516
10.502000000000177,0.0019754585064813905,0.39072754746834837,0.08926174300307094,-0.23874724636949085,-0.25948321576022715,-0.676273617245159,0.5132512856348427,0.32886051033546226,0.6160306185089512
10.522000000000183,-0.0027575982690771395,0.38880214114549394,0.0893817571557174,-0.23820767573257637,-0.25946954691487173,-0.6762626614799794,0.5085625765116882,0.3274124943333077,0.6160223426580794
10.54200000000019,-0.007363074178465681,0.3866282445220857,0.08960889018041272,-0.23829370868986818,-0.2594593358961612,-0.6762570725329856,0.5039657326482716,0.3254220888486698,0.6160155044876653
10.562000000000197,-0.01184086266164107,0.384211891328714,0.08992443256188108,-0.23894229345718768,-0.259458114125345,-0.6762547200022632,0.4994606082164685,0.3229006563743608,0.6160132125805264
10.582000000000203,-0.016191301730123876,0.3815566362892592,0.09029153485423733,-0.23988477308749373,-0.25946419526291187,-0.6762593436886982,0.4950624740905714,0.3199786180506742,0.6160161050207817
10.60200000000021,-0.02041499793055755,0.3786648295009725,0.09066853132526768,-0.24074090894798095,-0.2594734620946739,-0.6762646508535711,0.49078722012907916,0.31680278627686015,0.6160213892346997
10.622000000000217,-0.024512559408310788,0.37553941212135117,0.0910233024858584,-0.2412259053943288,-0.25947940055041535,-0.6762690972414784,0.48665800955280475,0.313556101903873,0.6160254898836781
10.642000000000223,-0.028484427721020562,0.37218490925794273,0.09134254164379965,-0.24119740039912735,-0.25947860108502585,-0.6762682122041227,0.48268510180724356,0.3103256482240173,0.6160254813106181
10.66200000000023,-0.032330784201924846,0.3686079619523263,0.09163382267852689,-0.2407263657779251,-0.25947089347481733,-0.676263149642622,0.4788684753181404,0.3071151883785692,0.6160210105240093
10.682000000000237,-0.03605162749698424,0.3648168135892751,0.0919196970893595,-0.24003678515185287,-0.25946023084361924,-0.6762556147817907,0.4751960119494234,0.30383808673624974,0.6160140834219319
10.702000000000243,-0.03964694329626464,0.3608202506638227,0.09222689276435614,-0.23941455408618909,-0.25945174127624193,-0.6762496654587514,0.4716501715817901,0.30036499365536634,0.6160080288771461
10.72200000000025,-0.04311688938833817,0.35662642082729,0.09257502769965135,-0.23911616631196972,-0.25944934738173064,-0.6762474854481504,0.4682173642963222,0.29659201335250207,0.6160055628205545
10.742000000000257,-0.046461958580660004,0.35224165170058996,0.09296884176170632,-0.239209374141102,-0.25945324489944094,-0.6762496045221299,0.4648848755369987,0.29243217232763613,0.6160072854084954
10.762000000000263,-0.049682965267468494,0.3476705132989659,0.09339742332763991,-0.23965055431140297,-0.25946012822488873,-0.6762539270204361,0.461655218182175,0.2879105343569815,0.6160114616965007
10.78200000000027,-0.052781007418008334,0.34291596084164383,0.09383910685630341,-0.24023436805983844,-0.25946511306307096,-0.6762570359940386,0.45853255304455626,0.28307879329590335,0.616014945936315
10.802000000000277,-0.05575729449338754,0.3379805214614881,0.09427007620904573,-0.24077362120057488,-0.25946445406102064,-0.6762567628939261,0.45553405812764236,0.27807748698167334,0.6160151147905387
10.822000000000283,-0.058613057483846695,0.3328668134607434,0.09467238636187669,-0.24105329164043668,-0.25945769231718097,-0.6762522342296389,0.45266616910227053,0.2729799882636688,0.6160110729132601
10.84200000000029,-0.06134939272697456,0.3275786727133331,0.09504020586349221,-0.24101389023270278,-0.2594475205791581,-0.6762453588682104,0.44993550943829735,0.26785213002059677,0.616004264049727
10.862000000000297,-0.06396725778815235,0.3221211967568909,0.09538044009209942,-0.24071747129451448,-0.25943841948059826,-0.6762387226337451,0.44734055537537254,0.26269643792120245,0.6159975073619117
10.882000000000303,-0.06646753816220059,0.3165003572504028,0.09570819043497851,-0.24031198580607693,-0.25943399346680374,-0.6762352711488719,0.44487439679858815,0.257469794830929,0.6159934995388825
10.90200000000031,-0.06885115264464987,0.3107223212017662,0.09604014876289314,-0.23996719702531585,-0.25943539826216944,-0.6762354197456247,0.4425253160685065,0.2520921796589793,0.6159933615570495
10.922000000000317,-0.0711191554423419,0.30479272014793496,0.09638808052122078,-0.23980867088095245,-0.25944053452186727,-0.676238393611805,0.4402831138145834,0.24649196155252473,0.6159961964534849
10.942000000000323,-0.07327279345423784,0.2987161535031477,0.09675510456639162,-0.23986787123315784,-0.25944554516685,-0.676241303150559,0.43813869747102513,0.24061092246772572,0.6159995384079132
10.96200000000033,-0.07531348611909507,0.29249624056151735,0.09713565178895366,-0.24012166755276176,-0.2594466475127065,-0.6762419632611473,0.43609327398249836,0.23446638447472823,0.6160008097633277
10.982000000000337,-0.07724279705679771,0.28613572972159457,0.0975177486092869,-0.24048648049242125,-0.2594423203210926,-0.6762390686842207,0.43415334247373005,0.2281205081414664,0.615998563719341
11.002000000000344,-0.07906237993091161,0.2796368421441,0.09788735524642067,-0.2408267017505473,-0.2594338290890288,-0.6762333610231188,0.4323249642054531,0.22164094660877406,0.6159931674526434
11.02200000000035,-0.08077389715969109,0.2730018850148437,0.09823370460841387,-0.24101320903098994,-0.2594244793943528,-0.6762269028491434,0.43061167650796917,0.2150811324556981,0.6159865375154387
11.042000000000357,-0.0823789457586136,0.2662338532379148,0.09855343498358278,-0.24099814212420947,-0.25941784153154707,-0.6762219050175087,0.4290140418527802,0.20847006553387432,0.6159811082730401
11.062000000000364,-0.08387904832274844,0.25933654991242217,0.09885100920763279,-0.2408238550054681,-0.2594158622234794,-0.6762199977539955,0.4275323556118437,0.2018247641513215,0.61597859898119
11.08200000000037,-0.08527570059183787,0.25231424884079673,0.0991362279676814,-0.24055949592718218,-0.2594180757523107,-0.6762207408061156,0.4261578463951789,0.19509472910361836,0.6159790864641257
11.102000000000377,-0.08657039899380944,0.24517150277584668,0.09942045295760962,-0.24032810732466098,-0.2594218671670837,-0.6762227446495771,0.4248841371798106,0.18823791932269218,0.6159811977166243
11.122000000000384,-0.08776471377214652,0.23791253134518833,0.09971197089584784,-0.24022867386157068,-0.2594240633166148,-0.6762238639656617,0.4237058770171107,0.181218170918195,0.6159828316737673
11.14200000000039,-0.08886033489350521,0.2305407807822391,0.10001303998606727,-0.24027960035384546,-0.25942244626932764,-0.676222587390306,0.42261672862537963,0.17399908672040226,0.6159822329099192
11.162000000000397,-0.08985905104100922,0.22305904183580927,0.10031968245329355,-0.24047782829673456,-0.2594168364474658,-0.6762187812806467,0.4216189096666028,0.16660898780816005,0.6159789197820741
11.182000000000404,-0.09076276107729812,0.21546930210543358,0.10062356024791808,-0.24071297898148822,-0.25940905344032333,-0.6762133342809055,0.4207095171694283,0.15905254764523055,0.6159736970005405
11.20200000000041,-0.09157337842051229,0.2077735385905619,0.10091593434804781,-0.24092910045565089,-0.2594018183217424,-0.676208245018239,0.4198951518425381,0.1514004037478788,0.6159683381245782
11.222000000000417,-0.09229283371080105,0.1999736947882757,0.10119041112058555,-0.24104143755522764,-0.259397445998094,-0.6762048051849859,0.4191761750756404,0.1436820204007436,0.615964470068842
11.242000000000424,-0.09292301585770395,0.1920721716463277,0.10144545890684983,-0.24102172896665394,-0.25939657039743813,-0.676203628319389,0.41855231483813843,0.13591730863839518,0.6159628621608956
11.26200000000043,-0.09346576541234393,0.1840718741650542,0.1016846506905062,-0.24089428894891063,-0.25939805039170954,-0.6762040522842173,0.4180211922896284,0.1281043427697013,0.6159631003230284
11.282000000000437,-0.0939228899208164,0.175976064034192,0.1019149724526551,-0.24072094317582424,-0.25939967570183864,-0.6762046197330143,0.41757771095863927,0.12021654079657784,0.6159638763897282
11.302000000000444,-0.09429619380612475,0.16778808957907343,0.10214390889606298,-0.2405837834050153,-0.259399341912137,-0.6762040589026502,0.4172177124102721,0.11223004024956419,0.6159637603228798
11.32200000000045,-0.09458752362221745,0.15951098492625737,0.1023763748589145,-0.24053618505290836,-0.25939612710999826,-0.67620170949442,0.4169364917885221,0.10411919843937624,0.6159618841317903
11.342000000000457,-0.0947987854603032,0.15114730624728173,0.10261323304578875,-0.24059547126502454,-0.25939064375241816,-0.6761977318823585,0.41673049955042196,0.09587182761426283,0.6159583349433753
11.362000000000464,-0.09493195171039717,0.14269907518245764,0.10285127959462291,-0.2407342999872489,-0.25938450629912546,-0.6761934161947664,0.4165986434326103,0.0874983616640339,0.6159540374025638
11.38200000000047,-0.09498904571428193,0.13416790814247265,0.10308505652496734,-0.24088221095191947,-0.25937957524982364,-0.6761896641160072,0.41653860035230217,0.07900653934345747,0.6159501516152858
11.402000000000477,-0.09497208911989635,0.1255554663945043,0.10330944817552394,-0.24100728966115434,-0.25937686823707434,-0.6761874140883616,0.41655314193793563,0.07043829920270721,0.6159475784391278
11.422000000000484,-0.09488310384610524,0.11686342449174461,0.10352107843505988,-0.24106587938048957,-0.25937624991243946,-0.6761865166758154,0.4166427691362324,0.061818299583526116,0.6159464309973394
11.44200000000049,-0.09472407659268117,0.10809373609676902,0.10371955553469435,-0.24105067293132132,-0.25937652186001237,-0.6761862072158643,0.4168069230322461,0.053160152525553804,0.6159460969228866
11.462000000000497,-0.09449696001377637,0.09924858276737776,0.10390735313765,-0.24096953106047994,-0.25937612826235606,-0.6761855686309651,0.41704220432318434,0.04445396927499425,0.615945611009911
11.482000000000504,-0.09420366837557322,0.09033037781418383,0.1040890010275161,-0.24086151317666968,-0.25937404633748773,-0.6761837903397441,0.4173445987868077,0.03568247089696189,0.6159441870244564
11.50200000000051,-0.09384610075819264,0.0813415612715826,0.10426922540436903,-0.2407754634401249,-0.25937019408503936,-0.6761809441353682,0.4177101174204396,0.026827279597759726,0.6159416292565891
11.522000000000517,-0.09342616253462213,0.07228443379093512,0.10445102071686198,-0.24076757312964,-0.259365488221513,-0.6761774564152416,0.41813782841920527,0.01789216138027242,0.6159383659781178
11.542000000000524,-0.0929458102520809,0.06316079046961778,0.10463418957140963,-0.24082484833368273,-0.25936112976747777,-0.6761742417030385,0.41862353300762867,0.008863280671220193,0.6159351225529451
11.56200000000053,-0.09240702882617233,0.05397212548505508,0.1048162007517573,-0.24091576074831775,-0.25935805444713345,-0.6761717400718807,0.41916449727487126,-0.00025928958039705887,0.6159325300501686
11.582000000000537,-0.09181181342567382,0.04471978060113419,0.10499370292794505,-0.24100288292245578,-0.25935638687884294,-0.6761702452871238,0.41975968806019326,-0.009462836380511024,0.6159308428545421
11.602000000000544,-0.09116214485039689,0.03540513359509312,0.10516399808162741,-0.24106590256897464,-0.2593555962698793,-0.6761692293485809,0.4204096296757841,-0.01872505291815632,0.6159298152898317
11.62200000000055,-0.09045998344793622,0.026029614824166564,0.10532571632373862,-0.24108668134029682,-0.2593546816632713,-0.6761683239499006,0.4211140015476297,-0.028031573486950383,0.6159288951145403
11.642000000000557,-0.08970725507565853,0.01659478786756283,0.10547933240397382,-0.24105765486486364,-0.25935289356752206,-0.6761667052213556,0.4218698947510541,-0.0373873722141575,0.6159274989190696
11.662000000000564,-0.08890583844951482,0.007102439026317891,0.10562694976539272,-0.24101266311534128,-0.25934994169298226,-0.6761644661438182,0.42267720269689857,-0.046781273647528855,0.6159254159333413
11.68200000000057,-0.08805759511090777,-0.0024456812522313798,0.1057709755948646,-0.24097396887884834,-0.2593462749132052,-0.6761616562688741,0.4235330276709618,-0.05622146318427197,0.6159227919127069
11.702000000000577,-0.08716438099747588,-0.012047949670361843,0.10591328120526476,-0.2409440282512922,-0.2593426074942649,-0.6761589083439212,0.42443249131667665,-0.0657287053697654,0.6159200548828425
11.722000000000584,-0.08622803637614143,-0.021702766166055116,0.10605509210385247,-0.24094355644314225,-0.2593396813877207,-0.6761564865750962,0.42537340596718864,-0.07530479342191174,0.6159176847979617
11.74200000000059,-0.085250407431049,-0.03140872415230122,0.10619623920243317,-0.24097777571401863,-0.25933771895918556,-0.6761549155166711,0.426354753912451,-0.08494306231186904,0.6159159579772963
11.762000000000597,-0.08423334611066445,-0.04116461758732464,0.1063354009685765,-0.2410300494726718,-0.2593365387352664,-0.6761536414824899,0.4273742409433418,-0.09464370674264419,0.6159147477883405
11.782000000000604,-0.08317869621344894,-0.050969344634821445,0.10647094988565507,-0.24107297733807737,-0.25933542310284624,-0.6761525901704228,0.42842970273143044,-0.10440593210237321,0.6159136972317514
11.80200000000061,-0.0820882709077937,-0.06082173508802746,0.10660163266055563,-0.241106995572472,-0.2593338009701266,-0.6761511883908576,0.42952199664206553,-0.11420914177773535,0.6159124007043976
11.822000000000617,-0.08096386051681455,-0.0707206497735033,0.10672682340605194,-0.24111948164856897,-0.25933137292771063,-0.6761492824023667,0.4306495178860549,-0.12405001244146771,0.6159106114490057
11.842000000000624,-0.07980721789616513,-0.08066486458151338,0.1068467300262265,-0.24111538325659504,-0.25932832205254674,-0.6761469614289709,0.43181145028773793,-0.13392072311723022,0.6159083808661753
11.86200000000063,-0.07862007003826707,-0.09065317988106666,0.10696237685495133,-0.2410791779491373,-0.2593251506302564,-0.676144497539261,0.43300274468656863,-0.1438427404404438,0.6159059756675395
11.882000000000637,-0.07740409310858705,-0.10068418288791325,0.10707547397874957,-0.2410545115863945,-0.259322423576015,-0.6761423780263591,0.4342243677919948,-0.15379825733591238,0.6159038180424402
11.902000000000644,-0.07616095514298914,-0.11075504141051236,0.10718717375601933,-0.24104610924663672,-0.259320385719887,-0.6761405016131644,0.4354728605720248,-0.1637990011170382,0.6159020773245881
11.92200000000065,-0.07489229779029334,-0.12085785272147456,0.10729806174567345,-0.2410443720800609,-0.2593184310340985,-0.6761385639176618,0.43674002311760074,-0.17388523831286176,0.615900414016071
11.942000000000657,-0.07359971918049436,-0.13098367129277003,0.10740762360119692,-0.2411292094549462,-0.2593159172260671,-0.6761365463005582,0.43803230164787527,-0.18399706338378075,0.6158985337071887
11.962000000000664,-0.07228486572783044,-0.1411243845585579,0.10751250142817396,-0.24125789571534778,-0.25931261813394296,-0.6761339873081499,0.4393457538928197,-0.19414160948779977,0.6158961175674792
11.98200000000067,-0.07094936830655656,-0.15127217937152937,0.10760828011392892,-0.24139773557321664,-0.25930868228378307,-0.6761308100547241,0.44067880242431473,-0.20430634510082188,0.6158931668290126
12.002000000000677,-0.0695948344593821,-0.16141948547496243,0.10769077208406794,-0.2415125194205568,-0.25930451225335754,-0.6761277695291622,0.442032209744788,-0.21446304463528812,0.615890003392823
12.022000000000684,-0.06822283041824286,-0.1715588387482751,0.10775757189842572,-0.24156329304183405,-0.2593008151991329,-0.6761246649039913,0.44340237503269,-0.22461370996866692,0.6158869824153242
12.04200000000069,-0.0668348495011231,-0.1816825919642006,0.10780853554197407,-0.2415864987758408,-0.2592978860432554,-0.6761224096477934,0.4447925868952004,-0.23471766509281333,0.6158845174539416
12.062000000000697,-0.06543236205093428,-0.19178335244926256,0.10784484516501525,-0.24156970792295127,-0.2592958440659255,-0.6761204897279254,0.44619758951895006,-0.24479445204509026,0.6158826286889503
12.082000000000704,-0.06401678383005519,-0.201853704165222,0.10786894917321882,-0.24154123783812498,-0.25929423804338003,-0.6761189441412009,0.4476141101903866,-0.2548524922018348,0.6158811427613947
12.10200000000071,-0.06258949846499953,-0.2118863899134612,0.10788304547102631,-0.24154945227911873,-0.2592925436282892,-0.6761174980221811,0.449042833598563,-0.2648751551503077,0.6158797514040898
12.122000000000718,-0.06115189229474798,-0.22187462794584462,0.10788780639656928,-0.24159389332374107,-0.2592903655418733,-0.6761156023268533,0.4504796019874766,-0.27487708834599783,0.6158780813957714
12.142000000000724,-0.059705338761495245,-0.23181198046324203,0.10788242212692042,-0.24167108836137235,-0.25928749931398715,-0.6761134206368412,0.4519232859532105,-0.28485060002828394,0.6158759849477572
12.162000000000731,-0.05825120126751488,-0.24169239000516993,0.10786508481623137,-0.24175251127835107,-0.25928420062458674,-0.6761108663276165,0.4533713303631059,-0.2947957583160253,0.6158735187324406
12.182000000000738,-0.056790805249208674,-0.2515099372685283,0.10783399008921066,-0.24183884258652735,-0.2592809214117842,-0.6761083093926892,0.45482503686048925,-0.30468606667238385,0.6158709845741347
12.202000000000744,-0.055325453730298964,-0.26125897254854613,0.10778748103263543,-0.24191251383802428,-0.25927811102067094,-0.6761061174480593,0.4562844761413735,-0.31450396891308025,0.615868703189551
12.222000000000751,-0.053856416839258625,-0.27093402690037194,0.10772469358515536,-0.24194789158111737,-0.25927598766096976,-0.6761043500801197,0.4577475626263844,-0.3242471778934604,0.615866843490224
12.242000000000758,-0.05238490931582255,-0.2805296214431585,0.10764640343375283,-0.24194819492508218,-0.259274449165302,-0.6761028575429738,0.45921136352079295,-0.3339213736564306,0.6158653921201457
12.262000000000764,-0.050912095159038356,-0.29004029688463717,0.10755431273456392,-0.2419515395710958,-0.2592731256986087,-0.676101704368027,0.4606782618310592,-0.34349933575656605,0.6158642160668754
12.282000000000771,-0.04943911951535245,-0.29946089230378586,0.10744978687989185,-0.2419710106429563,-0.25927167990001626,-0.6761003981670498,0.4621468776818118,-0.3529797629925506,0.6158630305417079
12.302000000000778,-0.04796711039602837,-0.3087865651373647,0.10733349723082085,-0.24199814856282598,-0.25926978848923843,-0.6760988907384845,0.463613972424743,-0.362373238518357,0.6158616015751752
12.322000000000784,-0.04649716755916812,-0.31801270055759606,0.10720582786507876,-0.24202265865720457,-0.2592674495724585,-0.6760970270626038,0.465076653461344,-0.3716873506340249,0.6158598530759214
12.342000000000791,-0.04503035675722433,-0.3271348602265337,0.10706710935190845,-0.24204316149248647,-0.25926487580858987,-0.6760951178905529,0.46653290954792154,-0.3809239670059482,0.6158579204197157
12.362000000000798,-0.043567704323900405,-0.3361487272325836,0.10691772911135995,-0.24208175955812206,-0.25926252541190925,-0.6760931365492859,0.4679839361595461,-0.39006351704996783,0.6158560559007432
12.382000000000804,-0.042110220751733936,-0.3450502909000081,0.10675732865199121,-0.2421449045072245,-0.2592606198046633,-0.6760916963063062,0.4694310668765036,-0.39908598724013455,0.6158545010538422
12.402000000000811,-0.04065890739205382,-0.35383589818155176,0.10658472013281407,-0.24220935353678996,-0.2592592658415097,-0.6760904941049148,0.4708729129782735,-0.40798837783658554,0.6158532776966479
12.422000000000818,-0.03921473571670811,-0.36250208478129736,0.10639899100871018,-0.24224842312076594,-0.2592581896036064,-0.6760895334817457,0.4723074645692967,-0.41677192415565584,0.6158522741782806
12.442000000000824,-0.03777863389255147,-0.37104547392893594,0.10620052190707018,-0.24223581808702915,-0.25925707077777665,-0.6760885146238759,0.47373076508810213,-0.4254525630003991,0.6158512831682638
12.462000000000831,-0.036351453260814716,-0.3794624829742417,0.10599105622126954,-0.2422367387091346,-0.2592557271271956,-0.676087384665066,0.4751479364351171,-0.43398839111289106,0.6158502263949307
12.482000000000838,-0.03493404597822323,-0.38774998775220715,0.10577191190918962,-0.24223451872768584,-0.25925411043009744,-0.6760861592894366,0.47655496621316634,-0.44239939383317317,0.6158490210121126
12.502000000000844,-0.03352722269978473,-0.39590495114769547,0.10554417822883337,-0.24224713001460907,-0.2592523896170617,-0.6760847416481576,0.47795140400621816,-0.45068085689173815,0.61584770836918
12.522000000000851,-0.03213178102412892,-0.40392465944918526,0.10530845005569608,-0.242256775925302,-0.259250702530785,-0.6760834813615659,0.47933380137458326,-0.45884802147104975,0.6158464063688188
12.542000000000858,-0.030748479880030988,-0.41180649095423255,0.1050651320686683,-0.2422778557904187,-0.2592492860123182,-0.6760823058041678,0.48070264631128135,-0.4668897042440281,0.6158452421695497
12.562000000000864,-0.02937805596587812,-0.41954804652840777,0.10481415517310842,-0.2423216340351285,-0.25924819432127777,-0.6760813848776211,0.48205934828049535,-0.4747889194955203,0.6158443069672489
12.582000000000871,-0.028021237516209902,-0.42714726088513966,0.1045547976819695,-0.24236463943741773,-0.25924734254989884,-0.6760806332635161,0.48340184948629306,-0.48255127984675056,0.6158435386373649
12.602000000000878,-0.026678720950134432,-0.434602207906756,0.10428643104221384,-0.2423926354699373,-0.2592465344666316,-0.6760799561045793,0.48472999748838164,-0.49016966756815766,0.615842829839614
12.622000000000885,-0.025351163393439558,-0.4419110435143884,0.10400910101363932,-0.2424022821233352,-0.25924562121773514,-0.6760791781124987,0.4860434167279108,-0.497639493752273,0.6158420751209337
12.642000000000891,-0.024039183312015145,-0.4490720133318564,0.1037236344654019,-0.24239310759519128,-0.2592445456897318,-0.6760782813359386,0.48734072262460715,-0.50496418715451,0.6158412290807378
12.662000000000898,-0.022743359329493697,-0.4560834337423942,0.10343133962111385,-0.24237920844236685,-0.259243379397783,-0.6760773984205211,0.4886219651887126,-0.512138997511477,0.6158403405304387
12.682000000000905,-0.021464240493683687,-0.4629437656038638,0.10313341509143058,-0.24237905438331078,-0.25924230151167127,-0.676076544677559,0.48988753799799306,-0.5191573018779644,0.6158395014407785
12.702000000000911,-0.02020236277841249,-0.4696517423168364,0.10283054959392056,-0.24238354957047503,-0.25924141663106137,-0.6760758063075807,0.4911344456406628,-0.5260343557844912,0.6158387713375213
12.722000000000918,-0.018958233707639948,-0.47620622779797206,0.10252304827574132,-0.24239957701786363,-0.25924074674237324,-0.6760752591913062,0.4923635038828616,-0.5327603103001043,0.6158381924370498
12.742000000000925,-0.017714576206028832,-0.4826062787184834,0.10221085344994889,-0.2424135273849016,-0.25924612541628717,-0.6761051455374585,0.49357919748370094,-0.5393480175177057,0.6158419906436666
12.762000000000931,-0.016257958419904347,-0.4888503209731186,0.1018934471394317,-0.24250435507602125,-0.25938173220519517,-0.6762340295824109,0.49495126156137215,-0.5458187492197086,0.615929266655413
12.782000000000938,-0.014533580328122795,-0.49493780919109376,0.10156758063761584,-0.24266238583185393,-0.25962010099567073,-0.6763523315461994,0.4965726242052528,-0.5521582808264468,0.6160805296638777
12.802000000000945,-0.012549180860101046,-0.5008688656857504,0.10122822551997163,-0.24281335115440753,-0.25980235195501467,-0.6764966033680668,0.49845990742160723,-0.5583489030110902,0.6162223304754751
12.822000000000951,-0.010312179508285887,-0.506643659314221,0.1008715234667979,-0.24289613429476742,-0.2598494062603746,-0.6765162514835503,0.5006207322268044,-0.5643685120570823,0.6162777501240029
12.842000000000958,-0.007829361119662589,-0.5122622068195206,0.10049687569652786,-0.24288048515460345,-0.25972951931886606,-0.6764540640438248,0.5030568867899035,-0.5702056529445437,0.6162262101279148
12.862000000000965,-0.005106896515496085,-0.5177242615531943,0.10010736868786925,-0.24278143702248098,-0.2595199127843376,-0.6763115085710425,0.5057576096865712,-0.5758576685037096,0.6160978772938015
12.882000000000971,-0.002150504087791682,-0.5230293684110973,0.09970864498977242,-0.24265578964353826,-0.25932635864719283,-0.6761867019272625,0.508704222077909,-0.5813287604194219,0.61596339914786
12.902000000000978,0.0010341900509806589,-0.5281771540906792,0.09930649755819201,-0.24255144903911485,-0.2592478849417085,-0.6761255634257318,0.5118731803497599,-0.5866369527832199,0.615889278207176
12.922000000000985,0.004441408041551185,-0.5331674774203848,0.09890516518772889,-0.2424935356050564,-0.25931126733536797,-0.676161762131908,0.5152445755874333,-0.5918121151895926,0.6159073425064399
12.942000000000991,0.008065136975991897,-0.5380004555420049,0.09850631708436546,-0.24250364545064446,-0.2594715740598792,-0.6762608172920247,0.5188121887902405,-0.5968553561249188,0.6159985607832094
12.962000000000998,0.01189924327431565,-0.5426766221254847,0.0981090744452038,-0.2425584434580076,-0.2596344967685756,-0.6763678086987356,0.5225765229029469,-0.6017819607008883,0.6161078564700386
12.982000000001005,0.015937733450293208,-0.547196718594162,0.0977109820313762,-0.24264802978025107,-0.25971256973730855,-0.676421699528378,0.5265487511779394,-0.6065635126342318,0.6161744645853017
13.002000000001011,0.020174962372344292,-0.5515618150690923,0.0973087387059092,-0.24272888007763654,-0.2596677224818148,-0.676397146275921,0.53073484882501,-0.6111866292772246,0.6161643160525474
13.022000000001018,0.024605748168499274,-0.5557730683012533,0.096900037423615,-0.24275739396615434,-0.2595290468604176,-0.6763088610856455,0.5351315983916626,-0.6156473481450222,0.6160855275822459
13.042000000001025,0.029225318463008163,-0.5598314595064827,0.09648474214178969,-0.24273678196559406,-0.2593719941298417,-0.6762054530023243,0.5397308903040504,-0.6199241003007474,0.6159814692121311
13.062000000001031,0.03402909132360279,-0.5637379082181828,0.09606470759964385,-0.24266878288186472,-0.2592766105827769,-0.6761387812256027,0.5445156992248473,-0.6240268243648311,0.6159055625800397
13.082000000001038,0.03901247831730898,-0.5674931867904567,0.09564318148363944,-0.24258311564600954,-0.2592851812393574,-0.6761389343811486,0.5494719948807786,-0.6279588859994456,0.6158929860999173
13.102000000001045,0.0441707548004358,-0.5710981091589903,0.09522360729929388,-0.24249914296488354,-0.2593832644203994,-0.6761986738017409,0.5545888950246135,-0.6317437166601817,0.6159436024400348
13.122000000001051,0.04949909932644548,-0.5745535497700662,0.0948088883114354,-0.2424405774452651,-0.25951100001442884,-0.6762806890908694,0.5598632848098859,-0.6354022763730914,0.6160245730484872
13.142000000001058,0.05499221457343921,-0.5778605315479732,0.0944003671447556,-0.24244320136214753,-0.25959725850983567,-0.6763381399042356,0.5653010139908152,-0.6389268408043066,0.616089551641496
13.162000000001065,0.06064219658161985,-0.5810205376699631,0.09399703473153735,-0.24248724297995713,-0.2595957448545513,-0.6763394839800344,0.5709033133964697,-0.6423205225398578,0.6161027131793145
13.182000000001072,0.06644054477656534,-0.5840353177260476,0.09359652181068967,-0.24254184894719966,-0.2595083662027133,-0.6762844282439716,0.5766661035927043,-0.6455799877268363,0.616057178815501
13.202000000001078,0.07237907976342464,-0.5869067404979976,0.09319661110577886,-0.24257271850875559,-0.2593817205580268,-0.6762011581009655,0.5825790727464918,-0.6486992440487769,0.6159769240548754
13.222000000001085,0.07844984755427226,-0.5896365856515834,0.09279611926186254,-0.24257935005791817,-0.2592794502462228,-0.676131282553912,0.5886299726191007,-0.6516567600210953,0.615902317302526
13.242000000001092,0.08464494292258759,-0.5922266633173923,0.092395082934958,-0.24253899418720298,-0.2592482478216646,-0.6761060777267152,0.5948018932964756,-0.6544575094356524,0.615867915208935
13.262000000001098,0.09095643537463038,-0.5946785243977089,0.0919952031290047,-0.2424803258815226,-0.25929469501319635,-0.6761316838370599,0.601083826555185,-0.657094280391108,0.6158850648190061
13.282000000001105,0.09737632097753444,-0.596993768588989,0.09159875177708503,-0.24240690643131868,-0.259384650412262,-0.6761876978227432,0.6074665577815301,-0.6595855137367111,0.6159376104758013
13.302000000001112,0.10389663108779422,-0.5991739408747666,0.09120807503553834,-0.24234667679113345,-0.25946399061295505,-0.6762390760939894,0.6139474127503761,-0.6619388968664863,0.6159922310375378
13.322000000001118,0.11050954542517244,-0.6012207532113988,0.09082464855278459,-0.24231082801830925,-0.25948791210529026,-0.676256146894622,0.6205248127730989,-0.6641644454739394,0.6160169762217423
13.342000000001125,0.11720750221028226,-0.6031361174673421,0.0904489593058527,-0.24229242239687593,-0.25944371520474907,-0.6762287370441544,0.6271929532597927,-0.6662825730296235,0.6159976837074119
13.362000000001132,0.12398324050651313,-0.6049220387242344,0.09008059936746209,-0.24230213094845401,-0.2593549326742898,-0.6761710810822446,0.6339473605037645,-0.6682776632911458,0.6159441743684092
13.382000000001138,0.13082972139220156,-0.6065807237585411,0.08971830151238394,-0.2423293984172129,-0.25926677393622233,-0.6761115906409345,0.6407769410731756,-0.670147527916701,0.6158833415580715
13.402000000001145,0.13774002169196536,-0.6081145013615591,0.08936040619254597,-0.24235144412426185,-0.25922085278305723,-0.6760782973011283,0.6476699739897103,-0.6718834856764612,0.6158440623253286
13.422000000001152,0.1447072459077878,-0.6095257135354014,0.0890057492193613,-0.24233927708463546,-0.25923411222129134,-0.6760831200385095,0.6546136118633655,-0.67349320366693,0.615842001404372
13.442000000001158,0.1517245230321235,-0.6108164656361273,0.08865440933415766,-0.2423157624470643,-0.2592916039798207,-0.6761178692140355,0.6616042120191988,-0.6749542097303438,0.6158725320800663
13.462000000001165,0.15878501040018278,-0.6119889316724247,0.08830705357545375,-0.2422711998106155,-0.25935661135690363,-0.6761592634858451,0.6686365984916938,-0.676278732164526,0.6159144684219158
13.482000000001172,0.16588201014692922,-0.6130452207377926,0.08796506553486541,-0.24220586543341344,-0.2593911995604079,-0.6761823302780945,0.6757070365400198,-0.6774838433226418,0.6159422807968911
13.502000000001178,0.1730090651096262,-0.6139873899721585,0.087630475890009,-0.2421298765480574,-0.2593760109691265,-0.6761734738545075,0.6828110176206545,-0.6785883231469007,0.615939675931268
13.522000000001185,0.18016000556577888,-0.6148174302756871,0.08730501725020211,-0.2420941663275563,-0.2593190275154205,-0.6761367915210178,0.68994700977741,-0.6795769740982617,0.6159074231204869
13.542000000001192,0.1873288701128599,-0.6155376654736666,0.08698884591647461,-0.2420926562468842,-0.259249441282158,-0.6760904843019844,0.6971057312423135,-0.680459355977226,0.6158616498677741
13.562000000001198,0.19450985240273186,-0.6161505693595614,0.08668081541915257,-0.2421140777756347,-0.2592009597928877,-0.6760565993148273,0.7042772538236775,-0.68123508416445,0.6158244231647795
13.582000000001205,0.2016972204049659,-0.6166587303089119,0.08637919926591212,-0.24213192474324252,-0.25919401662217306,-0.6760491836495166,0.711451453848778,-0.6819060501063734,0.6158118632874668
13.602000000001212,0.20888528826907396,-0.6170647053789365,0.08608275230524513,-0.24212146302235865,-0.2592261098575936,-0.6760676347059132,0.7186203115005019,-0.6824762197461869,0.6158262024208
13.622000000001218,0.21606845060778548,-0.6173708493328317,0.08579131023797792,-0.24209830458380935,-0.25927478150924127,-0.6760980289630086,0.7257824272158759,-0.6829306053147937,0.6158556549833082
13.642000000001225,0.22324121205361633,-0.6175795428349756,0.08550526482989643,-0.24205729087264208,-0.2593106253603484,-0.6761214459382167,0.7329356214077103,-0.683273508665267,0.6158814839594684
13.662000000001232,0.23039827730921006,-0.6176930933896656,0.08522572341752069,-0.2420019496960218,-0.25931315211193806,-0.6761236286107081,0.7400757737907872,-0.6835228886515791,0.6158882183796551
13.682000000001239,0.23753459826591025,-0.6177137502963109,0.08495394683400911,-0.24195566106106708,-0.25928059915833734,-0.676103091281929,0.7472016871345012,-0.6836716053146896,0.6158715400043717
13.702000000001245,0.24464535552363223,-0.6176438407121144,0.08469067429578135,-0.2419339785294722,-0.25922981094403946,-0.6760695198248424,0.754307847775493,-0.6837227409963337,0.6158396138917126
13.722000000001252,0.2517258993648585,-0.6174858580191763,0.08443571129807034,-0.24192539132177554,-0.25918578749084015,-0.6760395448997109,0.7613858188489779,-0.683684555514417,0.6158080365501019
13.742000000001259,0.2587717016825395,-0.6172423344864315,0.08418847529556574,-0.24191631672849748,-0.259168479898468,-0.6760260775410906,0.7684259498828337,-0.6835690813104275,0.6157911393585379
13.762000000001265,0.26577831917751216,-0.6169157441353886,0.08394836651568532,-0.24191115827649626,-0.2591825035860544,-0.676033269501812,0.7754242942891064,-0.6833632393912302,0.6157947410035703
13.782000000001272,0.27274136761952267,-0.6165086225010659,0.08371492102619153,-0.24188729587309396,-0.25921607284737647,-0.676053771076924,0.7823742750552327,-0.683082594081997,0.6158136086311826
13.802000000001279,0.27965658636024343,-0.6160233367572203,0.08348841729161008,-0.24185492093154792,-0.2592481168556389,-0.6760742539773561,0.7892741672826417,-0.6827272637798746,0.6158350681248769
13.822000000001285,0.2865198754605443,-0.6154621953887776,0.08326898940453255,-0.24184615848269136,-0.2592599728299747,-0.6760824906038693,0.7961281611342758,-0.682269060601583,0.6158461029522603
13.842000000001292,0.2933273031518158,-0.6148277356548449,0.0830562378069679,-0.24183233900654125,-0.2592449157531454,-0.6760730823286041,0.8029302899169921,-0.6817337156118016,0.6158400099014167
13.862000000001299,0.30007516200548195,-0.6141224220888031,0.08285001524890177,-0.2418034611118099,-0.2592106165431441,-0.6760508535933298,0.8096768940206343,-0.6811241315353649,0.6158195831845298
13.882000000001305,0.30675995044174686,-0.6133486133800975,0.08265076711339371,-0.24176739536735656,-0.25917443534023005,-0.6760263989832112,0.81636122793635,-0.6804520597117676,0.6157949045958098
13.902000000001312,0.3133783183779083,-0.6125086064917357,0.08245889205284018,-0.24174918363180695,-0.25915344500837567,-0.6760114746195687,0.8229822003133822,-0.6796933742771839,0.615777681680766
13.922000000001319,0.31992698978313117,-0.6116048722804086,0.08227426837211713,-0.24172322698629914,-0.2591558072891715,-0.6760114578384628,0.8295308727405253,-0.6788716914785297,0.6157748942749417
13.942000000001325,0.32640278779948595,-0.6106397347675067,0.08209715451958402,-0.2416940515980822,-0.25917698542226913,-0.6760239584973791,0.836001609807841,-0.6780003380430858,0.6157856337880001
13.962000000001332,0.3328026346737355,-0.6096154456548315,0.08192761474166618,-0.24168759595254763,-0.2592030617541098,-0.6760406090732165,0.842397885173608,-0.6770511386802434,0.615802151743913
13.982000000001339,0.33912355231286156,-0.6085344389726337,0.08176504192502641,-0.24168154168117,-0.2592187389986553,-0.6760509180544985,0.8487159157886393,-0.6760425271699307,0.6158142152702744
14.002000000001345,0.3453627346565822,-0.6073990880391149,0.08160890931190312,-0.24166804846085957,-0.2592151448546649,-0.6760490598589795,0.8549544819431492,-0.6749776605643255,0.6158147416407012
14.022000000001352,0.3515175671860586,-0.6062117073762661,0.08145903645724385,-0.24164632586715362,-0.25919421930402653,-0.6760356413655229,0.8611118991045648,-0.6738571251591361,0.6158031928163314
14.042000000001359,0.35758561602158,-0.6049745729574296,0.08131558174065158,-0.24161453988896844,-0.25916679381963176,-0.6760175273075505,0.8671844313413791,-0.6726864515446921,0.6157854078815298
14.062000000001365,0.36356460467965196,-0.6036898645872222,0.08117899333250847,-0.24158746095607647,-0.2591464443505429,-0.6760034025788053,0.8731690796495142,-0.6714626452675421,0.6157701199681843
14.082000000001372,0.3694523595817341,-0.6023597878384411,0.08104948879425196,-0.24156784503812276,-0.25914213076403214,-0.6759995614120952,0.8790620026928514,-0.6701882788818416,0.615764209264897
14.102000000001379,0.3752467882446836,-0.6009865579282967,0.08092698529410353,-0.24155255634389622,-0.2591539674945227,-0.6760063120050449,0.8848596198490156,-0.6688693722198887,0.6157692368567992
14.122000000001385,0.3809458833946605,-0.5995723669513477,0.08081124950634751,-0.24153979635906575,-0.2591736918809358,-0.6760187051380543,0.890560272358721,-0.6675083545834328,0.6157810441363429
14.142000000001392,0.3865477434027067,-0.5981193840730861,0.08070198657191953,-0.2415277804626117,-0.25918963531437395,-0.6760291291405535,0.8961635129547324,-0.666106587531973,0.6157922940051587
14.162000000001399,0.3920505996572829,-0.59662976529946,0.08059896780269335,-0.24150933257008783,-0.2591929665976442,-0.6760316700399533,0.9016682730988108,-0.6646706582621726,0.6157965119978903
14.182000000001405,0.3974528477597892,-0.5951055716583429,0.08050211130835164,-0.2414973822500914,-0.2591821243159762,-0.6760249628941105,0.9070757297937402,-0.6631917880004934,0.6157914092164478
14.202000000001412,0.4027530278751052,-0.593548913409032,0.08041117664227869,-0.24148526431898212,-0.2591630768428704,-0.6760126029988621,0.9123837106206526,-0.6616750891563679,0.6157797358238819
14.222000000001419,0.4079498187959227,-0.5919618612428583,0.08032596834455494,-0.24146953990858835,-0.2591456966454883,-0.6760008946183608,0.9175895546438473,-0.6601239385337406,0.6157675121694317
14.242000000001426,0.41304201166380156,-0.5903464349524555,0.08024644939156472,-0.24144899415287652,-0.25913834397952806,-0.6759954614274973,0.9226907066412999,-0.6585403107160055,0.6157606776152249
14.262000000001432,0.4180284867111631,-0.5887046054870527,0.08017282650787175,-0.2414198492113415,-0.25914365927728567,-0.6759982296123471,0.9276833426530371,-0.656936554241465,0.6157619877761015
14.282000000001439,0.42290821459782885,-0.5870382263808497,0.08010550037476721,-0.24139881653602602,-0.25915757314094734,-0.6760068977036104,0.9325684571286246,-0.6553033879359819,0.6157698577008813
14.302000000001446,0.4276802447102936,-0.5853491771340409,0.08004446057218194,-0.24139241886277127,-0.25917191669592266,-0.6760162547399754,0.9373459527355614,-0.6536428429246787,0.6157794388105484
14.322000000001452,0.43234372120939385,-0.5836393857712449,0.07998915720004718,-0.2413948511071572,-0.25917891880350846,-0.6760211542490016,0.9420166597790067,-0.6519535089770075,0.615785378914443
14.342000000001459,0.436897906270743,-0.5819107922388294,0.07993887431046212,-0.24139179197203348,-0.2591752182336339,-0.6760191382584559,0.9465795927405654,-0.6502429249959958,0.6157846301955031
14.362000000001466,0.4413421976072935,-0.5801652677423736,0.07989323093979134,-0.2413738835151204,-0.25916329362208096,-0.6760116214121413,0.9510336094165571,-0.6485163802908788,0.615777885139407
14.382000000001472,0.4456761293174251,-0.5784045407811041,0.07985237163943167,-0.24135460034216963,-0.2591498143146569,-0.6760027529376602,0.9553791829750271,-0.6467670049214063,0.6157689642820523
14.402000000001479,0.4498993319082165,-0.5766303359342805,0.07981649689707174,-0.24133514190249764,-0.25914181725968144,-0.6759972542859045,0.9596148035823044,-0.6449979028489403,0.615762584819411
14.422000000001486,0.4540115163462052,-0.5748443421327084,0.07978578176325617,-0.24131576493265205,-0.2591430734611066,-0.6759976501529252,0.9637387046271352,-0.6432146393087345,0.6157618424328523
14.442000000001492,0.4580124596906473,-0.5730482365442697,0.0797604676947933,-0.2412848718282402,-0.25915228517892386,-0.6760033975943356,0.9677478228799012,-0.6414337080753069,0.6157667236838621
14.462000000001499,0.46190202985978474,-0.5712435165634402,0.07974092846425342,-0.24127275553694333,-0.2591642159909062,-0.6760111850586118,0.9716456898294217,-0.6396386233290962,0.6157743749412081
14.482000000001506,0.46568015440980803,-0.5694318013408632,0.07972692920718182,-0.24127288483019985,-0.2591726198372604,-0.676016927939985,0.9754319084125983,-0.6378376936631364,0.6157807115133843
14.502000000001512,0.4693468536263959,-0.5676146935999855,0.07971776040534985,-0.24128590328418761,-0.2591735615385811,-0.6760179588242554,0.9791087369477602,-0.6360237596701485,0.6157826668250717
14.522000000001519,0.47290223807818016,-0.5657938520301226,0.07971240234063878,-0.24129274071525053,-0.2591672857440183,-0.6760142770510468,0.9826759474676067,-0.6342013672676549,0.6157796873178638
14.542000000001526,0.4763465229616511,-0.5639708727976745,0.07971031191636244,-0.2412724419392314,-0.25915782180341956,-0.6760082434374638,0.9861309497069778,-0.6323856406590751,0.6157738361883338
14.562000000001532,0.47968004303901557,-0.5621470889909389,0.07971182992532087,-0.24125566878749408,-0.2591506216131096,-0.6760034813546213,0.989477392806868,-0.630555552877721,0.6157686234198165
14.582000000001539,0.4829031898962849,-0.5603238922822887,0.07971720721737358,-0.24124255367131633,-0.25914963654174483,-0.6760026804578543,0.9927144503557792,-0.6287161112551559,0.6157669755015924
14.602000000001546,0.4860164107899909,-0.5585026546422255,0.07972648925141504,-0.24123109538321655,-0.25915534261006673,-0.6760062781759003,0.9958418403618212,-0.6268708342743206,0.6157697899788283
14.622000000001552,0.48902020742251384,-0.5566847180506843,0.07973969209474607,-0.24121618011471505,-0.2591647288921761,-0.6760124368177124,0.998858900233613,-0.6250283152423872,0.615775616322877
14.642000000001559,0.49191514782881207,-0.5548713522936499,0.07975694182043404,-0.24120025752960078,-0.2591731264702954,-0.6760181679639791,1.0017664791846004,-0.6231913320055125,0.615781578386656
14.662000000001566,0.494701872031717,-0.5530637839047705,0.07977836615573264,-0.24118718226690836,-0.259176754332795,-0.6760209423714189,1.0045657861330386,-0.6213617266028748,0.6157849650271647
14.682000000001572,0.4973810942718171,-0.5512632310769181,0.07980398289479111,-0.24117424220374228,-0.25917460849014584,-0.6760199733828977,1.0072571096471872,-0.6195456184962382,0.6157846143731099
14.70200000000158,0.49995361076774586,-0.5494708458986318,0.07983372646914462,-0.24117090752420098,-0.2591687975681429,-0.6760164935486369,1.009842402961118,-0.6177376244731677,0.6157814299222462
14.722000000001586,0.5024202786185744,-0.5476878052791041,0.07986724286105402,-0.241174443830153,-0.2591632115383883,-0.6760129739245733,1.0123217668382196,-0.6159408887891673,0.6157777355116486
14.742000000001592,0.5047820087670724,-0.5459152716191128,0.07990391682231555,-0.24118235759943646,-0.2591613594305267,-0.6760118362558656,1.0146969133343826,-0.6141485640609947,0.6157759870052055
14.7620000000016,0.50703975362314,-0.5441544072705251,0.07994316852682336,-0.24117947754317354,-0.2591646135198367,-0.6760139232968762,1.0169664764874602,-0.61237202611787,0.6157774501877206
14.782000000001606,0.5091945218896722,-0.5424062323096198,0.07998480313798824,-0.24117524923354536,-0.25917159571095827,-0.6760185780156839,1.0191333016410062,-0.6106012684279135,0.6157816935072953
14.802000000001613,0.5112473623571342,-0.5406717500668743,0.08002870288128347,-0.24117016069721028,-0.2591791472475572,-0.6760237814695961,1.0211993223640288,-0.6088339597225163,0.6157868798463435
14.82200000000162,0.5131993717663584,-0.5389519377776963,0.0800748450365536,-0.24115843259729802,-0.2591840585086739,-0.6760273596121174,1.0231649574948602,-0.6070774648000516,0.6157908213544304
14.842000000001626,0.5150517057693739,-0.5372477153717123,0.08012359247924766,-0.24113056396991864,-0.25918472069885584,-0.6760282122517499,1.025029429742656,-0.6053460560678353,0.6157921542016865
14.862000000001633,0.5168055974792727,-0.5355598177896359,0.08017553385304732,-0.2411194701506227,-0.25918190772741634,-0.6760267704976937,1.0267970153691746,-0.6036246089809698,0.6157910280751449
14.88200000000164,0.518462309517814,-0.5338891004763747,0.08023064905752135,-0.24112209593296946,-0.25917815966898455,-0.6760246289678212,1.0284685788281784,-0.6019156638304393,0.6157888459914286
14.902000000001646,0.5200231382693022,-0.5322364483661834,0.08028846534283016,-0.2411261128293827,-0.2591763269819284,-0.6760235941260357,1.0300437798083406,-0.6002268995637814,0.6157874618440897
14.922000000001653,0.521489414866069,-0.530602707046041,0.08034858306106196,-0.24111905324371588,-0.25917805293708224,-0.6760248595828834,1.0315219902952004,-0.5985678417248501,0.6157882033007533
14.94200000000166,0.5228625119138266,-0.5289885969575355,0.08041119680954686,-0.2411019793550721,-0.2591830887401908,-0.6760281404809055,1.0329031618935827,-0.5969464381243662,0.6157912120861395
14.962000000001666,0.5241438458719856,-0.5273946726727599,0.08047627343624343,-0.2411249924219497,-0.25918944293184887,-0.6760327534123107,1.0341974678079493,-0.5953149537240161,0.6157955477867413
14.982000000001673,0.525334810811967,-0.5258218231201355,0.08054269734613102,-0.24114587730876536,-0.25919472671475013,-0.6760364789739141,1.0354020751077724,-0.5936992651438336,0.6157995131105745
15.00200000000168,0.5264368493545297,-0.5242708081513172,0.08060961567347637,-0.24114898597436663,-0.2591970880974254,-0.6760385026030118,1.036517997897281,-0.5921030414021622,0.6158018033079032
15.022000000001686,0.5274514540624127,-0.5227422702737387,0.08067703669619179,-0.24112475805134026,-0.25919646442739996,-0.676038462763738,1.0375454924514007,-0.5905344268268532,0.615802068549187
15.042000000001693,0.5283801799236044,-0.5212366292403264,0.08074574764283736,-0.24110498151938412,-0.25919433269146,-0.6760374462061026,1.0384891034189891,-0.588977204612156,0.6158010965980982
15.0620000000017,0.5292245923842126,-0.5197544090308381,0.08081652627368587,-0.24107454455796828,-0.25919289990924155,-0.6760367212673871,1.03934614471413,-0.5874558190410776,0.6158002163549183
15.082000000001706,0.5299863006907394,-0.5182959367953085,0.0808900205710038,-0.24107407483287566,-0.25919384116891137,-0.6760375852594904,1.0401221267200198,-0.5859477908770799,0.6158006955655838
15.102000000001713,0.5306668922989473,-0.5168617665231732,0.0809658931510052,-0.24108399724323834,-0.25919750479427245,-0.6760402043765585,1.0408163004333,-0.5844663152274813,0.6158029544294977
15.12200000000172,0.5312679677050629,-0.5154524199711312,0.08104356515511765,-0.2410917302442651,-0.2592027780420539,-0.6760438342755806,1.0414279226045757,-0.5830247733509499,0.6158064576434071
15.142000000001726,0.5317911490419713,-0.51406833199795,0.08112242539152359,-0.24110535631372668,-0.259207760262032,-0.6760475533992971,1.0419622893525757,-0.5816033130108422,0.615810121416714
15.162000000001733,0.5322380668039225,-0.5127099735649452,0.08120184696637334,-0.24111274180928594,-0.25921094235690484,-0.6760499662758863,1.0424200913869686,-0.5802084980863613,0.6158127955435709
15.18200000000174,0.5326103812301736,-0.5113777171218666,0.08128150170894563,-0.24111782887229277,-0.2592117595324561,-0.6760509500920767,1.0428044179342804,-0.5788331166857132,0.6158139777350463
15.202000000001746,0.5329097700381278,-0.5100719195280541,0.08136120911269241,-0.24111691432444443,-0.25921099639477946,-0.6760508294088813,1.0431170239469039,-0.5774769809271598,0.6158139552860917
15.222000000001753,0.533137927435048,-0.5087929077502911,0.0814411167856682,-0.24109789836134557,-0.25921016350742004,-0.6760505916643954,1.0433572119856578,-0.5761532316836855,0.6158136179609378
15.24200000000176,0.5332965799416552,-0.5075408215551095,0.08152184468675129,-0.2410875672808642,-0.25921073980033316,-0.6760512042366167,1.0435289328381256,-0.5748486587534406,0.615814001950556
15.262000000001766,0.5333874428972748,-0.5063158833886391,0.08160367868198969,-0.24108372977217393,-0.2592133562725163,-0.6760531804421146,1.0436328232199266,-0.5735694794198326,0.61581567296003
15.282000000001773,0.5334122299126954,-0.5051183098185262,0.08168662246955671,-0.24108366753379323,-0.25921755252981626,-0.6760561688045525,1.0436697251460185,-0.5723208635206349,0.6158184812099415
15.30200000000178,0.5333726551844111,-0.5039482951016261,0.08177053201555098,-0.2410869434347125,-0.2592220474670498,-0.676059448779183,1.0436413779672336,-0.5711034794836584,0.6158217124072695
15.322000000001786,0.5332704331915652,-0.5028060291039995,0.08185522210189411,-0.24108725295428446,-0.25922552086405165,-0.6760620706560425,1.043548827912529,-0.5699222945969903,0.6158244656538123
15.342000000001793,0.5331072910207622,-0.5016916211840448,0.08194048699029502,-0.24109754990122934,-0.25922725893709225,-0.6760636449894682,1.0433960993337354,-0.5687651234988008,0.6158261806594503
15.3620000000018,0.532884948469263,-0.5006052467645158,0.08202587064092802,-0.24110827628381018,-0.25922752321211434,-0.676064190273067,1.043184395345006,-0.5676351156861255,0.615826842431311
15.382000000001806,0.5326051309722677,-0.49954704225298446,0.08211097474771749,-0.24111420235220288,-0.259227284506589,-0.6760643739994989,1.042915301557208,-0.566532314316512,0.6158269912599463
15.402000000001813,0.5322695677803084,-0.4985170913963343,0.08219563664261927,-0.24111399349617033,-0.25922772090130514,-0.6760649382126286,1.0425905169132061,-0.5654558555250353,0.6158273949827456
15.42200000000182,0.5318799876876319,-0.4975154261547427,0.08227993998692204,-0.24110909469382585,-0.25922957115253203,-0.6760664024696347,1.0422116490219986,-0.5644056951377132,0.6158286332088564
15.442000000001826,0.5314381145834219,-0.49654203643174954,0.08236412254058656,-0.24110256272461236,-0.2592327893386967,-0.6760687684218833,1.0417802438041577,-0.5633827796918347,0.6158308102117909
15.462000000001833,0.5309456643039163,-0.495596885073612,0.08244843949915942,-0.24109772145060185,-0.25923661806776993,-0.6760715701707124,1.0412978724294537,-0.5623885588504366,0.6158335326748253
15.48200000000184,0.5304043433259555,-0.4946799228090577,0.08253303888972524,-0.2410969331093806,-0.2592400300921828,-0.6760741438425867,1.0407661900443341,-0.5614243228259975,0.6158361484849363
15.502000000001846,0.5298158488866708,-0.49379109811732236,0.08261789235562361,-0.24110085172257317,-0.25924227928363774,-0.6760759830293578,1.0401869390014498,-0.560490681625424,0.6158381010981071
15.522000000001853,0.5291818695363707,-0.49293035919897477,0.08270279991199334,-0.2411083679574704,-0.25924326597742386,-0.6760769933948775,1.0395619089441657,-0.5595873657288425,0.6158392110231995
15.54200000000186,0.5285040851681266,-0.4920976483291499,0.08278745875891758,-0.24111719821017724,-0.25924354378353515,-0.6760775081323425,1.038892883387903,-0.5587133810747724,0.6158397411894606
15.562000000001866,0.5277841661094492,-0.49129289164186224,0.08287156410832952,-0.241124842087946,-0.25924398558033956,-0.676078088407541,1.0381816011176015,-0.5578674189083206,0.6158402295149076
15.582000000001873,0.5270237715020545,-0.49051598879670527,0.08295490160658527,-0.24112952327089446,-0.2592453092684841,-0.6760792133578072,1.03742974441759,-0.5570483395787176,0.6158411904010072
15.60200000000188,0.5262245475912933,-0.48976680660412936,0.08303739809935083,-0.24113077113765383,-0.2592477161023782,-0.6760810396437117,1.0366389493780839,-0.5562555417794469,0.6158428500689511
15.622000000001886,0.5253881264895672,-0.4890451788235444,0.08311911610120411,-0.24112946511134245,-0.25925082320832016,-0.676083341296607,1.0358108233299734,-0.5554890904320605,0.6158450496684226
15.642000000001893,0.5245161226203936,-0.4883509345902287,0.08320022345787749,-0.24111918706887706,-0.25925388858233067,-0.6760856861497243,1.0349458511305554,-0.5547559927099626,0.6158473469680102
15.6620000000019,0.5236101487066188,-0.4876837898880787,0.083281139055243,-0.24111801556107096,-0.25925628391171646,-0.676087479121517,1.0340468012949324,-0.5540502339990075,0.6158492894840482
15.682000000001906,0.5226717913926998,-0.4870435247338505,0.0833618672478839,-0.24112840786557044,-0.2592576865205801,-0.6760888332865131,1.0331164068047125,-0.5533659830519995,0.6158506436304133
15.702000000001913,0.5217026124501306,-0.4864299774216589,0.08344208172548881,-0.2411375312106089,-0.25925839721155014,-0.6760895080138936,1.0321539302192575,-0.5527161049508268,0.6158514356346761
15.72200000000192,0.5207041627535046,-0.48584293372784504,0.08352145981055549,-0.24114586833300508,-0.2592589123516031,-0.6760902168271357,1.0311621883581168,-0.5520924643058958,0.6158520259653646
15.742000000001926,0.5196779764581095,-0.48528215407589087,0.08359975908046523,-0.24115613467958222,-0.2592599128562744,-0.6760910478893554,1.030143158676132,-0.5514914282365588,0.6158528115738556
15.762000000001933,0.5186255637668875,-0.4847474116580605,0.08367674131512319,-0.2411628152999697,-0.2592616567762617,-0.6760924813183952,1.0290981551802942,-0.5509133375160504,0.6158540663003306
15.78200000000194,0.5175484160448999,-0.48423844640935737,0.08375234178494076,-0.241162654974903,-0.25926406939714425,-0.6760942599534359,1.0280282612368408,-0.5503599581197699,0.6158557719703991
15.802000000001946,0.5164480071151328,-0.4837549576070745,0.08382683624741517,-0.24115231406930954,-0.2592666603918785,-0.6760962060151661,1.0269338963512775,-0.5498374781361584,0.61585768053319
15.822000000001953,0.5153257972951172,-0.48329657587653413,0.08390073064553892,-0.24114015756421653,-0.25926890691102944,-0.6760979630394713,1.0258167377002747,-0.5493452987169167,0.6158594520881222
15.84200000000196,0.5141832286982364,-0.48286289983428,0.08397440120175337,-0.24114380986136066,-0.25927049623318654,-0.6760993148662533,1.0246800915352727,-0.5488732657260356,0.6158608458174866
15.862000000001967,0.5130217043775853,-0.4824536512494161,0.08404776544621863,-0.24114847228213385,-0.25927145358302034,-0.6761001893480137,1.0235226223382683,-0.5484373635451814,0.6158617850371421
15.882000000001973,0.5118426148717158,-0.4820684756777833,0.08412060336296943,-0.24116518174702314,-0.2592721037926285,-0.6761008532203397,1.0223478890080646,-0.548024364551469,0.6158624599567596
15.90200000000198,0.5106473173423521,-0.48170708335656104,0.08419227075550216,-0.24119282384355567,-0.25927289806575216,-0.6761016417583632,1.021158471647669,-0.5476261799434609,0.6158631613595705
15.922000000001987,0.5094371321541491,-0.48136926922889434,0.08426194094565007,-0.2412057311498085,-0.2592741598143824,-0.6761026752138899,1.0199535620827103,-0.5472536278998028,0.6158640950098547
15.942000000001993,0.5082133739743533,-0.4810546821563156,0.08432939108614979,-0.2412087421661318,-0.2592759218067905,-0.6761040130329898,1.0187355790034274,-0.5468990460857729,0.6158653562302104
15.962000000002,0.5069773321072796,-0.4807629666669996,0.08439485922690923,-0.2411932459904457,-0.2592779356049171,-0.6761055979794837,1.0175046000307304,-0.5465693532875934,0.61586683776895
15.982000000002007,0.5057302840724568,-0.480493668697326,0.08445921741977841,-0.24116232770006923,-0.25927986732333563,-0.6761070580646624,1.0162604820207617,-0.5462732550239509,0.6158683115024969
16.00200000000201,0.5044735035285521,-0.48024617475173914,0.08452366354204967,-0.24115830563698165,-0.25928144796814956,-0.6761082240163213,1.0150072030978428,-0.5459961349406669,0.615869611603738
16.022000000002,0.5032082090313417,-0.48002007585926254,0.0845881731603845,-0.2411850520789172,-0.2592825495431042,-0.6761093196465711,1.0137478531506714,-0.5457279903011981,0.6158706467328597
16.042000000001988,0.501935568666173,-0.4798151413653779,0.08465173171267555,-0.24121258087987452,-0.2592833493512897,-0.6761099830378746,1.0124804292590126,-0.5454860313877129,0.6158713854153484
16.062000000001976,0.5006567308941722,-0.4796310983490925,0.08471349982204687,-0.24122051918691334,-0.25928400044677735,-0.6761106733203116,1.0112047377436066,-0.5452763814931396,0.6158719822839404
16.082000000001965,0.4993728420538313,-0.47946749816077133,0.08477336091389784,-0.24122688311184873,-0.2592848517156664,-0.6761113368502869,1.0099246631411658,-0.5450818726170854,0.6158726503553397
16.102000000001954,0.4980850148672662,-0.47932394020204044,0.08483133104782056,-0.24122904593972505,-0.25928602255024796,-0.6761123461012162,1.0086413754512897,-0.5449018077888125,0.6158735367566107
16.122000000001943,0.49679433708381654,-0.47920000522529044,0.08488758712867567,-0.24122440806769996,-0.25928752543600275,-0.6761134526194907,1.0073551873887296,-0.5447402749412318,0.6158746287706763
16.142000000001932,0.49550187385281597,-0.47909524054500463,0.08494260680105029,-0.2412112594500865,-0.25928910825030893,-0.6761146661886477,1.006065931512492,-0.544604510002775,0.6158758181139883
16.16200000000192,0.49420867208794395,-0.4790091262468677,0.08499699422999756,-0.24120428950598502,-0.25929053624594217,-0.6761157750652165,1.0047755070389872,-0.5444899806697245,0.615876949353954
16.18200000000191,0.49291574454021947,-0.4789411939646572,0.08505101124733497,-0.24120821031016784,-0.2592916369100861,-0.6761166976013742,1.0034849615483707,-0.5443968319012747,0.6158778922883805
16.2020000000019,0.49162406743344506,-0.47889104794209375,0.08510454514814794,-0.24121257350419248,-0.2592923979174071,-0.6761173817762849,1.0021937854896636,-0.5443335126196703,0.6158785915902713
16.222000000001888,0.49033460119823197,-0.47885820968348264,0.08515730312111527,-0.24123882733232974,-0.259292981152931,-0.6761179173375271,1.0009063004827232,-0.5442796369297367,0.6158791473742258
16.242000000001877,0.48904825457110207,-0.47884237955600184,0.08520839031898504,-0.2412662837622807,-0.25929358162746796,-0.6761185061340204,0.9996225341163766,-0.5442392836823018,0.6158796740211543
16.262000000001866,0.4877659119077168,-0.47884323936034023,0.0852570273168718,-0.2412786666064659,-0.25929436875650674,-0.6761191446904853,0.9983427495140669,-0.5442143717175604,0.615880270491232
16.282000000001855,0.48648844123075213,-0.4788603980194318,0.08530318800992344,-0.24126437233306272,-0.2592953547785435,-0.676119924085656,0.9970658374776499,-0.5442154537852233,0.6158809882514725
16.302000000001843,0.48521670934224304,-0.4788932759296787,0.0853476273849393,-0.24125233399089513,-0.2592964922796797,-0.6761207979422863,0.995796153734416,-0.5442221413231703,0.6158818397903818
16.322000000001832,0.4839515404630641,-0.4789414105602263,0.08539107771421481,-0.2412315273159817,-0.2592976194627485,-0.6761217014522198,0.9945311132034976,-0.5442550927624594,0.6158827135657312
16.34200000000182,0.4826937482227666,-0.4790042206340457,0.08543436176653993,-0.2412256955278951,-0.2592986210422063,-0.6761224034271258,0.9932732421456121,-0.5443046860829905,0.6158835163652161
16.36200000000181,0.4814441055327297,-0.47908122400762176,0.0854776181892788,-0.24124311291543138,-0.2592993705769771,-0.6761231176000347,0.9920237960431109,-0.5443686024097305,0.6158841944621825
16.3820000000018,0.48020334048250873,-0.4791720693524946,0.08552008915763315,-0.2412734631067849,-0.2592999392218334,-0.6761235843044123,0.9907838791056934,-0.5444437435941478,0.6158847092240396
16.402000000001788,0.47897214778904335,-0.4792764603447088,0.0855607542000417,-0.24129762801011448,-0.25930036508579646,-0.6761240193479742,0.9895530339834061,-0.5445353168980827,0.6158851025940251
16.422000000001777,0.4777512061705503,-0.4793940301014863,0.08559892889421827,-0.2413134010045433,-0.2593008101431425,-0.6761243805876587,0.9883333468652062,-0.5446334680513707,0.6158854664637875
16.442000000001766,0.4765411720910593,-0.4795243902337457,0.08563439053985286,-0.24131516153810592,-0.2593013594669169,-0.6761248635173486,0.9871255409668468,-0.5447368374837682,0.6158858915442141
16.462000000001755,0.4753426842878027,-0.4796670988974333,0.08566749276599651,-0.24130007057648112,-0.2593020665599803,-0.6761254018580707,0.985929392352167,-0.5448500344298651,0.6158864089718664
16.482000000001744,0.4741563685003868,-0.4798216268114584,0.08569915366441513,-0.24127831930205254,-0.25930287452504935,-0.676125985349121,0.9847446716509576,-0.5449783428100929,0.6158870059397189
16.502000000001733,0.4729828290007451,-0.4799874134637912,0.08573024578686377,-0.24127035252405563,-0.25930367129100945,-0.6761266532542042,0.983574088342414,-0.5451101794548785,0.6158876422937104
16.52200000000172,0.47182262838672184,-0.48016401953687593,0.08576111297230853,-0.2412698794624667,-0.25930436660635525,-0.6761271732951901,0.9824160386803655,-0.5452585710881521,0.6158882080865051
16.54200000000171,0.4706763002671476,-0.48035103825323344,0.08579179366864624,-0.24126838419752594,-0.2593048463643878,-0.6761276227240952,0.9812695327836207,-0.5454322933319428,0.6158886384429831
16.5620000000017,0.46870485917072535,-0.48049336327354325,0.0858214811270184,-0.13940872936932514,0.5695713568690502,-1.558461567064476,0.9780191740271215,-0.5444754557445834,0.6114111295614758
16.58200000000169,0.46110923588803504,-0.48027547934868997,0.08580466088615146,-0.14317419104065468,0.5938453552432476,-1.6412230138377553,0.9483127120465872,-0.5284845660007181,0.5302347842233093
16.602000000001677,0.4544424131404742,-0.4801363823522789,0.08562447553288496,-0.14441189395385318,0.6197805796751426,-1.601563342393948,0.9314610304945838,-0.5142534246335956,0.426921758731866
16.622000000001666,0.4501911618287573,-0.47999805087114183,0.08524577633727301,-0.14567415618220628,0.626895637264604,-1.7662744191440631,0.9174761797581077,-0.5096406388910856,0.412956766529222
16.642000000001655,0.4470380983758043,-0.47966198664132326,0.08463828789118089,-0.1476831687190952,0.6262152782381722,-1.846458052682403,0.9060459421131342,-0.5069231952274534,0.41836536653473605
16.662000000001644,0.44457824617831704,-0.4791920793432109,0.0837522701795956,-0.1495513095491014,0.6242384049343159,-1.8423492361376244,0.9001939865440921,-0.5055847951500375,0.4214022205266602
16.682000000001633,0.44313475982392725,-0.47867754537785645,0.08255131458850806,-0.15090761124219926,0.624071689551891,-1.8224309078923775,0.8972792909288638,-0.5049163299833278,0.42270545680193794
16.70200000000162,0.4424739966755816,-0.478137347356621,0.0810209215048142,-0.15192758971110526,0.6239220252082976,-1.8138807044829537,0.8952633170003087,-0.504381153954843,0.4233536952769026
16.72200000000161,0.4422644061743849,-0.47757853388318156,0.07916133820536256,-0.15265566803114225,0.6238796196418581,-1.8134718215618484,0.8936511189382242,-0.5038976548606356,0.4237191479798438
16.7420000000016,0.44224236774900566,-0.47700866879835524,0.0769842801778355,-0.15307111657397673,0.623947241881655,-1.8154310238508353,0.8922781153926684,-0.5034606900416753,0.42392338919189004
16.76200000000159,0.4422885038412849,-0.4764392663830346,0.07451243025890864,-0.15313819453225408,0.624073572826589,-1.8173173372912979,0.8910736796631422,-0.503069256046306,0.4240318999890397
16.782000000001577,0.4423520857674165,-0.475882154575237,0.07177943642204905,-0.15283848458119742,0.6242121421440159,-1.8186325436788782,0.8899992538102582,-0.5027230280874633,0.42408703908651657
16.802000000001566,0.4424131578638866,-0.4753467120582915,0.0688291391521727,-0.15218402962276065,0.6243342334699458,-1.8194926776420253,0.8890311028391795,-0.5024186467400026,0.4241147316952356
16.822000000001555,0.4424646303719,-0.47483939775284156,0.06571385321562234,-0.1512113693162311,0.6244291879077459,-1.8200820233858006,0.8881532314460211,-0.5021523954778819,0.4241292346520952
16.842000000001544,0.4425045090613986,-0.47436288451313785,0.062491813350776255,-0.14997610090587973,0.6244965296761941,-1.8205204585655903,0.8873541205447871,-0.5019198355815379,0.4241376814054124
16.862000000001533,0.442532723522257,-0.4739176230737891,0.059224308016272056,-0.14854613607707573,0.6245393801056403,-1.8208680706098737,0.886624768424447,-0.5017178090634222,0.4241434016638971
16.882000000001522,0.442550059079229,-0.4735014906013994,0.05597263724478834,-0.14699722411001662,0.6245613249557885,-1.8211520224611675,0.8859578868046144,-0.5015428328182657,0.424147887846147
16.90200000000151,0.44255758856078153,-0.4731119000247672,0.052795234275970215,-0.14539779139656311,0.6245655749360104,-1.8213852877413512,0.8853469930311103,-0.5013948054548857,0.42415179704578754
16.9220000000015,0.44255662467105245,-0.47274450527729606,0.049745244681066905,-0.1438272998705901,0.6245547394154177,-1.8215755484527434,0.8847869052789399,-0.5012687806116103,0.4241554235416327
16.94200000000149,0.4425485387748403,-0.47239452399763404,0.04686818901613602,-0.1423510317452057,0.6245311260508015,-1.8217285757217556,0.8842728636059196,-0.5011624399005036,0.42415889780666505
16.962000000001478,0.442534590969628,-0.47205818474938965,0.044200394016927845,-0.14101674053840998,0.6244968799710021,-1.8218494406530612,0.8838003671425265,-0.5010761720159865,0.4241622737619537
16.982000000001467,0.4425159682940001,-0.47173195374471105,0.04176823934485443,-0.13986830898001665,0.6244541013094538,-1.821942988709037,0.8833657236631808,-0.5010067841268131,0.42416556907576264
17.002000000001456,0.4424937466790904,-0.4714128709410748,0.03958771002522095,-0.13893197295317017,0.6244049542643857,-1.822013796096532,0.8829654753995678,-0.5009527309130142,0.4241687773035131
17.022000000001444,0.4424688131290205,-0.47109943761507256,0.037664665050622194,-0.13821639642731856,0.6243512923440605,-1.8220658347360779,0.8825963898063199,-0.5009136325244089,0.4241718867440466
17.042000000001433,0.4424418961663936,-0.4707912065902949,0.03599575067649088,-0.13772021266395398,0.6242946162777736,-1.822102539679461,0.8822556646170991,-0.5008879578087618,0.4241748883619141
17.062000000001422,0.4424136046644292,-0.4704883068157584,0.03456956283042128,-0.1374315889101031,0.6242361712415224,-1.8221268546713743,0.881940849792633,-0.5008735962288507,0.42417777559145414
17.08200000000141,0.44238486315318226,-0.47019298991621,0.033368212182530124,-0.13731762992333285,0.6241801068624884,-1.822221650751526,0.8816556555925457,-0.500873253360116,0.4241813883387565
17.1020000000014,0.4423565205252014,-0.4699066068135019,0.03236911283371899,-0.13735888469548893,0.6241292788939786,-1.8223795787184742,0.8814005122189539,-0.50088152402508,0.4241855962768168
17.12200000000139,0.4423281424262084,-0.469631398325522,0.03154654307565857,-0.1375200480662036,0.6240816653792717,-1.8225089661091594,0.8811652187730321,-0.5008966140873299,0.4241889802862808
17.142000000001378,0.44229964663315136,-0.469370067663218,0.030873338537519925,-0.1377618069427147,0.6240365410968542,-1.8226172595259371,0.8809480972601017,-0.500916833289495,0.4241917005705933
17.162000000001367,0.4422711239590928,-0.4691248109440864,0.030322492134104956,-0.13805549537927111,0.6239938670212353,-1.8227174695431083,0.8807482670524072,-0.5009411305769219,0.4241940597277733
17.182000000001356,0.4422426434528957,-0.4688975613122782,0.029868310238707826,-0.13836925307778572,0.6239539285374193,-1.8228163530438575,0.8805646544843704,-0.5009680545961112,0.4241961983248538
17.202000000001345,0.4422142002959061,-0.4686902931338189,0.029487458529228204,-0.13867301098462062,0.6239170202863099,-1.8229167697041841,0.880396112225595,-0.5009963855324955,0.42419816475356675
17.222000000001334,0.4421857545961084,-0.46850463375907386,0.029159834120279175,-0.13894311194228473,0.6238833000776133,-1.8230188159553014,0.8802414621446742,-0.5010255948879389,0.4241999728828461
17.242000000001322,0.44215725704722636,-0.4683415150299641,0.028869064276095945,-0.1391620022374802,0.6238526910572676,-1.823119858469763,0.8800994034916925,-0.5010551348533747,0.4242016125706001
17.26200000000131,0.4421286676116059,-0.4682011915898392,0.02860269326005048,-0.1393192562518207,0.6238248948636875,-1.823215953366499,0.879968654731649,-0.501084378051286,0.424203078300068
17.2820000000013,0.4420999858731734,-0.46808356339602764,0.028352157207563178,-0.1394091081089265,0.6237996471360953,-1.8233073159228559,0.8798483158095304,-0.5011128016708106,0.42420439837773277
17.30200000000129,0.44207125394143465,-0.46798740344231887,0.028112461060373656,-0.13943479370778436,0.6237764605410541,-1.8233883618667823,0.8797370873016096,-0.5011401395788456,0.4242055680680311
17.322000000001278,0.44204253727151765,-0.4679113808185081,0.027881664372293804,-0.1393998721212205,0.6237549240217248,-1.8234591446061945,0.8796341508539146,-0.5011653297169156,0.4242066088537173
17.342000000001267,0.44201396318592723,-0.46785388121530963,0.027660357832069205,-0.1393113002135212,0.6237348202483319,-1.8235239778328105,0.8795389431731139,-0.5011880895230886,0.4242075631957895
17.362000000001256,0.44198569607212335,-0.46781306808074063,0.02745108815619016,-0.13917965293585022,0.6237161088501033,-1.823586589433081,0.8794509759359941,-0.5012088231280242,0.4242084645331313
17.382000000001245,0.4419579005101919,-0.4677865632946208,0.02725769690504771,-0.13902003024485501,0.6236986425666617,-1.823643917728068,0.8793694579845636,-0.5012281549810825,0.42420930510145044
17.402000000001234,0.44193071542622747,-0.4677720343205279,0.027084598308232927,-0.1388443266094942,0.6236822145335692,-1.8236945651324985,0.8792938086622548,-0.5012453141373219,0.4242100737720735
17.422000000001223,0.4419042905848886,-0.4677672479785812,0.026936249133716512,-0.13866598957750437,0.623666675941094,-1.8237391615083909,0.8792235436359369,-0.5012606031436967,0.4242107864890085
17.44200000000121,0.4418787676662201,-0.46777003677678725,0.026816633172997633,-0.1384956819336605,0.6236519280868645,-1.823779006055067,0.8791582556671077,-0.5012739507843349,0.4242114512465119
17.4620000000012,0.4418542685493931,-0.46777876078194564,0.02672893499926246,-0.13834116212794256,0.6236380461545885,-1.8238179193644015,0.8790977414332544,-0.501285631229283,0.4242120874406287
17.48200000000119,0.4418308919208129,-0.46779121438825805,0.02667525608849479,-0.13821564307336162,0.6236248239295366,-1.823849382417621,0.8790411912290462,-0.5012968480401377,0.42421267408514524
17.50200000000118,0.4418086859096587,-0.46780596644939826,0.02665633395821891,-0.13812170053965678,0.6236121465782154,-1.8238745841617694,0.8789884093281551,-0.501306226609404,0.4242132093304679
17.522000000001167,0.4417876889818413,-0.4678219664102445,0.026671588701420203,-0.13806208647482127,0.623599990388993,-1.8238956978239973,0.8789391701627679,-0.5013141674058069,0.42421371349584913
17.542000000001156,0.441767916465992,-0.4678383238944895,0.026719171864818998,-0.13803681896928433,0.6235883565135433,-1.8239140707522257,0.8788931989723016,-0.5013209608167069,0.4242141907395243
17.562000000001145,0.4417493461749349,-0.46785481253561256,0.026796147677973777,-0.13804157931155864,0.6235773825611232,-1.8239332415946652,0.8788504640164959,-0.5013265980333271,0.4242146530763698
17.582000000001134,0.441731935266282,-0.4678708670433415,0.026898746431859324,-0.13807728884802092,0.6235669972783344,-1.8239486609468158,0.8788103606892514,-0.5013325741892146,0.4242150839695935
17.602000000001123,0.4417156051672591,-0.46788656238436066,0.027022501503037918,-0.13813566229676025,0.6235572100509982,-1.8239626937578064,0.8787730117154876,-0.5013373069614757,0.424215485603898
17.622000000001112,0.44170027620096625,-0.4679016859945867,0.02716257195553898,-0.13821514644686136,0.6235478561790504,-1.8239715728750183,0.8787378466263929,-0.501341889251897,0.424215850216213
17.6420000000011,0.44168586091683887,-0.46791638221212556,0.027313912916329258,-0.13830801173705898,0.6235388609413351,-1.8239770965131372,0.8787048129733277,-0.5013453762041116,0.424216183208992
17.66200000000109,0.4416722641913994,-0.46793163100105867,0.027471638588593868,-0.13840201376840613,0.6235304608313816,-1.823987227007494,0.8786743558042918,-0.5013470614710136,0.42421652110446284
17.68200000000108,0.44165940556922595,-0.4679472831621594,0.027631329724516752,-0.13849870829670366,0.6235225303853685,-1.8239949210853497,0.878645608825232,-0.5013497079486217,0.4242168378302655
17.702000000001068,0.44164719104043804,-0.46796338625933714,0.027789019595984076,-0.13859356505939263,0.6235149139507292,-1.823997821667749,0.878618470688901,-0.5013519366043945,0.42421711990121347
17.722000000001056,0.44163553636930253,-0.4679803255543735,0.02794131827402206,-0.1386794255553939,0.6235075673253957,-1.8239991533646531,0.878593059503568,-0.5013525288756713,0.4242173808331399
17.742000000001045,0.4416243818695367,-0.46799821223606386,0.028085576355115174,-0.1387550887029919,0.6235004290309943,-1.8239983347166893,0.8785691173544607,-0.5013524475375433,0.42421762882518227
17.762000000001034,0.4416136773663561,-0.4680171204843997,0.02821986755000191,-0.1388178524606653,0.6234934779958949,-1.8239961895754353,0.8785465845303313,-0.5013514648033134,0.42421786609825063
17.782000000001023,0.4416033806418612,-0.4680371262693479,0.028342995268124997,-0.13886614525010343,0.6234867182797573,-1.8239934829959377,0.8785253993965015,-0.5013495640263553,0.42421809588571513
17.802000000001012,0.44159345248352916,-0.46805889288919134,0.028454512227655295,-0.13889274851066435,0.6234804271886797,-1.8239980972596392,0.878505967615238,-0.5013461642580745,0.4242183404483711
17.822000000001,0.4415838736045809,-0.4680818942113836,0.0285547781890295,-0.13890769835928865,0.6234744856291409,-1.8240006255126762,0.8784874898382324,-0.5013443881849916,0.4242185729233489
17.84200000000099,0.44157461676211923,-0.46810586549781685,0.02864460131957675,-0.13890962894278847,0.6234688074842636,-1.8240013864702054,0.8784701059814951,-0.501342023464077,0.42421877942975905
17.86200000000098,0.4415656719641381,-0.4681304168762244,0.028725159360029378,-0.13890239870929713,0.6234632357210758,-1.823998711403099,0.8784536091058125,-0.5013390585067777,0.4242189618436613
17.882000000000968,0.44155704416742997,-0.46815545935109404,0.028797865877170665,-0.13888582945314848,0.6234577997736503,-1.8239962950699253,0.8784382030401178,-0.5013349305388718,0.42421914049603077
17.902000000000957,0.44154874395290294,-0.46818103775575765,0.02886434290113064,-0.1388606683021635,0.6234526498538892,-1.823997303374333,0.8784239144565641,-0.5013304047309356,0.4242193287127881
17.922000000000946,0.44154078948312886,-0.4682061944844504,0.028926250983424197,-0.13883668547532685,0.6234475735303076,-1.8239937786976708,0.8784101307640158,-0.5013267782748274,0.4242194964758752
17.942000000000935,0.44153318336665287,-0.4682306272742839,0.028985045652008042,-0.13881388246092247,0.6234425112358626,-1.8239871838705672,0.8783970275330445,-0.5013222849250107,0.4242196456449135
17.962000000000923,0.44152593812718904,-0.46825408546864505,0.02904195702971024,-0.13879388157248382,0.6234374455855943,-1.8239790991811309,0.8783846010002295,-0.5013169502395202,0.42421978807266797
17.982000000000912,0.44151906629910626,-0.46827650569494556,0.029097961973758635,-0.138776553047718,0.6234324697340202,-1.8239724193520512,0.8783729280822075,-0.5013109563892825,0.4242199354728359
18.0020000000009,0.4415125678234181,-0.4682981986003543,0.029153840255122365,-0.1387596201779138,0.6234278234919429,-1.823971342954263,0.878362184522502,-0.5013047395879081,0.424220099253936
18.02200000000089,0.4415064379360835,-0.4683187743859037,0.029210217578151686,-0.13874977102200203,0.6234234566637044,-1.8239692298822383,0.8783518878836345,-0.5013001330095583,0.42422025519357115
18.04200000000088,0.44150065686033285,-0.46833790865521235,0.029267380857088538,-0.13874689251235725,0.623419238392134,-1.8239642015525868,0.8783419926270676,-0.5012956931686089,0.42422038381407673
18.062000000000868,0.44134693569460587,-0.46834023779316136,0.029325297306624424,-0.13877703034628652,0.6244114235265541,-1.8103234301038644,0.8785586619334506,-0.5012832205271865,0.424374949627079
18.082000000000857,0.4396606007231541,-0.46816766414766714,0.02937634064537358,-0.13994957295769872,0.6109377236231023,-1.7050972256577872,0.8839942669551464,-0.5015855122011841,0.42785112604292774
18.102000000000846,0.4374738020605049,-0.46785790492608476,0.029361829889034352,-0.14367966300781615,0.6079522433159735,-1.6516380677628226,0.8886447524158755,-0.5021252800470445,0.429304085678327
18.122000000000835,0.4351396745975633,-0.4674757186178123,0.02913420049463544,-0.14824129435463565,0.6083015813328583,-1.6312244923374954,0.8918339845868488,-0.5019587598279776,0.4298378468010169
18.142000000000824,0.43300851895527404,-0.4671416898148172,0.028570958049051094,-0.14937835288988122,0.6054581375557946,-1.6169838725618466,0.8962526701213535,-0.5000060323488612,0.42981551537561136
18.162000000000813,0.43097312649760683,-0.4668520311783147,0.027669030539072086,-0.14944737379497897,0.6014305838436926,-1.6037782484903647,0.899178662542165,-0.49896098697549934,0.42945748440048476
18.1820000000008,0.4291046555610778,-0.4666159443000839,0.026467794291692378,-0.1489183133904136,0.5978518286534933,-1.5921845394429728,0.9015869592095602,-0.49764149026176596,0.43013777786844326
18.20200000000079,0.4275884960665942,-0.4664618454398403,0.02502593730320925,-0.14775412622308065,0.5959706085345888,-1.5827610150194034,0.9036821862481088,-0.4965836419470199,0.42922112576745935
18.22200000000078,0.42668712089979927,-0.46640850028363373,0.023418809355487458,-0.1461672956666227,0.596345819569637,-1.5797210316353685,0.9042742047189809,-0.49630236514101556,0.42939356297083053
18.24200000000077,0.42628697330266146,-0.4664346250832983,0.021727617134814716,-0.14443054969862132,0.5976493075052984,-1.5812207875188438,0.9047010923947428,-0.4960019715362912,0.4297273600526005
18.262000000000757,0.4262816384573825,-0.4665193450794903,0.020029563191151886,-0.14266127372759213,0.5995492606168971,-1.5855401141699386,0.9051574085382825,-0.49563960325927436,0.4298783354771811
18.282000000000746,0.42655637422972376,-0.46664033377590225,0.01839360192204045,-0.1409599524075398,0.6017711193253023,-1.5913164998731655,0.9054448745743161,-0.49541631829336763,0.4298418216423238
18.302000000000735,0.42694134428114294,-0.4667700249156556,0.01687603560486416,-0.1396341234570267,0.6012609739028981,-1.5932530003449326,0.9059848524908993,-0.4952913561798394,0.4301066758560377
18.322000000000724,0.4273598656272212,-0.4668946717704416,0.01551444834267892,-0.13854920851086763,0.600492966470101,-1.593716599782974,0.9066876331207205,-0.49510588511019715,0.43031782466419555
18.342000000000713,0.4277607217981808,-0.46700411062724917,0.014331835760181382,-0.13773457204378353,0.5995294505393094,-1.592855993548618,0.9073928462999097,-0.4950223955926421,0.430355046635354
18.3620000000007,0.428117801315092,-0.4670920037574151,0.013337414635265995,-0.13721003407209867,0.5982204609217028,-1.5907101130608927,0.9080850900356144,-0.4949818845851093,0.43046103286740317
18.38200000000069,0.4284274586389843,-0.46715692598837866,0.01252845611527172,-0.13692720685577667,0.5968907698554267,-1.5879717789376235,0.9087154943065818,-0.495020117522856,0.43048673148194
18.40200000000068,0.428627400056971,-0.46719135352984015,0.011893780216927278,-0.13663851942726563,0.5968127458223381,-1.586652530499387,0.9091469254116658,-0.4950288802699268,0.4304275552681593
18.42200000000067,0.4284702882068224,-0.46716539428764603,0.01142315712307477,-0.13642663214050352,0.5961599083119883,-1.5840274173320454,0.9094623476957358,-0.4950093216923832,0.43033130634576067
18.442000000000657,0.4282475243255747,-0.4671149808959259,0.01110485149175166,-0.13637158691853532,0.5960924728036068,-1.5821006029354732,0.9096538942813095,-0.494992055880293,0.4301587198766141
18.462000000000646,0.4280385615047711,-0.467051304605502,0.01092245374146293,-0.13647386563944433,0.5961922345185644,-1.580857559609249,0.9097873924925807,-0.49497511847681375,0.43000286755345124
18.482000000000635,0.4278798502786692,-0.46698092662852325,0.010855527303962787,-0.13670667615860943,0.5963818675207998,-1.5803247832817304,0.9098692907494458,-0.49495648301703604,0.4298584720932098
18.502000000000624,0.4277778621385758,-0.4669071769813293,0.010881122191790773,-0.1371063513239703,0.5961570802651416,-1.5797528286974674,0.909938742246313,-0.494933138390377,0.4298351454449021
18.522000000000613,0.427796146035693,-0.4668401313609959,0.010970106285786874,-0.13774472304461174,0.5954212003769349,-1.57850950478416,0.9101840574716559,-0.49500938990687443,0.42996787925103247
18.542000000000602,0.42796503650850326,-0.4667881539592409,0.011093052073748354,-0.13817771084716543,0.5965944496748037,-1.5807190260217017,0.9101486955345606,-0.4950075716625861,0.42984157866738115
18.56200000000059,0.42797324747598536,-0.4667173723698207,0.011227683788292947,-0.07706598032091365,-0.11636917899446765,-0.8745629793021216,0.9102013128185673,-0.4949936706342778,0.4298509697767495
18.58200000000058,0.42798989874099197,-0.4666511813083005,0.011344282209469102,-0.077340116297759,-0.10908820255110864,-0.8729754312260061,0.9101990252197315,-0.494993569887946,0.4298668411333953
18.60200000000057,0.4280007787283802,-0.46658840847765304,0.011432259074489429,-0.0773620484776404,-0.10072595280020535,-0.8680851637364954,0.9101907035301162,-0.49499657728566276,0.42987873494891904
18.622000000000558,0.42802714892821403,-0.46653029114824485,0.01149538388698218,-0.07714685664712544,-0.09800106137053169,-0.8673002222833752,0.9101853878237888,-0.49499861519980903,0.42988539294115397
18.642000000000547,0.4280711267490446,-0.46647572582509156,0.011545325625052383,-0.07683114279143274,-0.10322859140821487,-0.8692039147678441,0.9101825557142664,-0.4949997230677972,0.42988882828427466
18.662000000000535,0.428122070717723,-0.4664224265713267,0.011595271615143517,-0.07659410893265264,-0.11124547270331363,-0.873108179839941,0.9101811245341394,-0.495000287645753,0.4298905516743775
18.682000000000524,0.4281613267671541,-0.4663681031254502,0.011653185981018886,-0.07655998399385253,-0.11510200027667668,-0.8749066691549937,0.910180414739051,-0.495000568679803,0.4298914075127325
18.702000000000513,0.4281811015720269,-0.46631222302863473,0.01171832412892804,-0.0767320413755898,-0.11167149012802768,-0.8735234758181227,0.9101800652136505,-0.4950007072951609,0.42989183098893513
18.722000000000502,0.42819063384579525,-0.4662563225057084,0.01178275051424905,-0.07699867434946667,-0.10438805352370073,-0.8701370985191067,0.9101798935694849,-0.4950007754152874,0.42989204027078287
18.74200000000049,0.4282067814232656,-0.46620277812222216,0.011836667625064337,-0.0772066220731518,-0.09972019376639452,-0.8679345886230648,0.9101798093676475,-0.49500080884305453,0.42989214365837936
18.76200000000048,0.42823826256239195,-0.4661530340964723,0.011874241315102153,-0.07724880889269826,-0.10153298839095103,-0.8686237479983036,0.9101797680777282,-0.4950008252373117,0.4298921947281533
18.78200000000047,0.42828020638663505,-0.4661067896179928,0.01189670574312218,-0.07711648032537555,-0.10786658514120197,-0.8714910553172248,0.9101797478332387,-0.4950008332759413,0.4298922199545741
18.802000000000458,0.4283184276733952,-0.4660623220420264,0.011911360280162151,-0.07689609989385496,-0.1130072839290845,-0.8739358340854726,0.9101797379077746,-0.49500083721722965,0.429892232415557
18.822000000000447,0.42834159825359197,-0.46601776366782494,0.011927323226043922,-0.07671629440186088,-0.11260634878531685,-0.8738777628577656,0.9101797330415715,-0.49500083914956755,0.42989223857092795
18.842000000000436,0.42835182063331645,-0.4659724203993884,0.011950576905164255,-0.07667304679941425,-0.10734936466848569,-0.8715047754292774,0.9101797306557965,-0.4950008400969486,0.4298922416115322
18.862000000000425,0.42836195677302175,-0.46592701172747614,0.011981120471614022,-0.07677838751939275,-0.1020489160279904,-0.8690274199027008,0.9101797294861096,-0.4950008405614274,0.4298922431135253
18.882000000000414,0.42838308611884873,-0.4658828397150688,0.012013650420563422,-0.07696224913625767,-0.10126183660392069,-0.8685650784694842,0.9101797289126399,-0.4950008407891506,0.42989224385547986
18.902000000000402,0.42841579739173674,-0.4658408291875351,0.0120410511044769,-0.07711850194992059,-0.10538949797521371,-0.8703828965901681,0.9101797286314808,-0.49500084090079804,0.4298922442219911
18.92200000000039,0.4284505528549382,-0.46580102876004614,0.012058539447835314,-0.07716455073899052,-0.1105859509795093,-0.8727981957722831,0.9101797284936348,-0.4950008409555363,0.4298922444030408
18.94200000000038,0.4284757253841016,-0.4657627710261442,0.012066194077341283,-0.07708421764764448,-0.11231955487536667,-0.873696939812962,0.910179728426052,-0.4950008409823733,0.42989224449247604
18.96200000000037,0.4284880667070288,-0.4657253358875941,0.012068620860237744,-0.07693231784643663,-0.10931220195449379,-0.8723843294306391,0.9101797283929175,-0.4950008409955307,0.4298922445366554
18.982000000000358,0.4284954548243031,-0.46568844290638245,0.012072139399420244,-0.07679850790858393,-0.10443795198232693,-0.8701373519379078,0.9101797283766726,-0.4950008410019816,0.42989224455847913
19.002000000000347,0.4285088540363419,-0.46565217226787686,0.012081254561331268,-0.07675431455089791,-0.10199843912625806,-0.8689473481501127,0.9101797283687081,-0.4950008410051443,0.42989224456925973
19.022000000000336,0.428532779126878,-0.46561666150609693,0.012096430328733964,-0.07681618963679873,-0.10394133565294643,-0.8697584659869133,0.9101797283648321,-0.49500084100668346,0.4298922445749887
19.042000000000325,0.42856233459756754,-0.46558194320563073,0.012114247576989071,-0.07694189067394451,-0.10833049907214848,-0.871759050312868,0.9101797283632259,-0.49500084100732133,0.4298922445779334
19.062000000000314,0.4285875936047713,-0.4655479833872772,0.01212964303036542,-0.07705776673246635,-0.11124468195093164,-0.8731652335638176,0.9101797283632035,-0.49500084100733033,0.4298922445795552
19.082000000000303,0.4286022730236635,-0.4655148766283114,0.012138859300340744,-0.07710121376337349,-0.11026937372100164,-0.8727934788729754,0.9101797283641959,-0.4950008410069363,0.4298922445801272
19.10200000000029,0.4286093832018503,-0.46548293305519606,0.012141442141218794,-0.0770546770598083,-0.1064805281868616,-0.8710735661191892,0.9101797283659839,-0.4950008410062263,0.4298922445802595
19.12200000000028,0.4286178867441078,-0.4654524185865618,0.01214025038073198,-0.0769515259867417,-0.10330537538952407,-0.8695750239732074,0.9101797283683027,-0.4950008410053055,0.42989224458019065
19.14200000000027,0.42863437135544996,-0.46542321164004397,0.012139644371326417,-0.07685288711152424,-0.10343448245820117,-0.8695641969101173,0.910179728370944,-0.4950008410042568,0.42989224458007397
19.16200000000026,0.4286579242962251,-0.46539477730663165,0.012143015388874788,-0.07681211546150303,-0.10655578337204996,-0.8709575403158777,0.910179728373757,-0.49500084100313985,0.4298922445799693
19.182000000000247,0.42868137484646357,-0.46536648886391657,0.012151050274160573,-0.07684684138491309,-0.10980470293553392,-0.8724809223369453,0.9101797283767469,-0.49500084100195246,0.42989224457989345
19.202000000000236,0.42869753796182564,-0.46533808384281755,0.012161603463108933,-0.07693203035912534,-0.11038122321139639,-0.8728134464597954,0.9101797283797403,-0.4950008410007638,0.42989224457984304
19.222000000000225,0.4287056335316923,-0.465309927815794,0.012171125058738515,-0.07701687435437786,-0.10795320603139115,-0.8717373813922148,0.9101797283827111,-0.49500084099958414,0.4298922445798129
19.242000000000214,0.42871167233715063,-0.46528278254944117,0.012176742897638851,-0.07705508209350359,-0.10479052718775533,-0.8702705211404267,0.9101797283856459,-0.49500084099841873,0.4298922445797964
19.262000000000203,0.4287225914591767,-0.46525721526689473,0.012177793263458681,-0.07702994388087868,-0.10365534100664756,-0.869696448459686,0.9101797283885373,-0.49500084099727043,0.42989224457978825
19.282000000000192,0.42874035299436986,-0.46523316338160275,0.012176009096602488,-0.07696058836227539,-0.1053995224631543,-0.8704485594495819,0.9101797283913821,-0.4950008409961408,0.4298922445797846
19.30200000000018,0.428760746219208,-0.46520997592825647,0.012174388189522217,-0.07688852507515316,-0.10834892404134433,-0.8718044879197919,0.9101797283941782,-0.49500084099503044,0.4298922445797832
19.32200000000017,0.4287771764977643,-0.46518687086872157,0.012175467420571259,-0.0768534411884287,-0.1098953526528295,-0.8725639526005143,0.9101797283969252,-0.4950008409939396,0.42989224457978287
19.34200000000016,0.4287864968442852,-0.46516349538488616,0.012179985393649761,-0.07687158075285085,-0.1087954926693899,-0.8721055409596702,0.9101797283996227,-0.4950008409928684,0.42989224457978303
19.362000000000148,0.428791704279091,-0.4651401556257956,0.012186637056918163,-0.0769285763454338,-0.1061561416750516,-0.8708999268247453,0.9101797284024719,-0.49500084099173686,0.4298922445797832
19.382000000000136,0.4287988544804773,-0.46511752411401763,0.012192969725557367,-0.07699003680314404,-0.10433906295363331,-0.87003174363448,0.9101797284054005,-0.4950008409905739,0.42989224457978326
19.402000000000125,0.42881160420889325,-0.4650961097002497,0.012196828520328959,-0.07702216943324788,-0.10485539578991283,-0.8702223105589543,0.9101797284084215,-0.4950008409893743,0.42989224457978326
19.422000000000114,0.4288283897580086,-0.4650759185216714,0.012197512573525072,-0.07700997987085632,-0.10711933979404335,-0.8712437632189586,0.9101797284114888,-0.4950008409881563,0.42989224457978337
19.442000000000103,0.42884403083191064,-0.46505650458301,0.01219604212807721,-0.0769638145753714,-0.10907884742172562,-0.8721711878660915,0.9101797284145627,-0.49500084098693564,0.4298922445797834
19.462000000000092,0.4288543029584667,-0.4650373359377453,0.01219446572092011,-0.0769117857105005,-0.10906851902995211,-0.8722106865067052,0.9101797284176179,-0.49500084098572245,0.4298922445797834
19.48200000000008,0.42885965257331715,-0.46501818085015967,0.012194660002441318,-0.07688292306776033,-0.1072175439868228,-0.8713814830571136,0.9101797284206388,-0.4950008409845229,0.4298922445797834
19.50200000000007,0.42886454115264755,-0.4649992002137195,0.01219732200795932,-0.07689107165154573,-0.105228781269921,-0.8704523841331799,0.9101797284236167,-0.4950008409833404,0.4298922445797834
19.52200000000006,0.4288732580051306,-0.46498072721414924,0.012201693055315894,-0.07692866901489669,-0.10481942838256728,-0.8702265527466493,0.9101797284266432,-0.4950008409821386,0.4298922445797834
19.542000000000048,0.42888633245676433,-0.46496298155141436,0.012206100521032982,-0.07697279688413798,-0.10624498598141405,-0.8708533579290693,0.9101797284296008,-0.4950008409809642,0.4298922445797834
19.562000000000037,0.42890035509284735,-0.46494593859810196,0.01220894990687351,-0.07699888923045917,-0.1081686289926726,-0.8717447391321483,0.9101797284324954,-0.49500084097981467,0.4298922445797834
19.582000000000026,0.42891104476520925,-0.46492941306477026,0.012209591471445047,-0.07699420946468777,-0.10890685762793521,-0.8721184958088493,0.9101797284353318,-0.49500084097868835,0.4298922445797834
19.602000000000015,0.42891701898977724,-0.46491325467466726,0.012208600202654872,-0.07696392035545668,-0.10789764334417527,-0.8716829639161352,0.9101797284381131,-0.495000840977584,0.4298922445797834
19.622000000000003,0.428920878560164,-0.46489745766430646,0.012207361793375426,-0.07692679165956541,-0.10611489923226328,-0.8708634510128689,0.9101797284408416,-0.49500084097650043,0.4298922445797834
19.641999999999992,0.4289266593404581,-0.4648820939453287,0.012207248989181949,-0.07690370598034243,-0.10513763660168444,-0.8703883215541248,0.9101797284435195,-0.4950008409754372,0.4298922445797834
19.66199999999998,0.4289362823400787,-0.46486718141557354,0.01220887566823201,-0.07690608970911253,-0.10575646506165527,-0.8706429492446434,0.9101797284463553,-0.4950008409743111,0.4298922445797834
19.68199999999997,0.4289481108291893,-0.4648526353150758,0.012211828329192759,-0.0769305526200659,-0.10734236421586404,-0.8713648269725619,0.9101797284494059,-0.4950008409730997,0.4298922445797834
19.70199999999996,0.428958529943901,-0.46483834226867754,0.012214979167447605,-0.076961945439457,-0.10847353411459569,-0.871906338306804,0.9101797284525017,-0.4950008409718703,0.4298922445797834
19.721999999999948,0.42896514704851646,-0.4648242875385498,0.012217162753507644,-0.0769825571766374,-0.10820564694657288,-0.8718116932087795,0.9101797284556049,-0.495000840970638,0.4298922445797834
19.741999999999937,0.42896883794361573,-0.4648106035425058,0.01221781782933231,-0.07698205270320845,-0.10685432014047178,-0.8712011022025224,0.9101797284586893,-0.4950008409694132,0.4298922445797834
19.761999999999926,0.4289727781147746,-0.4647974655346704,0.012217244740174958,-0.07696253204269188,-0.10564683000790334,-0.8706320455082037,0.9101797284617394,-0.49500084096820196,0.4298922445797834
19.781999999999915,0.42897953668689254,-0.4647849234914792,0.012216369598157776,-0.07693628406479235,-0.10561194203003513,-0.8705900414171893,0.9101797284647469,-0.49500084096700775,0.4298922445797834
19.801999999999904,0.42898895905844975,-0.46477283041319845,0.012216187245616284,-0.0769182117401693,-0.10670816383547939,-0.8710786110675172,0.910179728467707,-0.4950008409658324,0.4298922445797834
19.821999999999893,0.4289984759887582,-0.4647609336132694,0.012217213975556399,-0.07691752784502111,-0.10792453352222563,-0.8716467569848521,0.910179728470617,-0.49500084096467684,0.4298922445797834
19.84199999999988,0.4290054205738871,-0.4647490626852717,0.01221924642833081,-0.07693319334389473,-0.10820843710246006,-0.8718010070604225,0.9101797284734761,-0.4950008409635415,0.4298922445797834
19.86199999999987,0.42900935797434125,-0.4647372669105566,0.012221533306687555,-0.07695530175541236,-0.10737282405232978,-0.8714333565827221,0.9101797284763756,-0.4950008409623901,0.4298922445797834
19.88199999999986,0.4290123436690308,-0.46472577858777864,0.012223232712686459,-0.07697125327996793,-0.10620406055831269,-0.8708924863414363,0.9101797284792061,-0.4950008409612662,0.4298922445797834
19.90199999999985,0.4290169688241718,-0.4647148257421912,0.012223880490320624,-0.07697288997342261,-0.10572674354215636,-0.8706537487811247,0.9101797284819746,-0.495000840960167,0.4298922445797834
19.921999999999837,0.4290241140595878,-0.46470445253144554,0.012223612239053638,-0.07696054993167364,-0.10630886220828037,-0.8709030898766428,0.9101797284846862,-0.4950008409590903,0.4298922445797834
19.941999999999826,0.42903232650623446,-0.4646944876637648,0.012223039466453412,-0.076942155031769,-0.10738561691900311,-0.871397061739915,0.9101797284875044,-0.49500084095797126,0.4298922445797834
19.961999999999815,0.429039187427432,-0.4646846762012075,0.012222876734252956,-0.0769282787287238,-0.10800154912003937,-0.8716965834879251,0.910179728490437,-0.49500084095680674,0.4298922445797834
19.981999999999804,0.4290434518377994,-0.46467486944044917,0.012223543304333187,-0.07692615341969614,-0.10765548737728073,-0.8715554431390135,0.9101797284934501,-0.49500084095561026,0.4298922445797834
20.001999999999793,0.4290460780066032,-0.46466512223044176,0.012224959088465649,-0.07693597439198001,-0.1067035203697109,-0.8711220622153397,0.9101797284964948,-0.4950008409544012,0.4298922445797834
20.02199999999978,0.4290492564547425,-0.4646556249338084,0.012226630845410636,-0.07695138913800412,-0.10600061979390499,-0.8707871371299276,0.9101797284996376,-0.49500084095315317,0.4298922445797834
20.04199999999977,0.42905444272672116,-0.46464654095005514,0.012227956841082032,-0.07696353631340425,-0.10613557809737564,-0.87083193934634,0.9101797285027357,-0.495000840951923,0.4298922445797834
20.06199999999976,0.4290504410281256,-0.46463959332819843,0.012228572868354626,-0.07695926742161313,-0.1069429566014269,-0.8711427116440555,0.9101797285057833,-0.4950008409507127,0.4298922445797834
20.08199999999975,0.4289067618821157,-0.4646551223303207,0.012229322077896317,-0.07686687100903368,-0.10761870782663005,-0.8713822697411258,0.9101797285087786,-0.4950008409495233,0.4298922445797834
20.101999999999737,0.42858916878773556,-0.4646977914641477,0.01223400633413881,-0.07672412166582357,-0.1075551825059288,-0.8714217176741182,0.9101797285117208,-0.4950008409483549,0.4298922445797834
20.121999999999726,0.4281026328170226,-0.46476613730828603,0.012247440469341666,-0.07661559552624021,-0.10688088249273141,-0.8710915254917952,0.9101797285146104,-0.4950008409472075,0.4298922445797834
20.141999999999715,0.42745369355782764,-0.464859028654841,0.012272251025535754,-0.07660002676260083,-0.10619926875252354,-0.8707928310387365,0.9101797285174478,-0.4950008409460808,0.4298922445797834
20.161999999999704,0.42664856819158314,-0.46497579526498156,0.012307186741703226,-0.07668042637325076,-0.10610858803213002,-0.8707294015591821,0.9101797285202335,-0.49500084094497454,0.4298922445797834
20.181999999999693,0.42569214162510305,-0.46511612984712847,0.012347739592893417,-0.0768072656196302,-0.10664745292484547,-0.8709773959797162,0.9101797285229681,-0.49500084094388863,0.4298922445797834
20.201999999999682,0.4245878566141711,-0.46527980720726314,0.012388533119768775,-0.07690988346616771,-0.10732006652038252,-0.8712890138986796,0.9101797285257405,-0.4950008409427878,0.4298922445797834
20.22199999999967,0.4233389917914506,-0.4654664217958761,0.012426022788938102,-0.07693676136574064,-0.10754043473064187,-0.871407683916889,0.9101797285285678,-0.4950008409416651,0.4298922445797834
20.24199999999966,0.42194991172238294,-0.46567524666666216,0.012460005078268502,-0.0768821367752567,-0.10715032606287783,-0.8712394859547128,0.9101797285314901,-0.4950008409405046,0.4298922445797834
20.26199999999965,0.4204263630108093,-0.4659052656059815,0.012493204130283103,-0.0767853467581081,-0.10652394603931406,-0.8709544295524371,0.9101797285345036,-0.4950008409393079,0.4298922445797834
20.281999999999638,0.4187745011236887,-0.4661553317860874,0.0125293193928771,-0.07670544786179163,-0.10621689032398335,-0.8708057309028209,0.9101797285375602,-0.4950008409380941,0.4298922445797834
20.301999999999627,0.41699964242872434,-0.46642437865523073,0.012570730279496395,-0.07668728754310643,-0.10647568661475575,-0.8709176222593802,0.9101797285406215,-0.4950008409368785,0.4298922445797834
20.321999999999615,0.4151057839412306,-0.4667115856478457,0.01261713725186552,-0.07673828903725385,-0.10704586866570746,-0.8711807343575402,0.9101797285436622,-0.49500084093567104,0.4298922445797834
20.341999999999604,0.41309624792864313,-0.46701642288315454,0.012665797813265224,-0.07682751660663996,-0.1074205678361556,-0.8713637900592803,0.9101797285466681,-0.49500084093447744,0.4298922445797834
20.361999999999593,0.41097483320987044,-0.4673385496174467,0.012713093793436719,-0.07690571298969921,-0.10729199523755623,-0.8713172464864051,0.9101797285497278,-0.49500084093326235,0.4298922445797834
20.381999999999582,0.40874646715498053,-0.4676776126704781,0.012756462406958094,-0.07693376802485861,-0.10680361613295285,-0.8710987291478198,0.9101797285527207,-0.49500084093207386,0.4298922445797834
20.40199999999957,0.4064168050055593,-0.46803304849704197,0.012795602769123796,-0.07690326872872648,-0.10639941502454679,-0.8709099464929647,0.9101797285556517,-0.49500084093091,0.4298922445797834
20.42199999999956,0.4039911991185382,-0.46840400464081744,0.012832357198993423,-0.07683847110651036,-0.10642387940876208,-0.8709146038961866,0.9101797285585244,-0.49500084092976926,0.4298922445797834
20.44199999999955,0.4014739711949207,-0.46878943392889666,0.012869443573278117,-0.07678029236113094,-0.10683205986272806,-0.8711001206809255,0.9101797285613419,-0.4950008409286504,0.4298922445797834
20.461999999999538,0.39886857355623,-0.46918830939901274,0.012908826342249368,-0.07676261532628481,-0.10725191713583697,-0.8712994488583773,0.9101797285641064,-0.49500084092755264,0.4298922445797834
20.481999999999527,0.3961784421034961,-0.4695998306109996,0.012950643511171775,-0.07679436883507325,-0.10732405016463989,-0.8713435751764087,0.9101797285668194,-0.49500084092647545,0.4298922445797834
20.501999999999516,0.3934077749242863,-0.4700234940094148,0.012993228599728292,-0.07685668892053557,-0.10700982142738455,-0.87120716917505,0.9101797285694821,-0.4950008409254181,0.4298922445797834
20.521999999999505,0.3905615576937512,-0.47045898372596345,0.01303412453389498,-0.07691555711002004,-0.1066049839057174,-0.8710217462777504,0.9101797285724257,-0.4950008409242492,0.4298922445797834
20.541999999999494,0.3876448565133368,-0.4709059560616569,0.013071451214444977,-0.0769416850437208,-0.10646508160811287,-0.8709527554074683,0.9101797285754546,-0.4950008409230464,0.4298922445797834
20.561999999999482,0.3846620454577894,-0.47136385872757736,0.013104848475615929,-0.07692609749988158,-0.10669625204803232,-0.8710553619948387,0.910179728578531,-0.4950008409218248,0.4298922445797834
20.58199999999947,0.381616632025467,-0.4718318958434091,0.013135515046020648,-0.07688331315941752,-0.10707922066413643,-0.8712340230584886,0.9101797285816158,-0.4950008409205998,0.4298922445797834
20.60199999999946,0.3785117857337197,-0.4723091495184067,0.01316539779243761,-0.07684146914521875,-0.10727759528609213,-0.8713335622012354,0.910179728584683,-0.49500084091938185,0.4298922445797834
20.62199999999945,0.3753510801871209,-0.47279476965955386,0.013196043970576816,-0.07682581463696073,-0.1071341233484503,-0.8712761130839911,0.9101797285877168,-0.4950008409181772,0.4298922445797834
20.641999999999438,0.37213879295248553,-0.4732881079413866,0.013227771324337877,-0.07684512958292188,-0.10679490464836028,-0.8711235588096784,0.9101797285907082,-0.4950008409169894,0.4298922445797834
20.661999999999427,0.3688795203806521,-0.47378872011388706,0.013259583291195233,-0.07688830751560868,-0.10656531019002603,-0.8710156995074018,0.9101797285936521,-0.4950008409158203,0.4298922445797834
20.681999999999416,0.3655774852333315,-0.4742962536719991,0.013289812609705779,-0.07693211332127899,-0.10663783826635466,-0.8710452275010564,0.9101797285965466,-0.495000840914671,0.4298922445797834
20.701999999999405,0.36223615370868867,-0.474810305671257,0.013317079627717682,-0.07695488647658576,-0.1069335773796678,-0.8711811405622969,0.9101797285994833,-0.49500084091350494,0.4298922445797834
20.721999999999394,0.35885846546051314,-0.47533033859949647,0.013341015477773112,-0.07694822365122042,-0.10718657072737117,-0.8713029024327694,0.9101797286023503,-0.49500084091236635,0.4298922445797834
20.741999999999383,0.3554474459052205,-0.47585569200358574,0.01336237499714646,-0.07692046579730283,-0.10718378552026729,-0.8713093385479094,0.9101797286051551,-0.49500084091125257,0.4298922445797834
20.76199999999937,0.3520066556969406,-0.47638566426961493,0.013382528292476367,-0.07689074419061952,-0.10694496272878842,-0.8712045335992259,0.9101797286079023,-0.49500084091016167,0.4298922445797834
20.78199999999936,0.34854009309244277,-0.4769196044410269,0.013402660479027727,-0.07687761012940218,-0.10669144213279366,-0.8710879355374133,0.9101797286107577,-0.49500084090902785,0.4298922445797834
20.80199999999935,0.3450516642562427,-0.4774569641533052,0.013423141493024015,-0.07688894775857676,-0.1066436520128836,-0.8710629290889205,0.910179728613729,-0.49500084090784796,0.4298922445797834
20.82199999999934,0.3415447059174805,-0.4779972948809306,0.013443395684025973,-0.076918578188515,-0.10683174813592412,-0.8711478233937489,0.9101797286167819,-0.4950008409066356,0.4298922445797834
20.841999999999327,0.338021962089426,-0.478540205977646,0.01346229982324718,-0.07695081405240518,-0.10708130506765345,-0.8712653881501455,0.9101797286198671,-0.4950008409054105,0.4298922445797834
20.861999999999316,0.33448600559483277,-0.4790853107840994,0.013478847779892588,-0.07696981268281318,-0.10717568416818296,-0.8713149307421202,0.9101797286230517,-0.4950008409041459,0.4298922445797834
20.881999999999305,0.33093972092899615,-0.4796321838741079,0.013492696719292546,-0.07696824347441011,-0.10704477756230846,-0.8712602695000852,0.9101797286261909,-0.4950008409028995,0.4298922445797834
20.901999999999294,0.32738642893694775,-0.4801803423577551,0.013504306218812804,-0.07695058317121552,-0.10681631075802371,-0.8711569824075933,0.910179728629279,-0.4950008409016731,0.4298922445797834
20.921999999999283,0.3238295653528544,-0.48072925634531144,0.013514628237264556,-0.07692967334026456,-0.10669401149235201,-0.8710989690067735,0.910179728632314,-0.4950008409004679,0.4298922445797834
20.941999999999272,0.32027221957132845,-0.4812783863624861,0.013524555091182146,-0.07691900178324257,-0.1067779124370022,-0.8711353975189818,0.9101797286352954,-0.4950008408992841,0.4298922445797834
20.96199999999926,0.31671693691504293,-0.48182723391717885,0.01353444716120459,-0.07692529097319116,-0.10698472047216898,-0.8712312729208826,0.9101797286382234,-0.49500084089812146,0.4298922445797834
20.98199999999925,0.31316593357094136,-0.4823753805758067,0.013543991193212503,-0.07694539648917105,-0.10713057074787721,-0.8713026031607272,0.9101797286410984,-0.4950008408969798,0.4298922445797834
21.00199999999924,0.3096215160064435,-0.4829224916181984,0.013552438773240178,-0.07696884466914969,-0.10709515856873292,-0.8712915126223406,0.9101797286439213,-0.49500084089585894,0.4298922445797834
21.021999999999228,0.3060863334420964,-0.4834682772775712,0.013559063023339953,-0.0769841670579167,-0.10692123978918636,-0.871214450774244,0.9101797286466924,-0.49500084089475854,0.4298922445797834
21.041999999999216,0.3025632547294536,-0.4840124309235867,0.013563565712539761,-0.07698525147336391,-0.10676793918026284,-0.8711435155527121,0.9101797286495015,-0.49500084089364305,0.4298922445797834
21.061999999999205,0.29905500050423617,-0.48455458193927103,0.013566216443537053,-0.07697422751667425,-0.10676691908482722,-0.8711410484768309,0.9101797286523663,-0.49500084089250546,0.4298922445797834
21.081999999999194,0.2955638640140914,-0.4850942948744691,0.01356767046307719,-0.07695960851553264,-0.10691092401576992,-0.8712067090109435,0.9101797286553273,-0.4950008408913297,0.4298922445797834
21.101999999999183,0.29209175271435395,-0.48563111695238875,0.013568591587164986,-0.07695111100912856,-0.10706848819802879,-0.8712816091186992,0.9101797286583806,-0.4950008408901172,0.4298922445797834
21.121999999999172,0.2886404946351839,-0.48616464352027977,0.01356930231399112,-0.07695425058126719,-0.10710447694181394,-0.8713024321485123,0.9101797286614779,-0.4950008408888873,0.4298922445797834
21.14199999999916,0.28521213138051443,-0.48669455855238564,0.013569649819591677,-0.07696767923004427,-0.10699642892150457,-0.8712561316754316,0.9101797286645797,-0.49500084088765556,0.4298922445797834
21.16199999999915,0.28180894519370864,-0.4872206241869116,0.013569142979808251,-0.07698449708415155,-0.10684698076863522,-0.8711881057418219,0.9101797286676608,-0.495000840886432,0.4298922445797834
21.18199999999914,0.2784332128039308,-0.48774262830769904,0.013567262813561043,-0.07699648925104938,-0.10678804315177434,-0.8711595804235792,0.9101797286707066,-0.49500084088522256,0.4298922445797834
21.201999999999128,0.27508691701967847,-0.4882603269521133,0.013563762163578652,-0.07699872074888887,-0.10686567327225177,-0.87119403908485,0.9101797286738073,-0.4950008408839913,0.4298922445797834
21.221999999999117,0.27177166700738586,-0.488773419073018,0.013558791925361108,-0.07699195291837622,-0.10700573811120578,-0.8712593830805107,0.9101797286768398,-0.49500084088278706,0.4298922445797834
21.241999999999106,0.26848888273498084,-0.4892815665232955,0.013552799520125489,-0.07698175147284486,-0.10708494374871062,-0.871298876032858,0.9101797286798097,-0.4950008408816078,0.4298922445797834
21.261999999999095,0.26524007063553084,-0.4897844413270518,0.013546274066077679,-0.07697504714399239,-0.1070397751958503,-0.8712813858629473,0.9101797286827207,-0.4950008408804519,0.4298922445797834
21.281999999999083,0.2620269480347936,-0.49028176672912865,0.013539490163200827,-0.07697623611808828,-0.10691742437776944,-0.8712266053607934,0.9101797286855757,-0.49500084087931817,0.4298922445797834
21.301999999999072,0.2588513173170152,-0.49077332727268547,0.013532390327387043,-0.07698499213175243,-0.10682848604402871,-0.8711850180527904,0.9101797286883768,-0.49500084087820584,0.4298922445797834
21.32199999999906,0.25571481420140674,-0.49125894712214513,0.01352465862080819,-0.07699684280386586,-0.10684806469726342,-0.8711926239329993,0.9101797286911261,-0.49500084087711427,0.4298922445797834
21.34199999999905,0.252618755233859,-0.49173845595294663,0.01351592917464494,-0.0770059591273566,-0.10695340924315438,-0.8712409169299937,0.9101797286938245,-0.4950008408760429,0.4298922445797834
21.36199999999904,0.2495642094868675,-0.49221166516771814,0.013506004461443968,-0.07700844998002411,-0.10704943015512092,-0.8712869083969362,0.9101797286968073,-0.4950008408748584,0.4298922445797834
21.381999999999028,0.2465522207119251,-0.4926783654617706,0.01349496337682265,-0.07700432514492696,-0.10705481604198187,-0.8712921464861285,0.9101797286998765,-0.4950008408736396,0.4298922445797834
21.401999999999017,0.2435839815944548,-0.4931383410973051,0.013483109308427726,-0.07699716531728723,-0.10697105881480651,-0.8712554947610439,0.9101797287029937,-0.49500084087240176,0.4298922445797834
21.421999999999006,0.2406608131744369,-0.49359138805442504,0.013470799889325532,-0.07699186789875137,-0.10687611989744995,-0.8712118401966233,0.9101797287061196,-0.4950008408711605,0.4298922445797834
21.441999999998995,0.237783979305221,-0.4940373258628202,0.013458261314432575,-0.07699186230135255,-0.10685277975470929,-0.8711999010039104,0.9101797287092277,-0.49500084086992635,0.4298922445797834
21.461999999998984,0.23495450664731887,-0.4944760005940871,0.013445489909348967,-0.07699736157931945,-0.10691721927406052,-0.8712287338650866,0.9101797287123016,-0.49500084086870577,0.4298922445797834
21.481999999998973,0.23217316450696626,-0.4949072816119764,0.013432287355577893,-0.07700551611425493,-0.10700917982180194,-0.8712717746963088,0.9101797287153327,-0.4950008408675022,0.4298922445797834
21.50199999999896,0.22944061258226792,-0.4953310549380542,0.013418399138864357,-0.07701222575027436,-0.1070484010992055,-0.8712918213518002,0.910179728718316,-0.4950008408663175,0.4298922445797834
21.52199999999895,0.22675758117281328,-0.49574721443924563,0.013403671993778253,-0.07701448438547374,-0.10700480288836664,-0.8712736477850272,0.9101797287212489,-0.49500084086515295,0.4298922445797834
21.54199999999894,0.22412492807009984,-0.4961556522416583,0.013388142748477267,-0.07701193168319558,-0.10692126941911322,-0.8712357597330991,0.9101797287242245,-0.49500084086397134,0.4298922445797834
21.56199999999893,0.22154353145064345,-0.4965562522837699,0.013372015756450304,-0.07700682848089221,-0.10687235183701835,-0.8712124278917173,0.9101797287271297,-0.49500084086281765,0.4298922445797834
