time,x,y,z,yaw,steer,drive,wp_i
0.0005,0.0,0.0,-7.761003219365548e-08,5.823615511387574e-10,0.0,5.217391304347825,1
0.020500000000000015,0.0007852648381286043,-8.13547941369362e-07,-1.9195178385948986e-05,6.797752625762987e-06,-9.052742515613943e-06,5.217369262887788,1
0.04050000000000003,0.0029950021503258014,-1.1917603805179802e-06,-3.966732600060257e-05,2.8536537902699937e-05,-4.085223421079753e-05,5.2172918380384425,1
0.06050000000000005,0.006434374456352337,-1.239567970991968e-06,-5.185053645786681e-05,6.218513916072387e-05,-9.090804397726693e-05,5.217169963023359,1
0.08050000000000006,0.01092402129303885,-1.0378063548217458e-06,-5.764099584820381e-05,0.00010455314863334646,-0.00015432640071466608,5.2170155531113025,1
0.10050000000000008,0.016310236717818068,-5.224454184113071e-07,-5.984794517113371e-05,0.00015360242328621982,-0.00022806346593906568,5.216836019387278,1
0.1205000000000001,0.022461437669711128,3.877036276262442e-07,-6.0313044486117254e-05,0.00020810330466606783,-0.00031031736760822604,5.216635749017997,1
0.1405000000000001,0.02926369803747987,1.7791070616239562e-06,-6.00089356054366e-05,0.0002670747579852278,-0.00039968480138807827,5.216418158744446,1
0.16050000000000011,0.03662091612279854,3.7301115517942e-06,-5.940294542671273e-05,0.0003295740280712968,-0.000494812862144034,5.216186542596518,1
0.18050000000000013,0.044453636647587724,6.30611273979105e-06,-5.870737353689661e-05,0.00039478522154073214,-0.000594528455720944,5.215943756803461,1
0.20050000000000015,0.05269660484955443,9.561371713864896e-06,-5.801366198720788e-05,0.000462034296988328,-0.0006978643968069687,5.215692156251252,1
0.22050000000000017,0.06129637241860738,1.3540703520499451e-05,-5.735753692044443e-05,0.0005307713530033457,-0.0008040344677897604,5.215433655208859,1
0.24050000000000019,0.07020921478835192,1.8280942407283295e-05,-5.674924110448697e-05,0.0006005490126947916,-0.0009124019677013706,5.215169803904726,1
0.2605000000000002,0.0793993583825559,2.381226266963976e-05,-5.618782362700848e-05,0.0006710030996900246,-0.0010224515253300925,5.214901857155717,1
0.2805000000000002,0.08883747660803844,3.015932993101206e-05,-5.5668114899496286e-05,0.0007418363311303839,-0.0011337653280181215,5.214630832244825,1
0.3005000000000002,0.0984994166838108,3.734225037380307e-05,-5.518408643958258e-05,0.0008128047860822609,-0.001246003388736261,5.214357556966554,1
0.32050000000000023,0.10836512720871744,4.537730840452472e-05,-5.473032601497113e-05,0.0008837067954926897,-0.0013588873094145804,5.214082709159685,1
0.34050000000000025,0.1184177620439949,5.427750549501422e-05,-5.43025488443475e-05,0.0009543739197057675,-0.001472187043098927,5.213806848938541,1
0.36050000000000026,0.1286429396223394,6.405292732163231e-05,-5.389765352498196e-05,0.0010246637121259835,-0.0015857102175598214,5.21353044468768,1
0.3805000000000003,0.13902813904211134,7.471097324449169e-05,-5.351358837421957e-05,0.0010944539977853713,-0.0016992936344271126,5.2132538937596555,1
0.4005000000000003,0.1495622158939125,8.625648367913996e-05,-5.314915468037169e-05,0.0011636384232376002,-0.0018127966016967534,5.212977538708912,1
0.4205000000000003,0.16023502205342194,9.869179895200229e-05,-5.280380210997278e-05,0.0012321230602792988,-0.001926095796314975,5.212701679800276,1
0.44050000000000034,0.17103711483881817,0.0001120167792605653,-5.247743900732204e-05,0.001299823870883277,-0.002039081388946151,5.212426584444304,1
0.46050000000000035,0.1819595420552393,0.00012622881039374363,-5.2170266451050314e-05,0.0013666648644477045,-0.002151654195879704,5.212152494131771,1
0.48050000000000037,0.1929936905641269,0.00014132281458082926,-5.1882638899399974e-05,0.001432576800897692,-0.0022637236534663874,5.211879629365472,1
0.5005000000000003,0.20413118712909178,0.00015729128066337893,-5.16149513708965e-05,0.0014974963141697133,-0.002375206438703703,5.211608193018808,1
0.5204999999999981,0.21536384139808099,0.00017412432299467726,-5.13675516161891e-05,0.0015613653500364492,-0.0024860255855174707,5.211338372487435,1
0.5404999999999959,0.22668362197530498,0.00019180977422692547,-5.1140674980744686e-05,0.0016241308299997782,-0.002596109970011584,5.211070340942579,1
0.5604999999999937,0.23808265760515368,0.00021033331353268155,-5.0934399326054385e-05,0.0016857444690432078,-0.002705394059368871,5.210804257942406,1
0.5804999999999915,0.24955325652361918,0.00022967862885775608,-5.074861728668957e-05,0.001746162689379685,-0.0028138178383285695,5.210540269611025,1
0.6004999999999893,0.2610879380206394,0.0002498276095143107,-5.0583023185904165e-05,0.0018053465849760461,-0.0029213268441996565,5.210278508553253,1
0.6204999999999871,0.2726794711905297,0.00027076056376533145,-5.043711205105326e-05,0.0018632619026293555,-0.0030278722562966376,5.210019093636842,1
0.6404999999999849,0.28437383227934554,0.00029255602888416185,-5.0092812975964456e-05,0.0019201290416605737,-0.0031338634551822953,5.209761028109121,1
0.6604999999999827,0.29616406184978744,0.00031519914216207785,-4.988235045187386e-05,0.0019759038125885774,-0.0032392807914951582,5.20950435981201,1
0.6804999999999805,0.3079666765927851,0.0003385222732214307,-4.987617798512368e-05,0.002030215597388112,-0.0033434168438231104,5.209250811162865,1
0.7004999999999783,0.3197691256902873,0.00036248456533468526,-4.992614315662098e-05,0.002083018700960335,-0.0034461777977286,5.209000610579443,1
0.720499999999976,0.3315710570708991,0.00038706727847048576,-4.9966072473061836e-05,0.00213432898079823,-0.0035475889897258472,5.208753696372841,1
0.7404999999999738,0.34337234775024544,0.0004122524038803362,-4.9990173394939805e-05,0.0021841654004728503,-0.0036476814917285605,5.208509992889703,1
0.7604999999999716,0.3551729660986348,0.0004380224119610879,-5.0003682331976194e-05,0.0022325474658589826,-0.003746487748463645,5.208269421134175,1
0.7804999999999694,0.36697294320550927,0.00046436015847008165,-5.001109056339433e-05,0.0022794947636479343,-0.003844040793042014,5.20803190067781,1
0.8004999999999672,0.37877235579365437,0.0004912488445423253,-5.001505143701712e-05,0.002325026810448887,-0.003940373995946045,5.207797350270739,1
0.820499999999965,0.3905713127373467,0.0005186719898163898,-5.001697557613764e-05,0.002369162969512927,-0.004035520930040226,5.207565688170336,1
0.8404999999999628,0.4023699432071004,0.0005466134074036279,-5.00175916057055e-05,0.0024119223912995764,-0.004129515272740747,5.207336832379413,1
0.8604999999999606,0.41416838630061475,0.0005750571790755323,-5.0017283402322584e-05,0.0024533239691015003,-0.004222390730198811,5.207110700830819,1
0.8804999999999584,0.425966782278947,0.0006039876313216017,-5.0016268668687805e-05,0.0024933863070328035,-0.0043141809800504305,5.206887211526833,1
0.9004999999999562,0.4377652654460976,0.0006333893131277734,-5.0014688078130984e-05,0.0025321276986044485,-0.004404919631008752,5.206666282637543,1
0.920499999999954,0.44956395861371595,0.0006632469760845121,-5.0012647886175666e-05,0.002569566114202898,-0.004494640197520328,5.206447832562558,1
0.9404999999999518,0.4613629690321453,0.0006935455571739148,-5.001023923756292e-05,0.00260571919583216,-0.004583376087556212,5.206231779960732,1
0.9604999999999496,0.47316238563803104,0.000724270164382669,-5.000754612190158e-05,0.002640604257579058,-0.004671160601585456,5.20601804375266,1
0.9804999999999474,0.4849622774556848,0.0007554060651389538,-5.0004647982240996e-05,0.0026742382904045335,-0.0047580269408458165,5.2058065431005485,1
1.0004999999999453,0.49676269298668996,0.0007869386774626172,-5.000161994599243e-05,0.0027066379700285683,-0.004844008223179097,5.20559719736965,1
1.0204999999999431,0.5085636604255991,0.0008188535636386345,-4.999853212516312e-05,0.0027378196668480987,-0.004929137504865011,5.20538992607511,1
1.040499999999941,0.5203651885467955,0.0008511364261674171,-4.999544867789318e-05,0.002767799456996186,-0.005013447807068028,5.205184648817572,1
1.0604999999999387,0.532167268117376,0.0008837731057078351,-4.9992426949425946e-05,0.0027965931338117286,-0.00509697214571081,5.204981285210442,1
1.0804999999999365,0.543969873702458,0.000916749580706886,-4.9989516825390744e-05,0.0028242162191389262,-0.00517974356376838,5.204779754801259,1
1.1004999999999343,0.5557729657420508,0.0009500519684014488,-4.99867603420064e-05,0.002850683974011568,-0.005261795165142358,5.204579976989217,1
1.120499999999932,0.5675764927920917,0.0009836665268803744,-4.998419155101235e-05,0.0028760114083991634,-0.005343160149459125,5.204381870940447,1
1.14049999999993,0.5793803938360088,0.0010175796579072836,-4.998183661629373e-05,0.002900213289798459,-0.005423871847256345,5.204185355502331,1
1.1604999999999277,0.5911861233053821,0.0010517823377514195,-4.997377272497055e-05,0.002923307004043626,-0.005503973779934501,5.203990324709724,1
1.1804999999999255,0.6029932755692071,0.001086260385271683,-4.9969613705537014e-05,0.0029453059989149764,-0.0055834978141722225,5.203796700974189,1
1.2004999999999233,0.6148000205656919,0.0011209955608502363,-4.997043033203676e-05,0.002966221199457459,-0.00566246620756794,5.2036044301033115,1
1.220499999999921,0.6266060489654063,0.0011559741485245162,-4.9972200265257884e-05,0.0029860661200949356,-0.005740911491688427,5.203413432889802,1
1.240499999999919,0.6384113970437177,0.0011911836047449722,-4.99735254638473e-05,0.003004854695802983,-0.005818868875529404,5.203223623607406,1
1.2604999999999167,0.6502161407410088,0.0012266116738825275,-4.997430392913641e-05,0.0030226006888703603,-0.005896374181144193,5.203034915037213,1
1.2804999999999145,0.6620203362896288,0.001262246209421824,-4.9974728506147984e-05,0.003039317576465482,-0.005973463449197913,5.2028472194280395,1
1.3004999999999123,0.6738240187531789,0.0012980751641365322,-4.9974967734701706e-05,0.003055018550624339,-0.006050172949954691,5.202660448469675,1
1.32049999999991,0.685627209498422,0.0013340866077419676,-4.997511960711737e-05,0.0030697165338234396,-0.006126539261011477,5.202474513103623,1
1.3404999999999079,0.6974299221754874,0.001370268740996767,-4.9975231910768735e-05,0.003083424190756499,-0.006202599338243964,5.202289323350362,1
1.3604999999999057,0.7092321662593472,0.0014066099029964136,-4.997532543084695e-05,0.0030961539352484446,-0.006278390572715065,5.20210478817078,1
1.3804999999999035,0.7210339489283205,0.0014430985737020543,-4.997540838841765e-05,0.003107917934122917,-0.006353950838574596,5.201920815349557,1
1.4004999999999013,0.7328352760129662,0.0014797233737721025,-4.997548375994531e-05,0.0031187281095002494,-0.0064293185368968775,5.201737311388424,1
1.420499999999899,0.7446361524677481,0.0015164730630017249,-4.997555256199553e-05,0.0031285961403706057,-0.006504532638569094,5.201554181401744,1
1.4404999999998969,0.7564365826079039,0.0015533365380798237,-4.9975615182189215e-05,0.0031375334638660372,-0.006579632727964357,5.201371329010173,1
1.4604999999998947,0.7682365702329886,0.0015903028300229872,-4.997567185786878e-05,0.003145551276429193,-0.0066546590483407275,5.201188656230126,1
1.4804999999998925,0.7800361186957653,0.0016273611014617085,-4.997572281703515e-05,0.0031526605349650348,-0.006729652549496423,5.201006063357747,1
1.5004999999998903,0.7918352309442191,0.0016645006438625837,-4.997576830121541e-05,0.0031588719580089544,-0.0068046549380242904,5.200823448846548,1
1.520499999999888,0.8036339095497396,0.0017017108747261716,-4.9975808555274954e-05,0.0031641960269198862,-0.0068797087304239835,5.2006407091780975,1
1.5404999999998858,0.8154321567276186,0.0017389813347793521,-4.997584381326148e-05,0.0031686429870949506,-0.006954857309289686,5.200457738725207,1
1.5604999999998836,0.8272299743528037,0.0017763016851712657,-4.9975874288491134e-05,0.003172222849195859,-0.007030144982782538,5.200274429607138,1
1.5804999999998814,0.8390273639723762,0.0018136617046773116,-4.9975900167820283e-05,0.003174945390373928,-0.00710561704762025,5.200090671536228,1
1.6004999999998792,0.850824326815519,0.001851051286913419,-4.997592160955834e-05,0.0031768201554779356,-0.007181319855803059,5.199906351655435,1
1.620499999999877,0.8626208638014315,0.0018884604375616755,-4.9975938743435655e-05,0.003177856458227347,-0.007257300885332496,5.1997213543661465,1
1.6404999999998748,0.8744169755454658,0.0019258792716077017,-4.997595167185583e-05,0.003178063382332028,-0.007333608815182746,5.199535561145641,1
1.6604999999998726,0.886212662363692,0.001963298010589727,-4.997596047166459e-05,0.0031774497825384366,-0.007410293604827034,5.199348850353464,1
1.6804999999998704,0.898007924276044,0.0020007069798589324,-4.997596519601992e-05,0.003176024285581098,-0.007487406578618794,5.199161097025971,1
1.7004999999998682,0.9098027610081665,0.002038096605850341,-4.997596587654888e-05,0.003173795291017687,-0.0075650005153879984,5.198972172658185,1
1.720499999999866,0.9215971719920608,0.0020754574133631585,-4.99759625253236e-05,0.0031707709719249024,-0.007643129743613697,5.19878194497207,1
1.7404999999998638,0.9333911563656146,0.002112780022849238,-4.997595513670395e-05,0.00316695927543237,-0.007721850242595085,5.198590277670203,1
1.7604999999998616,0.9451847129710791,0.002150055147707943,-4.997594368883905e-05,0.0031623679230710416,-0.0078012197500600955,5.198397030173766,1
1.7804999999998594,0.9569778403525481,0.0021872735915854633,-4.997592814535185e-05,0.0031570044109125637,-0.007881297876707771,5.198202057343667,1
1.8004999999998572,0.9687705367524831,0.0022244262456762335,-4.997590845664655e-05,0.0031508760094760176,-0.007962146228225997,5.1980052091834485,1
1.820499999999855,0.9805628001073181,0.002261504086023874,-4.9975884561093015e-05,0.0031439897633783473,-0.008043828535370778,5.197806330522575,1
1.8404999999998528,0.9923546280421593,0.002298498170818689,-4.9975856385935014e-05,0.0031363524907053325,-0.008126410792760552,5.197605260678495,1
1.8604999999998506,1.004146017864608,0.002335399637688495,-4.9975823848063976e-05,0.0031279707820796934,-0.00820996140710295,5.197401833095748,1
1.8804999999998484,1.0159369665577016,0.0023721997009792397,-4.997578685457971e-05,0.0031188509994038243,-0.008294551355629398,5.197195874960205,1
1.9004999999998462,1.027727470771977,0.0024088896490215435,-4.9975745303031295e-05,0.0031089992742547663,-0.008380254355621508,5.1969872067863125,1
1.920499999999844,1.0395175268166494,0.002445460841379046,-4.997569908177324e-05,0.003098421505909488,-0.00846714704596252,5.196775641975047,1
1.9404999999998418,1.0513071306498893,0.0024819047060740825,-4.997564806980526e-05,0.003087123358979255,-0.008555309181783599,5.196560986340004,1
1.9604999999998396,1.063096277868176,0.0025182127367860078,-4.997559213645243e-05,0.0030751102606321346,-0.008644823843356075,5.196343037598784,1
1.9804999999998374,1.0748849636947047,0.002554376490017152,-4.997553114096389e-05,0.0030623873973833287,-0.008735777660509925,5.196121584826584,1
2.0004999999998354,1.0866731829668008,0.002590387582221143,-4.9975464931920696e-05,0.003048959711433218,-0.008828261054008024,5.195896407868501,1
2.020499999999842,1.0984609301223154,0.002626237686888052,-4.9975393346342845e-05,0.003034831896533668,-0.008922368495430932,5.195667276706776,1
2.0404999999998488,1.1102481991849358,0.0026619185315805848,-4.9975316208846435e-05,0.0030200083933630256,-0.009018198787314802,5.195433950778711,1
2.0604999999998554,1.1220349837483712,0.002697421894915226,-4.9975233330506516e-05,0.0030044933843905116,-0.009115855365474212,5.195196178240583,1
2.080499999999862,1.1338212769593352,0.002732739603482061,-4.997514450743869e-05,0.0029882907882106515,-0.00921544662563023,5.194953695172377,1
2.100499999999869,1.14560707149926,0.002767863528696668,-4.9975049519632774e-05,0.0029714042533278973,-0.009317086276736442,5.19470622471751,1
2.1204999999998755,1.1573923595646625,0.002802785583577246,-4.9974948129277766e-05,0.0029538371513712766,-0.009420893723628865,5.194453476151164,1
2.140499999999882,1.1691771328460625,0.002837497719439894,-4.997484007927408e-05,0.0029355925697178323,-0.009526994481948048,5.194195143870039,1
2.160499999999889,1.1809613825053609,0.0028719919225046165,-4.997472509151369e-05,0.002916673303502718,-0.009635520628607397,5.193930906295564,1
2.1804999999998955,1.1927450991515594,0.002906260210404403,-4.9974602865080895e-05,0.002897081846992043,-0.00974661129147214,5.1936604246816325,1
2.200499999999902,1.2045282728146967,0.0029402946285893663,-4.997447307448366e-05,0.0028768203842927573,-0.009860413182340988,5.193383341816908,1
2.220499999999909,1.2163108929178617,0.0029740872466176194,-4.9974335367494225e-05,0.0028558907793716005,-0.009977081177811487,5.193099280610546,1
2.2404999999999156,1.2280929482471326,0.0030076301543241753,-4.997418936316444e-05,0.0028342945653518897,-0.010096778953178287,5.192807842548782,1
2.2604999999999222,1.2398744269192625,0.0030409154578587873,-4.997403464955252e-05,0.0028120329330538637,-0.010219679675129045,5.1925086060083805,1
2.280499999999929,1.25165531634693,0.003073935275583157,-4.997387078152783e-05,0.0027891067187399386,-0.01034596675975008,5.192201124411042,1
2.3004999999999356,1.2634356032013403,0.00310668173381748,-4.997369727814475e-05,0.0027655163910215727,-0.010475834703151943,5.1918849242010205,1
2.3204999999999423,1.2752152733719373,0.00313914696242571,-4.997351361994992e-05,0.002741262036879016,-0.010609489993005594,5.191559502625725,1
2.340499999999949,1.286994311922979,0.0031713230902283207,-4.9973319246061394e-05,0.0027163433467385875,-0.010747152110333724,5.191224325296578,1
2.3604999999999556,1.298772703046675,0.003203202240230597,-4.997311355100661e-05,0.0026907595985451982,-0.010889054632178041,5.190878823504262,1
2.3804999999999623,1.3105504300125672,0.003234776524653743,-4.997289588112661e-05,0.0026645096407592475,-0.011035446447184238,5.190522391259028,1
2.400499999999969,1.3223274751128058,0.0032660380397551126,-4.997266553045025e-05,0.002637591874197804,-0.011186593097832986,5.1901543820226665,1
2.4204999999999757,1.3341038196029058,0.0032969788604229155,-4.9972421736310156e-05,0.0026100042326291525,-0.01134277826495711,5.189774105094017,1
2.4404999999999824,1.3458794436375412,0.0033275910345295146,-4.997216367419876e-05,0.002581744162017735,-0.01150430541242664,5.189380821604526,1
2.460499999999989,1.3576543262008895,0.0033578665770261523,-4.9971890452089254e-05,0.00255280859830286,-0.011671499612513347,5.188973740073879,1
2.4804999999999957,1.369428445030946,0.0033877974637604134,-4.997160110401351e-05,0.0025231939435790846,-0.01184470957545658,5.1885520114684525,1
2.5005000000000024,1.3812017765371978,0.0034173756249960443,-4.997129458279363e-05,0.0024928960405286413,-0.012024309910348085,5.188114723696542,1
2.520500000000009,1.3929742957109355,0.0034465929386127783,-4.99709697514475e-05,0.002461910144936726,-0.012210703648615429,5.18766089546424,1
2.5405000000000157,1.4047459760274144,0.003475441222961681,-4.99706253735841e-05,0.002430230896097896,-0.012404325066317723,5.187189469403747,1
2.5605000000000224,1.4165167893389636,0.003503912229348942,-4.9970260102666054e-05,0.0023978522848967154,-0.012605642847274057,5.186699304371854,1
2.580500000000029,1.428286705758015,0.0035319976341182985,-4.996987246969988e-05,0.002364767619316935,-0.012815163635930826,5.186189166799472,1
2.600500000000036,1.440055693528905,0.0035596890302990055,-4.996946086889073e-05,0.002330969487101032,-0.013033436037066304,5.1856577209532295,1
2.6205000000000425,1.45182371888713,0.0035869779187825833,-4.9969023541315214e-05,0.0022964497152445696,-0.013261055129160981,5.1851035179463905,1
2.640500000000049,1.4635907459045567,0.003613855698987482,-4.996855855685047e-05,0.0022611993259673523,-0.013498667569949552,5.184524983307948,1
2.660500000000056,1.4753567363188684,0.0036403136589659483,-4.9968063792772476e-05,0.0022252084887548437,-0.013746977386676518,5.183920402884613,1
2.6805000000000625,1.4871216493452906,0.0036663429649020428,-4.996753690951948e-05,0.0021884664680071834,-0.014006752560457247,5.18328790680932,1
2.700500000000069,1.49888544146833,0.0036919346499434797,-4.996697532320167e-05,0.0021509615657685664,-0.014278832534579955,5.182625451220153,1
2.720500000000076,1.510648066210932,0.003717079602302908,-4.996637617324398e-05,0.0021126810589355938,-0.014564136801428873,5.181930797353042,1
2.7405000000000825,1.522409473878044,0.0037417685525560425,-4.9965736286252935e-05,0.002073611130255828,-0.014863674752974676,5.181201487557974,1
2.760500000000089,1.5341696112710885,0.0037659920600546797,-4.9965052133027265e-05,0.0020337367923276314,-0.015178557016949146,5.180434817697862,1
2.780500000000096,1.5459284213692972,0.0037897404983617405,-4.9964319779582525e-05,0.0019930418036937687,-0.015510008546533172,5.179627805278005,1
2.8005000000001026,1.5576858429731486,0.0038130040396029624,-4.996353482997758e-05,0.0019515085759828179,-0.015859383788008552,5.178777152516152,1
2.8205000000001093,1.5694418103043621,0.0038357726376151697,-4.9962692359643535e-05,0.0019091180708888885,-0.01622818432124773,5.177879203391743,1
2.840500000000116,1.581196252555897,0.0038580360097540756,-4.996178683726647e-05,0.001865849685586426,-0.0166180794559998,5.176929893498435,1
2.8605000000001226,1.5929490933842272,0.0038797836172045678,-4.996081203294371e-05,0.0018216811249464767,-0.017030930377763154,5.175924691254141,1
2.8805000000001293,1.6047002503347296,0.003901004643612928,-4.9959760909744197e-05,0.0017765882586453445,-0.017468818577277556,5.17485852868141,1
2.900500000000136,1.6164496341892467,0.003921687971832748,-4.995862549500625e-05,0.0017305449609257585,-0.01793407947632364,5.173725719535907,1
2.9205000000001426,1.6281971482227469,0.003941822158543287,-4.995739672677281e-05,0.00168352293037139,-0.01842934239153582,5.172519862003217,1
2.9405000000001493,1.6399426873533172,0.0039613954064597655,-4.995606427015332e-05,0.0016354914865708533,-0.018957578273737452,5.171233722463943,1
2.960500000000156,1.6517222408846781,0.003980710350676979,-4.989154207023353e-05,0.00158202991835763,1.4,2.0869565217391304,2
2.9805000000001627,1.6633300002698441,0.004001005588854357,-4.7984757185817254e-05,0.0014766794897294714,1.4,2.0869565217391304,2
3.0005000000001694,1.6745311526718818,0.004019339827218733,-3.6881637415754844e-05,0.0021137374633111296,1.4,2.0869565217391304,2
3.020500000000176,1.6851417613161779,0.004044586107344135,-3.647291643353616e-05,0.002948406947972631,1.4,2.0869565217391304,2
3.0405000000001827,1.6952030142561767,0.004088371471936847,0.0001793201126968181,0.005239283256496523,1.4,2.0869565217391304,2
3.0605000000001894,1.7044714425150416,0.004124173503265083,0.00014244722485554613,0.007782769503072334,1.4,2.0869565217391304,2
3.080500000000196,1.7129882317951237,0.004193189007109301,0.00014636158303128738,0.01143911521831298,1.4,2.0869565217391304,2
3.1005000000002028,1.7206280097267368,0.004264748236252273,-6.850676384585198e-05,0.015310293813308921,1.4,2.0869565217391304,2
3.1205000000002094,1.727742201983589,0.004426111446718812,-7.315252666885141e-05,0.01969373413800086,1.4,2.0869565217391304,2
3.140500000000216,1.7340159591413764,0.004585971339168791,-1.095968789634802e-05,0.024251881556422356,1.4,2.0869565217391304,2
3.160500000000223,1.7398353383745173,0.004757697163725822,-1.3812307482632418e-05,0.0288526359425126,1.4,2.0869565217391304,2
3.1805000000002295,1.7450958147471956,0.004953209793628034,-3.5820640950524714e-06,0.03346480978000601,1.4,2.0869565217391304,2
3.200500000000236,1.7498934637189385,0.005163515559752202,-1.0542357691704985e-06,0.03797190603224072,1.4,2.0869565217391304,2
3.220500000000243,1.754293242884709,0.005402412714622153,-2.3079692846301563e-07,0.04236715894792863,1.4,2.0869565217391304,2
3.2405000000002495,1.7582787829276736,0.0056460624546815635,-1.2955898202744409e-05,0.04660687815803811,1.4,2.0869565217391304,2
3.260500000000256,1.761966864695671,0.005902718163789677,-3.881475854813962e-06,0.050700774982115074,1.4,2.0869565217391304,2
3.280500000000263,1.765334971451329,0.006145093649405851,-9.544088841067492e-07,0.05464722163401656,1.4,2.0869565217391304,2
3.3005000000002696,1.7684715273467018,0.006383885464716599,-1.2196471639685983e-05,0.05846281633386111,1.4,2.0869565217391304,2
3.3205000000002762,1.7713683882057338,0.006620200572175439,-4.415260376343275e-06,0.06212152921325907,1.4,2.0869565217391304,2
3.340500000000283,1.7740709250066549,0.006841406303734417,-1.3932160868443167e-07,0.06567428691581582,1.4,2.0869565217391304,2
3.3605000000002896,1.7766304245421838,0.007060253524832292,-2.6185286006888576e-06,0.06910053026656539,1.4,2.0869565217391304,2
3.3805000000002963,1.7790504364166415,0.00727218953947344,-1.6791016837485783e-06,0.07239918341189586,1.4,2.0869565217391304,2
3.400500000000303,1.781325784492956,0.007473671086614562,-1.1009322643716984e-06,0.07560985134337063,1.4,2.0869565217391304,2
3.4205000000003096,1.7835072041241038,0.007674098762568648,-1.0135243929880234e-06,0.07875272260092708,1.4,2.0869565217391304,2
3.4405000000003163,1.7856126747745964,0.00787170275117051,-8.901695873170212e-08,0.08182540690836419,1.4,2.0869565217391304,2
3.460500000000323,1.7876520764684858,0.008067851014781679,-1.5245736502535372e-06,0.08483620730912217,1.4,2.0869565217391304,2
3.4805000000003297,1.7896334853564402,0.008262113876436125,-1.0913306046745936e-06,0.08779132847063303,1.4,2.0869565217391304,2
3.5005000000003363,1.791567326686134,0.008456077162462787,-8.765482882306988e-07,0.09070236852613515,1.4,2.0869565217391304,2
3.520500000000343,1.793461535327884,0.008649868992004438,-1.4245132946175321e-06,0.09357870917231645,1.4,2.0869565217391304,2
3.5405000000003497,1.795321777188507,0.00884445377214984,-1.9012520475925365e-06,0.09642666894442956,1.4,2.0869565217391304,2
3.5605000000003564,1.7971526816231431,0.00904025736964631,-2.3816267621893683e-06,0.09925194987192182,1.4,2.0869565217391304,2
3.580500000000363,1.7989578282411043,0.009237422542753363,-1.6000044753798657e-06,0.10205776852116617,1.4,2.0869565217391304,2
3.6005000000003697,1.8007414057558768,0.009436157111827636,-7.582557118312856e-07,0.10484894138978691,1.4,2.0869565217391304,2
3.6205000000003764,1.8025064974831002,0.009637519270685188,-1.921877757078192e-06,0.1076297394925,1.4,2.0869565217391304,2
3.640500000000383,1.8042544479309215,0.009841138419446165,-2.788162743477387e-06,0.11040168626629006,1.4,2.0869565217391304,2
3.6605000000003898,1.8059851754887495,0.010046357656570684,-5.037996528032928e-07,0.11316376165644636,1.4,2.0869565217391304,2
3.6805000000003965,1.8077050391850855,0.010254800259925178,-3.224883639936228e-06,0.11592620896519253,1.4,2.0869565217391304,2
3.700500000000403,1.8094093203006607,0.010465674244520001,-1.2277224131026219e-06,0.11868044799963462,1.4,2.0869565217391304,2
3.72050000000041,1.811103787274487,0.010679407322671185,-1.9553497868794177e-06,0.12143512780618192,1.4,2.0869565217391304,2
3.7405000000004165,1.8127876866383472,0.010896644824970674,-3.4073047614930013e-06,0.12418919996060347,1.4,2.0869565217391304,2
3.760500000000423,1.814460099211796,0.011115833677642897,-1.581282289736531e-06,0.12694029471854018,1.4,2.0869565217391304,2
3.78050000000043,1.8161242027675748,0.011338454938378255,-7.974410054292559e-07,0.12969384938248,1.4,2.0869565217391304,2
3.8005000000004365,1.817780681092063,0.011564109442351103,-3.421244987124083e-07,0.1324502282747743,1.4,2.0869565217391304,2
3.820500000000443,1.819429743810268,0.011792958097578556,-1.9942997462428482e-07,0.13520939188169848,1.4,2.0869565217391304,2
3.84050000000045,1.8210713691035,0.012025090821807602,-1.6230515982795786e-07,0.13797071312704204,1.4,2.0869565217391304,2
3.8605000000004566,1.8227058476173728,0.012260702000426732,-3.302260824188721e-07,0.14073448665696955,1.4,2.0869565217391304,2
3.8805000000004632,1.824333441723367,0.012499846335636484,-2.5924270447307976e-07,0.1435005528189663,1.4,2.0869565217391304,2
3.90050000000047,1.825954537769242,0.012742598138916728,-2.0659952849044162e-07,0.1462694788247879,1.4,2.0869565217391304,2
3.9205000000004766,1.8275691552412603,0.012988861516502399,-2.027514886943419e-07,0.14904080597825276,1.4,2.0869565217391304,2
3.9405000000004833,1.8291775661975376,0.01323869296831066,-3.8401076405885283e-07,0.15181467924205574,1.4,2.0869565217391304,2
3.96050000000049,1.830780172616621,0.013492194657023256,-3.5749712605210605e-07,0.1545914116075887,1.4,2.0869565217391304,2
3.9805000000004966,1.832376867865016,0.01374930692070196,-2.4355458386776306e-07,0.15737067347751973,1.4,2.0869565217391304,2
4.000500000000502,1.8339678890106013,0.014010003886080613,-2.3442998629924508e-07,0.1601524783013873,1.4,2.0869565217391304,2
4.020500000000491,1.8355535372215601,0.014274323541631068,-3.091633082407512e-07,0.16293709895286682,1.4,2.0869565217391304,2
4.04050000000048,1.8371337943632389,0.014542244682306027,-2.9461823360025045e-07,0.16572416472616477,1.4,2.0869565217391304,2
4.060500000000469,1.8387089738124764,0.01481380080814486,-2.5918833204491066e-07,0.16851398363441095,1.4,2.0869565217391304,2
4.080500000000458,1.8402787228565813,0.01508876970394853,-2.340361082740729e-06,0.17130521572078822,1.4,2.0869565217391304,2
4.100500000000447,1.8418432293105527,0.015367818064195222,-3.3881345364041136e-07,0.17409905236864903,1.4,2.0869565217391304,2
4.120500000000436,1.843401521779183,0.015649896767482036,-2.744721520951112e-07,0.17689199171190095,1.4,2.0869565217391304,2
4.140500000000425,1.84495412475712,0.015935443027895742,-6.097161755580407e-07,0.17968555082162996,1.4,2.0869565217391304,2
4.160500000000414,1.8465015466058536,0.01622422632937594,-5.796207444453916e-07,0.18248046124505998,1.4,2.0869565217391304,2
4.180500000000403,1.8480438052100097,0.016516724827639568,-6.937276696143979e-07,0.18527639263399126,1.4,2.0869565217391304,2
4.200500000000392,1.849581287191737,0.01681277746963491,-1.4037856216673618e-06,0.18807366698407063,1.4,2.0869565217391304,2
4.2205000000003805,1.851114012364832,0.01711239500084968,-1.2050307951240273e-06,0.19087232321758724,1.4,2.0869565217391304,2
4.240500000000369,1.852642323727904,0.017415577878274312,-1.1776814846840963e-06,0.1936724970914375,1.4,2.0869565217391304,2
4.260500000000358,1.854166383327776,0.017722115620433056,-1.109235302268714e-06,0.1964747211376194,1.4,2.0869565217391304,2
4.280500000000347,1.855686237542102,0.018032341997005104,-1.6312884120507145e-06,0.19927828751235685,1.4,2.0869565217391304,2
4.300500000000336,1.8572019000701432,0.01834622954306993,-1.7737934521653913e-06,0.20208354107886847,1.4,2.0869565217391304,2
4.320500000000325,1.858713931158147,0.018663786574190995,-1.7585146780419932e-06,0.20489082511735,1.4,2.0869565217391304,2
4.340500000000314,1.8602220979448703,0.01898499449949259,-1.2636806750206422e-06,0.20769977920408877,1.4,2.0869565217391304,2
4.360500000000303,1.8617262800692274,0.019309695889883786,-1.75863003571916e-06,0.21050991292164767,1.4,2.0869565217391304,2
4.380500000000292,1.863227013812109,0.019637908821098442,-1.7729330301670418e-06,0.21332240654295492,1.4,2.0869565217391304,2
4.400500000000281,1.864724206796069,0.01996982318976311,-1.2090881053792052e-06,0.2161363638234304,1.4,2.0869565217391304,2
4.42050000000027,1.8662178127748368,0.020305437236951752,-1.3731029587534853e-06,0.21895167223205286,1.4,2.0869565217391304,2
4.440500000000259,1.8677078570202217,0.020644660320611876,-1.6177570101183319e-06,0.22176822851979658,1.4,2.0869565217391304,2
4.4605000000002475,1.8691945291772574,0.020987562607230476,-1.1195009024916924e-06,0.22458653847873486,1.4,2.0869565217391304,2
4.480500000000236,1.8706779432123457,0.021334052560615754,-1.4936970025463283e-06,0.22740604437474998,1.4,2.0869565217391304,2
4.500500000000225,1.8721582276589872,0.02168426764569718,-5.77039825249021e-07,0.23022725401649502,1.4,2.0869565217391304,2
4.520500000000214,1.873635206788302,0.022038041014366388,-1.1199626748973069e-06,0.23304973060202136,1.4,2.0869565217391304,2
4.540500000000203,1.8751095114657341,0.02239528868418274,-5.906630992638943e-07,0.23587439514508407,1.4,2.0869565217391304,2
4.560500000000192,1.8765807936323144,0.022756405115071765,-3.829373010384672e-07,0.23870007793981046,1.4,2.0869565217391304,2
4.580500000000181,1.8780489221075238,0.023120773093004067,-1.315965114519374e-06,0.24152677297026215,1.4,2.0869565217391304,2
4.60050000000017,1.8795141285011172,0.023489227067237117,-1.1581522282300308e-06,0.2443551246961465,1.4,2.0869565217391304,2
4.620500000000159,1.8809766439271383,0.023861362165585157,-1.3268923830613088e-06,0.2471847177211286,1.4,2.0869565217391304,2
4.640500000000148,1.882436350860437,0.024237204986507555,-1.5562834408032146e-06,0.25001566202106124,1.4,2.0869565217391304,2
4.660500000000137,1.8838933597791785,0.024616777919431582,-1.4463472249447177e-06,0.25284800622769543,1.4,2.0869565217391304,2
4.680500000000126,1.8853477395409721,0.025000046396817382,-1.4063205015115028e-06,0.25568167240135437,1.4,2.0869565217391304,2
4.7005000000001145,1.8867994774659411,0.025387018130815384,-1.2942839886153959e-06,0.2585165839473032,1.4,2.0869565217391304,2
4.720500000000103,1.8882486156274287,0.02577775364847925,-3.898181027340165e-07,0.2613526885520657,1.4,2.0869565217391304,2
4.740500000000092,1.889694838032148,0.026171987846517974,-7.837032775117377e-07,0.2641888528654738,1.4,2.0869565217391304,2
4.760500000000081,1.8911384597109824,0.026569713997391196,-1.2896178357203546e-06,0.2670263390046534,1.4,2.0869565217391304,2
4.78050000000007,1.892579737371396,0.026971215482757858,-1.4958124775020678e-06,0.26986510555715104,1.4,2.0869565217391304,2
4.800500000000059,1.8940185052074658,0.02737667271296952,-5.152064722064664e-07,0.27270508247710257,1.4,2.0869565217391304,2
4.820500000000048,1.8954545413040764,0.027785675781443572,-7.010293923926976e-07,0.27554506800121087,1.4,2.0869565217391304,2
4.840500000000037,1.8968881787833232,0.028198303850422293,-1.6650221571985536e-06,0.27838593117803434,1.4,2.0869565217391304,2
4.860500000000026,1.8983200388926744,0.028614733680272765,-1.3452073420665137e-06,0.28122929901087773,1.4,2.0869565217391304,2
4.880500000000015,1.8997494530436525,0.029034957642625914,-5.229640913513212e-07,0.2840734862796311,1.4,2.0869565217391304,2
4.900500000000004,1.9011761616721725,0.029458824525698975,-7.837692431395346e-07,0.2869173711152036,1.4,2.0869565217391304,2
4.9204999999999925,1.9026005142559834,0.02988635410770031,-1.6087147515284602e-06,0.28976200668617835,1.4,2.0869565217391304,2
4.9404999999999815,1.9040230430662795,0.030317926269147432,-6.208037486452668e-07,0.2926085384421958,1.4,2.0869565217391304,2
4.96049999999997,1.9054435038937008,0.030753249558287024,-3.1527942050692033e-07,0.2954563160488241,1.4,2.0869565217391304,2
4.980499999999959,1.9068614555712469,0.031192088779015765,-6.433134529003667e-07,0.2983039759319199,1.4,2.0869565217391304,2
5.000499999999948,1.9082769959375898,0.03163459630034412,-1.2414291499056138e-06,0.3011522437000904,1.4,2.0869565217391304,2
5.020499999999937,1.9096907240478223,0.03208110631239801,-1.9808984568769437e-07,0.30400198175433524,1.4,2.0869565217391304,2
5.040499999999926,1.9111024137853945,0.03253124175593794,-8.350084924766918e-07,0.30685211885309466,1.4,2.0869565217391304,2
5.060499999999915,1.912512013735139,0.03298514636570789,-1.059101548999574e-06,0.30970342311444926,1.4,2.0869565217391304,2
5.080499999999904,1.9139193109112735,0.03344284543187206,-3.676382353591097e-07,0.3125553367170278,1.4,2.0869565217391304,2
5.100499999999893,1.9153245190480037,0.03390379803881849,-9.717579128411784e-07,0.3154075892927602,1.4,2.0869565217391304,2
5.120499999999882,1.916727899536047,0.03436894206300704,-1.215009941497249e-06,0.31826098159655786,1.4,2.0869565217391304,2
5.140499999999871,1.918129663228233,0.03483812060662076,-2.1182806359601907e-07,0.321115982934207,1.4,2.0869565217391304,2
5.1604999999998595,1.9195291279424385,0.03531038786044712,-1.5242803502951713e-06,0.3239709652076082,1.4,2.0869565217391304,2
5.1804999999998484,1.9209267050403631,0.03578697319271633,-8.674615116275639e-07,0.3268271871544625,1.4,2.0869565217391304,2
5.200499999999837,1.9223221103769823,0.036267238183269886,-7.031618450966296e-07,0.32968319859159706,1.4,2.0869565217391304,2
5.220499999999826,1.9237158084617714,0.03675132892351707,-1.4718312908373806e-06,0.33254037250012763,1.4,2.0869565217391304,2
5.240499999999815,1.925107531862346,0.03723934800527815,-1.0806017788421519e-07,0.3353986221126407,1.4,2.0869565217391304,2
5.260499999999804,1.9264969819112925,0.0377308393810576,-8.233189075053207e-07,0.33825637343784254,1.4,2.0869565217391304,2
5.280499999999793,1.9278846049184821,0.03822617401403085,-1.2049736694903198e-06,0.34111495900051586,1.4,2.0869565217391304,2
5.300499999999782,1.9292707072260094,0.03872544938171967,-1.1525010455543181e-06,0.34397470480113823,1.4,2.0869565217391304,2
5.320499999999771,1.9306548105310883,0.039228515043377946,-8.029320378402696e-07,0.34683522732018013,1.4,2.0869565217391304,2
5.34049999999976,1.9320368584920524,0.03973537063067615,-1.3224533327922433e-07,0.3496959829908527,1.4,2.0869565217391304,2
5.360499999999749,1.9334170667758523,0.040245412370645495,-1.2235875224420592e-06,0.352557242419895,1.4,2.0869565217391304,2
5.380499999999738,1.9347958200764954,0.04075996318961368,-2.2453901995124742e-07,0.3554200248494769,1.4,2.0869565217391304,2
5.4004999999997265,1.936172584363028,0.04127777793380568,-9.03186340410962e-07,0.35828268823585446,1.4,2.0869565217391304,2
5.420499999999715,1.9375473753687358,0.04179981187791362,-1.0479120473150455e-07,0.3611462158962518,1.4,2.0869565217391304,2
5.440499999999704,1.938920247239345,0.042325453347270524,-1.0794543952380083e-06,0.36400940531538767,1.4,2.0869565217391304,2
5.460499999999693,1.9402914570065228,0.042855131247014566,-5.523815810024785e-07,0.3668741644087059,1.4,2.0869565217391304,2
5.480499999999682,1.9416606715802711,0.04338828851438037,-8.472584040075011e-07,0.36973846813999905,1.4,2.0869565217391304,2
5.500499999999671,1.943028707566135,0.04392525319854818,-1.73597712269467e-07,0.37260495198678845,1.4,2.0869565217391304,2
5.52049999999966,1.9443946615301693,0.04446551574541861,-8.02253205001432e-07,0.37547122851318165,1.4,2.0869565217391304,2
5.540499999999649,1.9457587921497097,0.04500983201037093,-7.34367633333924e-07,0.3783380663844334,1.4,2.0869565217391304,2
5.560499999999638,1.9471209164250813,0.045558332736172796,-9.370764726996229e-07,0.38120502804241757,1.4,2.0869565217391304,2
5.580499999999627,1.9484816553496753,0.04611092416635017,-4.952253727861214e-07,0.38407318741133734,1.4,2.0869565217391304,2
5.600499999999616,1.9498405015625697,0.04666689356038635,-7.259682592857328e-07,0.38694172186426495,1.4,2.0869565217391304,2
5.620499999999605,1.9511976555110175,0.04722711908549071,-2.7602130984733813e-07,0.38981087205052195,1.4,2.0869565217391304,2
5.6404999999995935,1.9525532219074653,0.04779053280777888,-5.065716681328605e-07,0.3926806775885373,1.4,2.0869565217391304,2
5.660499999999582,1.9539066649896637,0.048357914309559186,-9.269599600499819e-07,0.3955503531596749,1.4,2.0869565217391304,2
5.680499999999571,1.9552586027530403,0.04892910948223869,-2.607744443085384e-07,0.3984213910813163,1.4,2.0869565217391304,2
5.70049999999956,1.956608629136336,0.0495043439809766,-9.508459874566247e-07,0.4012918711198931,1.4,2.0869565217391304,2
5.720499999999549,1.9579566644815984,0.0500836251196354,-6.915107146614227e-08,0.40416297983059224,1.4,2.0869565217391304,2
5.740499999999538,1.9593033525869092,0.05066626784149851,-1.22538746182383e-06,0.40703488895998596,1.4,2.0869565217391304,2
5.760499999999527,1.9606480105591626,0.05125314021965948,-6.495030111419702e-07,0.409906943026824,1.4,2.0869565217391304,2
5.780499999999516,1.961990701361069,0.051843534684076036,-4.597863758856622e-07,0.412779352750019,1.4,2.0869565217391304,2
5.800499999999505,1.9633317246170603,0.05243773152436677,-1.2187226695616413e-06,0.41565177169489653,1.4,2.0869565217391304,2
5.820499999999494,1.9646709577659873,0.053036034573657645,-6.370728757382167e-07,0.41852505279990204,1.4,2.0869565217391304,2
5.840499999999483,1.9660081650197117,0.053637955096336495,-9.00239071395272e-07,0.4213977679623152,1.4,2.0869565217391304,2
5.860499999999472,1.9673438916510682,0.054243567207403934,-8.133896384111393e-07,0.4242715311356275,1.4,2.0869565217391304,2
5.8804999999994605,1.9686775322640442,0.05485303918502021,-8.835274683781659e-07,0.42714544015719885,1.4,2.0869565217391304,2
5.900499999999449,1.9700096845163986,0.055466275650571085,-4.585480350969172e-07,0.4300203310608546,1.4,2.0869565217391304,2
5.920499999999438,1.9713401717896761,0.056083484541734535,-8.43263979570371e-07,0.43289537815442913,1.4,2.0869565217391304,2
5.940499999999427,1.9726687763574184,0.056704467932130055,-8.824953138780135e-07,0.4357708284327068,1.4,2.0869565217391304,2
5.960499999999416,1.973995711005978,0.057329007447264775,-4.688150639061539e-07,0.4386469526355561,1.4,2.0869565217391304,2
5.980499999999405,1.9753208003787666,0.05795741513855081,-2.2887533095691662e-07,0.4415232240658896,1.4,2.0869565217391304,2
6.000499999999394,1.9766435841760939,0.05859414254856456,-1.9176098617527963e-05,0.4443984560322664,1.4,2.0869565217391304,2
6.020499999999383,1.977958420570993,0.05922855193724212,-1.9968061555462296e-06,0.4472613158616925,1.4,2.0869565217391304,2
6.040499999999372,1.9792742791557596,0.05986831787936841,-3.805807670885509e-07,0.45013106453644475,1.4,2.0869565217391304,2
6.060499999999361,1.9805889737734383,0.06051083672583292,-4.808398830120282e-07,0.4530016995970762,1.4,2.0869565217391304,2
6.08049999999935,1.98190118132193,0.06115740688478498,-1.5454768191936058e-07,0.4558712706944717,1.4,2.0869565217391304,2
6.100499999999339,1.9832116996708944,0.06180865952379391,-2.4877165722222728e-06,0.4587419297369187,1.4,2.0869565217391304,2
6.1204999999993275,1.984519473181369,0.062463098896715294,-7.245197834001585e-07,0.4616107050117722,1.4,2.0869565217391304,2
6.140499999999316,1.9858243009148653,0.06312066628732092,-1.4612197397799287e-06,0.4644772636803029,1.4,2.0869565217391304,2
6.160499999999305,1.9871270521287072,0.06378194969063168,-2.6296306929858533e-06,0.46734373546020613,1.4,2.0869565217391304,2
6.180499999999294,1.9884281095995842,0.06444696958053579,-1.6183141329813697e-06,0.47021050330621045,1.4,2.0869565217391304,2
6.200499999999283,1.9897271235539389,0.06511545771913105,-2.118879695961305e-06,0.47307713545788,1.4,2.0869565217391304,2
6.220499999999272,1.9910232189997978,0.06578718003137392,-4.0235174525019143e-07,0.4759421142304564,1.4,2.0869565217391304,2
6.240499999999261,1.9923179134458362,0.06646332197219315,-1.3131937708625076e-06,0.4788085640505228,1.4,2.0869565217391304,2
6.26049999999925,1.9936095543613512,0.0671423582571456,-1.268513071179117e-06,0.48167201678927607,1.4,2.0869565217391304,2
6.280499999999239,1.994899304533031,0.06782518796658935,-2.000708014383147e-06,0.48453569722763246,1.4,2.0869565217391304,2
6.300499999999228,1.996186984919708,0.06851193319752748,-8.153309129826626e-07,0.4873997968343276,1.4,2.0869565217391304,2
6.320499999999217,1.9974717730668006,0.06920147703512565,-1.7675574263181093e-06,0.4902616509921615,1.4,2.0869565217391304,2
6.3404999999992055,1.9987550497853643,0.06989523456060914,-9.76652305988145e-07,0.49312496074161377,1.4,2.0869565217391304,2
6.3604999999991945,2.0000359738494944,0.07059196860074977,-2.145734420193423e-06,0.4959865477834558,1.4,2.0869565217391304,2
6.380499999999183,2.0013157955463092,0.07129313116837158,-1.4772157575157943e-06,0.4988511905014323,1.4,2.0869565217391304,2
6.400499999999172,2.0025938597154602,0.07199815467664553,-1.7453243661956417e-06,0.5017157596570923,1.4,2.0869565217391304,2
6.420499999999161,2.003868864309899,0.07270614969749939,-2.0130511193286496e-08,0.5045783314152392,1.4,2.0869565217391304,2
6.44049999999915,2.0051421898714796,0.07341823872978918,-1.690392309146971e-06,0.507441530718482,1.4,2.0869565217391304,2
6.460499999999139,2.006413143899492,0.0741335530534144,-7.53481654862447e-07,0.5103035383649474,1.4,2.0869565217391304,2
6.480499999999128,2.007682381508712,0.07485299970886841,-1.79959159147199e-06,0.5131670482500076,1.4,2.0869565217391304,2
6.500499999999117,2.0089488983180086,0.07557530710270999,-1.1852032349062486e-06,0.5160282676579051,1.4,2.0869565217391304,2
6.520499999999106,2.010214177388443,0.07630221848778077,-1.05691317645176e-06,0.5188922200260354,1.4,2.0869565217391304,2
6.540499999999095,2.0114774033117495,0.0770321951061908,-1.6675763659526932e-06,0.5217550688976943,1.4,2.0869565217391304,2
6.560499999999084,2.0127385503869353,0.0777661489526726,-1.4649586176124447e-06,0.5246186537456992,1.4,2.0869565217391304,2
6.5804999999990725,2.0139974482144716,0.07850334455968784,-1.635697831718295e-06,0.5274812269500071,1.4,2.0869565217391304,2
6.6004999999990615,2.0152549162064823,0.07924489016145175,-8.801328154775746e-07,0.5303459185922519,1.4,2.0869565217391304,2
6.62049999999905,2.0165100215587817,0.07998955908857362,-1.4675227191814339e-06,0.5332088943148896,1.4,2.0869565217391304,2
6.640499999999039,2.0177634264804225,0.08073840170887125,-1.0111559325415829e-06,0.536073702964389,1.4,2.0869565217391304,2
6.660499999999028,2.0190146839589835,0.08149046527157831,-1.668765558243618e-06,0.538937231602629,1.4,2.0869565217391304,2
6.680499999999017,2.0202643423110422,0.08224685315019468,-1.1934491175710765e-06,0.5418029165769839,1.4,2.0869565217391304,2
6.700499999999006,2.0215115268981387,0.08300626955503698,-1.358892260461472e-06,0.5446667564744224,1.4,2.0869565217391304,2
6.720499999998995,2.022757162590059,0.08376994866109481,-1.4676875809435157e-06,0.5475325359350084,1.4,2.0869565217391304,2
6.740499999998984,2.0240002490476376,0.08453660193074294,-1.4754229670325117e-06,0.550396355994669,1.4,2.0869565217391304,2
6.760499999998973,2.025241999088068,0.08530756689597856,-1.5161182444766713e-06,0.553262805573659,1.4,2.0869565217391304,2
6.780499999998962,2.0264818214172986,0.08608226264558923,-1.3182510310694206e-06,0.5561292938990602,1.4,2.0869565217391304,2
6.800499999998951,2.0277197870575665,0.08686080096057139,-1.5150504630015258e-06,0.5589964404577009,1.4,2.0869565217391304,2
6.8204999999989395,2.0289557593752496,0.08764284405412089,-4.745631808053432e-07,0.5618636207310045,1.4,2.0869565217391304,2
6.840499999998928,2.0301907761243014,0.08842915081517105,-6.34952677475528e-07,0.5647338846861039,1.4,2.0869565217391304,2
6.860499999998917,2.031423281684536,0.08921880541112838,-1.0115682424072934e-06,0.5676022626306836,1.4,2.0869565217391304,2
6.880499999998906,2.032653025250547,0.09001184246102516,-1.9599513037141614e-06,0.5704696518653599,1.4,2.0869565217391304,2
6.900499999998895,2.033880608256021,0.09080862699830944,-7.282944272733018e-07,0.5733370584787818,1.4,2.0869565217391304,2
6.920499999998884,2.0351060861152677,0.09160858491091865,-1.5582373676585835e-06,0.5762040169752963,1.4,2.0869565217391304,2
6.940499999998873,2.036329854691971,0.09241304876632106,-1.3224634179250352e-06,0.5790723292785016,1.4,2.0869565217391304,2
6.960499999998862,2.037550802685456,0.09322047542727793,-1.7048148716300007e-06,0.5819395489320317,1.4,2.0869565217391304,2
6.980499999998851,2.0387695535876755,0.09403132408194091,-1.0638959607707333e-06,0.5848060763750198,1.4,2.0869565217391304,2
7.00049999999884,2.039986485607794,0.09484608310500747,-2.14055495783401e-06,0.5876735130925647,1.4,2.0869565217391304,2
7.020499999998829,2.0412015877507157,0.0956648124931077,-1.2138719940460593e-06,0.5905419477307364,1.4,2.0869565217391304,2
7.040499999998818,2.0424139870123024,0.09648673848716101,-1.1049177103034691e-06,0.5934095062881308,1.4,2.0869565217391304,2
7.0604999999988065,2.0436238577259025,0.09731167071788462,-1.8755481107607054e-06,0.5962754180998021,1.4,2.0869565217391304,2
7.080499999998795,2.044832202238173,0.0981411852632912,-1.3279597164834259e-06,0.5991438817543915,1.4,2.0869565217391304,2
7.100499999998784,2.046038143039315,0.09897357571277127,-5.791790544407973e-07,0.6020108483928748,1.4,2.0869565217391304,2
7.120499999998773,2.0472419006362323,0.0998092155074685,-1.5839444960745343e-06,0.6048777736918267,1.4,2.0869565217391304,2
7.140499999998762,2.048444293100831,0.10065013585448283,-2.041410820797713e-06,0.6077484606568039,1.4,2.0869565217391304,2
7.160499999998751,2.049643937350547,0.10149298838529976,-2.3041840165996666e-06,0.6106166164256208,1.4,2.0869565217391304,2
7.18049999999874,2.050841746335484,0.10234022415628144,-2.053123502674547e-06,0.6134861187876768,1.4,2.0869565217391304,2
7.200499999998729,2.0520375692653037,0.10319162389276298,-1.2570028854631766e-06,0.6163561231988858,1.4,2.0869565217391304,2
7.220499999998718,2.053231062573246,0.10404649946537714,-1.348405245503652e-06,0.619226176073905,1.4,2.0869565217391304,2
7.240499999998707,2.054421528830889,0.10490392847504565,-9.461492967861694e-07,0.6220937281354514,1.4,2.0869565217391304,2
7.260499999998696,2.0556101630825157,0.10576566479995461,-1.1561122812812878e-06,0.6249635954381811,1.4,2.0869565217391304,2
7.280499999998685,2.056796422934698,0.10663048720908562,-2.014958515883804e-06,0.6278321201217382,1.4,2.0869565217391304,2
7.3004999999986735,2.057980627561509,0.10749953531296312,-1.2989266397615035e-06,0.6307021720947288,1.4,2.0869565217391304,2
7.320499999998662,2.0591631469141105,0.10837477639184075,-1.8680230611797695e-05,0.6335731505810224,1.4,2.0869565217391304,2
7.340499999998651,2.060340121956472,0.1092500287083845,-6.327672586781819e-06,0.6364389997028179,1.4,2.0869565217391304,2
7.36049999999864,2.0615158930711286,0.11012850974155362,-4.0045219343012385e-06,0.6393049215227044,1.4,2.0869565217391304,2
7.380499999998629,2.062689739623649,0.1110104950485323,-3.190581352991718e-06,0.6421717931283801,1.4,2.0869565217391304,2
7.400499999998618,2.063862142042438,0.11189676854459545,-1.7600318960946445e-06,0.6450408555359701,1.4,2.0869565217391304,2
7.420499999998607,2.065031477181045,0.1127857400986355,-6.732953026811457e-07,0.6479088390222997,1.4,2.0869565217391304,2
7.440499999998596,2.066199646961897,0.1136794362933717,-1.935378529395766e-06,0.6507794433246291,1.4,2.0869565217391304,2
7.460499999998585,2.067364777640392,0.11457570492158395,-2.8782175906045694e-07,0.6536477783119657,1.4,2.0869565217391304,2
7.480499999998574,2.0685281466495695,0.11547579728275802,-8.926058347990483e-07,0.6565182722717714,1.4,2.0869565217391304,2
7.500499999998563,2.069690196717469,0.11638296317034344,-1.6142258169911172e-05,0.6593918107727363,1.4,2.0869565217391304,2
7.520499999998552,2.0708466152033376,0.11729061249919916,-7.51852906450406e-06,0.6622594526816293,1.4,2.0869565217391304,2
7.5404999999985405,2.0720018353165948,0.11820124230827449,-2.9802237460690715e-06,0.665127377721992,1.4,2.0869565217391304,2
7.560499999998529,2.0731546706829067,0.11911454988530049,-4.7581868414030696e-07,0.6679946964708661,1.4,2.0869565217391304,2
7.580499999998518,2.0743061677040133,0.12003255298828996,-2.8495445101190732e-06,0.6708656381626488,1.4,2.0869565217391304,2
7.600499999998507,2.075455047711631,0.12095409510693832,-2.217752278217864e-07,0.6737366163579042,1.4,2.0869565217391304,2
7.620499999998496,2.0766014888808715,0.12187897714280148,-1.2168423666258969e-06,0.6766071286006646,1.4,2.0869565217391304,2
7.640499999998485,2.077744828814367,0.12280643339599054,-8.019544279624206e-07,0.6794753299720416,1.3991766307966254,2.0869565217391304,2
7.660499999998474,2.0788865820001163,0.12373854943747867,-2.202366017749503e-06,0.6823460339513137,1.3958126748913706,2.0869565217391304,2
7.680499999998463,2.0800255447263196,0.12467310311654148,-5.966454451979106e-07,0.6852147382209686,1.3924502690386475,2.0869565217391304,2
7.700499999998452,2.0811634653827156,0.12561279141350146,-1.2217253329513415e-06,0.6880864430017821,1.389084016829699,2.0869565217391304,2
7.720499999998441,2.0822999609776627,0.1265560615859819,-1.5088985518867927e-06,0.6909578032633835,1.3857176281137926,2.0869565217391304,2
7.74049999999843,2.083435989653878,0.1275050970477509,-1.6594336955384327e-06,0.693833037501282,1.3823465229683434,2.0869565217391304,2
7.7604999999984186,2.084570860374464,0.12845798117291832,-5.634040154056194e-07,0.6967074940172866,1.378976418161947,2.0869565217391304,2
7.7804999999984075,2.085705565217742,0.1294165279616172,-1.2098117618303437e-06,0.699584811416339,1.3756035886216043,2.0869565217391304,2
7.800499999998396,2.086839457531108,0.13037959415351277,-1.2700197617093712e-06,0.7024620656419597,1.3722305747917884,2.0869565217391304,2
7.820499999998385,2.087973636222478,0.13134906506911254,-1.6325132410300507e-06,0.7053436230643043,1.3688529032974612,2.0869565217391304,2
7.840499999998374,2.089107019660667,0.1323227545075767,-4.4806288798010065e-07,0.7082244337006204,1.3654767088621051,2.0869565217391304,2
7.860499999998363,2.0902403939847214,0.1333063304649254,-1.7402500643791913e-05,0.7111094122870043,1.3620955308287361,2.0869565217391304,2
7.880499999998352,2.091371516013891,0.13428951973470324,-3.2396645540175984e-06,0.7139885457325083,1.3587226308155858,2.0869565217391304,2
7.900499999998341,2.092504904797809,0.13528101657022346,-7.290188244224676e-07,0.7168744354544477,1.3553422490618203,2.0869565217391304,2
7.92049999999833,2.093638712162397,0.1362778422465895,-7.528318018271713e-07,0.7197612871778885,1.3519616607671772,2.0869565217391304,2
7.940499999998319,2.0947730246712934,0.1372812379199692,-2.185682446721916e-06,0.72265104547876,1.3485786970912663,2.0869565217391304,2
7.960499999998308,2.095907118577115,0.13828966161157344,-1.2537313793058824e-07,0.72554079390617,1.3451972676477446,2.0869565217391304,2
7.980499999998297,2.0970420870900823,0.13930501972665216,-7.267398929374399e-07,0.7284323154811623,1.3418141772960666,2.0869565217391304,2
8.000499999998286,2.0981770682820833,0.1403258876711287,-6.918585222010246e-07,0.731323922970435,1.3384329210942352,2.0869565217391304,2
8.02049999999831,2.0993130340746036,0.14135360205849604,-1.279209857377446e-06,0.7342172537347336,1.3350503738374222,2.0869565217391304,2
8.040499999998335,2.1004493878906687,0.14238738353622332,-1.2270568133783681e-06,0.7371111525239582,1.3316692746140943,2.0869565217391304,2
8.06049999999836,2.1015867040728424,0.14342827719711249,-1.9417473233758258e-06,0.7400064932086634,1.3282874568151048,2.0869565217391304,2
8.080499999998384,2.1027245538545616,0.1444758051959818,-1.4350701049643407e-06,0.7429027310773566,1.3249065337458403,2.0869565217391304,2
8.100499999998409,2.1038637890167218,0.14553312389325385,-1.8995211667954235e-05,0.7458012848881441,1.3215245894057919,2.0869565217391304,2
8.120499999998433,2.1050012028531166,0.14659348943446668,-3.978301578128954e-06,0.7486956276321304,1.318148431168475,2.0869565217391304,2
8.140499999998458,2.1061412969271176,0.1476614732784766,-1.269651838312872e-06,0.7515926031684815,1.3147721909770347,2.0869565217391304,2
8.160499999998482,2.107282655645906,0.14873641073269134,-1.9754555659886057e-06,0.7544910437375432,1.311396351210497,2.0869565217391304,2
8.180499999998506,2.108425264669083,0.14981824118284065,-8.948981210552451e-07,0.757389755493134,1.3080219385868763,2.0869565217391304,2
8.20049999999853,2.109569544473523,0.1509076056192496,-1.6030337056530822e-06,0.7602901804258895,1.304648127398556,2.0869565217391304,2
8.220499999998555,2.1107152075297138,0.15200521080402254,-2.415848722217415e-06,0.7631919997232557,1.301274316965726,2.0869565217391304,2
8.24049999999858,2.1118620170848628,0.15311046252859586,-1.8171637238853838e-06,0.7660945734392118,1.297902219836796,2.0869565217391304,2
8.260499999998604,2.113009612991119,0.15422216536817634,-6.586122842370608e-07,0.7689956121839401,1.2945346252070569,2.0869565217391304,2
8.280499999998629,2.114159010952566,0.15534262640382623,-1.3539375947402298e-06,0.7718983687982665,1.2911667929826924,2.0869565217391304,2
8.300499999998653,2.1153092166752216,0.15647005118281784,-8.368282914085526e-07,0.7748002134951019,1.2878032372953805,2.0869565217391304,2
8.320499999998678,2.1164610287696153,0.15760543908806418,-1.0129571596297262e-06,0.777702206744534,1.2844416451479759,2.0900551248571024,2
8.340499999998702,2.1176145401124056,0.15874892725895334,-1.4212735052140499e-06,0.7806051450446615,1.2810820677277857,2.0982349655323476,2
8.360499999998726,2.118770601894457,0.1599016704827319,-6.151774283433848e-07,0.7835107466538674,1.277721766129733,2.1064165694232586,2
8.38049999999875,2.1199305008098968,0.16106518325846841,-8.126256512787001e-07,0.7864231124118308,1.2743569088261577,2.1146092654667465,2
8.400499999998775,2.1210942427422537,0.16223888542273157,-1.7211337580153097e-06,0.7893404046170139,1.2709893118133508,2.1228086321066235,2
8.4204999999988,2.122262500709933,0.16342397563960898,-7.787724256916682e-07,0.7922647768331986,1.2676161825171506,2.131021468653894,2
8.440499999998824,2.123435863852755,0.16462141940982267,-1.2770103636229083e-06,0.7951981920446843,1.2642360024515606,2.139251472291852,2
8.460499999998849,2.1246139018841257,0.1658343515492594,-1.7412763095111892e-05,0.7981410767864853,1.2608474060069557,2.1475019679830645,2
8.480499999998873,2.1257950933860497,0.16705320864631582,-2.3603471775986317e-06,0.801085117581824,1.2574618372630262,2.1557450918813275,2
8.500499999998897,2.126984804521647,0.16828892063728357,-4.0854794958453687e-07,0.8040454205748387,1.254060140594676,2.164027483769484,2
8.520499999998922,2.128180622240394,0.1695376699357476,-1.1751904513465753e-07,0.8070154091835867,1.2506509831221768,2.17232804109383,2
8.540499999998946,2.1293824866988187,0.17080003017677522,-1.1791093704132735e-06,0.8099953097470828,1.2472344479301956,2.1806465615612627,2
8.56049999999897,2.130590682342029,0.17207658769026538,-2.238387026142916e-06,0.8129858127485625,1.2438094202443708,2.18898575940501,2
8.580499999998995,2.13180504244769,0.17336666425007086,-1.745008600446961e-06,0.8159856914208627,1.2403776013943237,2.1973414922572987,2
8.60049999999902,2.1330260989512957,0.17467532254105203,-2.1700432063451598e-05,0.8189980961805127,1.2369345287637752,2.2057246256186342,2
8.620499999999044,2.1342509248841957,0.17599399471225258,-2.2425370585278003e-06,0.8220156086592926,1.2334890476288827,2.2141136231644594,2
8.640499999999069,2.1354856751777063,0.17732961636743133,-1.9623901132654805e-06,0.8250477236400804,1.2300322174043588,2.2225302532763433,2
8.660499999999093,2.136727316239624,0.17868121530607828,-2.1902524777469135e-06,0.828092094461614,1.2265654323173258,2.2309711213143366,2
8.680499999999117,2.137975846398001,0.18004749239299714,-2.285535714746207e-06,0.8311465493709703,1.223091756623575,2.2394287664817303,2
8.700499999999142,2.139232641143726,0.1814313842027671,-1.6441845035736627e-06,0.8342150750352681,1.2196061317809532,2.2479155052289834,2
8.720499999999166,2.1404955180607077,0.18283073653228504,-8.618039981525428e-07,0.8372923306441505,1.2161151742138367,2.256415228001093,2
8.74049999999919,2.141765777929188,0.18424728591647183,-5.571356039259794e-07,0.8403805698650824,1.2126156965614563,2.264935695328628,2
8.760499999999215,2.143043050108457,0.18568046514879608,-1.1134729895990121e-06,0.8434796107156277,1.2091090353137446,2.2734736531491433,2
8.78049999999924,2.144327168604131,0.18713062905719613,-3.796355821981895e-07,0.8465888314955009,1.2055952857390668,2.282028869504881,2
8.800499999999264,2.1456181096632174,0.18859716267642154,-9.309141374966099e-07,0.8497072967520224,1.2020762901881843,2.2905968586722465,2
8.820499999999289,2.146916158594568,0.19008084003413664,-8.24517907326702e-07,0.8528361160597205,1.1985506207151329,2.2991810973892415,2
8.840499999999313,2.148221359255472,0.19158221758580252,-4.3683037055008177e-07,0.8559753600754239,1.1950180828283696,2.307782059200491,2
8.860499999999337,2.1495339274423415,0.19310129054789787,-1.806920429180524e-06,0.8591247920457199,1.1914792777094179,2.316398280359678,2
8.880499999999362,2.1508534689033345,0.1946381722628166,-1.0119604876756434e-06,0.8622840439797026,1.1879346208238948,2.325028749298343,2
8.900499999999386,2.152180262848398,0.19619373892148187,-5.195839944988694e-06,0.8654535123857895,1.1843838995749603,2.333673983643575,2
8.92049999999941,2.153512635149961,0.19776971342562713,-9.520864171884138e-06,0.868631998627002,1.180826902051144,2.3423344993537363,2
8.940499999999435,2.154852632341641,0.19936120489523293,-1.4323697219918275e-06,0.871818943345429,1.1772673092912382,2.3510013338995934,2
8.96049999999946,2.156201378069365,0.20097331673132202,-1.7920662714030906e-06,0.8750188079077291,1.173698694621873,2.3596901348337003,2
8.980499999999484,2.157557947685892,0.20260564055774158,-4.64629929364585e-07,0.878230601785853,1.1701224047862913,2.3683976231290296,2
9.000499999999509,2.158921202516376,0.20426037531360292,-1.2245272203395978e-05,0.8814531012713888,1.1665392952632534,2.377121715880774,2
9.020499999999533,2.160292541517229,0.20593691995412494,-1.6335974080473615e-05,0.8846881654373164,1.1629478955363601,2.3858659934766884,2
9.040499999999557,2.1616681995533074,0.20762382388822925,-2.7093297051242916e-06,0.8879208704570983,1.159365854872159,2.3945874837895254,2
9.060499999999582,2.1630548971016914,0.20933762873665665,-4.436604215029305e-06,0.8911745952027079,1.1557664551713172,2.40335123958288,2
9.080499999999606,2.164448562607515,0.21107010701600495,-1.5552434211478685e-06,0.8944360410801063,1.1521648363197767,2.4121203985257607,2
9.10049999999963,2.165851075693644,0.2128248952485249,-1.5399122281465583e-06,0.8977102205290018,1.1485554597143783,2.420908445912818,2
9.120499999999655,2.1672611246479203,0.21460015105977265,-2.0369267975560738e-06,0.900993540872351,1.1449424254034968,2.4297053990175725,2
9.14049999999968,2.1686780385723607,0.2163956806203999,-1.2925761081840284e-06,0.9042851666114915,1.141326909189752,2.438508395016256,2
9.160499999999704,2.170101978326371,0.21821415446857365,-1.279308562241263e-05,0.9075858716152673,1.13770773980428,2.4473202856939262,2
9.180499999999729,2.171529616202139,0.22005152747967993,-4.4537730706341706e-06,0.9108902382263762,1.1340896838926926,2.4561294653047483,2
9.200499999999753,2.1729654254782846,0.22190868535189623,-1.3798876858425365e-06,0.9142030667112014,1.1304709553192676,2.4649402827009137,2
9.220499999999777,2.174409755702137,0.22378857857294968,-2.0623309424616824e-06,0.9175263212186111,1.1268469474152878,2.473763954119299,2
9.240499999999802,2.1758612699612785,0.2256916770331963,-1.8116501366995587e-06,0.9208605333151604,1.1232179582291686,2.4825997538768063,2
9.260499999999826,2.1773197715629697,0.22761803522076235,-9.47734686984855e-06,0.9242031458643953,1.119586812897873,2.4914408033790916,2
9.28049999999985,2.178782214317993,0.22956591017650424,-2.7849496160827693e-06,0.9275498100986048,1.1159566753748469,2.500279399087329,2
9.300499999999875,2.1802522829283695,0.2315334976160976,2.5611755493941387e-07,0.9309033554787954,1.1123277503424354,2.5091150426445052,2
9.3204999999999,2.181728939907156,0.2335284336355285,-1.0894235156447403e-05,0.9342675035385184,1.108693561034066,2.5179635035692303,2
9.340499999999924,2.1832115472496243,0.23554495093614955,-1.4316566741668123e-05,0.9376374100159843,1.1050606346339966,2.526808889586791,2
9.360499999999949,2.184701318727481,0.2375872859445246,-1.4764169852513003e-05,0.941018693559179,1.1014222598831087,2.5356675411541696,2
9.380499999999973,2.1861964091037724,0.23964743484216242,-5.306019885565151e-06,0.9444008420004062,1.097790484498271,2.5445101246998614,2
9.400499999999997,2.187699640787826,0.24173179549808255,-1.2194271582428998e-06,0.9477941161686814,1.094155296616226,2.5533610169344056,2
9.420500000000022,2.189212307566364,0.24384315896484404,-6.020536070720917e-07,0.9512015011591962,1.0905126639731653,2.5622300355435974,2
9.440500000000046,2.190731853678508,0.2459787647586115,-1.4571786164543097e-06,0.954615914045788,1.0868701468442674,2.571098772900914,2
9.46050000000007,2.192258415536581,0.24814033029003874,-2.4813165926108004e-06,0.9580398221868753,1.0832249594761991,2.579974011710124,2
9.480500000000095,2.1937907978576603,0.25032545837999026,-1.8076654677266578e-06,0.9614700143262241,1.079581462702392,2.5888451342898273,2
9.50050000000012,2.195329784999612,0.2525365565692056,-4.832741566013453e-07,0.9649080617087477,1.0759366321541695,2.597719504320283,2
9.520500000000144,2.1968745741146445,0.25477226427565336,-8.935396462196295e-07,0.9683523850936909,1.072293541175867,2.60658963887615,2
9.540500000000169,2.1984253601355657,0.25703268044454614,-1.7320069691939844e-06,0.9718034677412117,1.068651805956273,2.6154564724542917,2
9.560500000000193,2.1999822368645163,0.2593195741857231,-1.4822079025722862e-06,0.9752622415393766,1.0650097271830217,2.624324142510903,2
9.580500000000217,2.201544845017575,0.2616309023651863,-1.4220916602353665e-06,0.9787266532073752,1.061370353248867,2.6331852268723237,2
9.600500000000242,2.2031132359059966,0.2639683682959786,5.066623189895771e-08,0.9821975269312163,1.0577319290608247,2.6420439988084263,2
9.620500000000266,2.2046872138365203,0.26633243535537376,-5.152961828255026e-08,0.9856753636596534,1.0540947737247213,2.6508996813658956,2
9.64050000000029,2.2062667366907176,0.2687226886023898,-5.417106364599954e-07,0.9891592964565576,1.0504597127084214,2.6597502647099303,2
9.660500000000315,2.2078522142673425,0.27114013960631783,-7.160924132487617e-07,0.9926507961016885,1.0468253324094468,2.6685991906552595,2
9.68050000000034,2.209442956048285,0.2735838677280602,-1.4101298127430148e-06,0.9961478393780047,1.0431938730206312,2.6774410048193324,2
9.700500000000364,2.211039266404195,0.27605574035945046,-3.0149936847445097e-06,0.9996524175238112,1.0395632094822145,2.686280881260695,2
9.720500000000388,2.212639896172902,0.2785538959164744,-2.4041381739137735e-06,1.0031610617801445,1.0359368629561914,2.69511024671536,2
9.740500000000413,2.2142456708879585,0.2810775168492342,-1.121336402939936e-06,1.0066741307415705,1.032315151503173,2.703928326774883,2
9.760500000000437,2.215857700721094,0.28363135907836484,-1.5596945238879396e-06,1.0101967276132207,1.0286923953329512,2.7127489504936837,2
9.780500000000462,2.2174742972465826,0.2862111851189214,-1.951693576087883e-06,1.0137235740413224,1.0250749960235264,2.7215565314209784,2
9.800500000000486,2.2190959367653535,0.2888201704412168,-1.910577713433349e-06,1.0172566167762034,1.02145945181873,2.7303595955717874,2
9.82050000000051,2.220721773400686,0.2914568726041827,-1.2102348772304288e-06,1.0207949254283655,1.0178481433714746,2.739152346573801,2
9.840500000000535,2.2223502470592273,0.2941242324506095,-1.62680929228852e-05,1.0243369854499753,1.0142412422365648,2.7479343667283636,2
9.86050000000056,2.223982384153475,0.2968156429818222,-4.814806937748909e-06,1.0278816639791748,1.0106415134102313,2.756698923870741,2
9.880500000000584,2.225619993252442,0.29953475455180256,-1.3129424462380901e-06,1.0314317834193292,1.0070462821611732,2.765452530390187,2
9.900500000000608,2.2272644995096265,0.3022851581215295,-4.972844793561001e-07,1.0349924073955252,1.0034502522556088,2.774208081464604,2
9.920500000000633,2.228914447609625,0.30506696333990807,-4.31191087304611e-07,1.0385609164508316,0.9998557381717079,2.7829599418427975,2
9.940500000000657,2.230569178007531,0.30787981796983405,-3.0460447636770415e-07,1.0421364435287064,0.9962638481240786,2.7917054132631125,2
9.960500000000682,2.2322286698368634,0.3107230917602514,-1.525768569354784e-06,1.0457181216341307,0.9926756383794537,2.8004419239456775,2
9.980500000000706,2.23389213397077,0.31359727470075277,-1.8579624243322173e-07,1.0493057619845187,0.9890911220221374,2.8091694420330566,2
10.00050000000073,2.235559624372767,0.31650206496931105,-5.577426479725577e-07,1.0528987667625396,0.9855113613332296,2.8178853811017017,2
10.020500000000755,2.2372305670180905,0.31943737123288796,-3.2062299424464035e-07,1.0564966616018014,0.981936771642919,2.826588729912893,2
10.04050000000078,2.238904934295585,0.3224037788077669,-1.0445310557844345e-06,1.0600995204943953,0.9783672225599167,2.8352798059410724,2
10.060500000000804,2.2405824506240117,0.3254008217280117,-3.0087368666582676e-07,1.0637069168354294,0.9748033840495778,2.8439569779662452,2
10.080500000000828,2.242263041088218,0.328428122810044,-9.606957276643176e-07,1.0673184464961163,0.9712460797261664,2.8526182406667253,2
10.100500000000853,2.243945995406431,0.3314870261764825,-3.6958615140721e-07,1.0709338956771262,0.967694792604767,2.8612648527883935,2
10.120500000000877,2.245631655064327,0.3345766849787596,-4.507564345447985e-07,1.074553158826654,0.9641504699536694,2.869894507938892,2
10.140500000000902,2.2473197316409683,0.3376976089483058,-3.8839741122538196e-07,1.0781764037029635,0.9606127569870222,2.8785080699446417,2
10.160500000000926,2.249009919719733,0.34084951897540855,1.0491665227697318e-07,1.0818030564530534,0.95708240055231,2.887103720394376,2
10.18050000000095,2.2507021329945296,0.34403272946511415,-6.672326048397808e-07,1.0854328829769853,0.9535596351843929,2.8956808882466953,2
10.200500000000975,2.2523961204792307,0.3472475353732863,-3.170701970370556e-07,1.0890661540890614,0.9500441970427249,2.904240215895974,2
10.220500000001,2.254091503341635,0.35049355882079214,-2.864046914416747e-07,1.092702063463971,0.9465372420200429,2.9127788889946777,2
10.240500000001024,2.255788207604295,0.353771156671623,-5.548950445760006e-07,1.0963406350558942,0.9430385633591407,2.921297410951657,2
10.260500000001048,2.2574860767910394,0.35708025433336427,-3.871935558304024e-07,1.0999818358556332,0.9395483840168461,2.9297952389155046,2
10.280500000001073,2.2591849362421286,0.3604210860935995,-6.083779855521797e-07,1.1036254983377218,0.9360670357646994,2.9382715650946443,2
10.300500000001097,2.2608845240648257,0.3637939559428024,-3.1472128765807807e-07,1.1072717812466348,0.9325943561421335,2.94672678504524,2
10.320500000001122,2.2625845563483478,0.3671976472546241,-5.046361586298601e-07,1.1109192316511325,0.9291321387124403,2.95515653183058,2
10.340500000001146,2.2642848598876184,0.37063364759843537,-6.097888069010431e-07,1.114568776201367,0.9256789728802959,2.963564239943627,2
10.36050000000117,2.2659849715174603,0.3741011885123607,-1.2544509854216489e-07,1.1182197973724828,0.9222360154782401,2.971947092748633,2
10.380500000001195,2.2676850121485135,0.37760095262605725,-5.63250983004364e-07,1.1218723357830342,0.9188030481916978,2.9803056217941264,2
10.40050000000122,2.2693846557258417,0.381133843501615,-2.137755242575885e-06,1.125526937121897,0.9153795907475644,2.988640996440713,2
10.420500000001244,2.2710812883732947,0.38469590499094247,-2.629215500828071e-06,1.1291782668481385,0.91197075517555,2.996940770007356,2
10.440500000001268,2.272775723590067,0.38828760619985575,-1.5172955304849826e-06,1.1328278887541945,0.9085751791533085,3.0052082594528136,2
10.460500000001293,2.274468710284715,0.391913038279715,-1.4056247474874486e-05,1.1364785124844836,0.9051905569632663,3.0134490786981343,2
10.480500000001317,2.276155651172909,0.3955632894094989,-2.3581201375901677e-06,1.1401215803477465,0.9018233911201095,3.021647395533646,2
10.500500000001342,2.277842934729236,0.3992438248974501,-1.7771389060028174e-06,1.1437657683566365,0.8984689839973281,3.029814647658679,2
10.520500000001366,2.279528868709237,0.4029573504885547,-1.538078389324465e-06,1.1474113292754131,0.8951249218881392,3.0379567119245308,2
10.54050000000139,2.281212659992138,0.40670129466302346,-3.8303181616122317e-07,1.1510561020291499,0.8917939542454314,3.0460668940111226,2
10.560500000001415,2.2828939901528837,0.41047685016035435,-8.007266219344274e-07,1.1547001076344006,0.8884757962533691,3.0541458873831013,2
10.58050000000144,2.2845725643175343,0.4142848645207372,-1.2246603781917396e-06,1.1583442713184033,0.8851696918760119,3.062195532823623,2
10.600500000001464,2.286248045828357,0.4181290142043007,-1.8205701708731878e-05,1.1619890845045928,0.8818745954849325,3.070218376210599,2
10.620500000001488,2.2879178110028726,0.42199382206310115,-3.843814829663167e-06,1.1656254608196484,0.8786004013863373,3.0781903270593522,2
10.640500000001513,2.2895863516070016,0.42589515304772396,-1.2714548991238402e-06,1.169265103821838,0.8753354089802161,3.0861398737872996,2
10.660500000001537,2.2912523642091562,0.4298292418387148,-3.3837677908703517e-06,1.1729050390367088,0.8720829130127494,3.09405899440374,2
10.680500000001562,2.2929143463664428,0.4337920118448,-9.841394525592232e-07,1.1765417326599372,0.8688464652360863,3.101939041164311,2
10.700500000001586,2.294572831834799,0.437787567642265,-5.363790193196807e-07,1.180178213851008,0.8656231052147088,3.1097872220859264,2
10.72050000000161,2.296227865961935,0.44181673161388724,-3.151712713366733e-07,1.1838149701980003,0.8624120546741918,3.1176054320976196,2
10.740500000001635,2.2978791320603693,0.44588067853756713,-2.8943633305095165e-06,1.1874524033804752,0.8592130444988704,3.1253943264375326,2
10.76050000000166,2.299525803295801,0.4499733530218641,-8.633706639153178e-07,1.191086155500118,0.8560309384340443,3.1331420629431963,2
10.780500000001684,2.3011682177828323,0.45409880423676324,-1.0259513372951185e-06,1.1947192526425914,0.8528626885885182,3.1408560625670856,2
10.800500000001708,2.302806042370965,0.45825740265128795,-4.73561299082643e-07,1.1983516919479813,0.849708100150576,3.1485367996333795,2
10.820500000001733,2.3044392708958754,0.4624549711227596,-2.1258587540508767e-05,1.2019855793389371,0.8465648545642903,3.156189919321727,2
10.840500000001757,2.306064101837637,0.46667151758521924,-6.348372505317491e-07,1.2056086587459156,0.8434445573065048,3.163787164818945,2
10.860500000001782,2.3076864446570964,0.4709258862952142,-7.144960370020126e-07,1.2092351872710683,0.8403357832510703,3.1713563538234806,2
10.880500000001806,2.3093032569615497,0.4752140021690106,-3.142938088870515e-06,1.2128611979972201,0.8372406719121845,3.1788922770833765,2
10.90050000000183,2.3109139353289456,0.47953567924275936,-1.77581527308209e-05,1.2164845905492994,0.8341615668507649,3.186389228537268,2
10.920500000001855,2.3125158272575854,0.4838804389582399,-3.331959085357688e-07,1.2200994830119891,0.8311029585073788,3.193836274938556,2
10.94050000000188,2.3141143971271116,0.48826217930559895,-1.5679272487267365e-06,1.223717270385377,0.8280570505238551,3.201252398724526,2
10.960500000001904,2.3157070782629643,0.49267654691814056,-7.945424633644284e-07,1.2273334189439309,0.825026316981154,3.2086315760458857,2
10.980500000001928,2.317293584569776,0.4971244562029834,-1.2431177654120775e-06,1.230948378264506,0.8220106460629812,3.2159740791510023,2
11.000500000001953,2.3188738558992545,0.5016056984062832,-1.5497372853062282e-06,1.2345621601685788,0.8190103170327405,3.2232792280941966,2
11.020500000001977,2.3204478570980434,0.5061217156581342,-3.897808542854966e-06,1.2381752605402927,0.8160247723601186,3.2305483803405806,2
11.040500000002002,2.3220142524398275,0.5106667992811559,-3.124127791649211e-06,1.2417835995578157,0.8130582305901122,3.2377712646501613,2
11.060500000002026,2.3235730497428126,0.5152434202876073,-1.1197988642633176e-07,1.245389112623929,0.8101086974202474,3.244952736715919,2
11.08050000000205,2.325124700680682,0.5198538154685867,-4.953915500276585e-07,1.2489928739249647,0.8071752421167022,3.252095062672377,2
11.100500000002075,2.32666998433314,0.5244987420140494,-2.2835411899941597e-06,1.2525963918449348,0.8042569331394249,3.259200510617052,2
11.1205000000021,2.328206613262685,0.5291750564904438,-4.3645192575761566e-07,1.2561963640951683,0.8013564601035434,3.2662625319218073,2
11.140500000002124,2.3297365934408405,0.5338866028715,-1.110288264787105e-06,1.25979633537478,0.7984711920804508,3.273287532325859,2
11.160500000002148,2.3312572798147144,0.5386292215273173,-7.913981174668458e-07,1.2633916080239715,0.7956050430138275,3.280265982227202,2
11.180500000002173,2.3327686664483442,0.54340322162342,-2.841623851555802e-07,1.266982828963741,0.7927573709846583,3.2871994445590924,2
11.200500000002197,2.3342722823809545,0.5482093651613853,-2.0423320272419686e-07,1.270572306875167,0.7899268475820884,3.294091153713176,2
11.220500000002222,2.335767764809976,0.5530503418420963,-1.5993572285045919e-06,1.2741606639404783,0.7871127588653255,3.300942847980077,2
11.240500000002246,2.3372528615072206,0.5579199689507397,-3.786770510502735e-07,1.2777425842584016,0.7843198181480728,3.307743051465561,2
11.26050000000227,2.3387282564591527,0.5628224198896279,-7.569702262830335e-07,1.281321376918321,0.78154495377547,3.3144992429814644,2
11.280500000002295,2.340193275002109,0.5677551803652432,-1.6210903583646335e-06,1.2848953655589803,0.778789858602507,3.3212073007938954,2
11.30050000000232,2.3416467457172163,0.5727236360541106,-2.0981992830858492e-05,1.288465843460553,0.7760527261563968,3.327871623271381,2
11.320500000002344,2.343087983824945,0.5777067924098394,-1.8322944916051712e-06,1.2920231162483795,0.7733432284991464,3.3344686610455563,2
11.340500000002368,2.3445203620662722,0.5827296396373001,-1.6530482988733335e-06,1.2955816391898036,0.7706482589938095,3.3410303259281156,2
11.360500000002393,2.3459428601128285,0.5877828481839305,-2.2374831350063037e-06,1.2991368831889447,0.7679728370515735,3.3475443967439946,2
11.380500000002417,2.347354812024808,0.592865387021919,-1.0976326360934496e-06,1.3026870427278576,0.7653182936281593,3.354007632905351,2
11.400500000002442,2.348755756399315,0.5979805626972852,-8.754055161860811e-07,1.3062339761733097,0.7626826255720123,3.360424911650752,2
11.420500000002466,2.3501463822561064,0.6031264265493986,-2.3108642437003427e-07,1.3097774742975887,0.7600669000147229,3.3667936347467613,2
11.44050000000249,2.351525902673312,0.6083043120374473,-3.730744441314902e-07,1.3133170075832046,0.7574711396694851,3.3731137468916885,2
11.460500000002515,2.352892880612593,0.6135119633512127,-5.657356553462427e-07,1.3168510412147703,0.754896618938071,3.3793821451942616,2
11.48050000000254,2.35424752946192,0.6187484881584283,-6.153284895116964e-07,1.32037920459318,0.7523438394168411,3.3855976083763863,2
11.500500000002564,2.355590013307024,0.624014290770302,-2.009103567880984e-06,1.3239021764912673,0.7498124700725546,3.391760942432041,2
11.520500000002588,2.3569199041442137,0.6293080660015377,-5.3660960856306e-07,1.3274191371048356,0.7473032408506408,3.3978703701027873,2
11.540500000002613,2.3582368384870045,0.6346389381558915,-2.3725880039968054e-05,1.3309335670300932,0.7448130179983519,3.4039335213953166,2
11.560500000002637,2.3595383419103997,0.6399846746525963,-5.514124520287941e-06,1.3344345370674668,0.7423500766502553,3.4099302481559,2
11.580500000002662,2.360828367722396,0.645360625127495,-1.0517664353298164e-06,1.3379315773256832,0.7399092923470616,3.4158730273288933,2
11.600500000002686,2.362105693808179,0.6507690562927244,-1.0742923677380482e-06,1.341425080677535,0.7374886524851036,3.4217667591667036,2
11.62050000000271,2.363369674703092,0.6562056615990536,-1.8659209773991795e-06,1.3449129335896246,0.7350905981832359,3.427605500075599,2
11.640500000002735,2.36461973162062,0.6616706146237759,-1.4670212472835216e-06,1.3483948371097367,0.7327151051082907,3.4333893093015524,2
11.66050000000276,2.3658559122286364,0.6671633650044961,-7.663569240306728e-07,1.351870681288957,0.7303625857156348,3.4391171826054103,2
11.680500000002784,2.3670780533482434,0.6726848478256078,-1.5057111257815332e-06,1.3553408433797554,0.7280328142236914,3.4447896697162292,2
11.700500000002808,2.3682857737177123,0.6782342761466698,-7.1687405112112e-07,1.3588048808465845,0.725726115538984,3.4504059795572557,2
11.720500000002833,2.3694787381504576,0.6838113842123377,-1.629076288363931e-07,1.3622624128270568,0.7234428621536266,3.45596520519117,2
11.740500000002857,2.3706570832674556,0.6894161589475399,-6.099350816295961e-07,1.3657138767825072,0.7211831902398527,3.461467015068184,2
11.760500000002882,2.371820386328186,0.6950485595730531,-5.570714911388617e-07,1.3691591827695413,0.718946982255287,3.466911695378432,2
11.780500000002906,2.372968693199837,0.7007083263833285,-1.7726564917937624e-06,1.3725982115601045,0.7167346891433741,3.472298148172654,2
11.80050000000293,2.3741016043368615,0.706394688166301,-1.3005558931389764e-06,1.37603054653817,0.7145465844926779,3.477625707322175,2
11.820500000002955,2.3752191095383917,0.7121083411942144,-4.246152445427432e-06,1.3794568238010185,0.7123826664387904,3.482894377366423,2
11.84050000000298,2.3763199661744427,0.7178538718435244,-1.9884329811389812e-05,1.3828774625713318,0.7102414020315475,3.4881078907057965,2
11.860500000003004,2.377404185608567,0.723613052891915,-3.6221654464500536e-06,1.386285586108457,0.7081295662054758,3.4932497518475367,2
11.880500000003028,2.37847411454078,0.7294072112633748,-1.930945914949079e-06,1.3896927022193482,0.7060382735700714,3.4983415947859124,2
11.900500000003053,2.379528909608515,0.7352261227116746,-1.1922161308385095e-06,1.3930927537636077,0.7039733305341693,3.5033692821776743,2
11.920500000003077,2.380567527039678,0.7410723164640134,-1.002963670024391e-06,1.3964869193233396,0.7019326561471984,3.508337880685082,2
11.940500000003102,2.3815894759759653,0.7469443428533512,-1.4221879821598482e-06,1.3998743086576555,0.6999173632672515,3.5132446807406046,2
11.960500000003126,2.3825950178758064,0.7528409336677668,-6.791328906040377e-07,1.4032545847487257,0.6979280718592462,3.5180881728644433,2
11.98050000000315,2.3835843429929464,0.7587650406744764,-1.3850845358350894e-06,1.4066295562940825,0.6959633639037985,3.5228718096255336,2
12.000500000003175,2.384557445834157,0.7647131749408839,-1.4732435650018458e-06,1.4099976098711968,0.6940252762037282,3.5275906318517913,2
12.0205000000032,2.385513510327297,0.7706878613043896,-1.5635925154897415e-06,1.4133595492300242,0.6921124984560438,3.532247829846154,2
12.040500000003224,2.3864527361226324,0.776686396667851,-4.218207962528211e-07,1.4167143074619044,0.690226554615958,3.536839693108971,2
12.060500000003248,2.387375189054442,0.7827160556025037,-1.7044004308174055e-05,1.4200656411469115,0.6883652791274617,3.5413714942983536,2
12.080500000003273,2.38827754548981,0.7887641888085348,-1.6636064094500426e-05,1.4234052203421605,0.6865321299684335,3.5458348139899005,2
12.100500000003297,2.3891622658069216,0.7948301055346748,-5.325163530465008e-06,1.4267349639016256,0.6847286188559949,3.550225971481056,2
12.120500000003322,2.3900296684660547,0.8009301962557839,-1.6009932437730657e-05,1.4300628079801079,0.6829485419888173,3.5545600716794006,2
12.140500000003346,2.390878685924363,0.8070484708480546,-1.5191573180016263e-05,1.4333804138186799,0.6811975064271607,3.5588234626121302,2
12.16050000000337,2.3917107035872287,0.8131825723292876,-3.5235450073689927e-06,1.4366885954764823,0.6794767216662305,3.563013199421351,2
12.180500000003395,2.3925272179468418,0.8193466637473509,-8.335779115087707e-07,1.4399947102089057,0.6777809743973666,3.5671419753803244,2
12.20050000000342,2.3933264280172635,0.8255364290556283,-1.3154409004489568e-06,1.4432962330946881,0.6761121094933409,3.5712052986249088,2
12.220500000003444,2.3941069862934206,0.8317487639992568,-1.264133135051772e-06,1.4465898391708014,0.6744719779477331,3.575198662388128,2
12.240500000003468,2.3948717055016986,0.8379838494229057,-8.267026142539592e-07,1.4498785776230567,0.6728601810808612,3.579123037368337,2
12.260500000003493,2.3956181136503014,0.8442425625041516,-8.477319550146126e-08,1.453161191551026,0.671276659131514,3.5829785690710962,2
12.280500000003517,2.396346903927821,0.8505261978443202,-7.555353143302722e-07,1.4564386955731614,0.6697212341345695,3.5867656908027863,2
12.300500000003542,2.3970574970722356,0.8568330106119177,-1.946879844893437e-06,1.459710162013513,0.668194711593415,3.5904824413377714,2
12.320500000003566,2.3977496406214582,0.8631610419986837,-1.8973253711028468e-06,1.4629744732436119,0.6666980636070812,3.5941264538262367,2
12.34050000000359,2.398423065392522,0.8695110033609793,-2.0334968351144817e-06,1.4662320771571646,0.6652310587175871,3.597698291818048,2
12.360500000003615,2.3990771878953034,0.8758822398513797,-1.434968545976723e-06,1.4694824844917231,0.663794002078083,3.6011972123316234,2
12.38050000000364,2.3997114554374748,0.8822739901644555,-6.367994495740966e-07,1.4727249940081677,0.6623873909437332,3.604622004658736,2
12.400500000003664,2.4003263153241043,0.8886872268934287,-3.741183498614408e-07,1.4759607588976646,0.661010982917364,3.6079732589838085,2
12.420500000003688,2.40092276752224,0.8951202909607656,-4.342987998865353e-08,1.4791898693538799,0.6596656230617206,3.6112489177627665,2
12.440500000003713,2.4014999446559306,0.9015732930261556,-1.6610174286986795e-07,1.4824120433503334,0.6583513553829843,3.614448873850125,2
12.460500000003737,2.4020572026526814,0.9080465620854111,-8.36760368811651e-07,1.4856269674294968,0.6570681557147262,3.6175731860858833,2
12.480500000003762,2.4025950483481813,0.9145385884415037,-1.2299703858661027e-06,1.488834457582105,0.6558168710844419,3.620619792142228,2
12.500500000003786,2.403112868738536,0.92104957174654,-1.6662978292472562e-06,1.4920345269981472,0.6545974293289745,3.6235888677207573,2
12.52050000000381,2.4036113645948274,0.9275779631715411,-1.4336385503484128e-06,1.4952270177009521,0.6534107372348945,3.6264782049932998,2
12.540500000003835,2.4040900210556537,0.9341247176118797,-1.8146002672775115e-06,1.4984122382745604,0.652256514773693,3.629288485768399,2
12.56050000000386,2.404548419186734,0.9406886440247271,-1.4846331145168195e-06,1.5015895665646257,0.6511352674574553,3.6320184792340213,2
12.580500000003884,2.4049865133313317,0.9472691715986208,-7.5070093573003e-07,1.504758830325038,0.6500474169424821,3.6346671587487385,2
12.600500000003908,2.4054043481251024,0.9538665639859388,4.72776383872233e-08,1.5079204599553675,0.6489930201883904,3.6372343856282665,2
12.620500000003933,2.4058013694105997,0.9604816592005366,-9.83332947445956e-07,1.5110749041175082,0.6479719160855972,3.639720552139415,2
12.640500000003957,2.406178732201419,0.9671126539864117,-1.3347956538814938e-06,1.5142218427681586,0.6469851615407114,3.642123084944355,2
12.660500000003982,2.4065353561507523,0.9737594008121704,-1.4494967539572193e-06,1.517360873470977,0.6460328033894256,3.6444418700083547,2
12.680500000004006,2.406871713479875,0.9804213133646225,-9.670226325991879e-07,1.5204922359812583,0.6451153121639204,3.646675761687846,2
12.70050000000403,2.4071877135599324,0.9870978031742499,-2.2565830604426456e-07,1.5236158712373378,0.6442330780552386,3.648823809952462,2
12.720500000004055,2.4074832993052877,0.9937906717961442,-1.3587078300499563e-06,1.5267327313078856,0.6433857653186474,3.6508868322676404,2
12.74050000000408,2.4077588057220343,1.0004971510073932,-1.4513687445629598e-06,1.5298419102583658,0.642574541693016,3.6528619854430913,2
12.760500000004104,2.40801383439193,1.007217854032351,-1.5265644642317147e-06,1.5329436097490636,0.6417993915997418,3.6547493074093245,2
12.780500000004128,2.4082481449712883,1.0139518734964337,-1.216149365286458e-06,1.5360374675521764,0.6410608062929128,3.656547602069429,2
12.800500000004153,2.408461909789633,1.0206999559619563,-1.213231426930459e-06,1.539124146930438,0.6403588507180076,3.658256711295286,2
12.820500000004177,2.408654956574533,1.0274601185476684,-2.68761974671066e-07,1.542202835347573,0.6396942501152112,3.6598748692847027,2
12.840500000004202,2.4088273843552126,1.0342340684180567,-8.325575366348965e-07,1.5452747116812888,0.6390669146492871,3.661402294766953,2
12.860500000004226,2.4089794106860163,1.0410205375069874,-1.3510937753186259e-06,1.5483392871617903,0.6384775443373809,3.662837283352464,2
12.88050000000425,2.4091108265572423,1.0478186033327583,-1.48469713052211e-06,1.5513962826233962,0.6379266150060814,3.6641786765069315,2
12.900500000004275,2.409221701198287,1.0546288614559576,-1.9035661115556696e-06,1.5544463239740571,0.637414293199984,3.665426068730473,2
12.9205000000043,2.4093121324367193,1.0614497853928995,-9.599147730697216e-07,1.5574888479474676,0.6369412674235542,3.666577783664389,2
12.940500000004324,2.4093824050165273,1.0682820896987726,-8.054958034251398e-07,1.5605245747681293,0.6365079095446871,3.667632915891196,2
12.960500000004348,2.409432477146283,1.0751252969324512,-9.816010737742332e-07,1.5635536155952328,0.6361145623991664,3.66859063068029,2
12.980500000004373,2.4094612477021813,1.0819784722746446,-5.454076806728806e-07,1.5665748141890816,0.6357614598688968,3.6694503585800766,2
13.000500000004397,2.4094701542457617,1.0888422080356663,-7.634919204433799e-07,1.5695897304108253,0.6354493482298658,3.6702102825707614,2
13.020500000004422,2.4094587773296845,1.0957154951846948,-1.1033435314310472e-06,1.5725977854548585,0.6351786662999968,3.6708693342260945,2
13.040500000004446,2.409426545294059,1.1025981026189744,-1.0339917735391817e-06,1.575598688544651,0.6349496183028225,3.6714270163061706,2
13.06050000000447,2.4093737581826304,1.1094901287513694,-1.746783915791356e-06,1.5785929174066657,0.6347627602501249,3.6718819750431737,2
13.080500000004495,2.4093008134006078,1.1163905832404748,-2.1968557542865126e-06,1.581580423960665,0.6346188004181184,3.672232485938494,2
13.10050000000452,2.409206733005929,1.1232990581613886,-2.1510227584978343e-06,1.5845605969335654,0.6345178697803449,3.6724782301000296,2
13.120500000004544,2.409092161609621,1.1302147001694667,-1.2108871149660324e-06,1.5875335423431323,0.6344608551802164,3.672617048256864,2
13.140500000004568,2.408957216347255,1.137138002730573,-7.179321876483275e-07,1.5904999599765512,0.634448083925031,3.6726481434868803,2
13.160500000004593,2.408802171507394,1.144069025282542,-8.552166094767672e-07,1.5934600104533083,0.634480221320294,3.672569895915805,2
13.180500000004617,2.4086258696417637,1.1510065209701774,-1.0825646981241863e-06,1.5964129247376941,0.6345572563843791,3.6723823322815115,2
13.200500000004642,2.4084295663048643,1.1579508451840383,-2.1218424816630028e-06,1.599359803185232,0.6346802992769558,3.6720827495865422,2
13.220500000004666,2.408212751635772,1.1649001487045494,-2.1032986789636706e-06,1.6022995196155367,0.6348497750665372,3.671670112881474,2
13.24050000000469,2.407975797235713,1.1718535361379858,-3.3258520920508163e-07,1.6052320654911179,0.6350665423805038,3.6711423315952945,2
13.260500000004715,2.407719902702838,1.1788145948346533,-1.6257557637757085e-07,1.6081603909236348,0.6353310642921959,3.670498278245088,2
13.28050000000474,2.4074439120787714,1.1857810901145949,-3.4880667042456314e-07,1.6110827883819083,0.6356440596237647,3.669736202655181,2
13.300500000004764,2.4071475791148407,1.192752504517188,-2.995154061540178e-07,1.6139988568162706,0.6360059504044351,3.6688550772761577,2
13.320500000004788,2.4068309839491517,1.1997290487894172,-4.801733644439873e-07,1.616909150428848,0.6364174412253285,3.6678531865818087,2
13.340500000004813,2.4064939139824646,1.2067098878009346,-3.7834717773949356e-07,1.619813193275449,0.636879048114454,3.6667292741561113,2
13.360500000004837,2.4061366291719306,1.213694175790774,-2.1281650993909787e-07,1.6227110261301139,0.6373914944498869,3.66548157873071,2
13.380500000004862,2.4057594789898875,1.2206812911334253,-2.481115009699385e-07,1.6256028915050338,0.637955548298835,3.664108230228923,2
13.400500000004886,2.40536216959647,1.2276703724835372,-1.758131127104488e-07,1.6284883342433023,0.6385717622993086,3.662607883097335,2
13.42050000000491,2.404944435345928,1.23466178833923,-1.9689250378328404e-07,1.6313675685972742,0.6392406452232386,3.660979298586897,2
13.440500000004935,2.404507071857172,1.2416546504030948,-1.199413938057748e-07,1.6342408965195054,0.6399633643092537,3.6592196347252948,2
13.46050000000496,2.404049958975171,1.2486486522378186,-3.5886165844121994e-07,1.6371082824222667,0.6407405430616753,3.657327373415051,2
13.480500000004984,2.4035724981041873,1.2556429083313108,-1.8714781230600819e-06,1.6399690494545114,0.6415726854854551,3.6553012875136743,2
13.500500000005008,2.4030746177339135,1.2626360872206197,-1.1152575654553906e-06,1.642822923039326,0.6424600301068006,3.6531407962617024,2
13.520500000005033,2.402557404481964,1.2696280508903275,-1.4572469649529988e-06,1.6456706700136232,0.6434041629461609,3.650842038044129,2
13.540500000005057,2.402020064714306,1.2766197817143357,-2.419054379847493e-06,1.6485123713088283,0.6444053471130027,3.6484043722466017,2
13.560500000005081,2.401463002520127,1.2836076011039446,-3.496626831639234e-06,1.6513468423874018,0.6454643339628272,3.6458259694818116,2
13.580500000005106,2.400886561600016,1.2905911593498014,-1.5096285457839707e-06,1.6541743228553796,0.646581939848629,3.643104842107686,2
13.60050000000513,2.4002903498983477,1.297573398839805,-1.256799939947027e-06,1.6569964207059864,0.6477587401147042,3.640239589285937,2
13.620500000005155,2.3996753493680085,1.3045524437949974,-2.7339019837800423e-06,1.6598129532155836,0.6489963964729584,3.6372261651093183,2
13.64050000000518,2.3990419303585164,1.311526183755217,-1.3508617544061947e-06,1.6626233538227668,0.6502955926623202,3.634062904822176,2
13.660500000005204,2.3983895306110408,1.3184985273368612,-2.874695371161876e-06,1.6654292174761591,0.6516576133516889,3.6307466805350184,2
13.680500000005228,2.3977181391298616,1.325464429796432,-3.395605478840527e-06,1.668228445701094,0.6530825260579074,3.627277327859008,2
13.700500000005253,2.397027652402156,1.3324257627489753,-8.014405468178512e-07,1.6710222098519374,0.6545710718604987,3.623653042426612,2
13.720500000005277,2.3963185385234205,1.33938296260903,-2.9449454986490712e-06,1.673811046308631,0.6561253420088464,3.6198687325001995,2
13.740500000005301,2.3955917938933404,1.3463315734265262,-1.3224481582588349e-06,1.6765933940365991,0.6577459987660583,3.615922785613075,2
13.760500000005326,2.3948459045937907,1.3532764796909977,-9.5479948030103e-07,1.6793719195834278,0.6594330474349186,3.6118151888541106,2
13.78050000000535,2.3940820720890104,1.3602149971362665,-1.3477166502410618e-06,1.68214513983792,0.6611891610444693,3.6075394339786833,2
13.800500000005375,2.393299800481986,1.367146569057926,-2.1173824227309345e-07,1.684913309539055,0.663014152678632,3.603095976086809,2
13.8205000000054,2.392498474934196,1.3740724527386927,-2.2890989411054515e-06,1.687676687029359,0.6649093551489176,3.5984815700722,2
13.840500000005424,2.3916790477311403,1.3809881784222002,-1.663663973594137e-06,1.6904339875350067,0.6668751201571059,3.593695359617481,2
13.860500000005448,2.390841362025503,1.3878961320995888,-1.591475052167754e-06,1.6931862444625752,0.6689134135286627,3.5887325583649945,2
13.880500000005473,2.389985157835906,1.3947956503528898,-2.5442944670658143e-06,1.6959336928188704,0.6710245876573115,3.5835923083126326,2
13.900500000005497,2.3891114737587347,1.4016840101380963,-9.075214653649419e-07,1.6986752065079571,0.6732103449354501,3.5782704645049903,2
13.920500000005521,2.3882191331659874,1.4085646782261143,-2.7404982557133855e-06,1.701412744025926,0.6754714581526433,3.5727651453674767,2
13.940500000005546,2.387309791213236,1.4154318168513236,-2.7151347822312255e-07,1.7041439140971804,0.6778091077151387,3.567073476867488,2
13.96050000000557,2.386381958684695,1.422291202875273,-2.366112605284573e-06,1.7068716184571124,0.6802248269918874,3.5611917255849694,2
13.980500000005595,2.385437437323013,1.4291358244436312,-2.6761727099366426e-07,1.7095931475787267,0.6827192399433326,3.555118372311885,2
14.00050000000562,2.3844753715310025,1.435970798767884,-1.714100037505604e-07,1.7123111226099563,0.6852946001998468,3.548847929948199,2
14.020500000005644,2.383496085619519,1.4427938062747792,-2.6205073688738265e-07,1.7150246186170544,0.6879519462742243,3.542377869941019,2
14.040500000005668,2.3824996993426057,1.4496040903242173,-2.843139428088089e-07,1.717733595073444,0.690692391988555,3.535705480375692,2
14.060500000005693,2.38148645085411,1.4564008370771961,-2.0640051401606894e-07,1.7204379332479758,0.6935172592252579,3.5288275427558937,2
14.080500000005717,2.3804564721897523,1.463183585352534,-2.879719964114637e-07,1.723137827644774,0.6964278212172959,3.521740957036149,2
14.100500000005741,2.379409957758799,1.469951600317727,-2.976387519029421e-07,1.7258331872604737,0.6994253597193107,3.5144426024225477,2
14.120500000005766,2.378347113048686,1.4767041724615033,-1.9010659270808693e-07,1.72852405502573,0.7025112005732841,3.5069292507780907,2
14.14050000000579,2.3772681439493266,1.4834408823855554,-3.2750523472741593e-07,1.7312105581780528,0.7056868356119599,3.499197269814358,2
14.160500000005815,2.3761732706220244,1.4901608044101928,-3.8566665313854724e-07,1.7338926111681612,0.7089535146753037,3.491243616442738,2
14.18050000000584,2.375062671421165,1.4968635537821218,-4.879687172777956e-07,1.7365703025932655,0.7123127196583274,3.4830646825710287,2
14.200500000005864,2.373936605507597,1.5035480604304035,-3.827728766613862e-07,1.7392435009854674,0.7157657012393861,3.47465742306932,2
14.220500000005888,2.3727952641048473,1.5102139958950054,-3.1454134277097427e-07,1.7419123836443267,0.719314026466904,3.4660180225153634,2
14.240500000005913,2.371638887077881,1.5168606461560106,-2.437857816138108e-07,1.7445769455650635,0.7229591309753252,3.457142985451382,2
14.260500000005937,2.3704676941765555,1.5234873856490379,-3.102491886789889e-07,1.7472372671632834,0.726702477843002,3.4480287495996467,2
14.280500000005961,2.369281904529353,1.5300937213238406,-3.093808847853886e-07,1.749893242742431,0.7305458258104365,3.438671032809372,2
14.300500000005986,2.368081793306438,1.5366788860384846,-4.828766724658994e-07,1.7525448830205952,0.7344906935255899,3.429066137502911,2
14.32050000000601,2.366867577898602,1.5432420796602466,-2.792349638702735e-07,1.7551923001267256,0.7385381530831754,3.419211453362703,2
14.340500000006035,2.3656395557146244,1.5497826884571129,-2.1063042165374058e-07,1.7578356947472458,0.7426896322835055,3.409103504005377,2
14.36050000000606,2.364397935491163,1.5563002546423488,-1.695007149613199e-07,1.7604748775230203,0.7469472244516102,3.3987371926395578,2
14.380500000006084,2.3631429261816113,1.5627945325915356,-2.93877344209315e-07,1.7631096535393407,0.751313353433225,3.388106617727799,2
14.400500000006108,2.361874921250613,1.5692641039030264,-1.9140537323981458e-07,1.7657400296406311,0.7557886412640795,3.3772102647483275,2
14.420500000006133,2.3605942633094217,1.575708036249729,-1.8350609009903944e-07,1.7683664954072886,0.7603736176166529,3.3660468440638014,2
14.440500000006157,2.3593011129868526,1.5821263837168449,-1.9069201223413043e-07,1.7709904100820781,0.7650689207333081,3.3546148016928146,2
14.460500000006181,2.3579957821614093,1.588518579415886,-3.9248143262090695e-07,1.7736140048867242,0.7698729625875742,3.3429180041346016,2
14.480500000006206,2.356678994831483,1.594881442290614,-2.0707886983878785e-07,1.7762386381965223,0.7747816567839252,3.3309664008739204,2
14.50050000000623,2.3553513958354464,1.6012128235234513,-2.136269273144003e-07,1.7788658804612485,0.7797920357582413,3.3187672172842815,2
14.520500000006255,2.3540134724563964,1.6075109713289457,-2.2285944991749713e-07,1.7814970849949459,0.7849015692254058,3.306326614059881,2
14.54050000000628,2.352665687637091,1.6137743455989677,-2.390417603732309e-07,1.7841334767964714,0.7901082700239512,3.293649429506901,2
14.560500000006304,2.3513084399651585,1.620001781078262,-1.9898888073071602e-07,1.7867761767379504,0.795410613330271,3.2807393762393393,2
14.580500000006328,2.3499421197213786,1.6261921270085016,-3.417183477311364e-07,1.7894261415615937,0.8008072473441166,3.267599745596933,2
14.600500000006353,2.34856717363247,1.6323438870824467,-1.7619683669108932e-07,1.7920840424655113,0.8062966675212189,3.2542342008179017,2
14.620500000006377,2.347183940535872,1.6384562915588754,-2.956435377881339e-07,1.79475071667006,0.8118779721278315,3.240644937427888,2
14.640500000006401,2.345792915822957,1.6445277469233293,-1.9599928363111602e-07,1.7974265127417868,0.8175497992845107,3.226835271307278,2
14.660500000006426,2.344394490675524,1.6505572707322056,-1.2972683706978106e-07,1.8001119007651283,0.8233112247271097,3.2128074528383417,2
14.68050000000645,2.342989037629811,1.6565438214954855,-1.159043583446242e-07,1.8028073197002805,0.8291612124863903,3.198564004380962,2
14.700500000006475,2.3415932747455277,1.662422962888208,-2.661075264822326e-07,1.8055086478762468,0.8350007064099871,3.184346106132205,2
14.7205000000065,2.3401978154617282,1.668227809081019,-1.1930141082652355e-07,1.8082369356419994,0.8408460435422183,3.1701139809406853,2
14.740500000006524,2.33879006715091,1.6740120426056209,-1.3871627571157904e-07,1.8109823503526024,0.846804353798946,3.155606790750392,2
14.760500000006548,2.337373996737209,1.6797610987999207,-6.188661166668297e-07,1.8137366512904345,0.85286624147232,3.140847412067394,2
14.780500000006572,2.335951698119504,1.6854655670509269,-1.2811219230794732e-06,1.816496058549101,0.8590208295140496,3.1258623281397053,2
14.800500000006597,2.33452451436906,1.691121567492194,-2.1221731852828732e-06,1.8192606148681083,0.8652630214793571,3.1106639477024345,2
14.820500000006621,2.333099203570551,1.6967070436967158,-1.9013192344584214e-06,1.822034285982088,0.871547974260277,3.0953614539749776,2
14.840500000006646,2.3316753024977017,1.7022249701718453,-2.372557704221161e-06,1.824839250908748,0.8778458882049178,3.080027402631504,2
14.86050000000667,2.3302396346347622,1.7077188702450579,-3.4523801500287402e-06,1.8276620718425467,0.8842547229039321,3.064423283364339,2
14.880500000006695,2.3287987556368583,1.7131699858142555,-1.4584178795217958e-06,1.830488824444858,0.8907648261706653,3.0485725971496844,2
14.90050000000672,2.3273551165782336,1.7185689858944697,-1.0044561409911018e-06,1.8333172229877999,0.8973613441692974,3.032511509848667,2
14.920500000006744,2.325911074724907,1.7239099668029811,-2.4044847283597985e-06,1.836146639287364,0.9040341166375674,3.0162647594911403,2
14.940500000006768,2.324477577255944,1.7291567997148822,-1.4151393367858782e-06,1.838992705440786,0.9106859120801829,3.0000690836308586,2
14.960500000006792,2.323037779363832,1.7343646851842593,-7.366579079148902e-07,1.8418620328042585,0.9174128607931507,2.9836904258949373,2
14.980500000006817,2.3215912585696157,1.739537378984595,-1.5829448072339295e-06,1.8447387665108057,0.9242497007389199,2.9670442068965426,2
15.000500000006841,2.32014335342395,1.7446573312789169,-1.6158688432426114e-06,1.8476149235971746,0.9311712846289417,2.9501916548164897,2
15.020500000006866,2.3186957832593915,1.7497195091193605,-1.407710286347047e-06,1.850489292033698,0.9381679374752281,2.9331563261472704,2
15.04050000000689,2.317262083436982,1.7546842138684258,-1.2526456069683115e-06,1.8533741441513887,0.9451337790783163,2.9161960161571425,2
15.060500000006915,2.315825035426591,1.759604706885604,-8.7681964847275e-07,1.8562816696589872,0.952161925237788,2.8990840081166893,2
15.08050000000694,2.3143765687516855,1.764496384801948,-2.6241176142350656e-05,1.8591975654015354,0.9593018762297845,2.8816997796144372,2
15.100500000006964,2.312936086334108,1.7693186237309564,-8.417884459495066e-06,1.8621037567663674,0.9665011476260803,2.864171118823456,2
15.120500000006988,2.311497610700294,1.7740844793149986,-5.984340768098089e-06,1.8650077035069472,0.9737722316779749,2.846467609827539,2
15.140500000007012,2.3100758610493495,1.778750942484564,-1.329176935025504e-06,1.8679201906561569,0.9809930922880767,2.8288863839942477,2
15.160500000007037,2.308650683339912,1.78337598198546,-9.958789515389464e-07,1.8708521150389779,0.9882790566708868,2.8111466446274056,2
15.180500000007061,2.307223679609466,1.7879590320465581,-1.833439858355929e-06,1.8737857918696366,0.9956583810851258,2.7931795938796933,2
15.200500000007086,2.305798719913613,1.7924860438817116,-2.144782957051162e-06,1.8767145104685865,1.0031023976085272,2.7750550319096727,2
15.22050000000711,2.304381006004387,1.7969450453555542,-1.5265442816914532e-06,1.879634986197085,1.01058393187598,2.7568391223889184,2
15.240500000007135,2.302980292578308,1.801310700219477,-1.3128400703246557e-06,1.8825644154787728,1.0180077407049641,2.738763761761826,2
15.26050000000716,2.301577281167424,1.8056350063998547,-1.5738082167036049e-06,1.8855086318593393,1.0254934238708864,2.7205377505752333,2
15.280500000007184,2.3001752056083213,1.8099135309587122,-1.5102061498266895e-06,1.8884514669670889,1.033055263821553,2.702126314173609,2
15.300500000007208,2.29877800282871,1.8141348458065145,-1.0419137905675523e-06,1.8913862349860913,1.0406694408948356,2.6835874482560524,2
15.320500000007232,2.297397787958679,1.8182641244327045,-1.1280327331794303e-07,1.894308626887078,1.4,2.0869565217391304,3
15.340500000007257,2.296050877564823,1.8222528712539798,-9.490922063730601e-07,1.8972570290725008,1.4,2.0869565217391304,3
15.360500000007281,2.2947914852858795,1.8259510920558877,-3.5713029448800213e-07,1.9002864854829666,1.4,2.0869565217391304,3
15.380500000007306,2.2935854230383095,1.8294566481132957,-2.0871522438369191e-07,1.9033354045773854,1.4,2.0869565217391304,3
15.40050000000733,2.2924386809684485,1.8327534823475544,-1.3532630203445006e-07,1.9064405469254746,1.4,2.0869565217391304,3
15.420500000007355,2.2913663790768193,1.8358067395966853,-1.0922892631201666e-07,1.9095313889329995,1.4,2.0869565217391304,3
15.440500000007379,2.290338908083529,1.8386987601967233,-2.7342838569460196e-07,1.912646218277946,1.4,2.0869565217391304,3
15.460500000007404,2.2893642804421726,1.8414142797577213,-2.458558512768944e-07,1.9157091382725628,1.4,2.0869565217391304,3
15.480500000007428,2.2884410265155464,1.8439609284067766,-2.4159726107431487e-07,1.9187712689799745,1.4,2.0869565217391304,3
15.500500000007452,2.2875450959896964,1.8464038848965918,-1.7980605089393638e-07,1.9217921823990456,1.4,2.0869565217391304,3
15.520500000007477,2.286685306620588,1.8487264965011578,-2.2487305794063768e-07,1.9247578935560297,1.4,2.0869565217391304,3
15.540500000007501,2.285856451546576,1.850946246581512,-2.1739323078678763e-07,1.9276990115104977,1.4,2.0869565217391304,3
15.560500000007526,2.285045200139878,1.8530965612771038,-3.290890489002094e-07,1.9306079112916477,1.4,2.0869565217391304,3
15.58050000000755,2.284250464716595,1.8551832594207878,-1.708577045312666e-07,1.9334808783247373,1.4,2.0869565217391304,3
15.600500000007575,2.2834700863587476,1.857214179816769,-2.392786323573692e-07,1.9363217360170806,1.4,2.0869565217391304,3
15.620500000007599,2.2827016871485966,1.8591968047555925,-1.3084010676601222e-07,1.9391371542336122,1.4,2.0869565217391304,3
15.640500000007624,2.281943327942211,1.861137077841595,-1.8721660928148396e-07,1.9419339284265802,1.4,2.0869565217391304,3
15.660500000007648,2.281193276071674,1.8630402985107295,-2.410175666986888e-07,1.9447162948742325,1.4,2.0869565217391304,3
15.680500000007672,2.280449795566473,1.8649114234001636,-2.6949742107829114e-07,1.9474879723771228,1.4,2.0869565217391304,3
15.700500000007697,2.279711834431635,1.8667537098564038,-2.3244522189573085e-07,1.9502514494719896,1.4,2.0869565217391304,3
15.720500000007721,2.2789784805896947,1.8685698470133758,-2.574188610239312e-07,1.9530090318343567,1.4,2.0869565217391304,3
15.740500000007746,2.278249107080861,1.870361894610838,-2.1186159495888826e-07,1.9557627053903215,1.4,2.0869565217391304,3
15.76050000000777,2.2775230293622695,1.8721318560522897,-1.7769233590081324e-07,1.958514266756244,1.4,2.0869565217391304,3
15.780500000007795,2.276799675858072,1.8738814431183821,-2.813084145470005e-07,1.9612653239799067,1.4,2.0869565217391304,3
15.800500000007819,2.2760786604803944,1.8756119059150977,-2.780497634533694e-07,1.964016650530864,1.4,2.0869565217391304,3
15.820500000007844,2.275359461993846,1.8773247079315036,-1.9655030515810083e-07,1.9667695169659603,1.4,2.0869565217391304,3
15.840500000007868,2.2746418717944827,1.8790205993575544,-1.553609638456829e-07,1.9695239903349562,1.4,2.0869565217391304,3
15.860500000007892,2.273925442113746,1.8807007878111655,-2.2980365661169994e-07,1.9722812667221374,1.4,2.0869565217391304,3
15.880500000007917,2.2732100120842316,1.8823659770806287,-2.183121284674909e-07,1.9750415293719907,1.4,2.0869565217391304,3
15.900500000007941,2.272495282556339,1.8840169755983665,-3.0452399296221265e-07,1.9778050319511766,1.4,2.0869565217391304,3
15.920500000007966,2.271780985417975,1.8856544377175741,-9.113312223730397e-08,1.9805722560595274,1.4,2.0869565217391304,3
15.94050000000799,2.271067083266755,1.8872788565183334,-1.7011382002187353e-07,1.983342876453871,1.4,2.0869565217391304,3
15.960500000008015,2.2703532496064196,1.8888908805388618,-1.7864082169682974e-07,1.9861173977187176,1.4,2.0869565217391304,3
15.980500000008039,2.2696394154343786,1.8904909843592663,-1.639934312329289e-07,1.9888957207437108,1.4,2.0869565217391304,3
16.00050000000806,2.268925352270503,1.8920796512376836,-1.4787033498455947e-07,1.9916779495378274,1.4,2.0869565217391304,3
16.020500000008013,2.268211056850537,1.893657164245607,-1.338344321372705e-07,1.9944639255242436,1.4,2.0869565217391304,3
16.040500000007967,2.2674963138308915,1.895224134785896,-2.8824448362100184e-07,1.9972536860560621,1.4,2.0869565217391304,3
16.06050000000792,2.266780884159304,1.8967809793600803,-2.0681050622695945e-07,2.0000476258993722,1.4,2.0869565217391304,3
16.080500000007873,2.266064898614405,1.8983277903966036,-3.412347528449159e-07,2.002844971338827,1.4,2.0869565217391304,3
16.100500000007827,2.2653479908782974,1.8998651396923614,-1.3595302254702322e-07,2.0056463047488076,1.4,2.0869565217391304,3
16.12050000000778,2.2646301886291935,1.9013932874742119,-3.6606546001809754e-07,2.0084512042173417,1.4,2.0869565217391304,3
16.140500000007734,2.263911524702599,1.902912319502189,-3.1453654951440383e-07,2.0112592266684155,1.4,2.0869565217391304,3
16.160500000007687,2.2631916467978574,1.9044228121299498,-2.425071186419277e-07,2.0140710613367,1.4,2.0869565217391304,3
16.18050000000764,2.262470624097979,1.905924892884341,-1.4152017060798884e-07,2.016886296972625,1.4,2.0869565217391304,3
16.200500000007594,2.2617483220001495,1.9074188395469969,-1.1103008453910055e-07,2.0197046824284843,1.4,2.0869565217391304,3
16.220500000007547,2.2610246615840626,1.908904949313267,-2.531931498930969e-07,2.02252631686971,1.4,2.0869565217391304,3
16.2405000000075,2.2602996465681464,1.9103832715344466,-3.4466642749738726e-07,2.0253507740985826,1.4,2.0869565217391304,3
16.260500000007454,2.259573071924022,1.9118542372616805,-1.906992332126178e-07,2.028178455847303,1.4,2.0869565217391304,3
16.280500000007407,2.258844959926322,1.9133178688891483,-1.9718960257430567e-07,2.0310087422520238,1.4,2.0869565217391304,3
16.30050000000736,2.258115206741431,1.9147743921388294,-1.1703862366905943e-07,2.0338416494367677,1.4,2.0869565217391304,3
16.320500000007314,2.25738378465695,1.9162240330717961,-1.5530324875570718e-07,2.0366771855237316,1.4,2.0869565217391304,3
16.340500000007268,2.2566506215548645,1.9176669559954762,-1.7299763292235296e-07,2.039515239734327,1.4,2.0869565217391304,3
16.36050000000722,2.2559156527446307,1.919103337747397,-6.369275999666261e-08,2.042355586024926,1.4,2.0869565217391304,3
16.380500000007174,2.2551778900496746,1.9205335586073975,-1.8170389376098682e-06,2.0451984481791183,1.4,2.0869565217391304,3
16.400500000007128,2.2544395511380477,1.9219542167985106,-2.1628730133362237e-07,2.0480370528487977,1.4,2.0869565217391304,3
16.42050000000708,2.253698678071975,1.9233685158073335,-1.2836765295152635e-06,2.050876853891054,1.4,2.0869565217391304,3
16.440500000007034,2.2529570180485297,1.924775237500068,-8.241365588738382e-07,2.0537153638146313,1.4,2.0869565217391304,3
16.460500000006988,2.252213637799612,1.9261753176273788,-1.1610334257675626e-06,2.056554382125352,1.4,2.0869565217391304,3
16.48050000000694,2.2514687555753614,1.9275688304031602,-8.058987669343499e-07,2.0593930399461575,1.4,2.0869565217391304,3
16.500500000006895,2.2507218663840107,1.9289561959962909,-8.053363760393909e-07,2.062232599141114,1.4,2.0869565217391304,3
16.520500000006848,2.249972705632661,1.9303380507923642,-1.1100211264085095e-06,2.0650733502074763,1.4,2.0869565217391304,3
16.5405000000068,2.249222074936306,1.9317139197214819,-6.904894671504407e-07,2.0679145228250135,1.4,2.0869565217391304,3
16.560500000006755,2.248468789198597,1.933085166886259,-1.5008769416935394e-06,2.070758068573647,1.4,2.0869565217391304,3
16.580500000006708,2.2477137495831063,1.9344508033328678,-9.102147024412768e-07,2.0736019102645535,1.4,2.0869565217391304,3
16.60050000000666,2.2469561572021792,1.9358114504433594,-1.169851648692637e-06,2.0764474151277863,1.4,2.0869565217391304,3
16.620500000006615,2.2461963564522267,1.9371672594028932,-1.0080514199526408e-06,2.0792938054913153,1.4,2.0869565217391304,3
16.64050000000657,2.245434455829641,1.9385178985817673,-2.147847049588711e-07,2.0821407070878997,1.4,2.0869565217391304,3
16.66050000000652,2.2446694665837303,1.9398644471858295,-1.4568463815830765e-06,2.08499022988193,1.4,2.0869565217391304,3
16.680500000006475,2.2439027496660846,1.941205570869018,5.374235150414867e-08,2.087838856584058,1.4,2.0869565217391304,3
16.70050000000643,2.243132785355629,1.942542975745585,-1.2307406184229529e-06,2.090690497395021,1.4,2.0869565217391304,3
16.720500000006382,2.242361316527099,1.943874992050823,-2.4625243856397225e-07,2.0935409549225295,1.4,2.0869565217391304,3
16.740500000006335,2.241586314889098,1.9452036020089047,-1.3182780581853564e-06,2.0963941015860406,1.4,2.0869565217391304,3
16.76050000000629,2.2408095826237715,1.9465271075936301,-4.2444581078329357e-07,2.099246748557035,1.4,2.0869565217391304,3
16.780500000006242,2.2400296270150797,1.9478472157612954,-9.408792772151005e-07,2.1021015242690355,1.4,2.0869565217391304,3
16.800500000006195,2.2392475065267408,1.9491626590386395,1.344464444466382e-08,2.1049558839456877,1.4,2.0869565217391304,3
16.82050000000615,2.238461838479852,1.9504747646452028,-1.1558249411103931e-06,2.1078130681141864,1.4,2.0869565217391304,3
16.840500000006102,2.237674139577693,1.9517823609389007,-6.256723582553183e-07,2.1106696931469773,1.4,2.0869565217391304,3
16.860500000006056,2.2368831685921577,1.9530865982413255,-9.669692635268426e-07,2.1135280352078865,1.4,2.0869565217391304,3
16.88050000000601,2.2360897937447413,1.954386684425017,-7.260039279626761e-07,2.116386598518172,1.4,2.0869565217391304,3
16.900500000005962,2.2352934045368937,1.9556832664214177,-8.261945958283946e-07,2.11924610813265,1.4,2.0869565217391304,3
16.920500000005916,2.234494155848254,1.9569760532504106,-9.869955458175622e-07,2.122106579504401,1.4,2.0869565217391304,3
16.94050000000587,2.2336921418240783,1.9582652401911655,-4.502296915846359e-07,2.124967374086438,1.4,2.0869565217391304,3
16.960500000005823,2.232886831299454,1.9595512193254194,-1.2184427711667519e-06,2.127830077258205,1.4,2.0869565217391304,3
16.980500000005776,2.2320793528096305,1.9608330746980729,-1.9038179058212246e-07,2.1306919142946157,1.4,2.0869565217391304,3
17.00050000000573,2.2312680103016915,1.9621122283840189,-1.0923282081958537e-06,2.1335559838179847,1.4,2.0869565217391304,3
17.020500000005683,2.230454245535972,1.9633875229808888,-9.851789687684902e-07,2.1364200407903104,1.4,2.0869565217391304,3
17.040500000005636,2.2296371834139084,1.9646600154319358,-1.3759795263259128e-06,2.139285595375882,1.4,2.0869565217391304,3
17.06050000000559,2.2288175397333196,1.9659289161819946,-2.0413090198586017e-07,2.14215113344423,1.4,2.0869565217391304,3
17.080500000005543,2.2279939754713927,1.9671950751603493,-1.0318665714881095e-06,2.1450189063726275,1.4,2.0869565217391304,3
17.100500000005496,2.2271681492633215,1.9684574960086014,1.9910352752182916e-09,2.147885775845126,1.4,2.0869565217391304,3
17.12050000000545,2.226338152830487,1.9697177944900177,-1.5257201262907434e-06,2.1507560331724616,1.4,2.0869565217391304,3
17.140500000005403,2.225506084687743,1.9709739584750685,1.7587119681924672e-09,2.1536242569428463,1.4,2.0869565217391304,3
17.160500000005356,2.224669890140812,1.9722279355826418,-9.902194551711074e-07,2.1564954627112822,1.4,2.0869565217391304,3
17.18050000000531,2.223831326962544,1.973478180245692,-5.004472550240104e-07,2.1593654164375264,1.4,2.0869565217391304,3
17.200500000005263,2.222988973731214,1.9747257310989703,-1.2519777601153113e-06,2.1622370268384916,1.4,2.0869565217391304,3
17.220500000005217,2.222143942276506,1.9759697322625271,-8.166327955910744e-07,2.1651081003862633,1.4,2.0869565217391304,3
17.24050000000517,2.2212955239226417,1.9772110337283462,-1.0726120100095457e-06,2.1679800320669296,1.4,2.0869565217391304,3
17.260500000005123,2.2204443596654326,1.9784491548263916,-1.003332360210629e-06,2.1708521403962666,1.4,2.0869565217391304,3
17.280500000005077,2.2195895005716855,1.9796847387886363,-1.3871631985128454e-06,2.1737254807154582,1.4,2.0869565217391304,3
17.30050000000503,2.2187322429758125,1.9809167254407896,-3.629220915119204e-07,2.176597974055974,1.4,2.0869565217391304,3
17.320500000004984,2.217870541943634,1.9821467839889635,-1.3959491238542751e-06,2.179472967113933,1.4,2.0869565217391304,3
17.340500000004937,2.217006455260882,1.9833734519546602,-9.54433120727041e-07,2.1823471337141602,1.4,2.0869565217391304,3
17.36050000000489,2.2161386819813984,1.984597469877199,-1.268842579033782e-06,2.1852226471676888,1.4,2.0869565217391304,3
17.380500000004844,2.2152678939626615,1.9858184602406952,-9.698304440883808e-07,2.1880976701941366,1.4,2.0869565217391304,3
17.400500000004797,2.214394219089085,1.9870364417250255,-1.7516318737256454e-07,2.190973080049619,1.4,2.0869565217391304,3
17.42050000000475,2.213516000009595,1.988252508027829,-1.36655151579926e-06,2.1938507892302535,1.4,2.0869565217391304,3
17.440500000004704,2.2126357322591246,1.9894648164877409,-3.028640032470926e-07,2.196726634675654,1.4,2.0869565217391304,3
17.460500000004657,2.2117510686737636,1.9906749331147222,-1.4446797116857406e-06,2.1996042699567235,1.4,2.0869565217391304,3
17.48050000000461,2.210864172946241,1.991881734668724,-4.04724527824658e-07,2.202480702207225,1.4,2.0869565217391304,3
17.500500000004564,2.2099730399915383,1.993086144584483,-1.5737162611826858e-06,2.2053589235323083,1.3997657250501914,2.0869565217391304,3
17.520500000004517,2.2090794717351723,1.9942871264592485,-1.0477012138600273e-06,2.20823578322988,1.3962644251574803,2.0869565217391304,3
17.54050000000447,2.208181928979492,1.9954863629154156,-1.4028135393677515e-06,2.2111145213602956,1.3927591497179375,2.0869565217391304,3
17.560500000004424,2.207280698880241,1.9966836916333792,-6.981187795665367e-07,2.21399393849517,1.3892522890657522,2.0869565217391304,3
17.580500000004378,2.2063746876040993,1.9978801243518394,-8.585259931062993e-07,2.2168763640399236,1.3857415215085727,2.0869565217391304,3
17.60050000000433,2.2054640001239854,1.9990755173431491,-1.031491551909588e-06,2.2197598225078434,1.3822285311608895,2.0869565217391304,3
17.620500000004284,2.2045487745304704,2.0002699138484,-9.088559220375018e-07,2.222644605707392,1.3787141504917377,2.0869565217391304,3
17.640500000004238,2.2036283310793117,2.0014639707647324,-1.098853861611599e-06,2.2255311636441584,1.3751969275890614,2.0869565217391304,3
17.66050000000419,2.2027029401503966,2.002657643528008,-9.043936105673197e-07,2.2284195013332315,1.3716781252132142,2.0869565217391304,3
17.680500000004145,2.201771547733136,2.003851760981971,-1.6308515891539215e-06,2.231310707866401,1.368155375997632,2.0869565217391304,3
17.700500000004098,2.2008356001089187,2.00504536727269,-4.63298921576264e-07,2.2342021247663486,1.3646327684522745,2.0869565217391304,3
17.72050000000405,2.199893223203402,2.0062397108600605,-1.3073466179533932e-06,2.2370975804638094,1.3611059381467916,2.0869565217391304,3
17.740500000004005,2.1989452563463994,2.00743426539187,-1.4299564063257978e-06,2.239994138941363,1.3575775610813778,2.0869565217391304,3
17.760500000003958,2.1979921224232695,2.0086287055370344,-6.913442667118218e-08,2.242891141104184,1.3540492953053391,2.0869565217391304,3
17.78050000000391,2.197031976648483,2.009824270320124,-1.174203813939475e-06,2.245792198408474,1.3505168631579938,2.0869565217391304,3
17.800500000003865,2.1960662489390406,2.011020134189294,-9.459792142695005e-07,2.248693633058962,1.346984288845646,2.0869565217391304,3
17.82050000000382,2.1950947597266413,2.012216581441086,-1.6095655952053983e-07,2.251596723851465,1.343451117141317,2.0869565217391304,3
17.84050000000377,2.1941155382753252,2.013414643643612,-1.6809446785526783e-06,2.2545035062477026,1.3399134930899796,2.0869565217391304,3
17.860500000003725,2.19313120450203,2.014612577899614,-5.756466370748808e-07,2.25740898965535,1.3363785056217488,2.0869565217391304,3
17.88050000000368,2.192139857227466,2.015811810642803,-1.0558531129763462e-06,2.260317123370878,1.332841754622061,2.0869565217391304,3
17.900500000003632,2.1911416928300347,2.0170121682528857,-1.2568245712087937e-06,2.263226688180867,1.3293038052291473,2.0869565217391304,3
17.920500000003585,2.1901377753172273,2.018212956252329,-2.2782989973594325e-07,2.2661360256841294,1.3257680406000674,2.0869565217391304,3
17.94050000000354,2.1891257792398915,2.01941580977086,-1.466511196962139e-06,2.2690486077970347,1.3222288125220558,2.0869565217391304,3
17.960500000003492,2.1881075107529155,2.0206194191537072,-1.23499255921386e-06,2.27196089264176,1.318691405628205,2.0869565217391304,3
17.980500000003445,2.187082320686646,2.0218242322902453,-7.191629548170344e-07,2.2748743638957825,1.3151545704476764,2.0869565217391304,3
18.0005000000034,2.1860493082645616,2.023030786845281,-1.4449065951805216e-06,2.277789479158088,1.3116164828256371,2.0869565217391304,3
18.020500000003352,2.1850098100771644,2.024238448493433,-1.015128724657147e-06,2.2807044174709734,1.3080804127063854,2.0869565217391304,3
18.040500000003306,2.1839626718642413,2.025447703748413,-1.1056812160691356e-06,2.2836209585975893,1.304544473146942,2.0869565217391304,3
18.06050000000326,2.1829079069293265,2.026658609437975,-1.4091375812827547e-06,2.2865379476020578,1.3010090654898447,2.0869565217391304,3
18.080500000003212,2.1818464455764772,2.027870518529245,3.3134535122212236e-08,2.289453955644232,1.297476982061621,2.0869565217391304,3
18.100500000003166,2.1807761751127686,2.02908477736302,-1.4461930670617417e-06,2.2923728845214595,1.2939432896322316,2.0869565217391304,3
18.12050000000312,2.1796991281643496,2.0303001219437196,-8.033295307889071e-07,2.295290172014128,1.2904132285373646,2.0869565217391304,3
18.140500000003073,2.1786140360898494,2.031517291782469,-1.1479600722224822e-06,2.2982085838842243,1.2868842627113213,2.0869565217391304,3
18.160500000003026,2.1775208498066987,2.0327365172552105,-1.3746177334339098e-06,2.3011274523959466,1.2833562580303495,2.0926978065348014,3
18.18050000000298,2.176419573637679,2.0339577015461594,-7.921968757963586e-07,2.3040472429146233,1.2798298115458122,2.1012839371058485,3
18.200500000002933,2.175308325195721,2.035182606786362,-9.031753815673521e-07,2.3069714675925805,1.276299722808369,2.1098789357709276,3
18.220500000002886,2.174187230804562,2.0364116246284505,-6.67981380805615e-07,2.309901290930413,1.2727658119649021,2.1184832404332816,3
18.24050000000284,2.1730541880375256,2.037646308447976,-1.4367389652950304e-06,2.3128397456084118,1.2692232297791177,2.1271086579291043,3
18.260500000002793,2.171910302298607,2.038886179035379,-8.382734165069634e-07,2.315785321025037,1.265674756759278,2.135748418325236,3
18.280500000002746,2.1707535435936243,2.0401323339019277,-1.402311201476672e-06,2.318741377448638,1.2621164733656784,2.1444120648487828,3
18.3005000000027,2.1695842177718325,2.041384805106599,-1.5557468605338827e-06,2.321706606786432,1.2585493440385411,2.153097249297465,3
18.320500000002653,2.1684026746613574,2.042643397489149,-3.9524213419908397e-07,2.3246805279409695,1.2549746334931453,2.1618008923645156,3
18.340500000002606,2.167206549292021,2.043909258227892,-1.2482627978649935e-06,2.3276667398372703,1.2513879685674452,2.1705336417488295,3
18.36050000000256,2.1659977107138815,2.0451816239263327,-2.7596693753328422e-08,2.3306616454697195,1.2477934982110273,2.179285395660107,3
18.380500000002513,2.1647738035163746,2.0464617758738393,-1.1509211852197669e-06,2.3336694436100935,1.2441867606223433,2.1880670176151638,3
18.400500000002467,2.163536628737965,2.047748652222772,-8.352376025760308e-08,2.3366863795023374,1.2405722555699978,2.1968675516556577,3
18.42050000000242,2.1622833120985145,2.0490439880668814,-1.3624832553497016e-06,2.339716758090909,1.2369440949187074,2.2057013341109735,3
18.440500000002373,2.1610163116393344,2.050346266443457,-6.142538495802538e-07,2.3427565949249587,1.233308467350989,2.214553296884548,3
18.460500000002327,2.15973302315137,2.051657044557814,-1.0833545651396608e-06,2.3458092912168684,1.2296600858231042,2.223436312778529,3
18.48050000000228,2.158434825731781,2.052975437191196,-6.832105817305167e-07,2.3488729376527515,1.226002709721692,2.2323412285037065,3
18.500500000002233,2.157120178939427,2.054302207098948,-9.510510002424641e-07,2.351948520374048,1.2223338073357262,2.241274208226058,3
18.520500000002187,2.155789622497089,2.0556368578675426,-1.2825184822547747e-06,2.3550354461033733,1.2186554489338488,2.2502302112914987,3
18.54050000000214,2.1544428709556294,2.0569798443462335,-9.757321246469152e-07,2.3581335842456017,1.2149669701518269,2.2592108552825088,3
18.560500000002094,2.1530791950627806,2.058331290793336,-1.6097068061007126e-06,2.361243991872136,1.211267955370913,2.268217152140386,3
18.580500000002047,2.1516990851417575,2.059690781487487,-5.86177758768657e-07,2.3643646527358646,1.2075602290396752,2.277244659729486,3
18.600500000002,2.1503010754484992,2.061059287653159,-1.2889626857952052e-06,2.3674985948184935,1.203840938057418,2.286300324729765,3
18.620500000001954,2.148886457990109,2.062435759797846,-4.5126653980564584e-07,2.3706423267267636,1.2001139931006826,2.29537462549399,3
18.640500000001907,2.1474532636432913,2.0638213232591482,-6.200118212941855e-07,2.373798497948122,1.196375770890083,2.304476383919798,3
18.66050000000186,2.1460024493313683,2.0652149008929155,-9.07747882874879e-07,2.3769649536721085,1.192629840444452,2.313596910222204,3
18.680500000001814,2.1445336190766398,2.066616955856976,-8.761859428196029e-07,2.380142291755055,1.1888752377547247,2.322738551553714,3
18.700500000001767,2.14304661378861,2.0680278083637877,-1.173877328625646e-06,2.3833308504049544,1.1851118762915536,2.331901518594478,3
18.72050000000172,2.141541399331145,2.0694473680917307,-9.239922607688214e-08,2.386529762238819,1.1813403751660996,2.34108430394341,3
18.740500000001674,2.140016539590757,2.0708755082374832,3.6164195523300235e-09,2.3897399610604593,1.1775599766555835,2.350288752490753,3
18.760500000001628,2.138472206765607,2.0723128801846156,-8.882242808831422e-07,2.392962108641274,1.1737702083239179,2.359516014515678,3
18.78050000000158,2.136908865731257,2.073758698411913,-1.331429489981759e-06,2.396194107104372,1.1699734947567242,2.36876018667928,3
18.800500000001534,2.135326295851257,2.075213069808101,-5.244509492509669e-07,2.3994361896408574,1.1661697451983741,2.3780214899517844,3
18.820500000001488,2.133723463961099,2.076676846446918,-1.9614572759214478e-07,2.4026895179588816,1.1623570912482029,2.387304473482636,3
18.84050000000144,2.132100007922389,2.078149609993991,-7.034047195967419e-07,2.4059541457782423,1.1585363428128934,2.396607165325129,3
18.860500000001394,2.130456501759805,2.0796306241909237,-4.975753592918701e-07,2.4092278712955095,1.1547098221877512,2.405923911195041,3
18.880500000001348,2.12879201955482,2.0811209732295723,-8.375847467267186e-07,2.412512911247541,1.1508750752545156,2.4152606863368318,3
18.9005000000013,2.127107140278299,2.0826199533223493,-4.647819516262612e-07,2.4158073312008534,1.1470345713221919,2.4246114785198802,3
18.920500000001255,2.1254009773385962,2.084127855910923,-2.063928946966156e-07,2.4191119592633252,1.1431872513674257,2.4339788662358326,3
18.940500000001208,2.123672959473265,2.085644651296716,-2.787194427122458e-07,2.422426886534274,1.1393330534440462,2.443363000310148,3
18.96050000000116,2.1219235181930647,2.0871702155052536,-2.918025220898602e-07,2.4257513832377895,1.1354730937921964,2.452761162940739,3
18.980500000001115,2.1201519613300954,2.0887041146540315,-6.897389032880774e-07,2.4290851674983203,1.1316077634239416,2.4621724020982287,3
19.000500000001068,2.1183588746326203,2.0902470517553686,-6.236304884404635e-07,2.4324282785971025,1.1277369659856609,2.471596952382739,3
19.02050000000102,2.116543124357846,2.0917989423327814,-6.771957168223245e-07,2.435781376032721,1.1238601569495272,2.4810361396011507,3
19.040500000000975,2.114705044472458,2.0933597140058375,-4.5548664294584935e-08,2.4391441234868583,1.1199781579465173,2.490487963260653,3
19.06050000000093,2.112843286102133,2.0949294346915757,-5.239656258118223e-07,2.4425165669385596,1.1160901802451058,2.4999543437510465,3
19.08050000000088,2.1109583646018764,2.0965077909395036,-1.0739299610099066e-06,2.4458979712886633,1.1121975402489253,2.50943207591566,3
19.100500000000835,2.109050525597939,2.098094975324676,-8.769168758802577e-07,2.4492884243237474,1.108300492352119,2.518920540360058,3
19.12050000000079,2.107118989634926,2.0996908747774117,-1.5359143338116985e-07,2.452687868443504,1.104398944191824,2.528419961967732,3
19.140500000000742,2.1051629027559464,2.101295757586153,-1.101144591937207e-06,2.4560973140115707,1.1004921208964964,2.537932227382443,3
19.160500000000695,2.103183081554362,2.1029092105624647,-3.917086328008438e-07,2.4595148639877364,1.0965817169947427,2.5474532107954087,3
19.18050000000065,2.101178424470975,2.1045310167077513,-8.50272368019879e-07,2.462941286364351,1.0926675092874971,2.5569834556478326,3
19.200500000000602,2.099149244703851,2.106161130425014,-7.701647167817895e-07,2.4663755193362755,1.0887501722349273,2.5665213197758288,3
19.220500000000555,2.097095793450298,2.1077994399229705,1.2177152051606458e-07,2.469817408176114,1.0848304297640876,2.576065040574395,3
19.24050000000051,2.095016173918233,2.109446944857834,-1.1927773729513564e-06,2.4732695682830945,1.0809054667542348,2.5856214722505584,3
19.260500000000462,2.0929118610660873,2.111102439824401,-9.366653978041366e-07,2.4767285740662794,1.0769788276627072,2.595181984821234,3
19.280500000000416,2.0907820265389345,2.1127663129449292,-4.997019124169961e-07,2.4801959747091518,1.0730494140659061,2.604749252709098,3
19.30050000000037,2.0886264144865136,2.114438462733607,-1.8854125486144766e-07,2.4836709282756484,1.0691176973165817,2.6143221282726703,3
19.320500000000322,2.0864440146736998,2.116118765453085,-6.102841282500347e-07,2.487154347652903,1.0651830587821554,2.6239021177477952,3
19.340500000000276,2.08423560472749,2.117807326094216,-3.7938671193853674e-07,2.4906452393766387,1.0612464923797118,2.6334868011624404,3
19.36050000000023,2.082001528714978,2.1195035205357384,-5.778725934831351e-07,2.4941426101941158,1.0573097028091043,2.64307202794305,3
19.380500000000183,2.0797416762152436,2.1212070029774033,-8.212146858664591e-07,2.4976454576034697,1.0533731472784682,2.6526566848872073,3
19.400500000000136,2.0774568292467763,2.1229175349806972,-6.385236303613694e-07,2.5011537847846195,1.049437823625035,2.6622383424781755,3
19.42050000000009,2.075145019830409,2.1246350736985433,-6.82958298639068e-07,2.504667704029067,1.0455024459558606,2.67182013158573,3
19.440500000000043,2.0728058684664883,2.126359807394615,4.263273097550922e-08,2.508188319216143,1.0415668106368594,2.6814025480146024,3
19.460499999999996,2.0704368501476305,2.12809281711563,-1.0274276889572236e-06,2.5117181983170256,1.037627444551858,2.6909940480476497,3
19.48049999999995,2.0680404751726322,2.129834193758601,-3.8470535343540155e-07,2.5152552907588372,1.0336871530375782,2.700587801299809,3
19.500499999999903,2.065614885166401,2.1315835894887214,-6.123626414391423e-07,2.518800617783,1.0297450443294576,2.710185979023929,3
19.520499999999856,2.0631607548112267,2.1333404125502033,-3.37682865270155e-07,2.522352550881626,1.0258027794546827,2.719784536979903,3
19.54049999999981,2.060677200911578,2.135104768267147,-3.600244041914843e-07,2.5259114493163057,1.0218596967867173,2.7293850860845144,3
19.560499999999763,2.0581640834921098,2.136877059696776,-1.0018293083397247e-06,2.5294783430393744,1.0179154279786284,2.7389885231824693,3
19.580499999999716,2.055622198661323,2.1386561985656356,-2.0018773963406398e-07,2.5330504995326817,1.0139724182131564,2.748588894785358,3
19.60049999999967,2.053050189257095,2.1404427160392423,-6.806845409992075e-07,2.536629945691505,1.0100290507349956,2.75819013734088,3
19.620499999999623,2.0504487743468305,2.1422359227432133,-7.164812407663327e-07,2.5402149747986202,1.006087072688767,2.767787996931698,3
19.640499999999577,2.0478172045084433,2.1440358559025245,-4.346254966902641e-07,2.54380572830634,1.0021460096383334,2.777383628706666,3
19.66049999999953,2.0451555114215783,2.1458427496434567,-4.881558158757466e-07,2.54740295472417,0.9982058277411863,2.7869771150649374,3
19.680499999999483,2.0424638534762183,2.1476559456833293,-3.053951035537123e-07,2.5510051357308194,0.9942678827110933,2.7965651551382074,3
19.700499999999437,2.039741182349875,2.1494752422968166,-3.353999521015648e-07,2.5546124539224335,0.9903316164923277,2.8061491076708545,3
19.72049999999939,2.0369882418295457,2.151301192829913,-3.4542207922980613e-07,2.5582257957401486,0.9863971730627137,2.815728622108175,3
19.740499999999344,2.034203505935717,2.1531343532081855,-9.210843435665628e-07,2.561845863398765,0.9824630623700803,2.825307326403282,3
19.760499999999297,2.031388083505826,2.1549734686944615,-2.9965532200847234e-07,2.5654709169112415,0.9785319035123914,2.8348788436220036,3
19.78049999999925,2.0285397122771363,2.156818740201436,-9.107108301240299e-07,2.569101680898106,0.9746018740583517,2.8444476109883605,3
19.800499999999204,2.025660402566343,2.158669654946951,-1.0133443747826927e-06,2.572736818995013,0.9706754143202989,2.854007686872315,3
19.820499999999157,2.0227495648595983,2.16052620318916,-2.880578740506039e-07,2.576376805142978,0.9667521855612717,2.863559896024729,3
19.84049999999911,2.0198058985377227,2.1623881402232956,-4.3128878759149273e-07,2.5800212578195887,0.9628317103595174,2.8731054008637833,3
19.860499999999064,2.0168305224974117,2.164254942329745,-5.028596419023117e-07,2.5836697919213685,0.9589155533871305,2.8826403917530734,3
19.880499999999017,2.013822786062296,2.166127491535185,-3.360496097765161e-07,2.587323060668534,0.9550024792582468,2.892167876588616,3
19.90049999999897,2.0107816855981513,2.1680047335779813,-1.0855138343791248e-06,2.5909803680702237,0.9510930956527393,2.901686375802026,3
19.920499999998924,2.007708743970594,2.169886654941048,-3.996688314644078e-07,2.594641064855421,0.9471887145724764,2.91119269495397,3
19.940499999998877,2.0046029470547593,2.171773425010214,-1.4793405402269203e-07,2.59830606310526,0.9432886033979639,2.9206886178136524,3
19.96049999999883,2.001462995677994,2.1736646318399253,-8.126324644543855e-07,2.601975012637735,0.9393923317203918,2.930175192332959,3
19.980499999998784,1.998290460934753,2.175560177828115,-7.763225900911817e-07,2.6056470196499486,0.9355014740217982,2.939648584990404,3
20.000499999998738,1.9950844761248892,2.177459818026393,-3.450235705165832e-07,2.6093224442651444,0.9316156609941855,2.9491096949706783,3
20.02049999999869,1.9918444168615275,2.1793631885846083,-1.1036128708120331e-06,2.6130012469899855,0.927735079059762,2.9585580683762314,3
20.040499999998644,1.9885711310579466,2.1812703152726898,-1.155493270448608e-06,2.616682588623336,0.9238604443290575,2.967991961633599,3
20.060499999998598,1.9852643355687827,2.18318081961665,-6.166054017084757e-07,2.6203663793991208,0.9199920737194627,2.97741060311783,3
20.08049999999855,1.9819233481834893,2.1850946744651107,-6.531276813889443e-07,2.6240532506589167,0.9161295830476792,2.9868149282317367,3
20.100499999998505,1.9785477726059184,2.187011874284106,-8.927475127067133e-07,2.627742863828621,0.912272876846052,2.9962051694183076,3
20.120499999998458,1.975138013822878,2.188932346286561,-9.437669936321884e-07,2.631435066643887,0.9084225118496416,3.005579971148698,3
20.14049999999841,1.9716938100797954,2.190855043054128,-6.407847237501051e-07,2.635128862683251,0.9045794551805066,3.0149369786909395,3
20.160499999998365,1.968215301435482,2.1927803586517363,-1.351920579859357e-07,2.6388246629424654,0.900743484172227,3.02427673418936,3
20.180499999998318,1.9647017464095808,2.1947080637722887,-4.811826748993713e-07,2.642522845669185,0.8969144075165003,3.0335997034380857,3
20.20049999999827,1.9611531368622284,2.196637922158344,-7.914072413707289e-07,2.6462225783468716,0.893092600759843,3.04290497206299,3
20.220499999998225,1.957570373167443,2.198569085753386,-3.335397107064487e-07,2.649922745070584,0.889279624682219,3.0521887399041616,3
20.24049999999818,1.9539525632024188,2.2005023884284944,2.5011816580322264e-08,2.653624897076147,0.8854740679198825,3.061454443325503,3
20.26049999999813,1.9502992511529345,2.202437649024184,-4.620574237766021e-07,2.6573292497868044,0.8816759764740816,3.070701970323975,3
20.280499999998085,1.946609975494106,2.2043741964673966,-1.0670692657905536e-06,2.661034763558895,0.8778857543038292,3.0799303373471982,3
20.30049999999804,1.9428854745167883,2.206311652259661,-8.06582457686809e-07,2.664740873767972,0.8741043825095076,3.0891371556290244,3
20.320499999997992,1.9391275301615756,2.2082491308414665,-1.2997793417565204e-06,2.6684454975864194,0.8703343356774313,3.0983164000897325,3
20.340499999997945,1.9353356976153504,2.210186297445849,-2.0181357633486388e-06,2.672149715409781,0.8665746764420872,3.10747035301057,3
20.3604999999979,1.9315068496922105,2.212121529156105,-1.0960960592430188e-05,2.6758513916156312,0.8628255420188928,3.1165986803018257,3
20.380499999997852,1.9276517405584834,2.2140548777220403,-2.799667349712114e-06,2.6795476004287924,0.8590931059503362,3.1256863507296155,3
20.400499999997805,1.9237627536580273,2.215988054368107,-7.156519910165104e-07,2.6832428918072235,0.8553716769762687,3.1347472212751715,3
20.42049999999776,1.9198363223569197,2.2179213867873884,-1.2197166387733669e-06,2.686939580769844,0.8516581143211575,3.1437889390441383,3
20.440499999997712,1.9158755698674108,2.2198538868060016,-1.867748669032546e-07,2.690635102139541,0.847955699440992,3.1528035144045408,3
20.460499999997666,1.9118730814753329,2.2217856000429634,-1.9031067994505396e-05,2.694332681043633,0.8442606303995213,3.161800204244644,3
20.48049999999762,1.9078491713027526,2.223712151334989,-2.9745006831655324e-06,2.698019237680402,0.8405873379203372,3.170743872889614,3
20.500499999997572,1.9037827430781398,2.22563973930011,-1.3004765983336525e-06,2.701710652449515,0.8369185160818509,3.1796766564963628,3
20.520499999997526,1.8996823442576338,2.227566316078074,-3.345840387908786e-07,2.7054007290476996,0.8332618775390022,3.188579776426777,3
20.54049999999748,1.8955444304154891,2.229491092553331,-9.511957386332278e-07,2.709090274421033,0.8296152886448533,3.1974584276473137,3
20.560499999997432,1.8913721832513248,2.2314139003766345,-1.4912281314075189e-06,2.712777704913627,0.8259814825616383,3.206305955502098,3
20.580499999997386,1.8871612217021927,2.2333345459388787,-7.68637097780067e-06,2.716465572472121,0.8223574320026596,3.215129730776132,3
20.60049999999734,1.882914425126336,2.235250609795799,-9.394863622559905e-06,2.720149244103198,0.8187463078151875,3.22392203314563,3
20.620499999997293,1.8786376881107487,2.237163978952869,-6.076658538196969e-07,2.723828818374419,0.815151141900424,3.2326754805902715,3
20.640499999997246,1.874322099139672,2.239075886945917,-3.3715654734101616e-07,2.727509124144955,0.811565646017653,3.2414053836091927,3
20.6604999999972,1.8699698143474952,2.240984758545453,-2.080698233467481e-07,2.73118789518356,0.8079918372335682,3.2501068310834857,3
20.680499999997153,1.8655749857842152,2.2428907244674265,-2.0344545146223218e-05,2.734867512558939,0.804427379249856,3.2587855113916544,3
20.700499999997106,1.8611584226370044,2.24478929609108,-1.5879596315749853e-06,2.7385351083699287,0.8008855467388312,3.2674091035924104,3
20.72049999999706,1.8566983526681438,2.24668664394124,-2.2316756304360725e-06,2.74220682105555,0.7973507557964519,3.2760155511042908,3
20.740499999997013,1.8522005985683372,2.2485802237833576,-2.5218560790713964e-06,2.745876664165378,0.7938277967956697,3.284593190410543,3
20.760499999996966,1.8476676810133863,2.2504698651059463,-3.702622974696997e-08,2.7495438722006345,0.7903186026310425,3.2931373153331136,3
20.78049999999692,1.8430935192098616,2.252356405909517,-1.7040438793002924e-06,2.7532123012799206,0.7868190202135654,3.301658037740884,3
20.800499999996873,1.8384814749691731,2.254238969172399,-2.1680433770717674e-06,2.7568789602801806,0.7833318732336241,3.3101484825616105,3
20.820499999996827,1.8338332509908963,2.2561170802207147,-3.9963587553582644e-07,2.7605429686099896,0.7798585888391942,3.318605175000222,3
20.84049999999678,1.8291448912522041,2.2579905452212157,-2.2732216181831357e-06,2.764206536584669,0.7763967100987457,3.3270340971508796,3
20.860499999996733,1.8244201749034665,2.259859192257973,-2.082388830993308e-06,2.767867020505267,0.7729489144611543,3.335428730007624,3
20.880499999996687,1.81965865245864,2.261722440275299,-1.1182973464919848e-06,2.771524649583893,0.7695152115947117,3.3437890500302667,3
20.90049999999664,1.8148603191313477,2.263579595442087,-1.6553105075964776e-07,2.775179026736068,0.7660959508605032,3.352114206600514,3
20.920499999996593,1.8100235978710622,2.265432872866713,-3.9251941892191657e-07,2.778833096937792,0.762688847537687,3.3604097625169356,3
20.940499999996547,1.8051493557560745,2.2672793285461768,-5.560670917879375e-07,2.782483119015387,0.7592965723216505,3.3686692152168503,3
20.9604999999965,1.8002383524119048,2.269119029409676,-6.729701160328871e-07,2.7861295023324626,0.7559192547121993,3.3768922493963838,3
20.980499999996454,1.7952907509859477,2.270951893522027,-5.34779831356107e-07,2.7897720094296363,0.7525571786414793,3.3850781737424853,3
21.000499999996407,1.7903071421849055,2.272777211617648,-2.5320544407502554e-07,2.7934100846947456,0.7492110824791705,3.3932251904854978,3
21.02049999999636,1.7852863099609908,2.274595336990258,-5.178213523879228e-07,2.797044440495494,0.7458799353472565,3.401335809589288,3
21.040499999996314,1.7802243019490587,2.2764054727218928,-2.1653665092230826e-05,2.8006755979988034,0.7425631409618072,3.4094114828755995,3
21.060499999996267,1.7751430384257703,2.2782041622168245,-2.4732070203900874e-06,2.804292647118199,0.7392721455136937,3.4174243413579632,3
21.08049999999622,1.77002087336204,2.2799968298186073,-1.3079483022575443e-06,2.8079087271666254,0.7359939082058498,3.425406136542278,3
21.100499999996174,1.764863011688598,2.281781295515086,-2.0725508542911215e-06,2.8115205920574056,0.7327317078825875,3.4333488851554392,3
21.120499999996127,1.759672586574478,2.2835568721252146,-8.496439974057137e-07,2.815125706280253,0.7294882792641504,3.441245928748155,3
21.14049999999608,1.75444544897806,2.285323309619603,-5.663993988428139e-07,2.8187259547378183,0.7262608896861851,3.4491039207640712,3
21.160499999996034,1.7491827974751222,2.2870804447935544,-8.134575890641688e-07,2.822321089235528,0.723050504490915,3.4569205108047285,3
21.180499999995988,1.743879665009145,2.2888285006276976,-1.9080501873568417e-05,2.8259129556789793,0.7198553542396793,3.4647000070686063,3
21.20049999999594,1.7385513044850236,2.2905632719260542,-7.861641249582447e-06,2.8294923547589548,0.7166829390641016,3.4724241483656653,3
21.220499999995894,1.7331894176097515,2.292289815489519,-1.950527390106217e-06,2.83306684759165,0.7135287423114076,3.480103931763529,3
21.240499999995848,1.727787756577621,2.294007552361454,-2.566766718723812e-06,2.8366389179779707,0.710389017400805,3.487748479371953,3
21.2604999999958,1.7223532871361082,2.295715207022375,-9.975088035515532e-08,2.840204262850087,0.7072682170511873,3.4953469497884133,3
21.280499999995754,1.7168803289146755,2.297414099889116,-7.289107806695351e-07,2.8437670451552273,0.704162633472702,3.50290837067516,3
21.300499999995708,1.7113707115998489,2.2991029160974867,-3.438356074885074e-07,2.8473252270257836,0.7010739020151675,3.5104287603108966,3
21.32049999999566,1.7058249421026277,2.3007814080943314,2.7362488639658583e-08,2.850878314204367,0.6980027040444168,3.5179064597179415,3
21.340499999995615,1.7002430651989455,2.3024491279462365,-3.4867684003596745e-07,2.854426188980314,0.6949491765276248,3.5253411354110002,3
21.360499999995568,1.6946256166672933,2.3041057779996703,-3.6159957853536666e-07,2.8579684290716614,0.6919137181521506,3.532731816673024,3
21.38049999999552,1.6889727248677038,2.3057511186203055,-2.132769541348267e-08,2.861505100974544,0.6888964541793303,3.5400781985198915,3
21.400499999995475,1.6832844984993611,2.3073849494838665,-2.1878947704563416e-07,2.8650357920946443,0.6858976718126861,3.5473795816734595,3
21.420499999995428,1.6775616394347783,2.309006955413547,-6.69838579958662e-07,2.868560328642725,0.6829177927209646,3.554634939461999,3
21.44049999999538,1.671804078280748,2.310616603720107,-2.768616289397949e-08,2.872078493241612,0.6799567915984976,3.5618443334993097,3
21.460499999995335,1.6660120967845902,2.3122142430411023,-1.1144095863502482e-06,2.8755904239983106,0.6770150575590996,3.5690068163778434,3
21.48049999999529,1.6601857344892716,2.313799131471614,-6.215215318397608e-07,2.8790957837147153,0.6740925159114708,3.5761225699546793,3
21.50049999999524,1.6543254572095107,2.3153713083995036,-9.41960171253392e-07,2.8825944317206815,0.6711896728967934,3.5831903616425897,3
21.520499999995195,1.6484310427034787,2.3169303124195095,-4.904829214820706e-07,2.8860863688981016,0.6683063046875803,3.5902107364128475,3
21.54049999999515,1.64250356896378,2.318475968730765,-1.6561229697593064e-07,2.889571049138428,0.6654432344809553,3.597181689959413,3
21.560499999995102,1.6365421473691302,2.32000840319642,-2.9923334614789955e-07,2.893048992690392,0.6625999945139434,3.6041043611834422,3
21.580499999995055,1.6305477270150708,2.3215271093649985,-4.545736859503951e-07,2.896519693285267,0.6597771969557584,3.610977259585979,3
21.60049999999501,1.6245198886460888,2.323031963374688,-3.7707166837779553e-07,2.8999833382690383,0.6569746097767863,3.617800950108694,3
21.620499999994962,1.6184592930001398,2.324522697653734,-4.6139998413088923e-07,2.9034395833513895,0.6541927280598725,3.624574227332484,3
21.640499999994915,1.6123659998889117,2.325999101085902,-3.6649993756367146e-07,2.906888400112242,0.6514315575865748,3.631297077180513,3
21.66049999999487,1.6062399161691,2.327461034433046,-3.9658357176387475e-07,2.9103299341227884,0.6486911216532834,3.6379694429311353,3
21.680499999994822,1.6000818298839667,2.3289083070733416,-4.305160922238777e-07,2.913763593734525,0.645972046188819,3.6445898005837445,3
21.700499999994776,1.5938915531159894,2.330340648076267,-6.326011869962788e-07,2.9171897216307876,0.6432740837088007,3.651158752709007,3
21.72049999999473,1.5876695096270073,2.3317577981099578,-3.5374014445807773e-07,2.9206078835600433,0.6405976138858458,3.657675374886636,3
21.740499999994682,1.581415867267768,2.333159757737545,-7.829990986408455e-07,2.924018201175766,0.6379427712546097,3.6641393395539934,3
21.760499999994636,1.57513061156304,2.3345462012233735,-8.745323897821222e-07,2.9274206249618704,0.6353095303967531,3.6705507085992095,3
21.78049999999459,1.568814222030857,2.3359168478776846,-4.745989295649549e-07,2.9308148963569702,0.6326982268454504,3.6769086650719465,3
21.800499999994543,1.5624652668692498,2.337271219109497,-2.392599405643388e-06,2.9342012762781877,0.6301084783322661,3.683214139712743,3
21.820499999994496,1.5560915675743832,2.3386081828489216,-4.968277479390361e-08,2.937575659797763,0.6275441887493898,3.6894576273927897,3
21.84049999999445,1.5496869847548365,2.339928390216116,-1.251631961302704e-06,2.9409416768555827,0.62500201263882,3.6956472735750463,3
21.860499999994403,1.5432487115105342,2.3412315213327908,-1.8607258077511892e-05,2.9442999281820375,0.6224817054199545,3.7017836737601106,3
21.880499999994356,1.5367887683097732,2.342516255763391,-1.75288234542294e-05,2.9476453043502677,0.6199866996798904,3.7078584703446147,3
21.90049999999431,1.530306918586049,2.3437835648741547,-4.591384913358912e-06,2.9509786747627387,0.6175180662697275,3.713869056038924,3
21.920499999994263,1.523789846852781,2.345034297560579,-1.4216723608595019e-06,2.954306288710203,0.6150692555789972,3.719831377720702,3
21.940499999994216,1.5172437690707767,2.3462686291448374,-6.181500511767377e-07,2.9576254782556837,0.6126438226049293,3.725736779744519,3
21.96049999999417,1.5106688985438848,2.34748567289289,-6.944764430195295e-07,2.960936016395608,0.6102415944986594,3.731585682959785,3
21.980499999994123,1.5040651537824283,2.3486852576586954,-9.769009236617629e-07,2.9642376015827385,0.6078627432754562,3.737377668546715,3
22.000499999994076,1.4974324346123673,2.3498670270964515,-2.0164376434148163e-06,2.967530534446657,0.605507189267029,3.7431129304802773,3
22.02049999999403,1.4907723279702636,2.351030830746483,-7.053361250863253e-07,2.970814127474858,0.6031755543809978,3.7487899545506136,3
22.040499999993983,1.4840826937677412,2.3521770532533237,-2.457244905649683e-06,2.974089456791248,0.6008671990381291,3.75441029799412,3
22.060499999993937,1.4773666756435706,2.3533047968160883,-2.1554842698007745e-07,2.9773551473917714,0.5985832146766428,3.7599713033959996,3
22.08049999999389,1.4706205710927596,2.354415212647923,-1.1872074277623214e-06,2.980613365021948,0.596322197888846,3.765476387748896,3
22.100499999993843,1.4638474719913275,2.3555068850556533,-1.0160592703510763e-06,2.983861971284649,0.5940857856863024,3.770921565285524,3
22.120499999993797,1.4570471595004948,2.3565801079473654,-1.2794216514542928e-06,2.9871015597130786,0.5918737300510819,3.7763074398756267,3
22.14049999999375,1.4502196371114557,2.357634601169223,-6.459782219391204e-07,2.990332185354201,0.5896859402450234,3.7816342324468994,3
22.160499999993704,1.443363721230561,2.358670356979127,-2.500248726234267e-06,2.9935544376503644,0.5875221832743627,3.786902510288508,3
22.180499999993657,1.4364830943861073,2.359687211910085,-1.5286303805678926e-06,2.9967666191277815,0.5853839700539596,3.7921085946512285,3
22.20049999999361,1.4295745650204978,2.3606855268765212,-2.326126165656964e-06,2.9999707901444936,0.5832698757634018,3.7972559546630213,3
22.220499999993564,1.4226417438336303,2.361664886953838,-2.6853052971908e-07,3.0031651131361854,0.5811814840942726,3.802340734379162,3
22.240499999993517,1.4156808034134452,2.362626394305068,-1.0505303351428262e-06,3.0063523539020913,0.5791172635642896,3.8073666626260767,3
22.26049999999347,1.4086933382070852,2.3635676765109017,9.949057739481839e-09,3.0095298400401913,0.5770783596958697,3.8123309503057077,3
22.280499999993424,1.4016807336799253,2.364488578030296,4.5295858268468785e-08,3.0126973474527143,0.5750652846120543,3.81723235050978,3
22.300499999993377,1.3946430638466083,2.3653899059672807,-6.380201140204171e-07,3.015855900104216,0.5730776724916047,3.822071753933484,3
22.32049999999333,1.3875803189786882,2.366273190647937,-1.1507847024133843e-06,3.019006000739125,0.5711159962518702,3.826848009125881,3
22.340499999993284,1.3804922679271245,2.367135379291679,-2.2720597260488218e-06,3.0221466095778773,0.5691798383107791,3.8315621328085374,3
22.360499999993237,1.373380821321558,2.367977591181788,-1.4249105214380618e-06,3.0252773441930034,0.5672702498278537,3.8362115656365297,3
22.38049999999319,1.366245802098666,2.3688003221659173,-2.83438875902242e-06,3.0283988227268845,0.5653873552843778,3.840796004524993,3
22.400499999993144,1.359087194883158,2.3696025370819,-2.260553811614956e-06,3.0315108024407227,0.563530732204244,3.845316478111405,3
22.420499999993098,1.3519059113818463,2.370384599715847,-1.8201768930872318e-06,3.0346130755878127,0.5617011639692358,3.8497710790314255,3
22.44049999999305,1.3447013441998867,2.3711462250329585,-2.1732955915385874e-06,3.037705898453041,0.559898430026244,3.854160344283928,3
22.460499999993004,1.3374744474944134,2.3718873397131235,-1.400133959483519e-06,3.0407891392511073,0.5581227522448939,3.8584837336646056,3
22.480499999992958,1.330225775428181,2.372608783945097,-2.012986855184885e-06,3.043863080211,0.5563747594659265,3.862739716082961,3
22.50049999999291,1.3229526734003612,2.373309396006828,-1.204163501818814e-06,3.046928510160748,0.5546530553588225,3.8669316913002576,3
22.520499999992865,1.3156587267885396,2.3739890445943654,-4.3280258903886286e-07,3.0499837905876634,0.5529594418476678,3.8710552720230695,3
22.540499999992818,1.3083417990083688,2.374649345106775,-1.1359476159110456e-06,3.053031457691182,0.5512928581180288,3.8751130411039294,3
22.56049999999277,1.3010006433199683,2.3752889813933473,-1.9685395214788086e-06,3.0560708602918925,0.5496534297111175,3.8791046928772785,3
22.580499999992725,1.2936412352818687,2.3759072108052113,-1.7909641469627457e-06,3.059098824981014,0.5480436993899209,3.8830240362680177,3
22.600499999992678,1.2862603809977478,2.3765035784259303,-1.7173466004317548e-06,3.062117161569234,0.5464618119943108,3.8868755881877646,3
22.62049999999263,1.2788593336588066,2.3770787360262324,-1.3965551100100652e-06,3.06512592356895,0.5449084343145114,3.890657725147276,3
22.640499999992585,1.2714388873860034,2.37763351756062,-1.6162012059323892e-06,3.0681254095596855,0.5433841391222023,3.894369052572029,3
22.66049999999254,1.263998746671781,2.3781673514319004,-1.5138552932130745e-06,3.071115480345713,0.541888870283759,3.898009707135195,3
22.68049999999249,1.2565384978731222,2.3786794511551683,-1.397812553420318e-06,3.0740961192834404,0.5404223729469662,3.9015803093465165,3
22.700499999992445,1.2490595717591615,2.3791709016671496,-1.5064338082051515e-06,3.077067489570031,0.5389855301499438,3.905078709200136,3
22.7204999999924,1.2415581957044712,2.379641733536365,-3.2038796797317048e-06,3.0800317282428336,0.5375768130397169,3.908508629120689,3
22.740499999992352,1.2340416832702574,2.3800919918296533,-1.5269209469952126e-06,3.082985425435383,0.5361994518684394,3.9118622041464084,3
22.760499999992305,1.226504604276826,2.3805192346908948,-5.727048217128024e-07,3.085929770368761,0.5348509825611591,3.915145433764134,3
22.78049999999226,1.218949851094909,2.380925569808656,-9.309436034974907e-07,3.088864592855999,0.5335334490467436,3.9183533414514065,3
22.800499999992212,1.2113758782147785,2.3813105770681067,-1.880430739608535e-06,3.09179124946453,0.5322455710471372,3.92148904440697,3
22.820499999992165,1.20378511934299,2.3816756734072957,-1.7938586703341809e-06,3.0947094537430813,0.5309887645728448,3.9245490949530732,3
22.84049999999212,1.1961764892588178,2.3820191773566997,-1.2349419888604526e-06,3.097618679220097,0.5297627584451297,3.927534153350988,3
22.860499999992072,1.1885502352084867,2.3823412640959774,-4.351318587457309e-07,3.1005189939327806,0.5285679050117853,3.9304433617104353,3
22.880499999992026,1.1809057745857687,2.3826418606467565,-1.5972092075623996e-06,3.10341102034595,0.5274041124946054,3.933276943491395,3
22.90049999999198,1.1732445448785924,2.3829208386593472,-2.5132330188171526e-06,3.1062941723509288,0.5262719051670945,3.936033622201856,3
22.920499999991932,1.165569138202787,2.383178492157401,-2.3698827898399988e-07,3.109167472308151,0.525172431589982,3.93871060134613,3
22.940499999991886,1.1578747790138484,2.3834143222970634,-1.9954793475921154e-06,3.112033210842714,0.5241042720074187,3.9413113377210665,3
22.96049999999184,1.1501657003118333,2.3836284103898295,-2.4611682618244652e-06,3.1148896807525275,0.5230687983456521,3.943832490984499,3
22.980499999991792,1.1424418735706947,2.383821587798413,-1.6664940258757303e-06,3.1177373183239774,0.5220666533136349,3.9462724962798448,3
23.000499999991746,1.1347031437641697,2.383993364748602,-5.940452417905577e-07,3.1205766917563635,0.5210973289273495,3.9486325904377573,3
23.0204999999917,1.1269486670471238,2.3841440286696542,-9.789801925976172e-08,3.123408048158389,0.5201613940724972,3.9509113883452236,3
23.040499999991653,1.1191788676822034,2.384273462559971,-4.528141557520403e-07,3.126231432605619,0.5192590867769526,3.9531083104561144,3
23.060499999991606,1.1113951748910391,2.384381191028543,-3.804198310953597e-07,3.129046011655265,0.518390979472839,3.9552219630226526,3
23.08049999999156,1.1035978411921041,2.38446729426979,-1.950473449831511e-07,3.1318520448693565,0.5175573199524122,3.957251742724561,3
23.100499999991513,1.0957870359985193,2.384531945606581,-2.1384747684587995e-07,3.134649704098831,0.5167584600695729,3.9591967928740828,3
23.120499999991466,1.087963246441893,2.3845750801905803,-3.879014751538897e-07,3.137438935941391,0.5159947652235095,3.9610562238036287,3
23.14049999999142,1.080126831147317,2.384596541340935,-4.4629832267787054e-07,3.140219711394902,0.5152665234514973,3.9628293342050496,3
23.160499999991373,1.0722783357697871,2.3845962703409467,-3.2128021382462454e-07,-3.140193405485732,0.5145741678196798,3.964515069656431,3
23.180499999991326,1.0644178942002416,2.384574531347429,-3.189130170106896e-07,-3.137429443292561,0.513918034340511,3.966112612040494,3
23.20049999999128,1.056546048730953,2.384531260730788,-3.0667563360828054e-07,-3.134673809763235,0.5132985662088516,3.9676208822741,3
23.220499999991233,1.0486632082508203,2.3844664466773637,-3.1152408944269053e-07,-3.1319265230905455,0.5127161440818202,3.9690389535399153,3
23.240499999991187,1.0407696565314435,2.3843800172949368,-3.7077334619530186e-07,-3.1291874933388564,0.5121711138781324,3.9703659836010687,3
23.26049999999114,1.0328657960758938,2.384272105996096,-2.840226338754343e-07,-3.1264566947777763,0.5116639600500772,3.9716007929215507,3
23.280499999991093,1.024951980876507,2.384142683921206,-2.5642710459122646e-07,-3.123734044430705,0.5111950510782932,3.9727424843311114,3
23.300499999991047,1.0170285848332314,2.383991747289105,-2.394113094489073e-07,-3.121019532163124,0.5107648426506239,3.973789948328915,3
23.320499999991,1.00909591269672,2.3838193510452643,-3.047358799844015e-07,-3.1183130493370594,0.510373773932913,3.974742115641602,3
23.340499999990953,1.0011544083707962,2.3836255045799066,-2.802892233500044e-07,-3.115614578562504,0.5100222936462921,3.9755978937307663,3
23.360499999990907,0.9932043962717318,2.3834102766177976,-3.545903173087837e-07,-3.1129240397213143,0.5097108967851347,3.976356077392715,3
23.38049999999086,0.9852463855244609,2.383173632156978,-2.3460370526904743e-07,-3.110241482701974,0.509440059850071,3.977015506452,3
23.400499999990814,0.977280447087906,2.3829156501422806,-3.6282712358125293e-07,-3.107566638420789,0.5092102180638056,3.9775751212359514,3
23.420499999990767,0.9693072419365943,2.3826363432616673,-3.125349170666487e-07,-3.1048996295272038,0.5090219328376453,3.9780335548300805,3
23.44049999999072,0.9613270344138615,2.382335767960243,-2.6050402083033386e-07,-3.1022403293724867,0.5088757238207657,3.9783895420016133,3
23.460499999990674,0.9533401382570986,2.3820139800782303,-3.1531576059763883e-07,-3.0995886279489384,0.5087721291624874,3.978641772473943,3
23.480499999990627,0.9453469093738921,2.3816711083540527,-4.33010896847535e-07,-3.0969443990744465,0.5087117241854031,3.9787888454616267,3
23.50049999999058,0.9373478096651968,2.3813071991227734,-5.106426431501983e-07,-3.0943075935876716,0.5086950714225218,3.978829391319077,3
23.520499999990534,0.9293433074003838,2.3809224159336684,-4.138405877994302e-07,-3.0916781477681248,0.5087228470207599,3.9787617637755406,3
23.540499999990487,0.9213334725870511,2.3805165139427436,-5.823915852776833e-07,-3.089055987043458,0.5087954472200868,3.978584998072831,3
23.56049999999044,0.913318937463844,2.380089389475265,-5.273312204413325e-07,-3.0864413191911724,0.5089135124266062,3.9782975349613063,3
23.580499999990394,0.9053000626823646,2.3796409961369998,-2.9882570580091075e-07,-3.083834075824557,0.5090775988659102,3.977898020152566,3
23.600499999990348,0.8972765612622756,2.379171411173937,-4.3345147049867015e-07,-3.081233929696648,0.5092883320252954,3.977384930721019,3
23.6204999999903,0.8892495936979856,2.3786806465476733,-3.204662616253004e-07,-3.078641168774019,0.5095464599414432,3.976756445359964,3
23.640499999990254,0.8812188394754066,2.378168734019329,-5.728931604421555e-07,-3.076055377063685,0.5098525417439908,3.976011202710283,3
23.660499999990208,0.8731850304109472,2.3776357807162065,-5.675440393765649e-07,-3.073476676933105,0.5102074119763012,3.9751471708403097,3
23.68049999999016,0.8651484702305023,2.377081734353088,-1.846552354129571e-07,-3.0709049688333034,0.5106116930486291,3.974162834316381,3
23.700499999990114,0.8571082452798413,2.3765066851068357,-4.792534600274131e-07,-3.0683396668564282,0.5110662333688305,3.9730561274498033,3
23.720499999990068,0.8490660168728467,2.375910786107363,-5.847936466830513e-07,-3.0657811670003583,0.5115718364670199,3.971825093819429,3
23.74049999999002,0.8410225902371209,2.3752940219787977,-3.6512395414803486e-07,-3.063229539891129,0.5121291627082298,3.9704681255799614,3
23.760499999989975,0.8329780272470404,2.374656461983581,-2.4571315328825426e-07,-3.0606845394350737,0.5127390034520223,3.968983295942902,3
23.780499999989928,0.8249324513438494,2.373998287294091,-5.83772250239799e-07,-3.058145971507233,0.5134023565613128,3.9673681753289767,3
23.80049999998988,0.8168868983336757,2.3733194736897216,-3.654728930010995e-07,-3.055614045357115,0.5141199888184071,3.965620896789965,3
23.820499999989835,0.8088414018098733,2.3726200923720997,-1.9815893204177576e-07,-3.053088507960186,0.5148927718456675,3.963739338114896,3
23.840499999989788,0.8007959514726055,2.3719002951226678,-6.450680284543377e-07,-3.05056905247051,0.5157217226234705,3.9617210231776365,3
23.86049999998974,0.7927517578122252,2.3711600919140223,-3.063464189294297e-07,-3.04805599413182,0.5166077043161881,3.9595638503605852,3
23.880499999989695,0.7847088094791647,2.37039960497045,-3.438838213353212e-07,-3.0455490327284065,0.5175517582128233,3.957265284351386,3
23.90049999998965,0.7766674013108402,2.369618893575061,-5.229910820591051e-07,-3.0430480011906123,0.5185548378158678,3.954823003578756,3
23.9204999999896,0.7686281338294358,2.3688180784718886,-5.304856874109929e-07,-3.040552914805364,0.5196180320557966,3.9522343567337117,3
23.940499999989555,0.760591624207406,2.3679972548500436,-4.955302087613711e-07,-3.0380637532380033,0.5207424163113579,3.94949672550278,3
23.96049999998951,0.7525582205211312,2.3671564429713663,-1.6872980109605208e-07,-3.035580383705945,0.5219289647182077,3.946607738077407,3
23.980499999989462,0.7445278636391551,2.366295976015762,-3.464838597806964e-06,-3.0331025839716097,0.5231794015718372,3.9435631961729176,3
24.000499999989415,0.736501672490593,2.3654154262317113,-3.053982215456796e-06,-3.0306302826372304,0.5244935486726012,3.940363533666709,3
24.02049999998937,0.7284802967960458,2.3645154493505305,-1.6172231819899326e-06,-3.0281636828418823,0.5258737798899848,3.937002970702645,3
24.040499999989322,0.7204638296983801,2.3635960166415946,-6.017997128904689e-07,-3.0257025023574964,0.5273211382677081,3.933478967696014,3
24.060499999989275,0.7124526251487663,2.3626572018192427,-3.232292331625089e-07,-3.0232465791280916,0.528836842641009,3.9297885570479774,3
24.08049999998923,0.7044472289073874,2.361699052004159,-2.5137471477001257e-07,-3.020795844504024,0.530422079657298,3.925928849530056,3
24.100499999989182,0.6964480979052341,2.3607217127635947,-2.810651886726975e-07,-3.0183502011181536,0.5320782698633226,3.9218963864197356,3
24.120499999989136,0.6884557945602554,2.3597253326083756,-3.39836893366827e-07,-3.0159095780234093,0.5338068508815432,3.9176876674188503,3
24.14049999998909,0.6804708884063156,2.35871000648448,-1.9603644864359986e-07,-3.013473909798603,0.5356091912965948,3.913299360321334,3
24.160499999989042,0.6724937368908134,2.357675895868968,-2.5665126596452854e-07,-3.0110430431442095,0.537486872843814,3.908727613945496,3
24.180499999988996,0.6645246202958969,2.356623124876227,-7.583142301427735e-07,-3.008616745382146,0.539441454397741,3.903968632770717,3
24.20049999998895,0.6565647124377086,2.355551841137565,-4.959127861518708e-07,-3.0061952518625303,0.5414743970107256,3.899018859452146,3
24.220499999988903,0.6486142329076617,2.3544621768428184,-4.79797664083193e-07,-3.0037783149477613,0.5435873961294688,3.8938741659456406,3
24.240499999988856,0.6406737297856018,2.3533542537114096,-4.5996237770564366e-07,-3.0013658427701198,0.5457820768817816,3.8885305954182705,3
24.26049999998881,0.6327437743921852,2.352228222878367,-3.4474341693159373e-07,-2.998957747271236,0.5480601564416643,3.882983966924643,3
24.280499999988763,0.6248248912217725,2.3510842426536653,-2.1933445147540787e-07,-2.996553920419768,0.5504234267044337,3.8772299175892044,3
24.300499999988716,0.616917608727148,2.34992249851672,-2.9667256149821435e-07,-2.994154243463212,0.5528737854510921,3.8712638267277755,3
24.32049999998867,0.6090223031080805,2.3487431211900924,-6.853414148772208e-07,-2.9917585148752903,0.5554131170755572,3.8650811062508166,3
24.340499999988623,0.6011400563632024,2.347546321904434,-5.245046579307808e-07,-2.9893668859057185,0.5580432746542618,3.8586772443200577,3
24.360499999988576,0.5932712992432942,2.3463322400705073,-3.902559835154669e-07,-2.986979188303416,0.5607662600869614,3.852047366744789,3
24.38049999998853,0.5854165483715055,2.3451010392926688,-3.5819019987303536e-07,-2.9845952802276283,0.5635841382308238,3.8451864460466894,3
24.400499999988483,0.5775764369541843,2.343852908344381,-3.2621203480794775e-07,-2.982215078352156,0.5664990281883271,3.838089322671899,3
24.420499999988436,0.5697513687507724,2.3425880181314627,-5.77217864460345e-07,-2.9798383713439422,0.569513165135463,3.8307505544527856,3
24.44049999998839,0.5619423293619615,2.3413066198361334,-4.929997471130007e-07,-2.977465245140359,0.5726287507193808,3.823164780857159,3
24.460499999988343,0.5541499815787647,2.340008875179246,-3.0779315397381163e-07,-2.9750956117032414,0.5758480119544693,3.815326579589118,3
24.480499999988297,0.5463748380493846,2.3386949709709115,-2.2743648096051153e-07,-2.972729306911135,0.5791733549395335,3.8072300923211357,3
24.50049999998825,0.5386174962835228,2.3373651135931826,-3.069712421854381e-07,-2.970366197699739,0.5826072435353786,3.7988693200877734,3
24.520499999988203,0.5308785122173614,2.336019551916582,-5.30000261931588e-07,-2.9680061534003106,0.5861523161690236,3.790237838892812,3
24.540499999988157,0.5231590986436478,2.334658510276645,-3.959614777165852e-07,-2.9656493107543134,0.5898108643100659,3.7813300695059264,3
24.56049999998811,0.5154596981145304,2.3332821746197374,-2.4994136456284e-07,-2.963295463829953,0.5935855874026377,3.77213943936749,3
24.580499999988064,0.5077805616613285,2.3318907643981848,-5.823911089003788e-07,-2.9609442987988976,0.5974794572173272,3.762658712862159,3
24.600499999988017,0.5001232269283845,2.33048461848669,-4.356524917251161e-07,-2.9585961246507892,0.6014949614994329,3.7528818328709455,3
24.62049999998797,0.49248815013031133,2.32906389453294,-2.2625171376604225e-07,-2.956250735867799,0.6056349726443737,3.7428018057354375,3
24.640499999987924,0.4848754042353308,2.3276288034582473,-5.217447028723101e-07,-2.9539079083833024,0.6099030852072711,3.7324098794953393,3
24.660499999987877,0.47728655673526094,2.3261796892956714,-2.9838395285316953e-07,-2.95156803319812,0.6143020645571515,3.721699321078239,3
24.68049999998783,0.4697216463611421,2.324716704182802,-4.861882138694564e-07,-2.9492304334109942,0.6188349594903011,3.7106627073279617,3
24.700499999987784,0.4621821255940803,2.3232402599480615,-2.567146673171493e-07,-2.946895112238924,0.623504356116688,3.6992937416289333,3
24.720499999987737,0.4546684279805579,2.3217505441348036,-3.582038021886115e-07,-2.944561513460668,0.6283131493019034,3.6875853756127563,3
24.74049999998769,0.4471819140943136,2.320247994850435,-2.8383300965949787e-07,-2.9422296790094515,0.6332642836852345,3.6755304397229067,3
24.760499999987644,0.4397231084587649,2.31873279735433,-4.363543427049317e-07,-2.939899098349413,0.6383607203357065,3.663121724400019,3
24.780499999987597,0.4322934233610175,2.3172053670212365,-2.9768655749194934e-07,-2.9375698206202374,0.6436053999133835,3.6503520697761096,3
24.80049999998755,0.42489338396042386,2.3156659934056965,-3.0552257649805884e-07,-2.9352415407370813,0.6490019019913755,3.6372127603688242,3
24.820499999987504,0.41752339751002454,2.314114845875255,-3.8221059722990976e-07,-2.932914667038157,0.654554987210572,3.62369220505252,3
24.840499999987458,0.41018465566997947,2.312552343912485,-3.595383802215007e-07,-2.930589318727907,0.6602683004198004,3.6097815294126594,3
24.86049999998741,0.4028784650229833,2.310978931541295,-1.9898333991843935e-07,-2.928264959001808,0.6661443494758124,3.595474627363239,3
24.880499999987364,0.39560426852905045,2.309394668632154,-2.9153253039014373e-07,-2.9259393148532267,0.6721856856788921,3.5807652870426967,3
24.900499999987318,0.3883640992439198,2.3078001477189916,-3.0939626181665834e-07,-2.923609994874213,0.6783912136955639,3.5656561753499307,3
24.92049999998727,0.3811611454112883,2.3061962297730187,-3.015933653048278e-07,-2.9212749124803685,0.6847586207451286,3.5501529234031644,3
24.940499999987225,0.3739980593690121,2.304583610678035,-2.794134151111844e-07,-2.9189320347260446,0.6912860595364496,3.5342600289547312,3
24.960499999987178,0.366876913816493,2.3029628858575535,-2.595700545497033e-07,-2.916579472389876,0.6979725639288088,3.517979844347248,3
24.98049999998713,0.3597995277958358,2.3013345949683046,-2.0960430206101955e-07,-2.9142155256284634,0.7048176679930236,3.501313504016986,3
25.000499999987085,0.3527675050477168,2.2996992021037768,-1.8050949459597996e-07,-2.911838567614584,0.711821148809366,3.4842615507250216,3
25.020499999987038,0.3457825937011498,2.298057260442564,-1.7105156580501876e-07,-2.909447312411065,0.7189830348892219,3.4668239150523292,3
25.04049999998699,0.33885354350002694,2.296411038354203,-1.294767067611746e-07,-2.907040722302974,0.7262925601615473,3.44902681004145,3
25.060499999986945,0.33201045426019277,2.2947690820725333,-1.4545245539581885e-07,-2.904593502751332,0.7336702600404648,3.431063714684085,3
25.0804999999869,0.3251963767121202,2.2931156146803477,-1.8244839548607082e-06,-2.902110123731843,0.7412100868654112,3.412705875458129,3
25.10049999998685,0.3184179686848515,2.2914522670009574,-1.2252716862640157e-06,-2.8996088776066484,0.7489355399799684,3.393896076570511,3
25.120499999986805,0.3116977203952307,2.289785571780798,-1.1193616427787687e-06,-2.8970962768271282,0.7568260060441174,3.3746845070230185,3
25.14049999998676,0.30507612873217477,2.288126644139926,-9.81978031209055e-07,-2.8945604871919017,0.7647974003051716,3.355275894909147,3
25.160499999986712,0.29851249025824733,2.2864640458126533,-9.983674257045196e-07,-2.89198467619794,0.7728920238055625,3.335567246386456,3
25.180499999986665,0.29198218487347494,2.2847913894060694,-8.539415739121191e-07,-2.8893884673557255,0.7811886311060343,3.3153668112200902,3
25.20049999998662,0.2855150112503976,2.2831169152267576,-5.402875365257126e-07,-2.8867811085747253,0.7896520444610651,3.294760239573059,3
25.220499999986572,0.2791505513794809,2.2814530002876983,-1.076052651676441e-06,-2.884135310902375,0.7981718886698024,3.2740162710648284,3
25.240499999986525,0.27283253030361887,2.2797819971623268,-8.955476572977273e-07,-2.881452406162995,0.8068503001255085,3.2528862257813707,3
25.26049999998648,0.2665594872725315,2.278104440102883,-1.373109078255218e-06,-2.8787548827858016,0.8157318278263113,3.231261636596807,3
25.280499999986432,0.26037599050942145,2.2764331841520926,-4.4011536973522395e-07,-2.8760492637646062,0.8247391897358882,3.209330668469141,3
25.300499999986386,0.2542906183018957,2.2747716251045933,-8.571434550597315e-07,-2.8733122818321313,0.8338186893948878,3.187224060603751,3
25.32049999998634,0.24824571940391338,2.273102109198418,-1.2624457328833565e-06,-2.870553710417045,0.8431041221691458,3.164616050370775,3
25.340499999986292,0.24227555667680478,2.271435359851329,-3.837213607127552e-07,-2.867787683877135,0.852547024181155,3.1416246367763176,3
25.360499999986246,0.23641873077457154,2.2697839415046865,-1.091721411357341e-06,-2.8649976019337196,0.8620361255830107,3.1185207377109303,3
25.3804999999862,0.23060765576859107,2.2681270185514544,-7.487674607668915e-07,-2.862183433903289,0.8717206702504152,3.0949409767815976,3
25.400499999986152,0.2248786474446578,2.2664754637644853,-1.5900884715919237e-07,-2.859362141222265,1.4,2.0869565217391304,4
25.420499999986106,0.21939540006212607,2.2648782120108737,9.659879222785672e-08,-2.8564356388001,1.4,2.0869565217391304,4
25.44049999998606,0.21423467312604524,2.263357347371124,-1.1055635186533794e-07,-2.8533212926834746,1.4,2.0869565217391304,4
25.460499999986013,0.20934324628813294,2.2618963944475996,-9.404889281866743e-07,-2.8500496869116887,1.4,2.0869565217391304,4
25.480499999985966,0.20493214651201888,2.2605635776915194,-3.1202009338123516e-07,-2.8466653698417352,1.4,2.0869565217391304,4
25.50049999998592,0.20073786458600248,2.2592767587522125,-1.6510832780432189e-06,-2.8432659705732424,1.4,2.0869565217391304,4
25.520499999985873,0.19689666896874564,2.2580831011142277,-1.1537698668543096e-06,-2.8397861027791635,1.4,2.0869565217391304,4
25.540499999985826,0.19331120879544958,2.2569539688296314,-4.2680322549849004e-07,-2.8363711958910724,1.4,2.0869565217391304,4
25.56049999998578,0.19002527069131522,2.255906609144518,-1.7612250100503155e-07,-2.8329373429561655,1.4,2.0869565217391304,4
25.580499999985733,0.18690568564836144,2.254898566921766,-1.4560678540124025e-06,-2.8295933519365515,1.4,2.0869565217391304,4
25.600499999985686,0.1840531110194683,2.2539683525452108,-2.2938441292064324e-06,-2.826268512466192,1.4,2.0869565217391304,4
25.62049999998564,0.1813519431606119,2.2530748699750447,-5.508014272509766e-07,-2.823016998836405,1.4,2.0869565217391304,4
25.640499999985593,0.1788206981770414,2.252227987049245,-1.0441839309757785e-07,-2.8198555021969423,1.4,2.0869565217391304,4
25.660499999985547,0.1764285270636992,2.251420168145647,-4.2780095406433885e-07,-2.816736672437416,1.4,2.0869565217391304,4
25.6804999999855,0.17413000434143733,2.2506345877224194,-1.0365045006872802e-06,-2.8136758335437992,1.4,2.0869565217391304,4
25.700499999985453,0.1719208842125907,2.2498711056469243,-1.0442295987761739e-06,-2.8106799827116236,1.4,2.0869565217391304,4
25.720499999985407,0.16979034334820545,2.2491278067105434,-2.396373902886883e-07,-2.8077429389419453,1.4,2.0869565217391304,4
25.74049999998536,0.16772417170985562,2.2483998256785234,-1.15074188164457e-06,-2.804851250249901,1.4,2.0869565217391304,4
25.760499999985313,0.16571435135336499,2.2476850165493154,-9.090708680320605e-07,-2.801997795247777,1.4,2.0869565217391304,4
25.780499999985267,0.16375253607702214,2.2469808769830304,-2.2674628130590256e-07,-2.7991724879068647,1.4,2.0869565217391304,4
25.80049999998522,0.1618320980152997,2.246285272021871,-1.4669023191358136e-06,-2.796367522696267,1.4,2.0869565217391304,4
25.820499999985174,0.15994833397189986,2.24559708269374,-1.950174870061453e-06,-2.7935803336523017,1.4,2.0869565217391304,4
25.840499999985127,0.1580967338907785,2.2449147794360163,-1.3086697820826523e-06,-2.79080720943162,1.4,2.0869565217391304,4
25.86049999998508,0.15627361581265156,2.244237305443159,-1.0195660306735447e-06,-2.788044567005392,1.4,2.0869565217391304,4
25.880499999985034,0.15447606359762184,2.243563799764206,-8.407038259040185e-07,-2.7852891709194756,1.4,2.0869565217391304,4
25.900499999984987,0.1527024577394224,2.242893697184974,-1.2689576866727197e-07,-2.7825399387168983,1.4,2.0869565217391304,4
25.92049999998494,0.15094988575367635,2.242226016883938,8.445872087236208e-08,-2.779793328650156,1.4,2.0869565217391304,4
25.940499999984894,0.14921675831938086,2.2415597771428395,-1.0245226089925947e-06,-2.7770477712746686,1.4,2.0869565217391304,4
25.960499999984847,0.14750209861360178,2.240895607698892,-1.2603929232316776e-06,-2.7743032496750293,1.4,2.0869565217391304,4
25.9804999999848,0.14580444237957546,2.240232526083681,-1.3301515242802903e-06,-2.771558124142933,1.4,2.0869565217391304,4
26.000499999984754,0.14412266797633058,2.2395704888868933,-1.4670236364771075e-06,-2.7688115117500813,1.4,2.0869565217391304,4
26.020499999984708,0.14245603329715134,2.2389091672177113,-1.7467615896163076e-06,-2.7660631734983263,1.4,2.0869565217391304,4
26.04049999998466,0.14080373394220838,2.238248264268086,-1.8042095612263868e-06,-2.7633125953607385,1.4,2.0869565217391304,4
26.060499999984614,0.13916502184285232,2.237587565630962,-1.7952166275233578e-06,-2.7605593650228384,1.4,2.0869565217391304,4
26.080499999984568,0.13753912692042017,2.2369268119029693,-1.757165859771668e-06,-2.757803006040228,1.4,2.0869565217391304,4
26.10049999998452,0.13592596894873682,2.236266054795355,-1.2406491267788099e-06,-2.7550443033675815,1.4,2.0869565217391304,4
26.120499999984474,0.13432394059366157,2.2356046940613514,-1.78215868312253e-06,-2.752281043206566,1.4,2.0869565217391304,4
26.140499999984428,0.13273379412374423,2.234943134501612,-1.0650748335496353e-06,-2.7495154051864192,1.4,2.0869565217391304,4
26.16049999998438,0.13115390165308116,2.23428071586695,-1.2718460981752411e-06,-2.7467452150972065,1.4,2.0869565217391304,4
26.180499999984335,0.1295848462941307,2.233617469804273,-7.361566054244299e-07,-2.74397227576427,1.4,2.0869565217391304,4
26.200499999984288,0.128025704328107,2.23295345190627,-1.9262593830442405e-07,-2.7411956112772042,1.4,2.0869565217391304,4
26.22049999998424,0.1264759731979242,2.232288447582421,-3.258895609560342e-08,-2.7384149070714274,1.4,2.0869565217391304,4
26.240499999984195,0.12493546974902763,2.2316221002201337,-1.616073870710579e-08,-2.7356304227961816,1.4,2.0869565217391304,4
26.260499999984148,0.1234037273017986,2.2309546116211707,-4.1903045700941157e-07,-2.7328417965622696,1.4,2.0869565217391304,4
26.2804999999841,0.12188056735817825,2.2302857631373416,-9.748150295695023e-07,-2.7300499511272873,1.4,2.0869565217391304,4
26.300499999984055,0.12036602821295068,2.229615543685651,-1.4708986820933537e-06,-2.7272550972809433,1.4,2.0869565217391304,4
26.32049999998401,0.11885981002092022,2.2289439655740897,-2.0753071516544342e-06,-2.7244572494598214,1.4,2.0869565217391304,4
26.34049999998396,0.11736199490423928,2.228271196058918,-1.3833201585285761e-06,-2.721657160996452,1.4,2.0869565217391304,4
26.360499999983915,0.11587149497043804,2.2275965563741886,-1.6617662440067998e-06,-2.7188532549826165,1.4,2.0869565217391304,4
26.38049999998387,0.1143891073042747,2.2269207633166594,-6.760291018409244e-07,-2.716047663666611,1.4,2.0869565217391304,4
26.400499999983822,0.11291400236641375,2.2262432971800146,-1.865489460062258e-07,-2.7132388913503855,1.4,2.0869565217391304,4
26.420499999983775,0.11144521681356208,2.2255633619931534,-1.3606734969181496e-06,-2.710426309386652,1.4,2.0869565217391304,4
26.44049999998373,0.10998351863622316,2.224881676645984,-1.916264773848971e-06,-2.7076113341938464,1.4,2.0869565217391304,4
26.460499999983682,0.10852860608322291,2.224198327749069,-1.8708579908658369e-06,-2.7047940585678214,1.4,2.0869565217391304,4
26.480499999983635,0.10708045440873995,2.223513298046783,-1.05939120427117e-06,-2.701974796679757,1.4,2.0869565217391304,4
26.50049999998359,0.10563836747499876,2.222826292729125,-8.525511301249157e-07,-2.699152735505947,1.4,2.0869565217391304,4
26.520499999983542,0.1042027539692602,2.2221371521260904,-5.747171082310429e-07,-2.696328489632963,1.4,2.0869565217391304,4
26.540499999983496,0.10277244667656726,2.2214455746688597,-1.3520263872992024e-06,-2.6935009913776335,1.4,2.0869565217391304,4
26.56049999998345,0.10134793370325587,2.220751802382273,-1.7772896707186769e-06,-2.690671230845462,1.4,2.0869565217391304,4
26.580499999983402,0.09992956378376275,2.220056246794868,-1.5209474489024156e-06,-2.6878403824953354,1.4,2.0869565217391304,4
26.600499999983356,0.09851674734090658,2.2193584641513806,-1.293950493153315e-06,-2.6850074404140796,1.4,2.0869565217391304,4
26.62049999998331,0.09710954515925721,2.218658425005288,-4.830488502264982e-07,-2.6821729053637036,1.4,2.0869565217391304,4
26.640499999983263,0.09570755624893587,2.2179560660652657,-4.0573013272171e-07,-2.679335929181241,1.4,2.0869565217391304,4
26.660499999983216,0.09430997143884509,2.2172505362938395,-1.2384305565777357e-06,-2.676495993494672,1.4,2.0869565217391304,4
26.68049999998317,0.09291758888065034,2.216542815198711,-1.8525033142147883e-06,-2.673654611617151,1.4,2.0869565217391304,4
26.700499999983123,0.09153051776374241,2.215833166567747,-1.2556145337820672e-06,-2.670812417314462,1.4,2.0869565217391304,4
26.720499999983076,0.09014845102829801,2.2151211524730674,-6.73065131243884e-07,-2.6679690104472553,1.4,2.0869565217391304,4
26.74049999998303,0.08877104424497706,2.2144064922202458,-3.22486094331512e-07,-2.66512343866868,1.4,2.0869565217391304,4
26.760499999982983,0.08739757909308524,2.2136885738383536,-1.467565327064521e-06,-2.6622753240928008,1.4,2.0869565217391304,4
26.780499999982936,0.08602883792446844,2.212968424603861,-1.916999477292253e-06,-2.6594264067313964,1.4,2.0869565217391304,4
26.80049999998289,0.08466488315223177,2.212245867940206,-1.276248608060894e-06,-2.6565766240647517,1.4,2.0869565217391304,4
26.820499999982843,0.08330545380643971,2.2115207175773373,-4.945510841803137e-07,-2.6537259382879816,1.4,2.0869565217391304,4
26.840499999982796,0.08194985047414628,2.210792579795032,-8.748519718912299e-07,-2.6508728576783547,1.4,2.0869565217391304,4
26.86049999998275,0.0805983432471894,2.2100614746902285,-1.616826666413872e-06,-2.6480186909675822,1.4,2.0869565217391304,4
26.880499999982703,0.0792517654954143,2.2093282837747044,-6.284524658916484e-07,-2.64516509004815,1.4,2.0869565217391304,4
26.900499999982657,0.07790889883786918,2.2085920041285565,-1.0811307709378888e-06,-2.6423093505210438,1.4,2.0869565217391304,4
26.92049999998261,0.07656982266426059,2.207852857254971,-1.5462205952980344e-06,-2.6394524490777718,1.4,2.0869565217391304,4
26.940499999982563,0.07523471141162914,2.2071109581522403,-1.551248727436389e-06,-2.636594741437712,1.4,2.0869565217391304,4
26.960499999982517,0.07390398858068759,2.2063666198159337,-5.9402411432051244e-08,-2.6337372031816773,1.4,2.0869565217391304,4
26.98049999998247,0.07257617239471802,2.2056190136068645,-3.8691449137990984e-07,-2.6308765133217906,1.4,2.0869565217391304,4
27.000499999982424,0.07125158155013318,2.2048679643068683,-1.374524930832648e-06,-2.6280142395580253,1.4,2.0869565217391304,4
27.020499999982377,0.06993078232837444,2.2041140536925257,-1.7178069930665276e-06,-2.6251514643610627,1.4,2.0869565217391304,4
27.04049999998233,0.0686138488854761,2.2033574681535297,-1.0061556226102368e-06,-2.622288438893337,1.4,2.0869565217391304,4
27.060499999982284,0.06730048209566498,2.202597964456841,-3.513650785109739e-07,-2.6194243058422226,1.4,2.0869565217391304,4
27.080499999982237,0.06598996579467951,2.201834652510683,-1.538376599346301e-06,-2.616558352074445,1.4,2.0869565217391304,4
27.10049999998219,0.06468323587715029,2.2010687904159987,-1.1040751324048976e-06,-2.613692469375908,1.4,2.0869565217391304,4
27.120499999982144,0.06338005022195302,2.200299959787464,-8.749972411438857e-07,-2.6108258178847965,1.4,2.0869565217391304,4
27.140499999982097,0.06207963468104516,2.199527664416742,-1.5336045736971475e-06,-2.607957616682145,1.4,2.0869565217391304,4
27.16049999998205,0.060782691499313986,2.19875252733273,-1.409515047549258e-06,-2.6050891362232425,1.4,2.0869565217391304,4
27.180499999982004,0.059489213620715194,2.1979745274968363,-2.573891048019235e-07,-2.6022205259324176,1.4,2.0869565217391304,4
27.200499999981957,0.05819823931225872,2.1971926999130726,-1.1946841554462205e-06,-2.5993491686582226,1.4,2.0869565217391304,4
27.22049999998191,0.056910255544565164,2.196407673768414,-1.6021322218013016e-06,-2.5964772602891126,1.4,2.0869565217391304,4
27.240499999981864,0.05562650536990879,2.195620400971591,-3.965491883218504e-08,-2.593607329507128,1.4,2.0869565217391304,4
27.260499999981818,0.05434484645559066,2.194829327287913,-7.49671241834824e-07,-2.590734370509845,1.4,2.0869565217391304,4
27.28049999998177,0.05306632169404646,2.1940347839026777,-1.3309586773936143e-06,-2.587861128827961,1.4,2.0869565217391304,4
27.300499999981724,0.0517916475550667,2.193237673415941,-8.393705132483696e-07,-2.584988964909627,1.4,2.0869565217391304,4
27.320499999981678,0.050519271528381496,2.1924368211576506,-1.3706110374437565e-06,-2.5821149174306566,1.4,2.0869565217391304,4
27.34049999998163,0.04925031039969148,2.191633264638593,-9.315740465767858e-07,-2.5792416481166693,1.4,2.0869565217391304,4
27.360499999981585,0.04798449213231636,2.1908265793222195,-4.820872608560936e-07,-2.5763678208937173,1.4,2.0869565217391304,4
27.380499999981538,0.04672085468267349,2.1900156054957156,-1.8487053954165432e-06,-2.573491933938669,1.4,2.0869565217391304,4
27.40049999998149,0.045461125233861116,2.189202467537108,-1.1525886452812458e-06,-2.570617923708517,1.4,2.0869565217391304,4
27.420499999981445,0.044203656182103625,2.1883855950277566,-1.3514507336316418e-06,-2.5677422211239045,1.4,2.0869565217391304,4
27.440499999981398,0.04294907417084612,2.1875656429767405,-1.1987366088173843e-06,-2.5648663093106165,1.4,2.0869565217391304,4
27.46049999998135,0.041697649888930606,2.186742508556237,-7.281121101099001e-07,-2.561990323288548,1.4,2.0869565217391304,4
27.480499999981305,0.04044890525786786,2.185915785270623,-7.981455099781216e-07,-2.559114118575004,1.4,2.0869565217391304,4
27.50049999998126,0.0392033191001964,2.1850860935700105,-7.571918163716625e-07,-2.556237992112243,1.4,2.0869565217391304,4
27.52049999998121,0.037960093170930985,2.1842527036010053,-1.5702588772719675e-06,-2.5533607774176077,1.4,2.0869565217391304,4
27.540499999981165,0.036720259633141836,2.183416846874708,-4.667393037432752e-07,-2.5504848674947893,1.4,2.0869565217391304,4
27.56049999998112,0.0354825259772027,2.1825766805081823,-1.4067349899654102e-06,-2.547606490685179,1.4,2.0869565217391304,4
27.580499999981072,0.03424794675722035,2.18173375129703,-6.272560880529525e-07,-2.5447293283494963,1.4,2.0869565217391304,4
27.600499999981025,0.03301569517199735,2.180886946531524,-1.3096269536451634e-06,-2.5418504647379754,1.4,2.0869565217391304,4
27.62049999998098,0.031786712325306034,2.180037379031852,-3.099817727713208e-07,-2.538973161385538,1.4,2.0869565217391304,4
27.640499999980932,0.030560078951021478,2.1791839214729123,-9.867800195675786e-07,-2.5360942518500815,1.4,2.0869565217391304,4
27.660499999980885,0.029336543278247803,2.1783276057433496,-2.676041024979505e-07,-2.533216452675558,1.4,2.0869565217391304,4
27.68049999998084,0.028115327786095868,2.177467539009297,-1.5848290092313314e-06,-2.5303372429362474,1.4,2.0869565217391304,4
27.700499999980792,0.026897576750192383,2.1766049012338486,-2.1884356693902127e-07,-2.527459775738422,1.4,2.0869565217391304,4
27.720499999980746,0.025681992721953355,2.17573798836703,-8.960389634492028e-07,-2.5245809480626185,1.4,2.0869565217391304,4
27.7404999999807,0.02446937524148688,2.174868138239922,-1.1804902067494624e-06,-2.521702468968961,1.4,2.0869565217391304,4
27.760499999980652,0.023259378147718054,2.1739951046138413,-9.981161044823876e-07,-2.5188240389518355,1.4,2.0869565217391304,4
27.780499999980606,0.022051836653905386,2.173118494813554,-9.63295441848216e-07,-2.5159446826765968,1.4,2.0869565217391304,4
27.80049999998056,0.020846856940301185,2.1722383449187515,-8.671021575084308e-07,-2.5130652070440287,1.3991161387250242,2.0869565217391304,4
27.820499999980512,0.01964439474468482,2.171354794693195,-1.1936855789949326e-06,-2.5101849709833304,1.3956208514274082,2.0869565217391304,4
27.840499999980466,0.018444159239324194,2.17046779340865,-7.001362750887123e-07,-2.507304861031293,1.3921243397078311,2.0869565217391304,4
27.86049999998042,0.017245538446200616,2.1695763749505454,-1.215189101750198e-06,-2.504423385783226,1.3886256706735765,2.0869565217391304,4
27.880499999980373,0.0160485554242744,2.168681287690061,1.5715365974222362e-08,-2.5015421177579755,1.3851265766881715,2.0869565217391304,4
27.900499999980326,0.014851929929675576,2.167780666149845,-1.3052001615910436e-06,-2.498657500636265,1.3816231693039498,2.0869565217391304,4
27.92049999998028,0.013656242944188284,2.166875980144217,-5.554723296469703e-07,-2.495772496744162,1.378119407750594,2.0869565217391304,4
27.940499999980233,0.012460466805060653,2.165965458280699,-1.0490702987105197e-06,-2.4928847261750637,1.3746116148563958,2.0869565217391304,4
27.960499999980186,0.01126494156741139,2.165050007929081,-1.0318987895054324e-06,-2.4899952351871897,1.3711023622407046,2.0869565217391304,4
27.98049999998014,0.010069364088052282,2.1641291273054906,-3.6422524842115986e-07,-2.487104444523799,1.3675912387237474,2.0869565217391304,4
28.000499999980093,0.008873533590763925,2.163202274676576,-1.430821366348022e-06,-2.4842108975201107,1.3640773370780233,2.0869565217391304,4
28.020499999980046,0.00767789433671663,2.1622704599956495,-9.38932594207375e-07,-2.481316879748774,1.3605634022967887,2.0869565217391304,4
28.04049999998,0.00648183702575715,2.1613327218750364,-4.976456569425007e-07,-2.478421122308015,1.3570472522201111,2.0869565217391304,4
28.060499999979953,0.00528525792631624,2.160388896897873,-1.595486076413531e-06,-2.4755231243847415,1.3535293034865794,2.0869565217391304,4
28.080499999979907,0.004088311310128484,2.159439630393371,-3.2212549563134755e-07,-2.472624405613263,1.3500108371025692,2.0869565217391304,4
28.10049999997986,0.0028905974177887493,2.1584837456360164,-9.490480470432578e-07,-2.469723355922292,1.3464904630667225,2.0869565217391304,4
28.120499999979813,0.001692279043313867,2.157521856708111,-9.271859524171948e-07,-2.466821134473335,1.3429696274288858,2.0869565217391304,4
28.140499999979767,0.0004934685091800136,2.1565541806840938,-1.9162766046445655e-07,-2.4639184293725314,1.3394491588003627,2.0869565217391304,4
28.16049999997972,-0.0007068577700912609,2.1555793082545582,-9.148962895849786e-07,-2.461013168716652,1.3359260157287527,2.0869565217391304,4
28.180499999979673,-0.0019077267961834369,2.154598296051982,-1.062566133296654e-06,-2.458107356818552,1.3324036885594936,2.0869565217391304,4
28.200499999979627,-0.0031095062489127664,2.153610946538586,-5.90082467251053e-07,-2.45520078512766,1.328881682200112,2.0869565217391304,4
28.22049999997958,-0.004312498214505923,2.152616692585638,-3.6602160885647493e-07,-2.4522931746091037,1.3253592442186908,2.0869565217391304,4
28.240499999979534,-0.005516728967351713,2.1516154943502177,-9.734469264602496e-07,-2.4493841589264873,1.3218367339104384,2.0869565217391304,4
28.260499999979487,-0.006722084640717165,2.1506076304211326,-9.428326736318042e-07,-2.4464745351582247,1.318315025095667,2.0869565217391304,4
28.28049999997944,-0.007928603618735484,2.1495931202853615,-4.329661397041422e-07,-2.4435646282569943,1.3147944614202869,2.0869565217391304,4
28.300499999979394,-0.009136748146883339,2.1485710290376487,-6.723274522214629e-07,-2.440653559819519,1.311273550530455,2.0869565217391304,4
28.320499999979347,-0.010346284898182746,2.1475417398192365,-9.353297592162894e-07,-2.437741536567991,1.3077535127001756,2.0869565217391304,4
28.3404999999793,-0.011557262254823945,2.146505432122546,-9.106323387120464e-07,-2.434829209928726,1.3042349258920654,2.0869565217391304,4
28.360499999979254,-0.01276973656921533,2.1454619600715596,-2.1262844882962764e-07,-2.4319167673277664,1.300718011748113,2.0869565217391304,4
28.380499999979207,-0.013984278954793254,2.1444102551062767,-6.139420609381458e-07,-2.429002774001257,1.2972005751404163,2.0869565217391304,4
28.40049999997916,-0.015200567930523058,2.1433509972251965,-9.610884872367883e-07,-2.426087947629527,1.293684413287247,2.0869565217391304,4
28.420499999979114,-0.016418415789023193,2.142284627351674,-4.812511755914354e-07,-2.4231734510163903,1.290170925219905,2.0869565217391304,4
28.440499999979068,-0.017638633452600534,2.1412096828688956,-8.806925381950328e-07,-2.420257441270445,1.2866571144423844,2.0869565217391304,4
28.46049999997902,-0.018860716295797646,2.140126761090488,-1.5738088856931747e-06,-2.4173408094084357,1.2831450741388286,2.093211993401113,4
28.480499999978974,-0.020085203696024203,2.13903572820231,-1.0418062114490792e-06,-2.414422926766655,1.2796338995387004,2.101760940253599,4
28.500499999978928,-0.021313233225116638,2.137935136103094,-5.3994887140848703e-08,-2.4115013908982643,1.2761202055794683,2.1103160211978165,4
28.52049999997888,-0.022545988960584816,2.1368236482542144,-9.373087619220336e-07,-2.4085728043426786,1.2726007102628216,2.118885227186173,4
28.540499999978834,-0.023783900977606312,2.135701140964463,-1.249981667299297e-06,-2.4056368080551893,1.2690747835301353,2.127470092274453,4
28.560499999978788,-0.025027207214319048,2.1345675796993486,-3.4738636445486933e-07,-2.4026932693748,1.2655425458848937,2.1360703230628677,4
28.58049999997874,-0.026277115251003662,2.1334211835222745,-5.949587830887196e-07,-2.3997397553323982,1.262000342441993,2.144694818402104,4
28.600499999978695,-0.02753331548647552,2.132262080263206,-9.893161612522577e-07,-2.3967764469203785,1.258449405809393,2.1533405771597387,4
28.620499999978648,-0.02879605038760026,2.131090340199813,-9.362267979417279e-07,-2.393803473870921,1.2548898639155246,2.162007287857853,4
28.6404999999786,-0.0300660083118556,2.129905072014983,-6.242510487604349e-07,-2.39081984063041,1.2513199723225519,2.170699197823352,4
28.660499999978555,-0.03134344635054544,2.128705611913101,-1.3173596323802974e-06,-2.3878242500069353,1.2477390516800182,2.179417961126912,4
28.680499999978508,-0.03262776618305983,2.1274927318640353,-6.541260898885336e-07,-2.384819048050543,1.244149699397032,2.188157253642009,4
28.70049999997846,-0.033919542855662045,2.126265344013521,-3.725242740233387e-07,-2.3818028385419687,1.2405502464666986,2.1969211390376033,4
28.720499999978415,-0.03521886032683588,2.125023263275936,6.134801808925579e-08,-2.378775920379199,1.2369407517548596,2.2057094739881675,4
28.74049999997837,-0.03652646476182138,2.1237658638072414,-9.540863450173165e-07,-2.3757362500307733,1.2333197292462335,2.2145258766178664,4
28.76049999997832,-0.0378419510110631,2.122493191968932,-1.8115834765100004e-06,-2.372685199574417,1.2296885389277405,2.2233670356541966,4
28.780499999978275,-0.039165131700413254,2.121206168128387,-3.3736020299686507e-07,-2.369623910314799,1.2260489713706741,2.232228591445315,4
28.80049999997823,-0.04049729464224499,2.1199021790382333,-6.913863179097468e-07,-2.366549460204268,1.222396634152727,2.241121238584664,4
28.820499999978182,-0.04183780178682115,2.118581930044266,-9.829413751199056e-07,-2.363462814902197,1.2187338104531609,2.2500394180270864,4
28.840499999978135,-0.04318646841378073,2.1172454017677973,-1.3740450462759481e-06,-2.3603651771569734,1.2150615877432807,2.25898048201636,4
28.86049999997809,-0.04454323665246832,2.1158923724748515,-1.7869995361972058e-06,-2.3572566370500505,1.2113802273464027,2.2679437942870195,4
28.880499999978042,-0.04590803911446389,2.1145236476257847,-1.1669681156592029e-07,-2.35413841302756,1.2076912169266016,2.276925732700448,4
28.900499999977995,-0.04728203513261909,2.113136629166895,-8.448619078346842e-07,-2.35100655227811,1.2039902287283915,2.285936834400438,4
28.92049999997795,-0.048664334466956685,2.1117325751010525,-1.1286261505606508e-06,-2.347864168212445,1.2002807708983907,2.2949685578126138,4
28.940499999977902,-0.05005524141247686,2.1103113552806874,-7.621319578295911e-07,-2.3447107175622364,1.1965626747560618,2.3040213136374144,4
28.960499999977856,-0.051455003048122804,2.1088721722011186,-6.495548922112669e-08,-2.341546150528102,1.1928351915751931,2.313096924860399,4
28.98049999997781,-0.052863816080662436,2.1074140598910653,-9.744049665506565e-07,-2.3383691469101247,1.189097525245431,2.3221973298372114,4
29.000499999977762,-0.054280907539987884,2.1059383939924583,-7.04501296646149e-07,-2.335182434711955,1.185352986704293,2.3313144671547654,4
29.020499999977716,-0.05570695758488533,2.1044437851323825,-8.914734530575459e-07,-2.331984251467672,1.1815993431791094,2.3404537731291244,4
29.04049999997767,-0.05714173772418396,2.1029306316610628,-9.63702292218739e-07,-2.328775560299657,1.177838033144867,2.3496117453864107,4
29.060499999977623,-0.05858531525510591,2.101398576676134,-4.925500663012793e-07,-2.325556246525309,1.1740689569760758,2.3587886264930327,4
29.080499999977576,-0.06003803535247259,2.0998469586063657,-4.941810462244408e-07,-2.322325689817051,1.1702914438712841,2.367986049704699,4
29.10049999997753,-0.061499858231449704,2.0982754158453525,-4.972121029597541e-07,-2.319084393697785,1.1665056520922437,2.37720362968845,4
29.120499999977483,-0.06297101532674647,2.0966839086578815,-9.476442185946878e-07,-2.3158314390481642,1.1627116031828058,2.3864413139896903,4
29.140499999977436,-0.06445115743124596,2.095072247414327,-1.301812564143661e-06,-2.3125679649525503,1.1589103095576725,2.39569663759871,4
29.16049999997739,-0.06594023229359651,2.0934405579295436,-6.413524725702214e-07,-2.3092944911632283,1.1551023615468248,2.4049681631903392,4
29.180499999977343,-0.06743857658212928,2.0917877297893557,-9.209112368803588e-07,-2.3060100027141344,1.1512866340921653,2.4142586300364672,4
29.200499999977296,-0.06894577507888128,2.090113948693656,-1.3379674621574008e-06,-2.302715488848072,1.147464450545069,2.4235648160641796,4
29.22049999997725,-0.07046174127078507,2.08841959736625,-9.56662056464584e-07,-2.2994115601983895,1.1436367486692949,2.4328844380225862,4
29.240499999977203,-0.07198699723231676,2.0867039262693403,-4.663049939530923e-07,-2.296097129080788,1.1398023563800748,2.4422203496832964,4
29.260499999977156,-0.07352147844045116,2.0849662940002593,1.808768011827732e-07,-2.292772614590056,1.1359612475185457,2.451572614737454,4
29.28049999997711,-0.07506564504217138,2.08320615765613,-4.969507312647922e-07,-2.289436600857971,1.1321126716239573,2.460943060393843,4
29.300499999977063,-0.07661905177244516,2.0814234812255896,-1.3714939711550364e-06,-2.286090190994439,1.1282577213993612,2.470329026158077,4
29.320499999977017,-0.07818130291278948,2.0796188050053126,-1.2701571370828146e-06,-2.28273464447606,1.1243980375606117,2.4797265172437273,4
29.34049999997697,-0.07975273869822956,2.077791348492464,-1.1247969190801748e-06,-2.2793692428496435,1.120532698117716,2.4891377784959956,4
29.360499999976923,-0.0813330092916247,2.075940860598087,-1.004916045255784e-06,-2.2759945402907658,1.1166625071988858,2.4985608520374956,4
29.380499999976877,-0.0829218407379608,2.0740675404179902,-2.3370678268840762e-07,-2.2726113316285725,1.1127884062112323,2.5079934457465645,4
29.40049999997683,-0.08451988882355613,2.072170532139327,1.7505205491693303e-07,-2.2692186781864065,1.108909028602299,2.517438886881359,4
29.420499999976784,-0.08612665143128,2.0702499635843252,5.2807582169872747e-08,-2.265816991137678,1.1050256734974822,2.526894012353956,4
29.440499999976737,-0.08774227740858871,2.0683054254850455,-1.136889015128881e-07,-2.262406244235972,1.101138013611011,2.53635961903406,4
29.46049999997669,-0.08936678220946068,2.0663367776737527,-2.3847055118074437e-07,-2.2589864772500414,1.097246363334163,2.545834941447255,4
29.480499999976644,-0.09099985291666052,2.0643437911729987,-4.1849498542988787e-07,-2.2555583674372532,1.0933514270193512,2.5553182646485357,4
29.500499999976597,-0.09264183469636077,2.062326225672568,-7.458351078624636e-07,-2.2521214081761425,1.0894527812628763,2.564810619533866,4
29.52049999997655,-0.09429244507049371,2.060283334102738,-1.1708099301251818e-06,-2.2486756670989156,1.0855504681644093,2.5743119035996993,4
29.540499999976504,-0.0959518288568579,2.0582159203348214,-1.0069658526652909e-06,-2.24522171920444,1.0816454940895324,2.5838196665646165,4
29.560499999976457,-0.09761997379990071,2.0561229344688665,-1.0244586437009768e-06,-2.241759190155582,1.077737318641431,2.5933352241773853,4
29.58049999997641,-0.09929626481269137,2.0540041630371917,-9.073865498515064e-07,-2.238288961921021,1.0738269382222205,2.6028561504154624,4
29.600499999976364,-0.10098082846996348,2.051859885572039,-6.128567042529745e-07,-2.234811245768261,1.0699147652749734,2.6123814410696298,4
29.620499999976317,-0.10267420474612166,2.0496890963818553,-1.2994067720351214e-06,-2.231324700427388,1.0659994625367926,2.6219143520843313,4
29.64049999997627,-0.10437566392780834,2.04749233004648,-9.381349121473166e-07,-2.2278309810915617,1.0620828872806247,2.631450361403696,4
29.660499999976224,-0.10608545783820247,2.0452687599454022,-9.03973759665812e-07,-2.2243293571374516,1.0581643042991922,2.6409912590976186,4
29.680499999976178,-0.1078035835487524,2.043018177176702,-1.339132113583753e-06,-2.220819886547189,1.0542438972616195,2.650536597971709,4
29.70049999997613,-0.1095294636726649,2.0407408696119687,-1.066925666410921e-06,-2.217303746506556,1.0503229788090205,2.6600831820302107,4
29.720499999976084,-0.11126354945171839,2.038436280851761,-7.959082855133887e-07,-2.213780039070108,1.0464007309148653,2.669633002989893,4
29.740499999976038,-0.11300572746808343,2.0361041159897986,-7.155660493092192e-07,-2.2102489835354366,1.0424774645137207,2.67918530379268,4
29.76049999997599,-0.11475560526165118,2.03374425729233,-6.158430593116665e-07,-2.2067111472345826,1.0385538949250157,2.6887383427912663,4
29.780499999975945,-0.1165134394917006,2.0313566880396765,-5.502356375583813e-08,-2.203166361895919,1.0346299026876054,2.698292410847569,4
29.800499999975898,-0.11827862230723067,2.0289403086562063,-6.087372607488189e-07,-2.1996146323129206,1.0307056635574434,2.7078470800340506,4
29.82049999997585,-0.12005164438686107,2.026495442192358,-1.0028543408037264e-06,-2.196056183398184,1.0267810964129391,2.7174025478641477,4
29.840499999975805,-0.12183208930997493,2.0240224396694435,-8.213246268866853e-07,-2.1924915332103008,1.02285736238986,2.7269559872246885,4
29.860499999975758,-0.12362033877377036,2.0215198567769703,-1.2996278012698212e-06,-2.18891950743165,1.0189330176924225,2.7365109134445365,4
29.88049999997571,-0.12541571791165737,2.0189883431588895,-9.97360285417697e-07,-2.1853416296641854,1.015009772206159,2.746063163324134,4
29.900499999975665,-0.12721792391123715,2.0164279515810786,-2.2148610009541704e-07,-2.181758495976539,1.0110883797576888,2.7556109014595394,4
29.92049999997562,-0.12902666126067439,2.013837643509264,-4.705638252233274e-07,-2.1781695161090084,1.0071684391285027,2.765155104730602,4
29.94049999997557,-0.13084379983611608,2.0112174874909643,-1.5202952495847648e-07,-2.174572748091801,1.0032478565313498,2.774700871054104,4
29.960499999975525,-0.13267008850386622,2.0085655986133313,-1.93070424303707e-07,-2.1709663253173757,0.9993248291074552,2.784252589999239,4
29.98049999997548,-0.1345043785567065,2.005881654185131,-5.777313111493841e-07,-2.167351536936674,0.9954009294523574,2.793806432637738,4
30.000499999975432,-0.1363444057066224,2.003166216626296,-1.3734973590015688e-06,-2.1637326027858537,0.9914797161174698,2.803353734670508,4
30.020499999975385,-0.13818934156106422,2.0004213835140794,-1.100032139763812e-06,-2.1601109080016374,0.9875636477409455,2.812888509848132,4
30.04049999997534,-0.14003980286806367,1.9976461419967597,-1.106578214221697e-06,-2.156485284457842,0.9836512826178225,2.8224142684087794,4
30.060499999975292,-0.14189593748632803,1.9948409387997776,-7.32382684523093e-07,-2.152855750544898,0.9797430005616854,2.8319300855889398,4
30.080499999975245,-0.14375789340442893,1.9920046450448972,-1.0477898147943257e-06,-2.1492213553353228,0.9758379208955341,2.841438105645656,4
30.1004999999752,-0.14562545030764973,1.9891379071273954,-1.017062315372857e-07,-2.1455833292634705,0.9719370950543018,2.8509357685634384,4
30.120499999975152,-0.1475010324190955,1.9862379906269525,-2.1631209741553241e-07,-2.141936804013642,0.9680357818439065,2.860434618119184,4
30.140499999975106,-0.1493834056714539,1.9833047499418783,-1.2163251207085602e-07,-2.138283739274242,0.9641358785849108,2.869930034749782,4
30.16049999997506,-0.151271051464773,1.9803383662468554,-5.014925673654148e-07,-2.1346261885317075,0.9602395543769879,2.8794167371690724,4
30.180499999975012,-0.153162270350401,1.9773408146564024,-3.660671593811748e-07,-2.1309670824668943,0.9563500831587755,2.888886754048199,4
30.200499999974966,-0.1550570507269888,1.9743117584302416,-1.43770624440928e-07,-2.127306653068256,0.9524672449913976,2.89834062089051,4
30.22049999997492,-0.1569561156601431,1.9712513866400168,-7.446339618054636e-07,-2.12364336956485,0.9485903103366671,2.907780113962897,4
30.240499999974872,-0.15885808193151074,1.9681616925556638,1.3697056349071696e-07,-2.1199806787018733,0.9447227721060028,2.9171967287853837,4
30.260499999974826,-0.160764462446511,1.9650386816632195,-4.957300959159811e-07,-2.1163137965912253,0.9408595443926129,2.9266028484353765,4
30.28049999997478,-0.16267501596468695,1.9618830443425836,-8.296547990554084e-07,-2.1126439520777227,0.9370019836714851,2.9359951701911657,4
30.300499999974733,-0.16458884743865076,1.958695049011237,-5.847592473657638e-07,-2.108972465264207,0.9331514022948644,2.94537049876033,4
30.320499999974686,-0.16650625740214287,1.955474421558798,-3.841684485409857e-07,-2.1052987522097295,0.9293074265105674,2.954729744148183,4
30.34049999997464,-0.1684271293525922,1.952219935624543,-7.549974056996781e-07,-2.101622416358298,0.9254692937748108,2.9640747629830693,4
30.360499999974593,-0.17035194802495213,1.9489328122467642,-7.021500414160397e-07,-2.0979431866746996,0.921637601464226,2.973404100782753,4
30.380499999974546,-0.17228007939540502,1.9456121199967553,-7.918879450697957e-07,-2.0942616642203715,0.9178125843968994,2.982717185816245,4
30.4004999999745,-0.17421101455858556,1.9422579575507921,-5.661965331831521e-07,-2.090578363924055,0.9139948793330341,2.992012467710873,4
30.420499999974453,-0.17614530374653387,1.9388700120914397,-4.7361960217151974e-07,-2.086892540218735,0.9101838344068103,3.0012915336182004,4
30.440499999974406,-0.1780819753293952,1.93544780636059,1.1151835179175556e-08,-2.083205261708647,0.9063801679333165,3.010552634597142,4
30.46049999997436,-0.18002180090418207,1.931991180682397,-4.2511429233489716e-07,-2.079515084075343,0.9025831666189021,3.0197975073626724,4
30.480499999974313,-0.18196351969726007,1.9285004251558069,-5.184987203000858e-07,-2.075823926592119,0.8987944276015429,3.0290222632310257,4
30.500499999974267,-0.18390783738219513,1.9249751131564266,-8.705796747534669e-07,-2.072130559264347,0.8950130116062018,3.0382291891327253,4
30.52049999997422,-0.1858541808902819,1.9214154457134869,-3.364571102830993e-07,-2.0684361442489534,0.8912398117290459,3.0474161105727573,4
30.540499999974173,-0.18780236589893218,1.9178206556854056,-6.485375785304229e-07,-2.0647399018069064,0.8874744676843525,3.056583904768533,4
30.560499999974127,-0.1897521123298222,1.9141916614606915,-1.5515007930085128e-07,-2.061042827102114,0.8837180751205236,3.065729904054377,4
30.58049999997408,-0.19170362846914718,1.9105264136961526,-8.338900880681779e-07,-2.057343913514418,0.8799690439671366,3.074857979906102,4
30.600499999974033,-0.19365616214311795,1.9068267845283384,-8.305359939668849e-07,-2.053644408679312,0.8762295037370942,3.083962947422727,4
30.620499999973987,-0.19561000240404355,1.903091774658005,-6.483132655818187e-07,-2.049943949745551,0.8724986405396575,3.093046788251268,4
30.64049999997394,-0.19756431210616934,1.899321513468081,-5.459787511518176e-07,-2.046242981101152,0.8687773330221729,3.102107363076448,4
30.660499999973894,-0.19951916083570814,1.8955153218339864,-5.734283874508246e-07,-2.0425415251519072,0.8650650913747229,3.1111458644789347,4
30.680499999973847,-0.20147449946941817,1.8916743292226683,-2.3295805574344037e-07,-2.0388396360710566,0.8613628850031572,3.1201599321662257,4
30.7004999999738,-0.20343041803200884,1.8877965068659126,-9.46298039584929e-07,-2.035136843672396,0.8576693595975402,3.1291528635885975,4
30.720499999973754,-0.20538529545562162,1.8838845199926741,-1.2150163909750952e-07,-2.0314354547945443,0.8539877150919817,3.138116867602131,4
30.740499999973707,-0.20734079513686768,1.8799355719589863,-5.649420592697357e-07,-2.0277327127788873,0.8503147107164972,3.1470598347772243,4
30.76049999997366,-0.20929545692572288,1.8759507372025475,-9.53778072696714e-07,-2.0240305452105973,0.8466524361809267,3.1559766771247,4
30.780499999973614,-0.21124942782538442,1.8719306984717565,-1.4052940562190772e-07,-2.0203291095566422,0.8430013282570834,3.1648663312001446,4
30.800499999973567,-0.2132024045341589,1.8678725927827307,-8.210987825218746e-06,-2.016627043004841,0.8393602237792943,3.173731629059109,4
30.82049999997352,-0.21515121230931225,1.8637807170314846,-1.0510756015856383e-05,-2.01293027770651,0.8357332603384413,3.182562496567273,4
30.840499999973474,-0.21709737356716527,1.859660335997449,-2.512570665737567e-06,-2.0092386734962377,0.8321233231181031,3.191351908929836,4
30.860499999973428,-0.21904170414566626,1.855506574669964,-2.7953649615673293e-06,-2.0055495326586867,0.8285269426977462,3.2001083134315738,4
30.88049999997338,-0.220983262797705,1.8513159262162378,-2.6592781524743732e-06,-2.001861712113236,0.82494138558847,3.208838365523725,4
30.900499999973334,-0.22292177156790727,1.8470936766374144,-1.0369156771382944e-06,-1.9981782406117006,0.8213712924095233,3.217530766307247,4
30.920499999973288,-0.22485813312619726,1.8428338104418354,-1.3228441945084545e-06,-1.9944946388355946,0.8178115943184912,3.2261978573114996,4
30.94049999997324,-0.22679203464870373,1.838537471793676,-1.7936712719125954e-07,-1.9908122485533233,0.8142637329159204,3.2348361285525415,4
30.960499999973194,-0.22872435284584708,1.834202288094968,-4.808530357503292e-07,-1.9871288045173294,0.8107258658216052,3.2434500658256566,4
30.980499999973148,-0.23065407834890822,1.8298288373939653,-1.98800471556529e-07,-1.983446041865895,0.8071991959270148,3.252036740351616,4
31.0004999999731,-0.23258226096756637,1.825417643874723,-7.002278215314954e-07,-1.9797631197108279,0.8036836085486012,3.260596431359927,4
31.020499999973055,-0.234505679637644,1.820971668362715,-1.939255124682579e-06,-1.976083826661217,0.8001830879800793,3.269119437961546,4
31.040499999973008,-0.23642301547775718,1.8164865234699326,-1.1768815925428895e-05,-1.9724088337711765,0.7966959101406084,3.2776099579185183,4
31.06049999997296,-0.2383347734626516,1.8119756448727298,-4.681455519556379e-06,-1.9687415719129295,0.7932288796992726,3.286051423340901,4
31.080499999972915,-0.24024246401913982,1.807428866071465,-1.5754680889710846e-06,-1.9650770359817535,0.7897755812755864,3.2944594542855286,4
31.100499999972868,-0.242145282778752,1.802845024273949,-1.5560661140001513e-06,-1.961414367933064,0.7863352623708773,3.3028358829230813,4
31.12049999997282,-0.2440433261630915,1.798225769576985,-2.2564508249105048e-06,-1.9577553181314096,0.7829095437984073,3.3111767629256166,4
31.140499999972775,-0.24593621060046864,1.7935729051850633,-4.0380863232025837e-07,-1.9541002800925034,0.7794994912911504,3.3194794994650243,4
31.16049999997273,-0.24782493853655063,1.7888812373610155,-2.632675819932759e-07,-1.9504457426247301,0.7761013023076901,3.3277533509030146,4
31.18049999997268,-0.24970766316745022,1.7841474989114299,-2.032426158053703e-05,-1.946793271374187,0.7727158299615637,3.3359962400935834,4
31.200499999972635,-0.25158082417236344,1.779393066486962,-2.8212579067049067e-06,-1.9431534476672958,0.7693547813808788,3.3441796627248164,4
31.22049999997259,-0.2534500513512213,1.7745966775195121,-2.832510765520026e-06,-1.9395130583399123,0.7660044844881684,3.352336907333155,4
31.240499999972542,-0.2553127823401935,1.7697631814878185,-2.2503624156347307e-06,-1.9358757013054873,0.7626682735994885,3.360459855583853,4
31.260499999972495,-0.25716910464180626,1.7648969077214383,-8.974779061695773e-07,-1.9322436887347945,0.7593496447747321,3.3685399953310866,4
31.28049999997245,-0.2590190968181093,1.7599922526367038,-4.031595130147594e-06,-1.9286135115254124,0.7560446927911126,3.376586834943377,4
31.300499999972402,-0.26086074748394406,1.755048930747247,-1.2378716183117953e-05,-1.9249881791714474,0.7527547318750525,3.3845971745650894,4
31.320499999972355,-0.2626950199053493,1.7500649640210633,-2.2676092177510156e-05,-1.9213644937535919,0.7494781798446715,3.3925748664651474,4
31.34049999997231,-0.2645203012255552,1.7450627400352399,-6.974729041269862e-06,-1.9177548505880755,0.7462283230594635,3.400487561246523,4
31.360499999972262,-0.26633961246061655,1.7400181518909945,-2.7899575345153415e-06,-1.9141437229901948,0.7429887756568352,3.408375154922488,4
31.380499999972216,-0.2681524213505932,1.7349356847739583,-1.3921766144024635e-06,-1.9105354351641473,0.7397642908242641,3.4162260745148347,4
31.40049999997217,-0.26995752737300205,1.7298178714940564,-2.086450680415203e-06,-1.9069315037705916,0.7365567418592693,3.424035758951344,4
31.420499999972122,-0.27175403235495094,1.7246647940094366,-1.2384825321434717e-06,-1.9033328243281864,0.7333659384168112,3.431804671680807,4
31.440499999972076,-0.27354199459372863,1.7194770541661955,-5.887114065619522e-07,-1.8997390592000298,0.7301923107247523,3.4395317651919064,4
31.46049999997203,-0.27532010545476676,1.7142486905146919,-1.905395586554089e-05,-1.8961493314687041,0.7270341552296604,3.4472211872669134,4
31.480499999971983,-0.27708734411503566,1.7089992922466657,-3.7297628996901976e-06,-1.8925716731722844,0.7239006320297761,3.454850635057936,4
31.500499999971936,-0.2788467822305213,1.703708074517777,-1.1609211620300583e-06,-1.8889949488336872,0.7207800821671015,3.4624484955931436,4
31.52049999997189,-0.28059699908512936,1.6983835479285532,-9.726600955235002e-07,-1.8854243368279289,0.7176783575503352,3.4700005207470097,4
31.540499999971843,-0.28233744382221054,1.693024093404522,-1.4216468402925393e-06,-1.8818587561916569,0.7145941401369931,3.4775099196664514,4
31.560499999971796,-0.28406801128007225,1.6876304035355494,-1.683796819517356e-06,-1.878299054085452,0.7115281731483225,3.484974882769301,4
31.58049999997175,-0.2857881929898672,1.6822017206893853,-1.4551926253335422e-06,-1.8747447898498317,0.7084799533063582,3.4923966354279967,4
31.600499999971703,-0.2874984444263801,1.67673829516952,-2.0484057034761475e-06,-1.8711959597707848,0.7054498034649583,3.499774391563579,4
31.620499999971656,-0.28919799048760336,1.6712409568330402,-1.6841883560831617e-06,-1.86765306411356,0.7024383466358799,3.5071066342778567,4
31.64049999997161,-0.29088634743288944,1.6657081401195264,-8.277550361604638e-07,-1.8641156813596957,0.6994447629874323,3.514395359682773,4
31.660499999971563,-0.29256453725713,1.6601423406975826,-1.2531884963067065e-06,-1.8605845351498118,0.6964707474701934,3.5216364409421375,4
31.680499999971516,-0.29423096325415876,1.654541375751795,-6.054437034842766e-07,-1.85705906396644,0.6935149620541845,3.528833135868072,4
31.70049999997147,-0.2958860262995084,1.6489052434220288,-8.246363922625275e-07,-1.8535391846041354,0.6905775172292214,3.5359851754418954,4
31.720499999971423,-0.29752943299610135,1.643235868988694,-1.3132409441809443e-06,-1.8500259173657296,0.6876597777229758,3.5430892368484064,4
31.740499999971377,-0.29916099970025256,1.6375315561805017,-8.284603464230949e-06,-1.846518446350611,0.6847611912647604,3.55014666474667,4
31.76049999997133,-0.30077854091966,1.6317920689232452,-1.7197593819510133e-05,-1.8430187930440936,0.6818817932773467,3.557157372889938,4
31.780499999971283,-0.3023833715840166,1.6260293256926481,-4.325417318646876e-06,-1.839529640556297,0.6790267998514152,3.5641086612313364,4
31.800499999971237,-0.30397694146394166,1.6202283258276047,-1.2745343316738274e-06,-1.8360440578919952,0.6761887177118491,3.571018774266802,4
31.82049999997119,-0.3055582957503098,1.614392356501187,-9.997265374152841e-07,-1.8325637811859787,0.6733695315977599,3.577882879588062,4
31.840499999971144,-0.3071271882009257,1.6085234035639164,-1.3503362882711936e-06,-1.829090232154606,0.6705706216731528,3.584697616795802,4
31.860499999971097,-0.3086832239558465,1.6026210264136247,-1.9281437249828712e-06,-1.8256227052150589,0.6677914752150564,3.5914642342589924,4
31.88049999997105,-0.3102268458296902,1.5966831828402763,-8.468754441020129e-07,-1.8221601887515821,0.665030923157875,3.5981855783982173,4
31.900499999971004,-0.31175790710449014,1.5907104792121294,-3.167960687307958e-07,-1.8187030886213058,0.6622900018866131,3.6048591258412888,4
31.920499999970957,-0.3132762514822393,1.5847008785363486,-2.3274927971763365e-07,-1.815250257693259,0.6595674448244826,3.611487960427346,4
31.94049999997091,-0.3147814914360642,1.5786554921896052,-2.3329127328243102e-07,-1.811802637481222,0.6568643262489198,3.6180694665243687,4
31.960499999970864,-0.31627321267445213,1.5725749576107402,-7.925752081617732e-08,-1.8083607383094966,0.654181095360233,3.6246025504272588,4
31.980499999970817,-0.3177511510340485,1.5664599758819242,-1.950578142680887e-07,-1.8049247739543717,0.6515182027148729,3.631086115129005,4
32.00049999997077,-0.31921484828098406,1.5603112687722223,-2.1394204090907749e-07,-1.8014953083900966,0.6488761072344278,3.6375190432553057,4
32.020499999970866,-0.3206639847872828,1.5541294164856436,-1.617507358332969e-07,-1.7980726951617625,0.6462551669264371,3.6439004631356307,4
32.04049999997096,-0.322098345407772,1.5479149855604675,-1.5914383297374718e-07,-1.7946571540377583,0.6436557018216775,3.650229595564611,4
32.06049999997106,-0.3235177815764768,1.5416681323280021,-2.680698835955975e-07,-1.7912486642051226,0.6410778109803736,3.6565061993521333,4
32.08049999997115,-0.3249219220984648,1.5353894951245461,-1.9465561400818858e-07,-1.7878476642944292,0.6385219243382951,3.662729227698064,4
32.10049999997125,-0.3263105556032504,1.529079294331151,-2.8105316585452044e-07,-1.7844542159888837,0.6359882046399898,3.668898284354807,4
32.120499999971344,-0.32768338928584,1.522738222378105,-2.2977461120100158e-07,-1.7810686938626858,0.6334770514483772,3.675012396473516,4
32.14049999997144,-0.3290402868062249,1.5163664065970714,-1.1908910015554812e-07,-1.7776910573377516,0.6309885332400129,3.681071397328664,4
32.160499999971535,-0.330381020298399,1.5099639080344947,-2.3390826430557525e-07,-1.7743213715607349,0.6285227766501507,3.6870749785909376,4
32.18049999997163,-0.3317053181721319,1.5035313010063238,-2.8143056859052384e-07,-1.7709599189766643,0.6260800996856553,3.6930223659827517,4
32.200499999971726,-0.3330129757099801,1.4970687984805644,-3.9297771867660457e-07,-1.7676067160395452,0.6236606556093278,3.698913186342506,4
32.22049999997182,-0.334303805893332,1.490576620751434,-1.4589776824628407e-07,-1.7642619264742703,0.6212646099300836,3.7047470366919697,4
32.24049999997192,-0.3355777017350082,1.484054847192621,-2.6135752703926414e-07,-1.7609254298570802,0.6188920418006543,3.71052372431145,4
32.26049999997201,-0.33683441701318495,1.477503895962852,-1.462056154644561e-07,-1.7575974613774652,0.6165431871566649,3.7162426747489894,4
32.28049999997211,-0.3380738567316743,1.4709240099914338,-3.636272017209329e-07,-1.7542779711123242,0.6142182298525911,3.721903440358908,4
32.3004999999722,-0.33929566222352725,1.4643153931550135,-1.6003876889193263e-07,-1.7509672480283274,0.6119173157535269,3.7275056659914125,4
32.3204999999723,-0.3404999282003941,1.4576783311901647,-2.721158975950046e-07,-1.7476650472547082,0.609640605071911,3.7330489615640423,4
32.340499999972394,-0.34168649046530075,1.4510131667377435,-2.1972072988765179e-07,-1.7443715758081255,0.6073882695214432,3.7385329089912682,4
32.36049999997249,-0.3428551626185412,1.444320247626931,-2.451003551458815e-07,-1.7410868411236828,0.6051605000632512,3.743957043324257,4
32.380499999972585,-0.34400551904438226,1.4375996744567816,-2.9020027290499083e-07,-1.7378111563615586,0.602957469471332,3.749320943895887,4
32.40049999997268,-0.34513743030715033,1.4308515838732383,-3.1392053277349515e-07,-1.7345443871587052,0.6007792767303894,3.754624369699921,4
32.420499999972776,-0.3462510572440466,1.4240762998653034,-1.968251803646352e-07,-1.7312863807466827,0.5986260355554882,3.759867043864898,4
32.44049999997287,-0.34734636756870124,1.4172743255192077,-1.8538797085467249e-07,-1.7280373442644001,0.5964980931070614,3.7650481211306333,4
32.46049999997297,-0.34842322682127475,1.410445894422049,-1.2191970189819447e-07,-1.7247971406360953,0.5943954669162901,3.7701675588125103,4
32.48049999997306,-0.34948139815180507,1.4035914535347804,-1.4453746253801524e-07,-1.7215659981184541,0.592318456763349,3.7752246270109753,4
32.50049999997316,-0.350520394329597,1.3967111175300588,-1.4637362628073068e-07,-1.7183441621727202,0.5902671931374597,3.780219008013141,4
32.520499999973254,-0.3515404016899828,1.3898051219543548,-8.119945499567393e-08,-1.7151314196123664,0.5882418035061598,3.7851503914632625,4
32.54049999997335,-0.35254110273208805,1.3828729318941342,-1.331756823839171e-06,-1.711927609246771,0.5862421700672968,3.7900190641839724,4
32.560499999973445,-0.35351997082467274,1.375918875037026,-1.6532132505897142e-06,-1.708736607507617,0.5842706084250031,3.7948193881826007,4
32.58049999997354,-0.3544784006882736,1.3689436758715694,-1.5699991494941082e-06,-1.7055570320319133,0.5823267150777518,3.7995523458976477,4
32.600499999973636,-0.35541710585642167,1.3619454002289508,-1.6719060598494748e-06,-1.7023871948411073,0.5804094990511963,3.8042203501362173,4
32.62049999997373,-0.3563371758231392,1.3549254450663506,-2.8675409816902345e-07,-1.699226662430529,0.5785194152440694,3.8088222933187876,4
32.64049999997383,-0.35723665386748843,1.3478812324848661,-7.64327637976085e-07,-1.6960759095693758,0.5766560114444204,3.8133592764831503,4
32.66049999997392,-0.35811555039355275,1.340814411422451,-2.264160888588044e-06,-1.6929355030304967,0.5748200471922369,3.8178294503145533,4
32.68049999997402,-0.35897519226361935,1.3337275254370902,-1.8129627504664469e-06,-1.6898052165251556,0.5730121972557383,3.8222311718990714,4
32.70049999997411,-0.35981387788199964,1.3266170883118533,-1.5776205861760616e-06,-1.6866846025645401,0.5712313552204671,3.826567135115384,4
32.72049999997421,-0.3606320208832359,1.319486393746365,-9.045642534775826e-07,-1.6835745755125617,0.569478805773999,3.8308342120285235,4
32.740499999974304,-0.36142983703525505,1.3123332640463878,-1.79464892033273e-06,-1.6804739921710778,0.5677537926471401,3.835034243989571,4
32.7604999999744,-0.3622076110733564,1.3051597677847377,-1.7750060356187657e-06,-1.6773832661624675,0.5660570772730509,3.8391653770743104,4
32.780499999974495,-0.3629647346168491,1.2979647590346097,-1.589021608336192e-06,-1.6743021619355618,0.5643883645665371,3.8432283297510397,4
32.80049999997459,-0.36370159769958993,1.2907494247314732,-1.4164712952087975e-06,-1.6712307607319126,0.5627481961746166,3.84722178322702,4
32.820499999974686,-0.36441811690418113,1.2835126618551553,-6.074986244721442e-07,-1.6681683189044638,0.5611360651688668,3.851146971762758,4
32.84049999997478,-0.3651146571400125,1.2762548087361718,-1.7176057927686861e-06,-1.6651148129320028,0.5595526195025489,3.8550023177329242,4
32.86049999997488,-0.3657900599342451,1.2689772291767376,-9.97481444435884e-07,-1.6620713153930307,0.557998083643874,3.858787274606219,4
32.88049999997497,-0.3664449409187426,1.2616787047114202,-1.3419840665373239e-06,-1.6590366292535705,0.5564722743871564,3.862502288448662,4
32.90049999997507,-0.3670788456848872,1.2543596330901954,-1.1106740845323998e-06,-1.6560112042237365,0.554975367613481,3.866146931028046,4
32.92049999997516,-0.3676924516811735,1.2470217297088892,-5.420482490735538e-07,-1.6529952018347647,0.5535083112192265,3.869718894422752,4
32.94049999997526,-0.36828563638792483,1.2396617421131986,-1.6485463196235191e-06,-1.6499868135623545,0.5520696873432405,3.8732216308164578,4
32.960499999975355,-0.36885950829958053,1.2322830341186566,-1.729097705844176e-06,-1.646986794122595,0.5506612904944084,3.876650770970136,4
32.98049999997545,-0.36941257839838226,1.2248838148780274,-2.1312181577783345e-06,-1.6439951069792325,0.5492824111210548,3.880008042487866,4
33.000499999975546,-0.36994498211061877,1.2174664215809532,-2.0793681845834053e-07,-1.641012867755961,0.5479342685768165,3.88329047650862,4
33.02049999997564,-0.3704564434924009,1.2100271748716422,-1.808581151639389e-06,-1.6380380408105946,0.5466155133785349,3.8865013587305235,4
33.04049999997574,-0.37094609618432334,1.2025702853420317,-4.5205038728326264e-06,-1.6350732903294132,0.5453279742200157,3.8896362366817003,4
33.06049999997583,-0.37141299760859553,1.1950974663430816,-1.817131034753927e-06,-1.63211941003108,0.5440716929207108,3.892695008540878,4
33.08049999997593,-0.37185972066466705,1.1876055591156476,-1.4845214628560795e-06,-1.6291731793680457,0.5428461828739253,3.8956788590895726,4
33.10049999997602,-0.3722841921314268,1.1800954031132096,-1.7591587046745833e-06,-1.6262362725732469,0.5416518480390944,3.898586804774378,4
33.12049999997612,-0.37268913556581534,1.172568950126945,-2.4367602056864275e-06,-1.6233073647749703,0.5404895904858245,3.901416649251905,4
33.140499999976214,-0.3730726652596291,1.1650270112925651,-2.807004113699872e-07,-1.6203881299648433,0.5393597434455253,3.904167581176112,4
33.16049999997631,-0.37343496575019675,1.1574656376755774,-2.0735809266082167e-06,-1.6174762423934972,0.5382612211571904,3.9068422441390136,4
33.180499999976405,-0.37377617390539747,1.1498899750270046,-8.154432761082382e-07,-1.6145736658515608,0.5371956612423836,3.9094366508881087,4
33.2004999999765,-0.3740966933450568,1.142296610319089,-6.540869213157889e-07,-1.6116787067472425,0.5361625927046982,3.9119519481972564,4
33.220499999976596,-0.3743954522981804,1.1346869576724117,-4.536620700650296e-07,-1.6087924490247982,0.5351625313526143,3.9143868801849386,4
33.24049999997669,-0.3746729158035511,1.1270614161481536,-2.6101388143607694e-07,-1.6059146011175003,0.5341958242513503,3.9167406018227986,4
33.26049999997679,-0.3749289928973742,1.1194207150314432,-1.5454390800818236e-07,-1.6030453043158077,0.533262927993869,3.9190120014062315,4
33.28049999997688,-0.37516362393312636,1.1117650338986542,-1.271549049754071e-07,-1.6001844722968643,0.5323640080849177,3.9212006759671567,4
33.30049999997698,-0.37537666019041643,1.104094831213961,-1.3723802862688201e-07,-1.5973322513997559,0.5314994512493418,3.9233056839146454,4
33.32049999997707,-0.3755684594296755,1.0964105487151274,-2.90298604072265e-07,-1.5944882799917277,0.5306696432452576,3.925326086011546,4
33.34049999997717,-0.3757388701905316,1.0887127223972342,-2.2831901611612475e-07,-1.5916528025949597,0.5298749527664164,3.9272609845687247,4
33.360499999977264,-0.37588756972636506,1.081001448815476,-2.1544840174229487e-07,-1.5888258547375371,0.5291156055386956,3.9291098299927407,4
33.38049999997736,-0.37601471919953444,1.0732773028071858,-1.1990435684207088e-07,-1.5860073968201616,0.528392065875471,3.930871491781461,4
33.400499999977455,-0.3761208294540162,1.065540549390616,-3.309346846328936e-07,-1.583196908117305,0.5277047564074004,3.9325449409211113,4
33.42049999997755,-0.37620519285008225,1.0577915636478123,-3.55870069000868e-07,-1.580394953187076,0.5270539006655615,3.9341296331621107,4
33.440499999977646,-0.3762680404553539,1.0500307640557125,-2.931161796420209e-07,-1.577601305478502,0.5264399659747983,3.935624430670056,4
33.46049999997774,-0.37630945031916974,1.042258543446926,-1.6078939494855024e-07,-1.574815879066288,0.5258633691433308,3.937028318607542,4
33.48049999997784,-0.37632936724394056,1.0344731572834225,-3.222174216481385e-06,-1.5720377730440176,0.5253241288566421,3.9383412514794798,4
33.50049999997793,-0.37632793339275245,1.026680687355622,-2.0557489639038e-06,-1.5692695315455365,0.5248239570840687,3.9395590610127016,4
33.52049999997803,-0.37630431787227225,1.0188776926283099,-1.9801236107980823e-06,-1.5665094809444755,0.5243616975962175,3.940684562374426,4
33.540499999978124,-0.3762598321232273,1.0110649251157098,-1.9119535038042447e-06,-1.563757419312736,0.5239388132211933,3.941714193896224,4
33.56049999997822,-0.3761939059834826,1.003243890879422,-4.5289900422348755e-07,-1.561013695603848,0.5235552795126257,3.9426480150996936,4
33.580499999978315,-0.3761069502626394,0.9954120841247043,-4.539598152692689e-07,-1.5582770456056623,0.5232114574661575,3.94348514703892,4
33.60049999997841,-0.3759985927012317,0.987571351907203,-1.055156051528197e-07,-1.5555483077348227,0.5229080183117116,3.9442239554149627,4
33.620499999978506,-0.37586901028112146,0.9797215311572182,-4.7422453660518303e-07,-1.5528271099710371,0.5226454203331463,3.944863324406252,4
33.6404999999786,-0.3757180922063691,0.971863728602955,-3.2973906969533956e-07,-1.5501137733054322,0.5224241843531392,3.945401985922791,4
33.6604999999787,-0.37554599121231375,0.96399802459403,-4.217027116409492e-07,-1.5474080602227736,0.5222448435699691,3.945838641742683,4
33.68049999997879,-0.375352554803646,0.9561249545374672,-2.2193955963045274e-07,-1.544710053839775,0.5221078393048351,3.9461722173447487,4
33.70049999997889,-0.3751379541797863,0.9482448690513395,-2.1377437675177873e-07,-1.5420196107598056,0.5220137910562181,3.94640120438486,4
33.72049999997898,-0.37490218203406345,0.9403580334621509,-2.733306633722896e-07,-1.539336653026881,0.5219631802066216,3.9465244308012686,4
33.74049999997908,-0.3746452066625152,0.932464961986466,-3.3921337829983474e-07,-1.53666118602518,0.5219565762385525,3.9465405100278717,4
33.760499999979174,-0.3743671644317206,0.9245661043266759,-2.7974549977295846e-07,-1.533993148115366,0.5219946146018191,3.946447894882527,4
33.78049999997927,-0.37406807430350203,0.9166617847844275,-2.758636357956854e-07,-1.5313324194199975,0.5220778584746153,3.9462452141487625,4
33.800499999979365,-0.3737479782510247,0.9087523012409733,-2.595459421880588e-07,-1.5286789269392633,0.5222069029641654,3.9459310188698575,4
33.82049999997946,-0.3734069958373882,0.9008381570711697,-3.971007148355087e-07,-1.5260326110654916,0.5223824744907652,3.94550354037031,4
33.840499999979556,-0.3730452140704002,0.8929198279156911,-2.3378521541037183e-07,-1.5233934142455583,0.5226052118787263,3.944961223251796,4
33.86049999997965,-0.37266273534214533,0.8849973708976355,-3.6424372858917326e-07,-1.520761030086194,0.522875752299762,3.944302516139709,4
33.88049999997975,-0.37225958473835496,0.8770715242065348,-4.2285689961832345e-07,-1.5181355864944,0.5231948170138554,3.9435256629227866,4
33.90049999997984,-0.3718356622935822,0.8691425995150757,-3.571130872888414e-07,-1.5155171192336063,0.5235630795285808,3.942629023756498,4
33.92049999997994,-0.3713908008112562,0.8612100226279241,-5.125454248722624e-07,-1.512905264200792,0.523981168463624,3.941611068088567,4
33.940499999980034,-0.37092500723919275,0.853274599978675,-4.1181783203661397e-07,-1.5103002235909182,0.5244498671213818,3.940469888747939,4
33.96049999998013,-0.37043830284837775,0.8453370025122758,-5.848723061171572e-07,-1.5077019267997245,0.524969768791788,3.9392040412026024,4
33.980499999980225,-0.3699307962201596,0.8373980799296183,-4.5861117754348184e-07,-1.505110538746449,0.5255417703337066,3.937811341796192,4
34.00049999998032,-0.3694024959171188,0.8294577895146935,-5.642145519122715e-07,-1.5025257422972027,0.5261665619526643,3.936290110028295,4
34.020499999980416,-0.36885351963516305,0.8215168349000421,-3.823745216380917e-07,-1.4999476410160115,0.5268450958910247,3.9346380273957653,4
34.04049999998051,-0.36828387641391225,0.8135752529393707,-4.2096705749003313e-07,-1.49737595318982,0.5275781171204141,3.932853280054643,4
34.06049999998061,-0.36769371974185855,0.8056336185652168,-4.1760278969024327e-07,-1.4948107042657675,0.5283666582891036,3.9309333537308775,4
34.0804999999807,-0.3670830370140643,0.7976923246740134,-4.4830020537404643e-07,-1.492251772217405,0.5292114917468425,3.928876367920731,4
34.1004999999808,-0.36645196955585274,0.7897515490903392,-5.470346171115433e-07,-1.4896989889346657,0.5301136508290074,3.9266798066771984,4
34.12049999998089,-0.3658005361536545,0.7818122291376801,-2.5108618378346294e-07,-1.4871524980186195,0.531074017805814,3.9243415218641045,4
34.14049999998099,-0.3651288361658016,0.7738739850256928,-4.00939731452336e-07,-1.4846118169948828,0.5320935994967586,3.921859062094848,4
34.160499999981084,-0.36443699781832556,0.7659380653276296,-2.8044642196359716e-07,-1.4820772725180795,0.5331735014655952,3.9192297355620287,4
34.18049999998118,-0.36372505127734334,0.7580042532882207,-5.421528859726981e-07,-1.4795484363791085,0.5343146830720746,3.916451206433209,4
34.200499999981275,-0.36299314341732064,0.7500734846243637,-4.5995925824515776e-07,-1.4770254822510152,0.5355183107403656,3.913520634719109,4
34.22049999998137,-0.36224129059176463,0.7421461971868254,-1.3545014054824826e-07,-1.4745082964188634,0.5367853650784449,3.9104356328524816,4
34.240499999981466,-0.36146965920065643,0.7342221196124669,-4.56164328372342e-07,-1.471996433348618,0.5381171473674113,3.9071930324967377,4
34.26049999998156,-0.36067832426674895,0.7263027243277561,-2.5839337058434116e-07,-1.4694903158843722,0.5395147497031034,3.903790174635922,4
34.28049999998166,-0.3598673622628035,0.7183878513210775,-3.334465239886958e-07,-1.4669895169305809,0.5409793807503693,3.9002241164338827,4
34.30049999998175,-0.359036947404474,0.7104779918544637,-4.784507232702853e-07,-1.4644939863413047,0.5425124117782048,3.8964915191487184,4
34.32049999998185,-0.3581871334342642,0.7025740989438417,-3.1513954173180225e-07,-1.4620038380067428,0.5441149848847537,3.8925896020197293,4
34.340499999981944,-0.3573180146072515,0.6946763068867765,-2.86759788114691e-07,-1.4595188043773504,0.5457884388049099,3.8885151055184797,4
34.36049999998204,-0.35642976336871307,0.6867848214667747,-5.24634416067698e-07,-1.4570386827813335,0.5475342773647882,3.8842643681552977,4
34.380499999982135,-0.35552248363018685,0.6789008851479431,-3.650145452826482e-07,-1.4545637115457009,0.5493537656908816,3.8798343096222014,4
34.40049999998223,-0.35459626603535926,0.6710246741889123,-1.9042904776657763e-07,-1.45209364327774,0.5512483419818115,3.8752214282181976,4
34.420499999982326,-0.35365073771094696,0.6631537224143929,-4.626336453981752e-06,-1.4496273864075353,0.5532199185626143,3.870421067847547,4
34.44049999998242,-0.35268736804068784,0.6552952051390057,-3.496454830454115e-06,-1.4471670516272175,0.5552694415413599,3.865430924942775,4
34.46049999998252,-0.3517053792927407,0.6474463379924688,-1.9046935399803298e-06,-1.4447114519585291,0.5573983475832138,3.8602475015365223,4
34.48049999998261,-0.3507048794219013,0.6396068900115401,-8.61181687394076e-07,-1.4422602436198777,0.5596085411386313,3.8548661607059405,4
34.50049999998271,-0.34968610447579435,0.631777417253497,-4.064324363881033e-07,-1.4398133307876717,0.5619018564509544,3.8492824364672416,4
34.5204999999828,-0.34864920938371563,0.6239584901769599,-4.104072178520071e-07,-1.4373705871253986,0.5642799910697345,3.8434921956562986,4
34.5404999999829,-0.3475944274899877,0.6161510386540437,-3.623568960521001e-07,-1.4349321009172322,0.5667447496697307,3.8374910442823946,4
34.560499999982994,-0.3465218481685808,0.608355623603858,-4.7417783124881666e-07,-1.4324977385318087,0.5692978160323479,3.8312748827038483,4
34.58049999998309,-0.34543166216292764,0.6005728677474029,-3.8780477164126547e-07,-1.4300674498113162,0.5719411024928829,3.8248390547999374,4
34.600499999983185,-0.3443240320375711,0.592803557530824,-2.802966730975707e-07,-1.427641216053698,0.5746764659474213,3.818179039432365,4
34.62049999998328,-0.34319908916753644,0.585047802823857,-4.2304215626331707e-07,-1.4252187273030785,0.5775059707298182,3.8112898103969632,4
34.640499999983376,-0.34205706874984726,0.5773068689744119,-2.8510996241514346e-07,-1.4228001826350105,0.5804315267929889,3.804166717373592,4
34.66049999998347,-0.3408980957574658,0.569580746368376,-4.286415961057746e-07,-1.4203852108901065,0.5834553525374973,3.796804359039137,4
34.68049999998357,-0.33972239451641045,0.5618706325431445,-3.619531751995056e-07,-1.4179739680961958,0.5865794388942374,3.7891978879096824,4
34.70049999998366,-0.33853014533435904,0.5541767980032565,-3.54638683588649e-07,-1.4155662110787888,0.5898061229123575,3.7813416137786073,4
34.72049999998376,-0.3373215299762788,0.5465000801666654,-3.81217233062598e-07,-1.4131619137997653,0.5931375524418354,3.7732303070981397,4
34.740499999983854,-0.3360967968313367,0.5388412025840897,-2.620612361101656e-07,-1.410761037245345,0.5965761111491421,3.7648581641586096,4
34.76049999998395,-0.33485609199403554,0.5312005739005261,-4.030554534905792e-07,-1.4083633517647844,0.6001241871334493,3.7562193704576883,4
34.780499999984045,-0.3335996801528727,0.5235792222601727,-3.99141621340352e-07,-1.4059689405537341,0.6037841493371978,3.7473081581355174,4
34.80049999998414,-0.33232775505146395,0.5159776669679843,-2.9906027498988693e-07,-1.4035776416665198,0.6075585360543594,3.738118346998081,4
34.820499999984236,-0.3310405326862123,0.5083965867580846,-3.5752207231442433e-07,-1.4011893372760238,0.6114499181371391,3.728643677579139,4
34.84049999998433,-0.3297382838173824,0.5008368341785485,-4.30358857717762e-07,-1.3988040302237712,0.6154609511055842,3.718877684264664,4
34.86049999998443,-0.3284212186556212,0.49329911619901234,-2.4721687237818713e-07,-1.3964217967850558,0.6195945075252527,3.708813372981993,4
34.88049999998452,-0.32708952739367786,0.48578380167701846,-2.718555316389571e-07,-1.3940424384313301,0.623853622946573,3.6984433528257346,4
34.90049999998462,-0.3257434931659775,0.47829182057300024,-2.927667233923429e-07,-1.3916657824470058,0.6282408222288387,3.6877614763123923,4
34.92049999998471,-0.3243834054343186,0.4708239896154021,-3.901885960458985e-07,-1.3892915200425808,0.6327586391568765,3.6767615742267346,4
34.94049999998481,-0.32300952870011024,0.4633813080876752,-3.3639227923937275e-07,-1.3869194327807002,0.6374094930417811,3.6654377560721847,4
34.960499999984904,-0.32162217756929107,0.4559646059164817,-3.729920817363585e-07,-1.3845492679255686,0.6421961596929915,3.653783263356194,4
34.980499999985,-0.3202216309550687,0.4485748379361785,-3.26578012946733e-07,-1.3821808217093061,0.6471212625682121,3.64179170852957,4
35.000499999985095,-0.3188082034442148,0.4412128829832868,-3.445795166674875e-07,-1.3798138602406287,0.6521876402857021,3.629456180173942,4
35.02049999998519,-0.3173821934650966,0.43387969894519957,-2.8752574284805235e-07,-1.3774482153730967,0.6573980977458913,3.616769848966525,4
35.040499999985286,-0.31594382931803777,0.4265756726257541,-3.2806991184627204e-07,-1.3750841356477195,0.6627569028767448,3.603722323430534,4
35.06049999998538,-0.3144933904640184,0.4193015936438868,-2.654250318831423e-07,-1.372721869377154,0.6682679009381385,3.5903042411940973,4
35.08049999998548,-0.31303131251958305,0.4120587934731027,-1.98044832667728e-07,-1.3703610341256252,0.6739334443705394,3.576509874576077,4
35.10049999998557,-0.31155786174205485,0.4048478465929547,-1.6286153987098912e-07,-1.3680004806913517,0.6797557608415059,3.562333799690246,4
35.12049999998567,-0.3100732825065374,0.39766884990176843,-2.52905153313411e-07,-1.3656375402088423,0.6857356398510495,3.547774094275705,4
35.140499999985764,-0.3085783230199167,0.3905248803456723,-2.6124595184052293e-07,-1.3632701666138118,0.6918705487507311,3.5328369247808284,4
35.16049999998586,-0.3070736874857024,0.3834187906796808,-2.1381583251263176e-07,-1.360896356119107,0.6981581187051928,3.5175280588047477,4
35.180499999985955,-0.30556004855721697,0.37635287864583744,-3.0542045464172804e-07,-1.3585143451433348,0.7045970254153144,3.5018507207279295,4
35.20049999998605,-0.3040378469809481,0.3693290223316042,-1.1532846096290668e-07,-1.3561223531559978,0.711186039764516,3.485807903182048,4
35.220499999986146,-0.3025076302502383,0.362348761354907,-1.5438568034986145e-07,-1.3537188358792198,0.7179250272851858,3.4693999335665033,4
35.24049999998624,-0.3009698404952354,0.3554137929861572,-1.3551403201810564e-07,-1.3513024203059107,0.7248134178557986,3.4526282000032724,4
35.26049999998634,-0.29942496013751063,0.34852571688919426,-7.011815559247179e-08,-1.3488718583804413,0.7318509845179895,3.435493255086634,4
35.28049999998643,-0.297877204495732,0.34170198639625243,-2.7229755211269614e-06,-1.346423873368562,0.7390096119108451,3.4180635536083765,4
35.30049999998653,-0.2963302075515204,0.33495383716189125,-2.898596422081038e-06,-1.3439315570738724,0.7462344577960636,3.40047262449654,4
35.32049999998662,-0.29477028045953757,0.328231681044597,-8.471000103132647e-07,-1.3414109610040084,0.7536265658015935,3.3824744484830767,4
35.34049999998672,-0.2932014294324393,0.3215495718254712,-1.6965934379903704e-06,-1.3388752857233908,0.7611900820140829,3.3640589307483193,4
35.360499999986814,-0.29162851995786077,0.3149266316341166,-2.1884650126547323e-06,-1.3363286307845765,0.7689039073421071,3.34527744299313,4
35.38049999998691,-0.2900649269421278,0.3084100396752357,-2.834125787469876e-07,-1.3337562928349147,0.7766692357593747,3.3263705564119572,4
35.400499999987005,-0.288492579851349,0.3019354913575975,-2.237689997273528e-06,-1.3311459342559862,0.7845736826167202,3.307124946672333,4
35.4204999999871,-0.2869111240417391,0.2954985197959493,-1.6650948691579431e-06,-1.3285188923444502,0.792664531840015,3.287425487693876,4
35.440499999987196,-0.28532824782342786,0.28912802708795965,-9.692586859411397e-07,-1.3258825241713794,0.8009039764181991,3.267364231329602,4
35.46049999998729,-0.2837557380496658,0.2828650221405247,-9.704617246718057e-07,-1.3232178006977888,0.8091879546038396,3.24719454531239,4
35.48049999998739,-0.2821753838581594,0.27664377091028286,-1.3659206642186378e-06,-1.3205225213640508,0.8176356086046288,3.22662634426699,4
35.50049999998748,-0.28058871214394354,0.27046840851856596,-1.5848295623801933e-07,-1.3178134321900845,0.8262694123481735,3.2056049090653165,4
35.52049999998758,-0.2790106050800849,0.2643902398255712,-6.455561773420211e-07,-1.3150919949619466,0.8349916654938647,3.1843681187975466,4
35.540499999987674,-0.27743585363218115,0.2583936128986152,-1.5375003352493235e-06,-1.3123387794470984,0.8437990347173459,3.1629240893838535,4
35.56049999998777,-0.2758528937311081,0.25243506306074176,-5.938983862870292e-07,-1.309566586505311,0.8528048906507351,3.1409967879808187,4
35.580499999987865,-0.274274347577735,0.24655798520731104,-1.309363687418086e-07,-1.306785845250324,0.861934398020475,3.118768422211017,4
35.60049999998796,-0.2727059408655021,0.2407795011477348,-1.4346202857420438e-06,-1.3039677776569785,0.8711046422085349,3.0964408711444364,4
35.620499999988056,-0.27113057324952916,0.235044651809761,-8.033507310875903e-07,-1.301126801713226,0.8804561176829435,3.0736720612937027,4
35.64049999998815,-0.26955556870481645,0.2293754285715011,-1.803207000267274e-08,-1.29828082520752,0.8899692138867805,3.050509740101752,4
35.66049999998825,-0.26799160132602856,0.22380456510030758,-3.0517545228254695e-07,-1.2954131605399941,1.4,2.0869565217391304,5
35.68049999998834,-0.2664892925688515,0.21851527023369438,-8.655760785048517e-07,-1.292443776767117,1.4,2.0869565217391304,5
35.70049999998844,-0.2650393054245425,0.21347081510396174,-1.070047041492322e-06,-1.2893355252850864,1.4,2.0869565217391304,5
35.72049999998853,-0.2636619043001332,0.2087432675283496,-5.127116980724689e-07,-1.2860572235726486,1.4,2.0869565217391304,5
35.74049999998863,-0.26238727292520947,0.2044159902837972,-3.990586453400495e-07,-1.2827229021050637,1.4,2.0869565217391304,5
35.760499999988724,-0.2611530323521009,0.20028999597193908,-1.0547614691011086e-06,-1.2793195983244654,1.4,2.0869565217391304,5
35.78049999998882,-0.2600378476168008,0.19660067127352293,-9.199525626371051e-07,-1.275912906187852,1.4,2.0869565217391304,5
35.800499999988915,-0.25894854400489214,0.19305388060278447,-1.7174313174748908e-06,-1.2725021846579339,1.4,2.0869565217391304,5
35.82049999998901,-0.25796416385970805,0.18987937419255393,-8.541423837630171e-08,-1.2691329293572864,1.4,2.0869565217391304,5
35.840499999989106,-0.2570157989537835,0.1868612651267792,-8.440322315671576e-07,-1.2657843147133214,1.4,2.0869565217391304,5
35.8604999999892,-0.2561135449136136,0.18402657507140804,-4.609239324179202e-07,-1.2625274739891363,1.4,2.0869565217391304,5
35.8804999999893,-0.25526785784041056,0.18139599791233216,-1.1528601071081297e-06,-1.2592995240352203,1.4,2.0869565217391304,5
35.90049999998939,-0.2544494306218708,0.17888528931821146,-8.262196502023738e-07,-1.2561389017944107,1.4,2.0869565217391304,5
35.92049999998949,-0.2536604184484019,0.17649287440215322,-1.5354797716491937e-06,-1.2530611810007954,1.4,2.0869565217391304,5
35.940499999989584,-0.2529068332509523,0.1742261336002512,-1.9058258512572675e-07,-1.2500220669135684,1.4,2.0869565217391304,5
35.96049999998968,-0.25217336046652183,0.17204450070291818,-6.828124634250543e-08,-1.2470076964177483,1.4,2.0869565217391304,5
35.980499999989775,-0.2514551975518281,0.16993267375665666,-2.1811507924684545e-07,-1.244039498582276,1.4,2.0869565217391304,5
36.00049999998987,-0.25075109818509894,0.167883423236848,-2.2503744443285583e-07,-1.2411160123840808,1.4,2.0869565217391304,5
36.020499999989966,-0.2500590514108019,0.16588867948481456,-2.1600793523957338e-07,-1.2382302010274768,1.4,2.0869565217391304,5
36.04049999999006,-0.2493769267396672,0.16394095407629466,-1.7823357238927995e-07,-1.235373734646417,1.4,2.0869565217391304,5
36.06049999999016,-0.2487026821773786,0.1620333972612862,-2.7503959258353054e-07,-1.232540560206875,1.4,2.0869565217391304,5
36.08049999999025,-0.24803463563582892,0.16016052643580875,-1.70174198882802e-07,-1.2297259483631309,1.4,2.0869565217391304,5
36.10049999999035,-0.2473716989113329,0.15831835813505266,-3.2404727219087866e-07,-1.2269257575190844,1.4,2.0869565217391304,5
36.12049999999044,-0.24671281944214352,0.1565035713805907,-2.6704531671254535e-07,-1.2241362403811191,1.4,2.0869565217391304,5
36.14049999999054,-0.24605729275555996,0.1547136839715744,-1.4790654072484027e-07,-1.2213549556063243,1.4,2.0869565217391304,5
36.160499999990634,-0.24540444058115865,0.1529463890412794,-2.0417527323449178e-07,-1.2185792658419032,1.4,2.0869565217391304,5
36.18049999999073,-0.24475367282680285,0.15119956906083623,-4.162433451104494e-07,-1.2158071728635227,1.4,2.0869565217391304,5
36.200499999990825,-0.24410463249294304,0.1494721079092627,-3.0737138508736835e-07,-1.2130378350208175,1.4,2.0869565217391304,5
36.22049999999092,-0.2434567495856038,0.14776211119721888,-3.912307624723606e-07,-1.2102689162155988,1.4,2.0869565217391304,5
36.240499999991016,-0.24280968611173254,0.14606848538549297,-3.15650946794326e-07,-1.2074998690309318,1.4,2.0869565217391304,5
36.26049999999111,-0.24216313526327604,0.14439016802539636,-2.856026236545344e-07,-1.2047298662728005,1.4,2.0869565217391304,5
36.28049999999121,-0.2415169143777125,0.1427263985435347,-2.881494360354924e-07,-1.2019584052284396,1.4,2.0869565217391304,5
36.3004999999913,-0.2408707418380313,0.14107626782693303,-2.538699479111839e-07,-1.1991847432883405,1.4,2.0869565217391304,5
36.3204999999914,-0.24022429956931965,0.1394388730823464,-2.6518706837811393e-07,-1.196408273417358,1.4,2.0869565217391304,5
36.34049999999149,-0.2395775452644352,0.137813864552859,-2.0195014640410942e-07,-1.1936290968135348,1.4,2.0869565217391304,5
36.36049999999159,-0.2389302336470585,0.136200539786972,-2.287371007644376e-07,-1.190846870901255,1.4,2.0869565217391304,5
36.380499999991684,-0.23828227635483198,0.13459852901327074,-2.8019524741569703e-07,-1.1880615180122134,1.4,2.0869565217391304,5
36.40049999999178,-0.23763354143918694,0.13300723118335275,-2.219077818329967e-07,-1.1852728809854023,1.4,2.0869565217391304,5
36.420499999991875,-0.23698380993639406,0.13142617827255507,-1.7738313219864391e-07,-1.1824807356696996,1.4,2.0869565217391304,5
36.44049999999197,-0.2363330616308991,0.1298550685465704,-3.4611112630660605e-07,-1.1796851848799652,1.4,2.0869565217391304,5
36.46049999999207,-0.23568109660673864,0.1282934259768806,-3.540021015380424e-07,-1.1768859496493924,1.4,2.0869565217391304,5
36.48049999999216,-0.23502799665625743,0.12674116163363758,-2.7997764465545784e-07,-1.1740837056849245,1.4,2.0869565217391304,5
36.50049999999226,-0.23437343827906607,0.12519767949438418,-1.1947229174488432e-07,-1.171277753379781,1.4,2.0869565217391304,5
36.52049999999235,-0.2337175269613477,0.12366282950532718,-3.598934834500071e-07,-1.1684686706588554,1.4,2.0869565217391304,5
36.54049999999245,-0.2330600750863163,0.1221363591689759,-1.7352346801841155e-07,-1.165656457145679,1.4,2.0869565217391304,5
36.560499999992544,-0.232401068306375,0.12061801381224767,-2.1991051755000754e-07,-1.1628410261540598,1.4,2.0869565217391304,5
36.58049999999264,-0.23174050465181203,0.11910770668879533,-1.2637250170290434e-07,-1.160022904865898,1.4,2.0869565217391304,5
36.600499999992735,-0.23107822137548079,0.11760494236395881,-1.0777973873957367e-07,-1.1572017806633388,1.4,2.0869565217391304,5
36.62049999999283,-0.23041413052415402,0.11610958536558809,2.3887145223979477e-08,-1.1543776437747937,1.4,2.0869565217391304,5
36.640499999992926,-0.22974816269807383,0.11462125599991387,-1.2806726307270166e-07,-1.1515504886913182,1.4,2.0869565217391304,5
36.66049999999302,-0.22908032246103827,0.11313998367193931,-1.7219628294872156e-07,-1.1487206425053043,1.4,2.0869565217391304,5
36.68049999999312,-0.22841052337516718,0.11166555883397761,-1.5969147787792536e-07,-1.145888324096803,1.4,2.0869565217391304,5
36.70049999999321,-0.22773872878802376,0.11019775346733643,-3.087468912359187e-07,-1.1430536744838884,1.4,2.0869565217391304,5
36.72049999999331,-0.2270648975951168,0.10873649314298775,-1.1956067923317924e-07,-1.1402165061555822,1.4,2.0869565217391304,5
36.7404999999934,-0.22638891879850992,0.1072813949215573,-2.156568044890702e-07,-1.1373770728312707,1.4,2.0869565217391304,5
36.7604999999935,-0.22571078612929932,0.10583243944535384,-7.847641286769811e-08,-1.134535361957337,1.4,2.0869565217391304,5
36.780499999993594,-0.2250304869265817,0.10438949757673505,-8.720210588356991e-08,-1.1316914106636666,1.4,2.0869565217391304,5
36.80049999999369,-0.22434784110801212,0.10295219578091626,-1.9601134472982373e-07,-1.1288451123887506,1.4,2.0869565217391304,5
36.820499999993785,-0.22366292628293064,0.10152054697058599,-7.889368717186789e-08,-1.125996986101849,1.4,2.0869565217391304,5
36.84049999999388,-0.22297530034143445,0.10009587618490132,9.810504893539834e-08,-1.1231498913430045,1.4,2.0869565217391304,5
36.860499999993976,-0.22228485288891378,0.09867734691855917,-1.6269855378437441e-06,-1.1203021396668713,1.4,2.0869565217391304,5
36.88049999999407,-0.22159348328665462,0.09726628376769618,-8.37897717963421e-07,-1.1174574010996636,1.4,2.0869565217391304,5
36.90049999999417,-0.2208999923034103,0.09586127538567481,-1.5756791531708666e-07,-1.1146126493261983,1.4,2.0869565217391304,5
36.92049999999426,-0.22020380257234803,0.09446159984651847,-1.3118448738174534e-06,-1.111766473719827,1.4,2.0869565217391304,5
36.94049999999436,-0.21950599246541852,0.09306822068345098,-6.243917403961297e-07,-1.1089218949951791,1.4,2.0869565217391304,5
36.960499999994454,-0.2188055591649763,0.09167959956165382,-1.4295312872396166e-06,-1.1060751993735414,1.4,2.0869565217391304,5
36.98049999999455,-0.2181032972724421,0.09029649977306439,-1.1295737048755056e-06,-1.1032291591223353,1.4,2.0869565217391304,5
37.000499999994645,-0.21739887283423928,0.08891880141741683,-3.4781909000268227e-07,-1.1003829325970633,1.4,2.0869565217391304,5
37.02049999999474,-0.21669119760340244,0.08754496033420893,-1.13199325783169e-06,-1.0975342429982091,1.4,2.0869565217391304,5
37.040499999994836,-0.21598158150951918,0.08617659034685701,-5.806398885863158e-07,-1.0946864260579539,1.4,2.0869565217391304,5
37.06049999999493,-0.21526927452223887,0.08481245761562523,-6.540914558494432e-07,-1.091836837311089,1.4,2.0869565217391304,5
37.08049999999503,-0.21455389727420124,0.08345229094067785,-1.7957628913371132e-06,-1.0889856519179584,1.4,2.0869565217391304,5
37.10049999999512,-0.213836516100577,0.08209735939169632,-5.4780787257468874e-08,-1.0861355913150261,1.4,2.0869565217391304,5
37.12049999999522,-0.21311545597047726,0.08074546968966997,-1.7227026623975686e-06,-1.0832817678339075,1.4,2.0869565217391304,5
37.14049999999531,-0.2123924928815475,0.07939847812428867,-5.193098943798703e-07,-1.0804291885375616,1.4,2.0869565217391304,5
37.16049999999541,-0.2116660298106475,0.07805504435052438,-1.151546390765279e-06,-1.0775743167274736,1.4,2.0869565217391304,5
37.180499999995504,-0.2109369589265282,0.07671540207811016,-1.254282456559445e-06,-1.0747186512142515,1.4,2.0869565217391304,5
37.2004999999956,-0.2102053357273627,0.07538008644517778,-8.700627771956495e-07,-1.0718628082208599,1.4,2.0869565217391304,5
37.220499999995695,-0.20947049752029323,0.0740481302613159,-1.165391949154017e-06,-1.069005686019355,1.4,2.0869565217391304,5
37.24049999999579,-0.20873295854413107,0.07272029648957777,-9.593307579810108e-07,-1.066148035832075,1.4,2.0869565217391304,5
37.260499999995886,-0.2079921383651843,0.07139574023822298,-9.081153463816673e-07,-1.063289242320914,1.4,2.0869565217391304,5
37.28049999999598,-0.2072486902141864,0.07007505764678199,-7.990621850567256e-07,-1.0604299415333456,1.4,2.0869565217391304,5
37.30049999999608,-0.20650204815530518,0.06875761526964753,-8.009345401589405e-07,-1.0575696505507566,1.4,2.0869565217391304,5
37.32049999999617,-0.20575252827938242,0.06744380373177188,-1.0539312322481362e-06,-1.0547085052164702,1.4,2.0869565217391304,5
37.34049999999627,-0.20499998216194087,0.06613325280204303,-8.950808989523715e-07,-1.051846788113235,1.4,2.0869565217391304,5
37.360499999996364,-0.20424441871380192,0.06482624593311549,-9.21614162043482e-07,-1.0489844118475595,1.4,2.0869565217391304,5
37.38049999999646,-0.2034854587736551,0.06352230304606281,-8.164568284253206e-07,-1.0461209827814242,1.4,2.0869565217391304,5
37.400499999996555,-0.20272348425560152,0.062221662645045354,-9.665670265412666e-07,-1.043256698735638,1.4,2.0869565217391304,5
37.42049999999665,-0.2019584512565296,0.060924275299180014,-5.316986427613259e-07,-1.0403921270360263,1.4,2.0869565217391304,5
37.440499999996746,-0.20119006910078932,0.059629814910260696,-1.2949678452904497e-06,-1.0375261499665254,1.4,2.0869565217391304,5
37.46049999999684,-0.2004191030429055,0.05833896815416921,-3.512653133367504e-07,-1.034660969721183,1.4,2.0869565217391304,5
37.48049999999694,-0.19964432101819904,0.0570506967208229,-1.317912508664541e-06,-1.0317935941704248,1.4,2.0869565217391304,5
37.50049999999703,-0.19886709475024464,0.05576618860998445,-4.0870580613835e-07,-1.0289272924694468,1.4,2.0869565217391304,5
37.52049999999713,-0.1980856965215298,0.05448381826643596,-1.0152523452205757e-06,-1.0260585547635102,1.4,2.0869565217391304,5
37.54049999999722,-0.19730195158545988,0.053205077024287284,-1.7489596740171649e-07,-1.023190429728513,1.4,2.0869565217391304,5
37.56049999999732,-0.1965139490084888,0.0519284400282898,-1.1565822533076864e-06,-1.0203201192799218,1.4,2.0869565217391304,5
37.580499999997414,-0.19572331802284554,0.0506552245523638,-1.077774614627825e-06,-1.0174502377864327,1.4,2.0869565217391304,5
37.60049999999751,-0.19492930922030288,0.04938487555610413,-5.566741822731504e-07,-1.0145799208715547,1.4,2.0869565217391304,5
37.620499999997605,-0.19413200113524995,0.04811715242488233,-1.0180878701487871e-06,-1.0117082353674092,1.4,2.0869565217391304,5
37.6404999999977,-0.19333140669825938,0.04685226640782259,-7.762688062852347e-07,-1.008836461140759,1.4,2.0869565217391304,5
37.660499999997796,-0.19252733218694262,0.0455899758449454,-1.1348725663924642e-06,-1.0059632503489837,1.4,2.0869565217391304,5
37.68049999999789,-0.191719675386472,0.04433014650051747,-1.2347111371966227e-06,-1.0030890216711124,1.4,2.0869565217391304,5
37.70049999999799,-0.1909092444622908,0.04307342529010451,-3.9159792326156475e-07,-1.000215054464665,1.4,2.0869565217391304,5
37.72049999999808,-0.19009453934877207,0.04181877628740614,-1.3729503237032202e-06,-0.9973392119458131,1.4,2.0869565217391304,5
37.74049999999818,-0.18927757384291644,0.04056770435507671,-5.65374723270128e-07,-0.9944646728148758,1.4,2.0869565217391304,5
37.760499999998274,-0.18845635187363327,0.03931861530763478,-9.058984075412437e-07,-0.9915883328581647,1.4,2.0869565217391304,5
37.78049999999837,-0.18763258293554375,0.03807288697960646,-2.576600837689495e-07,-0.9887128416230525,1.4,2.0869565217391304,5
37.800499999998465,-0.18680451921630642,0.0368290854426305,-1.3429767138961276e-06,-0.9858354106924452,1.4,2.0869565217391304,5
37.82049999999856,-0.18597415229090505,0.035588864908949816,-1.1238702945123919e-07,-0.9829598546153551,1.4,2.0869565217391304,5
37.840499999998656,-0.18513943367166158,0.03435054905377273,-1.4903795802606913e-06,-0.9800816833119329,1.4,2.0869565217391304,5
37.86049999999875,-0.18430215370644337,0.03311553001209187,-4.0361179950649623e-07,-0.9772051492750236,1.4,2.0869565217391304,5
37.88049999999885,-0.1834607961820018,0.03188269979284818,-1.1072991077362336e-06,-0.9743267433645032,1.4,2.0869565217391304,5
37.90049999999894,-0.18261660659587645,0.030652952314892776,-3.113896556667424e-07,-0.9714495382353747,1.4,2.0869565217391304,5
37.92049999999904,-0.18176870121215646,0.02942547500044949,-8.834923740761399e-07,-0.9685707881632498,1.4,2.0869565217391304,5
37.94049999999913,-0.18091768421496926,0.02820099234089122,-4.7492542571877e-07,-0.9656930423666787,1.4,2.0869565217391304,5
37.96049999999923,-0.18006305687608695,0.026978842204688845,-9.443493575882772e-07,-0.9628140550223325,1.4,2.0869565217391304,5
37.980499999999324,-0.17920501334188804,0.02575939589305377,-8.255519029602298e-07,-0.9599353671114632,1.4,2.0869565217391304,5
38.00049999999942,-0.178343448351163,0.024542505517672283,-1.2786061444182964e-06,-0.9570558024965267,1.4,2.0869565217391304,5
38.020499999999515,-0.17747870035283275,0.023328167957196163,-1.1593020592776523e-06,-0.9541765240345018,1.4,2.0869565217391304,5
38.04049999999961,-0.1766109652650534,0.022116741017031778,-4.550198434483419e-07,-0.9512974377787893,1.4,2.0869565217391304,5
38.060499999999706,-0.17573881575070555,0.0209072101540022,-1.4721480048256057e-06,-0.948416783662073,1.4,2.0869565217391304,5
38.0804999999998,-0.17486411456827833,0.019701056947598203,-3.4493576545653536e-07,-0.945537400845302,1.4,2.0869565217391304,5
38.1004999999999,-0.17398517930213753,0.018496622768249902,-1.066372083011019e-06,-0.942656334850063,1.4,2.0869565217391304,5
38.12049999999999,-0.1731035345163608,0.017295511909956242,-2.3069513870737708e-07,-0.9397764339740882,1.3978348902611502,2.0869565217391304,5
38.14050000000009,-0.1722173623236088,0.01609582200630425,-1.3314952911561199e-06,-0.9368941806500045,1.3943347671072641,2.0869565217391304,5
38.160500000000184,-0.17132833025814972,0.014898899378028943,-1.207355497842262e-07,-0.9340134354491559,1.390835709744103,2.0869565217391304,5
38.18050000000028,-0.17043407359721977,0.01370259900480364,-1.604591914482836e-06,-0.9311291003049169,1.3873320457564282,2.0869565217391304,5
38.200500000000375,-0.16953618194226036,0.012507838191904649,-3.91913629287881e-07,-0.9282453313971323,1.3838283057785978,2.0869565217391304,5
38.22050000000047,-0.16863269732451705,0.011313256570063018,-1.3646727127773604e-06,-0.9253578858363208,1.380320173181166,2.0869565217391304,5
38.240500000000566,-0.16772453560569936,0.010119103336614567,-1.2538637592871741e-06,-0.9224695570191314,1.3768104753781851,2.0869565217391304,5
38.26050000000066,-0.1668115868659815,0.008925414431177066,-1.0047536983684226e-07,-0.9195794894007133,1.3732993761527421,2.0869565217391304,5
38.28050000000076,-0.16589202858778934,0.007730877712947746,-1.269190011610248e-06,-0.9166857344189575,1.3697830221724652,2.0869565217391304,5
38.30050000000085,-0.16496806347873463,0.006537114945999471,-2.31103243595027e-07,-0.9137921987218083,1.3662679613656286,2.0869565217391304,5
38.32050000000095,-0.16403734483808785,0.005342319470979024,-1.6215695656012002e-06,-0.9108947436761194,1.36274774706277,2.0869565217391304,5
38.34050000000104,-0.16310219985123986,0.004148107577623338,-6.8997339177049e-08,-0.9079979172611174,1.3592290011636234,2.0869565217391304,5
38.36050000000114,-0.16216010292765398,0.0029528211043594824,-1.2512238348932789e-06,-0.9050972516817203,1.3557060534400138,2.0869565217391304,5
38.380500000001234,-0.1612130453486217,0.0017576049916079631,-2.7268552664279643e-07,-0.9021968531096265,1.3521840187338419,2.0869565217391304,5
38.40050000000133,-0.1602592445362724,0.0005614803336047334,-1.329461396833043e-06,-0.8992935164009045,1.3486592140027551,2.0869565217391304,5
38.420500000001425,-0.15930018330335752,-0.0006348227268972179,-3.4610706570698273e-07,-0.896390471836903,1.3451354283469685,2.0869565217391304,5
38.44050000000152,-0.15833418434146818,-0.0018326765378806858,-1.0375526462924576e-06,-0.8934834777886026,1.341608183168888,2.0869565217391304,5
38.460500000001616,-0.1573615480930742,-0.0030317119419884624,-1.507122633879352e-06,-0.8905749741647225,1.338079428206009,2.0869565217391304,5
38.48050000000171,-0.15638313879674753,-0.0042310434698682306,-6.516329512601976e-08,-0.8876667879555887,1.334552216929839,2.0869565217391304,5
38.50050000000181,-0.1553970697999,-0.005432001038342347,-1.6077779270470558e-06,-0.8847552243199409,1.331022273757268,2.0869565217391304,5
38.5205000000019,-0.15440528839974252,-0.006633621882709182,-9.287909154656412e-07,-0.8818444038791643,1.3274942597882857,2.0869565217391304,5
38.540500000002,-0.1534062754983061,-0.007836417839987918,-1.2600167923717506e-06,-0.8789318702065574,1.3239656837540386,2.0869565217391304,5
38.560500000002094,-0.15240104851002195,-0.009039940720269675,-1.2038399066911565e-07,-0.8760201282130893,1.3204391017786348,2.0869565217391304,5
38.58050000000219,-0.15138807049161215,-0.010245440282040044,-1.3555088780963432e-06,-0.873105343621302,1.3169106782126963,2.0869565217391304,5
38.600500000002285,-0.15036874008891965,-0.011451761528617243,-3.707178418741745e-07,-0.8701916073557443,1.3133847126795617,2.0869565217391304,5
38.62050000000238,-0.14934155990750553,-0.012659844347632758,-1.5532662363049024e-06,-0.8672757359575182,1.309858047081148,2.0869565217391304,5
38.640500000002476,-0.14830781518995445,-0.013869169888830937,-7.349113170296038e-07,-0.8643604987869627,1.3063335704249939,2.0869565217391304,5
38.66050000000257,-0.14726614055782203,-0.015080321605970719,-1.4231300359307335e-06,-0.8614434334392039,1.302808954958972,2.0869565217391304,5
38.68050000000267,-0.14621736263176696,-0.01629296512323967,-6.904650249040633e-07,-0.8585265903801373,1.2992860944952445,2.0869565217391304,5
38.70050000000276,-0.14516052476284738,-0.01750773279714127,-1.2215769036662489e-06,-0.8556077530045779,1.295763134833034,2.0869565217391304,5
38.72050000000286,-0.14409633138599062,-0.0187240174627877,-5.010584847355035e-07,-0.8526895818957057,1.2922425456049407,2.0869565217391304,5
38.74050000000295,-0.1430237986248876,-0.019942387609791144,-1.1598124104465064e-06,-0.849769778286774,1.2887223427434393,2.0869565217391304,5
38.76050000000305,-0.14194411136454632,-0.02116209624493106,-1.039725577232654e-07,-0.8468514616295568,1.2852057658984704,2.088194656942855,5
38.780500000003144,-0.14085556817402625,-0.02238459567159036,-1.0564154704089201e-06,-0.8439301477866457,1.28168824330659,2.096759059775259,5
38.80050000000324,-0.1397583449331481,-0.02360982005189861,-5.326154760817946e-07,-0.8410073072839204,1.2781706309712801,2.1053236811134046,5
38.820500000003335,-0.1386507199989468,-0.02483924055149258,-1.5885450014364276e-06,-0.8380784277034675,1.2746485301417874,2.1138992309591265,5
38.84050000000343,-0.1375330373209069,-0.026073251258346947,-8.639384972199205e-07,-0.8351440615168225,1.271121984540414,2.1224856028581223,5
38.860500000003526,-0.1364035879074979,-0.027312780171019596,-1.1462850348459198e-06,-0.8322010131953084,1.2675878749702747,2.1310903913767225,5
38.88050000000362,-0.13526219379178533,-0.028558155033450043,-1.066592965907663e-06,-0.829249739038789,1.2640459662936314,2.1397141690242014,5
38.90050000000372,-0.13410859018331117,-0.029809377944138866,-1.2457945888078632e-06,-0.8262896762200177,1.2604964902335836,2.1483563716051877,5
38.92050000000381,-0.13294271258626678,-0.03106671311870916,-1.081663825898337e-07,-0.8233211882983499,1.2569393487584104,2.1570172378056096,5
38.94050000000391,-0.13176275288857628,-0.03233140960583811,-1.5293734540625578e-06,-0.8203404944315333,1.2533706637971223,2.1657062098852675,5
38.960500000004004,-0.13057021594253526,-0.033602954611053774,-5.368013671279605e-07,-0.8173504454546362,1.2497935802839288,2.1744156306130424,5
38.9805000000041,-0.12936275619997076,-0.03488221751327448,-1.2827082593260406e-06,-0.8143478509337483,1.2462045295241464,2.1831541889846866,5
39.000500000004195,-0.1281414704653689,-0.0361686627543244,-1.1665662324843327e-06,-0.8113348634806686,1.2426063218085157,2.191915042553179,5
39.02050000000429,-0.12690613975003637,-0.0374622149483269,-2.693958844352922e-07,-0.8083120546811609,1.23899945834737,2.2006969709803164,5
39.040500000004386,-0.12565502135756262,-0.038763964665677386,-1.2334005659592959e-06,-0.8052767691643158,1.2353804312105676,2.2095085153134004,5
39.06050000000448,-0.12438978392808973,-0.04007305405832232,-7.213386774140868e-07,-0.8022312242112515,1.2317530932785885,2.2183402946260453,5
39.08050000000458,-0.12310880953768091,-0.0413904837625313,-9.683183292250086e-07,-0.7991738403433472,1.2281145870427357,2.22719926633073,5
39.10050000000467,-0.12181213453038965,-0.04271576892391944,-1.1567683845667563e-06,-0.7961050199530826,1.2244663029394798,2.2360820450169183,5
39.12050000000477,-0.12049988376919976,-0.04404885500041588,-1.1356643311944691e-06,-0.7930256644068598,1.2208090692503082,2.244986613999249,5
39.14050000000486,-0.11917190179079129,-0.0453901485399824,-2.4190830821053907e-07,-0.7899354436977752,1.2171424155676593,2.253914118617873,5
39.16050000000496,-0.11782656756128732,-0.046740195199767035,-1.1911051654225766e-06,-0.7868322165262153,1.2134641749684216,2.2628698348594947,5
39.180500000005054,-0.1164650714083329,-0.04809837754912968,-1.1085619272031608e-06,-0.7837183700652638,1.2097773368216,2.2718464842604518,5
39.20050000000515,-0.11508663487998552,-0.049464856381141606,-1.1788302518821225e-06,-0.7805934785285276,1.2060813369476395,2.2808454404753125,5
39.220500000005245,-0.11369150796384896,-0.05083979179387594,-4.653989109807534e-07,-0.7774577223209014,1.2023766099571789,2.2898656453216515,5
39.24050000000534,-0.11227815502676762,-0.052223633401789885,-5.711365745456815e-07,-0.7743100154801678,1.198661291046588,2.2989116391909166,5
39.260500000005436,-0.11084721081813846,-0.053616167512745755,-9.432976876442839e-07,-0.7711507169390036,1.1949369443196158,2.3079796138305007,5
39.28050000000553,-0.10939835935770727,-0.055017301593284856,-1.0353591426726237e-06,-0.7679805293717089,1.191203974111891,2.317068584771048,5
39.30050000000563,-0.107931370156507,-0.05642712244975124,-9.768922765735187e-07,-0.7647993619460796,1.1874624596673506,2.3261783590707985,5
39.32050000000572,-0.1064461212230068,-0.05784570104288961,-6.496131715840182e-07,-0.7616073206629166,1.183712648705715,2.3353083335860854,5
39.34050000000582,-0.10494195755206455,-0.059273062946087626,-5.924327842741264e-07,-0.7584044024925892,1.1799544044663173,2.344458841299401,5
39.36050000000591,-0.10341887711034022,-0.060709172181903734,-5.581721610997142e-07,-0.7551907420499027,1.1761882276446665,2.3536286631260293,5
39.38050000000601,-0.1018766958168435,-0.06215437764626431,-3.9635147870150685e-07,-0.751966002351152,1.1724137841695073,2.3628186124568518,5
39.400500000006105,-0.10031441434131261,-0.06360840741398845,-1.1709482052774886e-06,-0.748730328273546,1.1686311119353205,2.372028597027046,5
39.4205000000062,-0.09873320394602386,-0.06507121298229752,-6.612942595237094e-07,-0.7454847302103303,1.164841846892798,2.381254633652318,5
39.440500000006296,-0.09713170803517233,-0.06654315937961541,-5.087025983103553e-07,-0.7422282024878503,1.1610445973523098,2.3905001107943757,5
39.46050000000639,-0.09550985228757551,-0.06802369164428512,-7.778766884769687e-07,-0.7389616996611887,1.157240702481044,2.3997617678722407,5
39.48050000000649,-0.09386775400934629,-0.06951328239253338,-7.496233095701494e-07,-0.7356847802861053,1.1534297948118772,2.409040499588473,5
39.50050000000658,-0.09220485939165227,-0.07101179134176877,-1.3707415200079243e-06,-0.7323977765041383,1.1496122711658214,2.418335339770174,5
39.52050000000668,-0.09052153961086168,-0.07251894560321398,-7.440907987741594e-07,-0.7291014723505413,1.1457891618498963,2.4276437798437307,5
39.54050000000677,-0.08881696047078982,-0.07403506485519182,-3.1450230351228426e-07,-0.7257950507923531,1.1419596671426409,2.4369677669570486,5
39.56050000000687,-0.08709115544325081,-0.07555986759153603,-1.7688175642656147e-07,-0.7224789887102975,1.1381247282504645,2.44630500947713,5
39.580500000006964,-0.08534291409910368,-0.07709404759291986,-8.116308188049604e-07,-0.719152349215191,1.1342824290467746,2.455660172755679,5
39.60050000000706,-0.08357344158399747,-0.07863671182252495,-5.639759548763458e-07,-0.7158171743686537,1.1304359253901701,2.465025572963064,5
39.620500000007155,-0.08178167571211964,-0.08018820793640749,-8.342535816007296e-07,-0.7124721191159822,1.126583933094202,2.474404336814117,5
39.64050000000725,-0.07996744671312493,-0.08174871619442906,-1.0706510690323696e-06,-0.7091177291371319,1.1227265219353135,2.483796294418367,5
39.660500000007346,-0.07813096101974004,-0.08331801798572457,-4.520337384668068e-07,-0.7057542973134471,1.118864574775668,2.493199296198373,5
39.68050000000744,-0.07627119479723457,-0.08489652854306652,-9.018643490320906e-07,-0.7023805808708486,1.1149969536254518,2.502616112911943,5
39.70050000000754,-0.07438806589981534,-0.08648401228699351,-6.580233288798714e-07,-0.6989977157337303,1.111124305198175,2.5120451699522692,5
39.72050000000763,-0.07248200650197419,-0.08807971870718055,-2.6869997710940086e-07,-0.6956067354557677,1.1072487498368753,2.521481304744999,5
39.74050000000773,-0.0705518053402565,-0.08968434855803088,-8.239862236048084e-07,-0.6922066365217374,1.103368337372184,2.530929265528595,5
39.76050000000782,-0.0685982060230572,-0.09129815311898164,-2.4410132418779457e-07,-0.6887972366849714,1.0994836851938308,2.5403875490932815,5
39.78050000000792,-0.06661972750903822,-0.0929208679655001,-6.763539098537806e-07,-0.6853781496394523,1.0955943586758734,2.549857213658743,5
39.800500000008014,-0.06461695011138305,-0.09455200566617875,-8.578364596581629e-07,-0.6819512844039026,1.0917020969784326,2.5593340247481637,5
39.82050000000811,-0.06259003686027335,-0.09619200984453484,-1.7124628169577971e-07,-0.678515500621172,1.0878065717369854,2.568818781857775,5
39.840500000008205,-0.06053716884288695,-0.09784062510184136,-4.166630705667505e-07,-0.6750710630541618,1.0839069550390592,2.5783135007744646,5
39.8605000000083,-0.058459659119023996,-0.09949765053244304,-7.107719613605542e-07,-0.6716185951656848,1.080005175459534,2.5878134858376565,5
39.8805000000084,-0.05635677773725882,-0.10116328646205852,-3.210777769764999e-07,-0.6681580047188114,1.0761004868078388,2.597320553859175,5
39.90050000000849,-0.05422795161024212,-0.10283709055227457,-9.766963791778024e-07,-0.6646893946984175,1.0721934887716613,2.606833244729868,5
39.92050000000859,-0.052073498291308945,-0.10451929780516112,-9.158075009196168e-07,-0.6612131537855022,1.068284390599123,2.6163510489760484,5
39.94050000000868,-0.0498930536734524,-0.10621004818264612,-8.147344440541089e-07,-0.6577284440361847,1.0643729630141945,2.6258745248350044,5
39.96050000000878,-0.04768558734808837,-0.10790933936041133,-1.1681315671983812e-06,-0.6542356743494365,1.0604588230168766,2.6354046048284743,5
39.980500000008874,-0.04545212804788486,-0.10961658843153019,-5.308882002868674e-07,-0.6507359381190466,1.0565439092704199,2.6449365687328905,5
40.00050000000897,-0.04319110452679923,-0.11133243039611077,-1.1635526647164486e-06,-0.6472273606057416,1.0526263234840891,2.654475038473522,5
40.020500000009065,-0.04090322979835492,-0.1130561787961317,-5.173148629627685e-07,-0.6437121442719335,1.0487079867568276,2.6640153365920716,5
40.04050000000916,-0.03858794904717349,-0.11478793632254453,-3.421044467498118e-07,-0.6401892785323284,1.0447885316987429,2.6735583576030604,5
40.060500000009256,-0.03624462330881885,-0.11652744343595808,-8.037852276034642e-07,-0.6366595247485776,1.0408681519862637,2.6831036299464883,5
40.08050000000935,-0.03387401175338375,-0.11827503490041391,-6.253964619070419e-08,-0.6331225692870562,1.036947216118183,2.692650256407902,5
40.10050000000945,-0.03147446420197607,-0.12003051913950344,-9.822735654238701e-07,-0.6295778342405455,1.0330250133822516,2.702199967417126,5
40.12050000000954,-0.0290470225177696,-0.12179337154942912,-4.789118024219888e-07,-0.6260271225331915,1.0291033261194118,2.7117484233614313,5
40.14050000000964,-0.026590759816371105,-0.12356375548863364,-1.2657272557233287e-06,-0.6224693587255519,1.0251815066850483,2.7212972011146648,5
40.16050000000973,-0.0241059883223356,-0.1253418911748566,-1.1609250856475093e-06,-0.6189050833090457,1.0212598026229038,2.730845697961625,5
40.18050000000983,-0.021592017360301887,-0.1271273355544249,-9.96312222808014e-07,-0.615334211013029,1.0173384349587962,2.7403933757524963,5
40.200500000009924,-0.019049099983093218,-0.12891976885058912,-5.121178589249319e-08,-0.611757697906562,1.0134183589299226,2.7499379086923623,5
40.22050000001002,-0.01647581891803282,-0.13071912131519028,-1.006997397985012e-06,-0.6081745556783191,1.0094987143343994,2.7594813911858096,5
40.240500000010115,-0.013874019398873469,-0.13252497672210495,-2.91812556724224e-07,-0.604586911967724,1.0055817609330737,2.7690183212064294,5
40.26050000001021,-0.011242159990014893,-0.13433810048793268,-3.5876571136764733e-07,-0.6009924455337028,1.001665490556618,2.7785535882099732,5
40.280500000010306,-0.008579949878976489,-0.136157991731566,-5.790858185378619e-07,-0.5973924451366501,0.9977506250934733,2.7880854345550206,5
40.3005000000104,-0.005887821681732962,-0.13798424951432153,-1.8058638380365757e-07,-0.5937873384996729,0.9938382435008513,2.7976112332153185,5
40.3205000000105,-0.003164814966851831,-0.13981778466121092,-6.641564117992174e-07,-0.5901751711308953,0.9899266460288363,2.807135122712398,5
40.34050000001059,-0.0004104336686864291,-0.14165790873642498,-1.2562793285094303e-06,-0.5865574987088931,0.986016649915058,2.816655113250293,5
40.36050000001069,0.002374140167335107,-0.14350412024025633,-6.865172173410514e-07,-0.582935306194566,0.9821099984349304,2.8261669603323427,5
40.380500000010784,0.005190288344050572,-0.14535680192401487,-4.0324332374210445e-07,-0.5793072695972229,0.9782053042990062,2.835674041706767,5
40.40050000001088,0.00803799225041834,-0.1472155705920885,1.1715760873529972e-07,-0.5756740006646575,0.974303268825371,2.845174649816488,5
40.420500000010975,0.010917878685128894,-0.1490803171280539,-7.427922581756762e-07,-0.5720353269705479,0.970403819028639,2.8546689623650523,5
40.44050000001107,0.013829693392210567,-0.15095031762790864,-1.0787923281417625e-06,-0.5683927463099756,0.966508074438855,2.864154253540179,5
40.460500000011166,0.016772588818667302,-0.15282523359371672,-4.729833123075947e-07,-0.5647468671557115,0.9626173026147136,2.873627437112001,5
40.48050000001126,0.01974749762848526,-0.15470556692032814,-5.316662861883373e-07,-0.561096609613788,0.9587304160786214,2.883091160852052,5
40.50050000001136,0.02275446953370624,-0.15659071970821375,7.647181817993635e-08,-0.5574426459590249,0.9548481157411735,2.8925437181954035,5
40.52050000001145,0.025794367764848294,-0.1584808035292226,-6.661150585715155e-07,-0.5537843323071922,0.9509698548947239,2.9019864402563247,5
40.54050000001155,0.028867133386217915,-0.16037571094164857,-1.0324566751539238e-06,-0.5501222157568091,0.9470959233041554,2.911418621520317,5
40.56050000001164,0.03197227037736813,-0.16227531191580258,-1.2496086490915418e-06,-0.546456702372515,0.9432271489923076,2.9208382459317725,5
40.58050000001174,0.035109855843251374,-0.1641792857051069,-5.444233065800688e-07,-0.5427880730643838,0.939363934009906,2.930244334584576,5
40.600500000011834,0.03828063515575688,-0.16608735071607839,-4.254196098611254e-07,-0.5391163055047933,0.9355061783023866,2.939637131089841,5
40.62050000001193,0.04148452972058159,-0.1679996083493877,-1.9642798855683064e-07,-0.5354412204474459,0.9316539487420703,2.9490164726280024,5
40.640500000012025,0.044722241551630834,-0.1699158519249501,-4.6706763204071555e-07,-0.5317628673235303,0.9278071605820557,2.9583825655393423,5
40.66050000001212,0.047993581471092395,-0.1718367556463556,-3.3204434406741597e-07,-0.5280801942424541,0.9239652455275662,2.967736793498099,5
40.680500000012216,0.05130092472474069,-0.17376368843936632,-1.656657232507534e-08,-0.5243908406132489,0.9201255346748378,2.9770856547047426,5
40.70050000001231,0.05464248999752104,-0.17569499017036638,-9.763505408125632e-07,-0.5206982111360337,0.916291784052073,2.9864200040471265,5
40.72050000001241,0.058017849288997454,-0.17762935735295224,4.564180128722572e-08,-0.5170031979488472,0.9124648255165642,2.995737816133583,5
40.7405000000125,0.0614253878438397,-0.1795662202091244,-5.604288204020465e-07,-0.5133080147817082,0.908647217395993,3.0050328619923645,5
40.7605000000126,0.06486724644478167,-0.18150535171724502,-9.133110189158487e-07,-0.5096110241610974,0.9048369390380586,3.0143100614725524,5
40.780500000012694,0.0683438338960754,-0.18344704864116712,-9.16999000387233e-07,-0.5059118191750863,0.9010335724296943,3.023570432345092,5
40.80050000001279,0.07185370055652748,-0.18539056487405484,-2.7861301387334815e-07,-0.5022120998342806,0.8972393677661721,3.0328084958736676,5
40.820500000012885,0.07540062490274768,-0.18733655100067814,-1.5942782150481033e-07,-0.4985089184882845,0.8934507074103615,3.04203306021825,5
40.84050000001298,0.07898453722638173,-0.18928545426902205,-1.888188351810665e-07,-0.49480220574897016,0.8896679395977809,3.0512432775010554,5
40.860500000013076,0.08260537333559811,-0.1912369754748689,-1.414438884404358e-07,-0.4910924443067594,0.8858915297520074,3.0604380145168513,5
40.88050000001317,0.08626229565217865,-0.19319047923057536,-1.8811653606014662e-07,-0.48738054197928393,0.8821228358458184,3.0696139648971377,5
40.90050000001327,0.0899557732741523,-0.19514599550279607,-2.3956827448905147e-07,-0.48366636681685526,0.8783614738521746,3.0787720636642706,5
40.92050000001336,0.09368556269509062,-0.19710303771202545,-1.1813886648870933e-07,-0.4799504340996542,0.8746082094837597,3.0879104464743237,5
40.94050000001346,0.09745198601302325,-0.1990613977127117,-7.23303850781071e-07,-0.47623279828850157,0.8708631013708112,3.0970289705754155,5
40.96050000001355,0.10125294643800041,-0.20101880033851277,-7.058786271784514e-07,-0.472517284208801,0.8671297794384389,3.106118797889018,5
40.98050000001365,0.10508810597374858,-0.20297474742799565,-9.702632447993468e-07,-0.4688040449969418,0.8634085018386406,3.1151792998711354,5
41.000500000013744,0.10895677185730393,-0.20492977543721166,-6.245513960619787e-07,-0.4650927316641855,0.8596992978363573,3.124210405267999,5
41.02050000001384,0.1128626849079269,-0.20688426148599398,-2.1931411368736686e-05,-0.46138209638501754,0.8560009726381117,3.1332150231419886,5
41.040500000013935,0.11678988886660865,-0.20883148655785905,6.136675534256463e-07,-0.45768358690701205,0.8523242878636264,3.1421669512885613,5
41.06050000001403,0.12076088723856368,-0.210778876548944,-7.202485972593397e-06,-0.4539823610203903,0.8486544020118365,3.151102325536398,5
41.080500000014126,0.12475202602722997,-0.21272358235474292,-1.0224010911380615e-06,-0.45029032077602127,0.8450059859063881,3.159985425619229,5
41.10050000001422,0.1287891464497472,-0.21466868366476002,-1.7732729913595286e-05,-0.4465926413749156,0.8413610872385155,3.168859961506223,5
41.12050000001432,0.13284704732699676,-0.2166079699698485,-1.654264473016228e-06,-0.4429067964091446,0.837738989252375,3.1776789826898693,5
41.14050000001441,0.1369468472558955,-0.2185481348220771,-8.260027488321e-07,-0.4392166373238273,0.8341224394874243,3.186484495161054,5
41.16050000001451,0.14108218194399433,-0.2204868548164202,-8.599052213290741e-07,-0.4355271470307723,0.8305173504569336,3.195262103235292,5
41.180500000014604,0.14525490047097792,-0.22242419494594529,-5.05046730818265e-07,-0.43183773754379834,0.8269225245801572,3.2040147227613556,5
41.2005000000147,0.14946701610602234,-0.224359877491741,-1.086131526290111e-05,-0.42814774109538,0.8233379260199212,3.2127424409949743,5
41.220500000014795,0.1537113912264546,-0.22629032114752176,-7.773011766454562e-06,-0.4244637901229816,0.8197686739287833,3.2214327939125273,5
41.24050000001489,0.15798840428163097,-0.2282181402795748,-1.7776986062369534e-05,-0.4207837366935547,0.8162154298985789,3.230084170681721,5
41.260500000014986,0.16230082981068536,-0.2301422381479471,-2.9270609381418055e-06,-0.41710464895564353,0.8126727512499887,3.2387098230435054,5
41.28050000001508,0.16664664999272194,-0.2320648843343726,-2.2313715783318293e-07,-0.41342855937166983,0.8091452589054449,3.2472985000563077,5
41.30050000001518,0.17103267357682503,-0.2339843981075189,-1.1792298225035402e-05,-0.4097520076225587,0.8056280202364057,3.2558622115983162,5
41.32050000001527,0.17545074020307194,-0.235897182962058,-6.72915103422569e-06,-0.406082027666829,0.8021265612474298,3.264387503049736,5
41.34050000001537,0.17990680041861407,-0.23780841480206372,-3.0418877261526707e-06,-0.402411511218879,0.7986365612910846,3.272884894247794,5
41.36050000001546,0.1843941380109463,-0.23971528642434392,5.6853932046059923e-08,-0.39874579876640837,0.7951631399972057,3.2813419200068035,5
41.38050000001556,0.18892228218390056,-0.24161895927353677,-1.1529097882061515e-06,-0.3950794025802033,0.7916994859032589,3.289775164757282,5
41.400500000015654,0.19348876638678658,-0.24351819405460068,-2.2826797089699296e-06,-0.39141469179841115,0.788248169605231,3.2981783696568283,5
41.42050000001575,0.1980902131653425,-0.2454131475972345,1.0875155620821827e-07,-0.38775294323228227,0.7848114565024149,3.3065460189506415,5
41.440500000015845,0.20273118892136047,-0.24730421190064142,-1.8740046114276232e-07,-0.38409133448882843,0.7813861743944908,3.314885836256891,5
41.46050000001594,0.2074094222016586,-0.24919052382974297,-4.577926528086113e-07,-0.38043199197177496,0.7779745414931636,3.323192420712297,5
41.480500000016036,0.21212477643352678,-0.2510719176156944,-3.9845497272023466e-07,-0.37677513594955253,0.774576692178639,3.3314654451302697,5
41.50050000001613,0.21687644783394772,-0.2529478956291128,-5.960618206976971e-07,-0.37312118186449944,0.7711934910549734,3.3397028043878905,5
41.52050000001623,0.2216708156777041,-0.2548178957004156,-2.0099050780317578e-05,-0.3694686652849219,0.767822437096578,3.347910587938766,5
41.54050000001632,0.22648270459493022,-0.2566778388090124,-1.925815746812234e-06,-0.3658310890471366,0.7644782692421572,3.3560529096712686,5
41.56050000001642,0.23133778501571325,-0.2585332325485222,-1.158800384824524e-06,-0.3621917112840065,0.7611437834221559,3.36417165775475,5
41.580500000016514,0.2362274822827205,-0.26038207414951975,-1.2531857347577572e-06,-0.3585570862342916,0.7578257565707047,3.372250331827849,5
41.60050000001661,0.24115845322089882,-0.26222304815773856,-1.8934390708834618e-05,-0.35492528064090056,0.7545213516626434,3.3802958394300853,5
41.620500000016705,0.24610979515039394,-0.2640545987011746,-5.057673682037023e-06,-0.3513057921047145,0.751241803384813,3.388280826541325,5
41.6405000000168,0.25110303977844484,-0.26588014927288073,-2.736116477645286e-06,-0.3476865989232552,0.7479737678233787,3.396237782690904,5
41.660500000016896,0.25613101426299867,-0.2676981808802796,-1.4283088815526018e-06,-0.34407217742214813,0.7447224621230442,3.404154005265631,5
41.68050000001699,0.26119332267070233,-0.2695088634894065,-3.4686278986470043e-06,-0.3404625462190356,0.7414883107805905,3.4120284607081266,5
41.70050000001709,0.26629182954983294,-0.2713108292099186,-3.723515032639095e-07,-0.33685721834375043,0.7382697954212105,3.419864845930965,5
41.72050000001718,0.27142429444575383,-0.273104954473519,-1.0477371189723825e-06,-0.3332573112683616,0.7350691580513826,3.4276577021357633,5
41.74050000001728,0.27659248599237163,-0.2748903642434636,-2.1148007464825484e-07,-0.3296619022943152,0.7318848661678279,3.4354107606348534,5
41.76050000001737,0.2817959803486586,-0.27666720476836815,-2.407732769018437e-06,-0.3260713291090294,0.7287177871112249,3.4431219096422345,5
41.78050000001747,0.2870411246382888,-0.27843461568988614,-2.080966240733967e-05,-0.32248385820559106,0.7255651897326454,3.4507977989118195,5
41.800500000017564,0.2923078059935516,-0.28018956667774175,-1.7306061837666373e-06,-0.31890943643429626,0.7224369493875846,3.4584143840997936,5
41.82050000001766,0.297614889780826,-0.2819378125040337,-2.3504405834980388e-06,-0.31533589698682274,0.719323174980965,3.4659957478724324,5
41.840500000017755,0.3029559492061426,-0.28367643687203575,-1.2766841353498523e-06,-0.31176787387940713,0.7162273493930367,3.473533410173476,5
41.86050000001785,0.3083336542514598,-0.2854056279854033,-1.003978337253729e-06,-0.3082041765949179,0.7131480030719008,3.4810309490423275,5
41.880500000017946,0.3137460481846346,-0.2871247614673152,-1.1290883298763147e-06,-0.30464606875222683,0.7100867821642551,3.4884843564696393,5
41.90050000001804,0.3191925123089176,-0.2888337143744848,-5.544073667130272e-07,-0.30109360529349777,0.7070438481839518,3.4958932392042907,5
41.92050000001814,0.3246739666190393,-0.29053249168915085,-2.168419410759118e-06,-0.2975466540762941,0.7040190586954116,3.5032579440459544,5
41.94050000001823,0.3301900610987683,-0.29221969735835096,-1.0021958603344682e-06,-0.2940059106356008,0.7010126536718624,3.510577886711987,5
41.96050000001833,0.33573974875105045,-0.29389637250168643,-1.4777776587046962e-06,-0.2904710248867219,0.6980252790086854,3.517851494587548,5
41.980500000018424,0.34132648261262705,-0.29556249528359907,-2.8400879055092262e-06,-0.2869403909687162,0.6950547727833789,3.5250840314839467,5
42.00050000001852,0.34694487551752207,-0.29721689049073,-4.4940843150315395e-07,-0.28341743602895386,0.6921048937764005,3.532266345587894,5
42.020500000018615,0.35260054723282314,-0.2988606527736928,-8.44561010270671e-07,-0.27989829374123326,0.6891719076654441,3.5394075291623968,5
42.04050000001871,0.3582887886580224,-0.30049230213751305,-2.5504904516257657e-06,-0.2763864831757014,0.6862593991050217,3.54649885435299,5
42.060500000018806,0.36401046181653895,-0.30211163514347494,-2.0993249027667307e-06,-0.27288099027294693,0.6833660772058556,3.5535434641944383,5
42.0805000000189,0.3697668528578957,-0.3037187062762015,-2.85835232623938e-07,-0.26938163326713177,0.6804917638494734,3.560541792366499,5
42.100500000019,0.37555535589436884,-0.30531303993835696,-1.2091024770478112e-06,-0.2658898470109372,0.6776383028949458,3.5674893494731754,5
42.12050000001909,0.3813767349276257,-0.3068942528505818,-1.0033349891913663e-06,-0.262405138958553,0.6748049414205264,3.57438796871524,5
42.14050000001919,0.38723493919522806,-0.30846301257440156,-1.6436918544848364e-05,-0.25892559863704434,0.6719905827578412,3.5812403202417773,5
42.16050000001928,0.3931213191887116,-0.31001617311562035,-1.5921916110187712e-05,-0.2554566979530989,0.6691983060535425,3.5880389070000698,5
42.18050000001938,0.3990335524538536,-0.3115563922564676,-4.812127264843419e-06,-0.2519970778398163,0.6664297543496733,3.5947797285399252,5
42.200500000019474,0.4049840597223864,-0.3130838614768062,-1.3833839541423672e-06,-0.24854142375549468,0.6636784780451273,3.601478488237951,5
42.22050000001957,0.4109664795033712,-0.3145981878210696,-1.029165083178906e-06,-0.2450927513815194,0.6609482760244385,3.6081259366361498,5
42.240500000019665,0.4169815579643838,-0.31609875666626885,-2.4243899625002137e-07,-0.24165105010861954,0.6582386711419661,3.61472323548043,5
42.26050000001976,0.42303112730284714,-0.3175855190492158,-1.993068290393923e-06,-0.23821509947663244,0.6555487117681096,3.6212727017819937,5
42.280500000019856,0.42911245676590093,-0.3190581766723136,-3.2551819720328746e-06,-0.23478669992057355,0.6528802399040465,3.627769850668408,5
42.30050000001995,0.43522394864908387,-0.3205162825476588,-7.492055703569685e-07,-0.23136635822270704,0.6502337349686522,3.6342135148589336,5
42.32050000002005,0.44136907679082305,-0.3219597603104268,-1.6692189683362315e-06,-0.22795262214358922,0.6476078403863055,3.6406069973202992,5
42.34050000002014,0.4475448741394459,-0.32338816896823486,-1.3129763295488024e-06,-0.22454685319125547,0.6450038887370759,3.6469470535097273,5
42.36050000002024,0.4537515217667217,-0.32480142346886154,-9.946100569619406e-07,-0.2211489395305909,0.6424218952523777,3.653233646342036,5
42.380500000020334,0.4599888844572512,-0.32619971433135625,-6.408001370767748e-07,-0.21775860905837047,0.6398619502771143,3.659466555847025,5
42.40050000002043,0.4662589407087602,-0.32758305735066273,-9.994203097098674e-07,-0.21437498067412544,0.6373231150996148,3.6656480675835463,5
42.420500000020525,0.47256028989164206,-0.32895040641059015,-1.560135240952054e-06,-0.2109990701975802,0.6348063258667338,3.671775902237517,5
42.44050000002062,0.4788906052104361,-0.3303018795845915,-9.132948305586776e-07,-0.20763177863823878,0.632312687544013,3.6778473694580547,5
42.460500000020716,0.48525124353367977,-0.3316375338317816,-2.2376293092786437e-06,-0.20427255986805454,0.6298417192474532,3.6838636400931573,5
42.48050000002081,0.49164056453473837,-0.3329565454475885,-2.0169581565610007e-07,-0.20092204943525502,0.6273937843417867,3.6898238294286925,5
42.50050000002091,0.4980605546684306,-0.3342593910865448,-1.2233971401039714e-06,-0.19757914939367097,0.6249684781746432,3.695728922705216,5
42.520500000021,0.504508847290934,-0.33554541449085257,-1.1914345992747055e-06,-0.19424536423967603,0.6225669025479357,3.701576237274591,5
42.5405000000211,0.5109868007730538,-0.3368146240715094,-1.2354030141784592e-06,-0.1909194672968817,0.620188221200779,3.707367809250277,5
42.56050000002119,0.5174947815119441,-0.33806680288359525,-1.0245602522376685e-06,-0.18760169450511616,0.6178323472374425,3.713103850204487,5
42.58050000002129,0.5240300114951331,-0.3393017970250092,-2.6156103365960595e-07,-0.1842932997392198,0.6155010242698757,3.7187801148211714,5
42.600500000021384,0.5305946876645011,-0.3405195901346339,-5.54552101434277e-08,-0.18099281909346546,0.613192885817109,3.7243999301844295,5
42.62050000002148,0.5371902041535763,-0.3417198449219814,-1.9738424837002965e-06,-0.17769966941127152,0.6109073698597098,3.7299646646894016,5
42.640500000021575,0.54381234122861,-0.3429028826529553,-2.3246288547826318e-06,-0.1744158345050886,0.6086467821294059,3.7354687043805765,5
42.66050000002167,0.5504631264107478,-0.3440679674138819,-1.8794793316617774e-06,-0.17114039944672765,0.6064099414297632,3.7409149252144887,5
42.680500000021766,0.5571423014504091,-0.34521551296503394,-2.1023451376615453e-06,-0.16787305435758837,0.6041971005427524,3.746302711721994,5
42.70050000002186,0.5638480571244582,-0.3463450580560744,-1.120676411971143e-06,-0.16461483532617213,0.602009197541963,3.7516297798978284,5
42.72050000002196,0.570583956892068,-0.3474581267949798,-3.032719690181788e-07,-0.1613625581367117,0.5998441740052582,3.7569011415524143,5
42.74050000002205,0.5773505316280676,-0.34855393529096607,-2.2167222930085632e-07,-0.1581168384529619,0.5977025232536901,3.7621155955562324,5
42.76050000002215,0.584146619390257,-0.34963166329089246,-1.580608348786205e-07,-0.15487870500232798,0.5955850432419723,3.7672711990630234,5
42.78050000002224,0.5909713479046022,-0.3506912825049263,-1.3946385683420187e-07,-0.1516483058289741,0.5934921052766695,3.7723670480220215,5
42.80050000002234,0.5978242957495913,-0.35173234705241685,-3.959720392907053e-07,-0.1484259555667253,0.5914239601326874,3.7774025318508477,5
42.820500000022435,0.6047042168371889,-0.35275500831282147,-2.977325340408989e-07,-0.14521201250431565,0.5893811769310915,3.782376264863429,5
42.84050000002253,0.6116110950817548,-0.35375866044159127,-2.213069125600997e-07,-0.1420065387634112,0.5873637483644085,3.787288264851875,5
42.860500000022625,0.6185444459104112,-0.3547431754812986,-2.347876601899779e-07,-0.13880975703267212,0.5853719774616957,3.792137794006306,5
42.88050000002272,0.6255035772435663,-0.3557086686626814,-2.2267275358590212e-07,-0.1356216636565957,0.5834062177453783,3.7969239915764694,5
42.90050000002282,0.6324883346210902,-0.3566549634542891,-2.67197426122298e-07,-0.1324422629232741,0.581466473307958,3.8016468475980147,5
42.92050000002291,0.6394981651849774,-0.357581563599941,-2.5151936675946466e-07,-0.12927200809328615,0.5795531544380979,3.80630536310724,5
42.94050000002301,0.6465328548722605,-0.35848843427863764,-1.649834239006493e-07,-0.12611077081706504,0.5776663509158992,3.8108993195091148,5
42.9605000000231,0.6535920580552277,-0.3593757944401764,-3.921606047564448e-07,-0.12295841900767178,0.5758062927664844,3.8154281567424717,5
42.9805000000232,0.6606753292948234,-0.36024314738017527,-1.706410693410835e-07,-0.11981524313379922,0.5739731509883228,3.8198914584632133,5
43.000500000023294,0.6677824247947197,-0.36109058023858204,-1.1124933114711427e-07,-0.11668118969024467,0.5721671515587765,3.824288674465587,5
43.02050000002339,0.6749130762579493,-0.3619178273810093,-1.844682303188442e-07,-0.11355630165130152,0.570388462799261,3.828619394923538,5
43.040500000023485,0.6820668814215654,-0.3627250990839375,-1.733018730473023e-07,-0.11044052406771075,0.5686373036638253,3.8328830867315555,5
43.06050000002358,0.6892434150527664,-0.3635123441259246,-2.254989535118459e-07,-0.10733374298354184,0.5669138583938267,3.837079301301987,5
43.080500000023676,0.6964422548299193,-0.3642792418390136,-9.885762931923976e-07,-0.1042364461892832,0.5652185461864576,3.8412070179807984,5
43.10050000002377,0.7036620959644946,-0.3650241370755565,-7.447342389746726e-07,-0.10114996500745202,0.5635517215758208,3.8452653735545232,5
43.12050000002387,0.7109020564441648,-0.36574803931697986,-6.475480905561899e-07,-0.09807375070603672,0.5619137783582557,3.8492534092146817,5
43.14050000002396,0.7181624392418733,-0.3664513070900102,-6.142521540481011e-07,-0.09500729118972914,0.5603045739343069,3.853171472159948,5
43.16050000002406,0.7254428602777094,-0.36713381744518925,-8.194514089069275e-07,-0.09195058705305062,0.5587243576449481,3.8570189552992566,5
43.18050000002415,0.7327431607401094,-0.3677951409672687,-2.1911567070371543e-07,-0.08890373216306019,0.5571731108486784,3.860795904020609,5
43.20050000002425,0.7400634051215561,-0.3684359342545853,-2.7687131922267266e-07,-0.08586613815916828,0.5556510757279665,3.8645017286623418,5
43.220500000024344,0.7474032277521995,-0.3690558245646283,-9.188243018937946e-07,-0.08283819127369486,0.5541586278011394,3.8681355149189645,5
43.24050000002444,0.7547624431766539,-0.3696544149436688,-3.547297918002422e-07,-0.079819805611507,0.5526955297762233,3.8716978405448477,5
43.260500000024535,0.7621408470819696,-0.3702321592863626,-8.21999492040526e-07,-0.07681075918434414,0.5512623589691317,3.875187299901244,5
43.28050000002463,0.7695381024899913,-0.3707888736161885,-9.607626279336641e-07,-0.07381111185923979,0.5498591846200975,3.87860372440324,5
43.300500000024726,0.7769652367186723,-0.37132322000447954,-3.003666755212648e-05,-0.07081779265989986,0.5484841620578564,3.881951605424349,5
43.32050000002482,0.7843941014001836,-0.37183578824608043,-2.1815591516335e-05,-0.06784026410895917,0.5471426384139466,3.8852179238616946,5
43.34050000002492,0.791836182026177,-0.37232570958553945,-3.1667859638402663e-06,-0.06487473611248142,0.5458326951789507,3.8884073508686408,5
43.36050000002501,0.7993022501993486,-0.3727968198504121,-2.1163584091090597e-06,-0.061914293804488464,0.5445523399605177,3.891524737487435,5
43.38050000002511,0.8067870640596825,-0.3732470825766147,-1.215362637118932e-06,-0.05896232922549738,0.5433027901828928,3.8945671195546954,5
43.400500000025204,0.8142920597082163,-0.3736770627392026,-2.620262643715998e-06,-0.05601755298907812,0.5420838173439071,3.8975350534235296,5
43.4205000000253,0.8218120769627907,-0.3740855251228895,-1.6815393213804535e-06,-0.053082795562700937,0.5408969612612957,3.900424789972497,5
43.440500000025395,0.8293498535480148,-0.3744727042030414,-1.7238151888482503e-06,-0.05015663791955141,0.5397416796514127,3.903237649544386,5
43.46050000002549,0.8369037837310795,-0.37483878393966014,-6.41993768345008e-07,-0.04723959669008834,0.5386187388573698,3.9059717662603166,5
43.480500000025586,0.844475565917151,-0.37518301469536935,-1.775805236392129e-06,-0.0443309332847241,0.5375275573206695,3.908628556088804,5
43.50050000002568,0.8520627275273006,-0.3755057899811525,-2.206411299849528e-06,-0.041431375797079666,0.5364691237757535,3.9112056116764258,5
43.52050000002578,0.8596637479854701,-0.375807273190432,-5.636865007789063e-08,-0.038541496572960174,0.5354442341618277,3.9137009950842447,5
43.54050000002587,0.8672828213908195,-0.37608732851538257,-1.6913693391619458e-06,-0.03565911507209581,0.5344517374296449,3.9161175088669506,5
43.56050000002597,0.8749160797924308,-0.3763454951356965,-2.365192396725565e-06,-0.03278602429540282,0.5334928047978877,3.918452301361664,5
43.58050000002606,0.8825619588202609,-0.3765825401117857,-1.294294746260975e-07,-0.029922457715844022,0.5325683940862997,3.9207030404855305,5
43.60050000002616,0.8902244232379823,-0.3767991670486443,-2.906234780624925e-07,-0.02706548467924721,0.5316773932772223,3.9228724337598058,5
43.620500000026254,0.8979014864105417,-0.376994687356036,-2.8750445655814984e-07,-0.024216775362430814,0.5308209121548926,3.9249577791011303,5
43.64050000002635,0.9055925786867111,-0.37716867532916665,-2.429903066818219e-07,-0.02137656100539701,0.5299992618766511,3.926958318909023,5
43.660500000026445,0.9132974374317391,-0.3773214310858669,-4.294098753499903e-07,-0.0185445898761698,0.5292127794155281,3.928873232727409,5
43.68050000002654,0.9210153887962084,-0.3774525044777593,-1.729502640147939e-07,-0.0157211473988989,0.5284617684163748,3.930701781247087,5
43.700500000026636,0.9287464161746131,-0.37756235060328597,-4.472397522243301e-07,-0.012905837681933761,0.5277466267365976,3.932442995771762,5
43.72050000002673,0.9364898328416422,-0.3776503297541526,-2.8690365251917844e-07,-0.010099148575502525,0.5270676396180118,3.9340961817996227,5
43.74050000002683,0.9442453345889371,-0.37771699194111746,-2.0439824870003133e-07,-0.007300611101199146,0.5264253183823919,3.935660094373306,5
43.76050000002692,0.9520125535614216,-0.3777624742720191,-2.3820660173438084e-07,-0.004510148868393666,0.5258200587133863,3.937133770089146,5
43.78050000002702,0.9597910540273373,-0.37778644651672255,-2.4983643385441256e-07,-0.001727955279173417,0.5252522034184515,3.9385163742855087,5
43.800500000027114,0.9675807137251679,-0.3777890460683985,-5.099902077937189e-07,0.0010462426177026264,0.5247221160623097,3.939807021761332,5
43.82050000002721,0.9753806040886728,-0.3777700710309703,-3.502018160517036e-07,0.0038120192240087896,0.5242303356608955,3.941004400129993,5
43.840500000027305,0.9831907124064742,-0.37772959995828825,-2.606301513004099e-07,0.006569710437285742,0.5237771728559406,3.942107753046405,5
43.8605000000274,0.9910108861332152,-0.37766785310464307,-4.2367410584748473e-07,0.009319558634585036,0.5233630950804253,3.9431159424128768,5
43.880500000027496,0.9988402391377179,-0.37758458311190457,-2.27089392240418e-07,0.012061194285050418,0.5229886110360464,3.944027729651365,5
43.90050000002759,1.0066789934593205,-0.3774800996408392,-3.534305217602095e-07,0.014795124059654045,0.5226541021243603,3.944842186131992,5
43.92050000002769,1.0145262492157394,-0.3773542174337709,-2.801674950726433e-07,0.017521077825997027,0.522360119319679,3.9455579703520858,5
43.94050000002778,1.0223820846749403,-0.3772070512578594,-4.276771610058276e-07,0.020239329498529857,0.5221070526350124,3.9461741327147517,5
43.96050000002788,1.030245727479899,-0.3770385338822694,-3.584806771509434e-07,0.022949677475204672,0.5218954934110525,3.946689233433959,5
43.98050000002797,1.038117052032468,-0.37684872261328933,-3.695873955945704e-07,0.025652361282049726,0.5217258887490956,3.9471021839152445,5
44.00050000002807,1.045995629780737,-0.37663759399912017,-3.143334784788953e-07,0.028347374886762377,0.5215987366686496,3.9474117715893744,5
44.020500000028164,1.0538811024104122,-0.37640523978960816,-2.593449774261736e-07,0.031034789599583446,0.5215146230918772,3.947616569863255,5
44.04050000002826,1.0617730213686045,-0.37615168375394675,-1.619525299847965e-07,0.03371462541261025,0.5214741144848305,3.9477151995151947,5
44.060500000028355,1.0696710829700853,-0.3758769843799639,-2.3500455461823683e-07,0.03638703790019844,0.5214777573585845,3.9477063299095327,5
44.08050000002845,1.077574807151521,-0.37558116327041907,-2.6497092918838204e-07,0.03905202597380982,0.5215261346241753,3.947588541784616,5
44.100500000028546,1.085483908628027,-0.3752642791554063,-2.248526663049621e-07,0.041709704249361365,0.5216198279883071,3.947360418811078,5
44.12050000002864,1.0933979306901445,-0.37492645387036616,-2.8027262341976067e-07,0.04436013078570949,0.5217595532480834,3.947020218178579,5
44.14050000002874,1.101316528715591,-0.37456774744702354,-2.542743595773935e-07,0.047003450377030576,0.5219458892170328,3.946566530602006,5
44.16050000002883,1.1092393526887674,-0.3741883389988296,-2.859990686302342e-07,0.04963982870521338,0.5221795538271823,3.945997608072947,5
44.18050000002893,1.1171659054426277,-0.3737882624923576,-2.8995077860539535e-07,0.05226927052839097,0.5224612331021539,3.945311780273016,5
44.200500000029024,1.1250958286988537,-0.3733674508555957,-2.23036723650678e-07,0.0548917549325977,0.5227915867731912,3.944507440900056,5
44.22050000002912,1.1330291380061384,-0.3729257114067418,-4.110137742051887e-07,0.05750741416232986,0.5231711748023096,3.943583226568289,5
44.240500000029215,1.1409659650248676,-0.3724629517423351,-2.3771945088959826e-07,0.06011631340275289,0.523600830688832,3.9425371078880604,5
44.26050000002931,1.1489056362045331,-0.3719792412609254,-5.065915737183748e-07,0.06271856519159874,0.5240811200611146,3.9413677076772853,5
44.280500000029406,1.1568466874317296,-0.3714746476915318,-3.019436488381912e-07,0.06531374333305291,0.5246128823694247,3.940072982057052,5
44.3005000000295,1.1647895386284715,-0.37094922921607126,-5.223011047825429e-07,0.06790234769580562,0.5251968184540787,3.938651224633547,5
44.3205000000296,1.1727330879449411,-0.3704030609500974,-2.7474693249872875e-07,0.0704840809135437,0.5258338402942102,3.9371002149358354,5
44.34050000002969,1.1806777160506743,-0.3698361774445298,-3.8918405413438785e-07,0.07305942531858743,0.5265246792539817,3.9354181722511745,5
44.36050000002979,1.1886224208633516,-0.36924870856651015,-2.240737229450172e-07,0.07562813529547119,0.5272703499047162,3.933602626318951,5
44.38050000002988,1.19656739953787,-0.36864066638511556,-4.795591463475666e-07,0.07819062300266762,0.5280716123397586,3.931651726477109,5
44.40050000002998,1.2045117320112089,-0.368012172900301,-3.878516498704077e-07,0.08074669492852617,0.528929486743386,3.9295629887987116,5
44.420500000030074,1.2124554069643922,-0.3673632459316646,-5.268977848621486e-07,0.08329666155072113,0.5298448069443717,3.927334383091964,5
44.44050000003017,1.2203977404591084,-0.36669402791388084,-4.3940646007886254e-07,0.08584045334073656,0.5308186530866628,3.9249632794411684,5
44.460500000030265,1.2283383824341376,-0.3660045170347545,-3.1335219771669974e-07,0.08837822756265894,0.5318518835289046,3.922447587929623,5
44.48050000003036,1.2362770884112646,-0.3652949058798965,-3.689479947183872e-07,0.0909101225148783,0.532945710570466,3.9197843568719084,5
44.500500000030456,1.2442129982362615,-0.3645652110132689,-2.655499336437582e-07,0.093436066827698,0.5341010666524308,3.9169713159766895,5
44.52050000003055,1.2521463518717653,-0.36381555287350453,-5.347373669945827e-07,0.09595644335627897,0.5353191083843265,3.9140056491512047,5
44.54050000003065,1.2600758285835334,-0.3630460126919786,-3.020269709236968e-07,0.09847094349685988,0.5366009047515718,3.910884753648346,5
44.56050000003074,1.2680018031531142,-0.3622566639703798,-4.4877022616352965e-07,0.10098006757570245,0.5379476104179135,3.907605818112906,5
44.58050000003084,1.2759230693933334,-0.36144766615169077,-2.1614693316294487e-07,0.10348351964300555,0.5393604708068958,3.9041658102092964,5
44.600500000030934,1.2838398292794626,-0.3606190734616757,-4.397167879022499e-07,0.10598174824831491,0.540840676126255,3.9005618320404225,5
44.62050000003103,1.2917511080226156,-0.3597710580613224,-3.781366701263675e-07,0.10847457429043944,0.5423895566011199,3.8967906447972727,5
44.640500000031125,1.2996564171527931,-0.3589036572426091,-1.897663996469814e-07,0.11096210181116303,0.5440082810336495,3.8928494027006795,5
44.66050000003122,1.3075559000148749,-0.3580170126591203,-5.146385792892258e-07,0.11344473351216794,0.5456983167619522,3.888734533101333,5
44.680500000031316,1.3154481609477398,-0.357111264890581,-3.3078360130884975e-07,0.11592211256968321,0.5474609558293237,3.88444289015469,5
44.70050000003141,1.3233333415663362,-0.3561864762465103,-4.840194969591303e-07,0.1183946621126062,0.549297608851854,3.879971039317225,5
44.72050000003151,1.3312106419805416,-0.35524285989030646,-4.5812728190032145e-07,0.1208623115933738,0.5512098411732329,3.8753151693173455,5
44.7405000000316,1.3390793673134762,-0.3542804793503027,-2.490053829095282e-07,0.12332508811846386,0.5531989984364882,3.870472003806811,5
44.7605000000317,1.3469396514923153,-0.35329947188562133,-5.411677022472562e-07,0.12578340622338055,0.555266771788649,3.8654374252102457,5
44.78050000003179,1.3547901165590543,-0.3523000217908427,-3.476810282788449e-07,0.12823693876693404,0.5574146504779007,3.8602078075320674,5
44.80050000003189,1.3626308191234249,-0.3512821962263283,-4.7200648978890925e-07,0.1306860862435698,0.5596442754506488,3.854779155424507,5
44.820500000031984,1.3704609353135373,-0.3502462305418018,-4.193239677196686e-07,0.13313078487757113,0.5619574290549703,3.849147129257463,5
44.84050000003208,1.3782797292417208,-0.34919221271312767,-1.762002956923635e-07,0.13557106310100725,0.5643556720767477,3.8433079288566137,5
44.860500000032175,1.3860873167505747,-0.34812029470442435,-4.470323794691626e-07,0.13800734376900178,0.5668409875963232,3.8372567258524297,5
44.88050000003227,1.3938822297908444,-0.3470306903562237,-2.699773574387325e-07,0.14043928241100742,0.5694150372569822,3.8309894745047384,5
44.900500000032366,1.4016646218703135,-0.3459234804112864,-4.7341859773962753e-07,0.1428673353643273,0.5720797888260292,3.8245013837279287,5
44.92050000003246,1.409433352073196,-0.34479893623414376,-4.131592961971901e-07,0.1452913149282853,0.5748371926113833,3.817787704946197,5
44.94050000003256,1.4171881423771302,-0.34365712071764826,-5.249136702264754e-07,0.14771149883642826,0.5776891395637826,3.8108438341055724,5
44.96050000003265,1.424928181325275,-0.34249830493627825,-4.227909786446459e-07,0.1501278546535584,0.5806377863577774,3.8036645201723673,5
44.98050000003275,1.432652834898606,-0.3413226035054287,-3.44566428285019e-07,0.15254050023825422,0.5836850914648086,3.796244994694378,5
45.000500000032844,1.4403617155129225,-0.34013024716326773,-3.4464449933646357e-07,0.15494960975383582,0.5868334116442953,3.7885795194747587,5
45.02050000003294,1.448053785032549,-0.338921425310382,-3.0317230851409536e-07,0.1573551231901388,0.5900847794828623,3.7806631456069435,5
45.040500000033035,1.4557288763121048,-0.3376963141414024,-4.397187399194765e-07,0.1597573219851203,0.5934416590570513,3.7724898736002226,5
45.06050000003313,1.4633857064691704,-0.3364551415533247,-2.766482976772158e-07,0.16215604201693865,0.5969061256111599,3.7640546506858708,5
45.080500000033226,1.4710241812030056,-0.33519809694221336,-3.0553425580892773e-07,0.16455161229602627,0.6004808395126424,3.755350999447479,5
45.10050000003332,1.4786431923515668,-0.33392542284288124,-3.870368869600964e-07,0.16694395494662198,0.6041680946046304,3.7463733348756816,5
45.12050000003342,1.4862422241012854,-0.3326373350872794,-3.379092027062397e-07,0.16933320798824641,0.6079704980384992,3.7371153091236535,5
45.14050000003351,1.4938204710624743,-0.3313340303074385,-3.096626335774506e-07,0.17171944429953107,0.6118905149137601,3.7275709202099745,5
45.16050000003361,1.5013771998205907,-0.33001582210459585,-2.8290027142796843e-07,0.17410267703228968,0.6159310113530803,3.7177331897490213,5
45.1805000000337,1.508911909886835,-0.3286828317889635,-3.104878917169562e-07,0.17648295935748187,0.6200948415917258,3.7075951682984067,5
45.2005000000338,1.5164238098694536,-0.3273353477884873,-2.5932811591073234e-07,0.1788602822518754,0.6243849558053791,3.6971496728216855,5
45.220500000033894,1.5239122022836795,-0.3259736466383769,-3.347111206396042e-07,0.18123496566732303,0.6288039968872758,3.6863902684483714,5
45.24050000003399,1.5313761154168903,-0.3245979832491007,-1.460155469371338e-07,0.1836072660687572,0.6333542776108614,3.675311324077902,5
45.260500000034085,1.53881483250715,-0.32320863870649,-1.9276252588831097e-07,0.1859775433111601,0.6380385152680539,3.6639062236951725,5
45.28050000003418,1.546227320400396,-0.3218059249252106,-2.309044029690025e-07,0.18834593735352437,0.6428593427995595,3.652168556661942,5
45.300500000034276,1.5536126201536535,-0.32039013643246794,-1.9097777562630962e-07,0.19071266220816566,0.6478194299574649,3.6400918227122587,5
45.32050000003437,1.5609698724660823,-0.31896159349899283,-2.1446637425298748e-07,0.19307793835213552,0.6529216809823648,3.627668950651633,5
45.34050000003447,1.568298147425915,-0.317520584925359,-1.8729785064012636e-07,0.19544191360383983,0.6581689866377911,3.614892902099291,5
45.36050000003456,1.5755971592228117,-0.3160673044602251,-1.8593124127733585e-07,0.19780423914297732,0.6635658933940007,3.6017526073885193,5
45.38050000003466,1.5828659748825158,-0.3146021099608113,-2.436327536193013e-07,0.20016480958268415,0.6691159742954986,3.5882393669326986,5
45.400500000034754,1.5901031792506546,-0.3131254225845022,-3.0402132154165054e-07,0.20252407689102606,0.6748213340369686,3.5743480562578154,5
45.42050000003485,1.5973086571708102,-0.3116374390003255,-2.9775283712505446e-07,0.20488361125380242,0.6806842513669986,3.5600731271064374,5
45.440500000034945,1.6044815162860369,-0.31013851585474095,-2.288683940443481e-07,0.20724604870150443,0.6867044085321163,3.545415353139194,5
45.46050000003504,1.6116186279601892,-0.3086294690693428,-1.737169441426222e-07,0.2096134092660383,0.6928793386554657,3.530380740664952,5
45.480500000035136,1.618717305397373,-0.30711097712914,-3.0163006677834536e-07,0.21198767848086278,0.6992068986366875,3.514974507667195,5
45.50050000003523,1.6257751755875258,-0.30558366166142126,-1.4304539816120923e-07,0.21437053044440083,0.7056855788674994,3.4992003297139145,5
45.52050000003533,1.632790747417574,-0.3040479884491398,-2.304738677340812e-07,0.21676384272178612,0.712314801373485,3.4830596140471664,5
45.54050000003542,1.6397623160521513,-0.3025044701013165,-2.7040492305018877e-07,0.21916908016366043,0.7190941225659153,3.4665534407090752,5
45.56050000003552,1.646688099497559,-0.30095355139107166,-2.522031145978803e-07,0.22158752757626496,0.7260229385770598,3.449683279986289,5
45.58050000003561,1.6535665370475654,-0.2993957493566929,-1.423621508352731e-07,0.2240203679887232,0.7331012014029177,3.4324492487581133,5
45.60050000003571,1.6603678306183587,-0.2978389088477863,-3.605586468015406e-07,0.22647563362776582,0.7402758215679799,3.4149806083562226,5
45.620500000035804,1.667110684160093,-0.29627795535556267,-2.84531278590541e-07,0.22897687810889295,0.7475393148217384,3.397295581303593,5
45.6405000000359,1.6738304425903114,-0.2947040174998901,-1.4171476284854629e-06,0.23150207482874585,0.7549848588166683,3.3791673002724596,5
45.660500000035995,1.6805031877715624,-0.293122436252357,-3.8034271437837255e-06,0.23404046905215903,0.7625939912597026,3.360640716932897,5
45.68050000003609,1.6871009775621264,-0.2915416022650418,-7.155855894232273e-07,0.23658697018799987,0.7703333076682919,3.3417971639380712,5
45.700500000036186,1.6935904216765052,-0.2899708947432137,-2.6569777596039362e-06,0.2391724881478155,0.7781005608217533,3.322885591042687,5
45.72050000003628,1.7000405133332683,-0.2883899812761972,-3.2011410425122073e-06,0.24179213685663456,0.7860148755661636,3.303615955143253,5
45.74050000003638,1.7064486054441153,-0.28680131911768075,-1.0075261068835584e-06,0.24442554175446973,0.7941122935657132,3.2839005026226107,5
45.76050000003647,1.7127942302689665,-0.2852102275003991,-1.121450537992293e-06,0.24706762331050208,0.8023655641846823,3.2638055828546864,5
45.78050000003657,1.7190175175716824,-0.28363354362208165,-1.9273761378213942e-06,0.2497354206892541,0.8106379038257674,3.243664234163348,5
45.80050000003666,1.7251972498892503,-0.2820468279551321,-2.57880321777414e-05,0.25243942176034584,0.8190523388773465,3.223176914037764,5
45.82050000003676,1.7313262728294943,-0.280455714065715,-2.2225615277290215e-05,0.255154494625477,0.8276460746816101,3.2022530355578187,5
45.840500000036855,1.7373758569999092,-0.2788691157977539,-3.873097889197363e-06,0.2578736102367,0.8363759923614553,3.1809975838155866,5
45.86050000003695,1.743324253960831,-0.27729288516361333,-1.2900534031354143e-06,0.26062123246997787,0.8451569392793097,3.1596178869721157,5
45.880500000037046,1.7492344531840798,-0.2757080881372551,-2.184276257702486e-06,0.26339558551681774,0.8541199649731492,3.1377948678914622,5
45.90050000003714,1.7550918154195183,-0.27411988199914505,-1.8430177200116498e-06,0.26617989166080896,0.8632652543989685,3.115528076245989,5
45.92050000003724,1.7608260024115376,-0.27254915400948265,-1.7932531233197754e-06,0.26897625007262,0.8724317710448348,3.0932096009343146,5
45.94050000003733,1.766488233517049,-0.2709802282748181,-1.5920419560155785e-06,0.2718035998916014,0.8816985978690595,3.0706468921448984,5
45.96050000003743,1.7721059666062726,-0.26940582847906075,-1.053138622269788e-06,0.27464412240254293,0.8911595754386095,3.047611468497298,5
45.98050000003752,1.7776130040699694,-0.2678456088755542,-2.610678709383333e-07,0.2774919768281812,1.4,2.0869565217391304,6
46.00050000003762,1.782836570816905,-0.2663499120504929,2.012983621842257e-07,0.2804532958829262,1.4,2.0869565217391304,6
46.020500000037714,1.787791359582975,-0.26490738250296414,-1.4527604850623419e-05,0.2835874213637824,1.4,2.0869565217391304,6
46.04050000003781,1.7923915815260352,-0.2635547572415502,-3.1468433706936803e-06,0.2868447571136804,1.4,2.0869565217391304,6
46.060500000037905,1.7965890770686226,-0.26230436557590575,-6.281067091461801e-08,0.2901767618198864,1.4,2.0869565217391304,6
46.080500000038,1.8006346117716776,-0.2610800226908636,-1.7373313325914624e-06,0.2935564124752156,1.4,2.0869565217391304,6
46.100500000038096,1.8042283499536618,-0.259982768857615,-7.751990498101992e-07,0.29695792770678076,1.4,2.0869565217391304,6
46.12050000003819,1.8076901796486224,-0.2589087781735879,-6.793537683854205e-07,0.3003214970160032,1.4,2.0869565217391304,6
46.14050000003829,1.8108121602514964,-0.25793176166923554,-5.417402698982978e-07,0.30368453736417206,1.4,2.0869565217391304,6
46.16050000003838,1.813799566728913,-0.2569825178702136,9.378494962225247e-08,0.30698928318906477,1.4,2.0869565217391304,6
46.18050000003848,1.8165479745252588,-0.256100448218127,-2.941339198656719e-07,0.31022473331459327,1.4,2.0869565217391304,6
46.20050000003857,1.8191430995436255,-0.25525699848175054,-5.627938915283669e-07,0.31341773791746297,1.4,2.0869565217391304,6
46.22050000003867,1.8216125726505157,-0.2544443240295483,-8.502696136636761e-07,0.31653377648993797,1.4,2.0869565217391304,6
46.240500000038764,1.8239424127107209,-0.2536706771876527,-4.806288955514277e-07,0.3195849332811602,1.4,2.0869565217391304,6
46.26050000003886,1.8261759851879062,-0.2529207492645976,-1.2937318302823562e-06,0.3225976912868689,1.4,2.0869565217391304,6
46.280500000038955,1.8283319210350446,-0.2521888691002906,-3.8664915323557165e-07,0.32555851668008784,1.4,2.0869565217391304,6
46.30050000003905,1.8304193750980402,-0.2514727770299643,-1.3530564626998555e-06,0.328471892533813,1.4,2.0869565217391304,6
46.32050000003915,1.832446587680904,-0.2507708413286293,-6.865658991856888e-07,0.331342808603277,1.4,2.0869565217391304,6
46.34050000003924,1.8344229484903507,-0.25008019443075513,4.2866797128309915e-08,0.33418163170001597,1.4,2.0869565217391304,6
46.36050000003934,1.8363558560160822,-0.24939807462308866,-9.74228330325569e-07,0.33699729362216424,1.4,2.0869565217391304,6
46.38050000003943,1.8382503840096005,-0.24872374163108993,-1.4937530018303588e-06,0.33979348439046414,1.4,2.0869565217391304,6
46.40050000003953,1.8401114786129598,-0.2480553046265741,-1.4921215963415686e-06,0.3425740129807176,1.4,2.0869565217391304,6
46.420500000039624,1.8419435027808533,-0.24739147681384258,-1.8910291112230778e-06,0.34534327849460855,1.4,2.0869565217391304,6
46.44050000003972,1.8437488443499221,-0.24673190071382278,-1.792540555395106e-06,0.34810345711001617,1.4,2.0869565217391304,6
46.460500000039815,1.8455298752392202,-0.24607557005699016,-1.184927266352741e-06,0.3508568265238714,1.4,2.0869565217391304,6
46.48050000003991,1.847289870569294,-0.245421531107071,-2.187951436075134e-06,0.3536075190487795,1.4,2.0869565217391304,6
46.500500000040006,1.8490285530750592,-0.24476996034334833,-1.1477547785137436e-06,0.3563537870668264,1.4,2.0869565217391304,6
46.5205000000401,1.850749847342572,-0.24411946020296907,-1.991280984752916e-06,0.3591010416980087,1.4,2.0869565217391304,6
46.5405000000402,1.8524530413900935,-0.24347026409776398,-1.5075401134099683e-06,0.3618470111778773,1.4,2.0869565217391304,6
46.56050000004029,1.8541404483855275,-0.24282184873564114,-1.4957237216349536e-06,0.36459450618570954,1.4,2.0869565217391304,6
46.58050000004039,1.8558125774699836,-0.24217412195540966,-1.4428404323919701e-06,0.3673434813497142,1.4,2.0869565217391304,6
46.60050000004048,1.8574702810583839,-0.24152673914067616,-1.37761656670678e-06,0.37009444471523734,1.4,2.0869565217391304,6
46.62050000004058,1.8591143239935963,-0.24087944464126265,-1.0863986170292271e-06,0.3728478998505778,1.4,2.0869565217391304,6
46.640500000040674,1.8607459587467399,-0.24023166130186677,-1.7803346722642678e-06,0.3756051258422951,1.4,2.0869565217391304,6
46.66050000004077,1.8623643817266549,-0.23958403355534375,-4.7125290949631176e-07,0.378363904128316,1.4,2.0869565217391304,6
46.680500000040865,1.8639720400356892,-0.23893568043045407,-1.1236105001716782e-06,0.38112771412756025,1.4,2.0869565217391304,6
46.70050000004096,1.8655676451079406,-0.23828706479558454,-6.057504014151071e-07,0.3838935557442663,1.4,2.0869565217391304,6
46.720500000041056,1.8671525370272282,-0.23763764154929495,-2.85110934558793e-07,0.38666305927171024,1.4,2.0869565217391304,6
46.74050000004115,1.8687268523110865,-0.23698746773931417,-3.094574147487315e-07,0.389436133458564,1.4,2.0869565217391304,6
46.76050000004125,1.8702915844750603,-0.23633598379331117,-7.65421629986392e-07,0.39221316730401445,1.4,2.0869565217391304,6
46.78050000004134,1.871846589919367,-0.23568349195074142,-1.3459171942923532e-06,0.39499359158060243,1.4,2.0869565217391304,6
46.80050000004144,1.8733922006889845,-0.23502999472704533,-2.1539537510154263e-06,0.39777736671740194,1.4,2.0869565217391304,6
46.820500000041534,1.8749283597092141,-0.23437552509347068,-1.4750475581458252e-06,0.40056380773405964,1.4,2.0869565217391304,6
46.84050000004163,1.8764563265818455,-0.23371942264912463,-2.370075934444439e-06,0.40335451862017546,1.4,2.0869565217391304,6
46.860500000041725,1.877975191461386,-0.23306228838928014,-1.5717331687180355e-06,0.4061473323863466,1.4,2.0869565217391304,6
46.88050000004182,1.8794865033276835,-0.23240314070520146,-2.1449947989613182e-06,0.4089445577705192,1.4,2.0869565217391304,6
46.900500000041916,1.8809892260505527,-0.23174289342599663,-1.2486294457062956e-06,0.4117436280298888,1.4,2.0869565217391304,6
46.92050000004201,1.8824844325692762,-0.23108074174264182,-8.047109838840248e-07,0.4145461172981473,1.4,2.0869565217391304,6
46.94050000004211,1.8839724590037947,-0.23041701252555924,-6.80886958361754e-07,0.4173520640524092,1.4,2.0869565217391304,6
46.9605000000422,1.8854528283664882,-0.2297516622408374,-4.777486642612207e-07,0.4201604538432727,1.4,2.0869565217391304,6
46.9805000000423,1.886926738446446,-0.22908385312631377,-1.2744434822473082e-06,0.4229723794670834,1.4,2.0869565217391304,6
47.00050000004239,1.888393775902874,-0.22841444963367358,-2.1100597600436087e-06,0.4257870085159626,1.4,2.0869565217391304,6
47.02050000004249,1.8898537892265133,-0.22774349310060046,-2.0496821945356277e-06,0.4286034740521333,1.4,2.0869565217391304,6
47.040500000042584,1.8913074457531842,-0.2270704989345611,-2.0577533250296567e-06,0.4314227152354303,1.4,2.0869565217391304,6
47.06050000004268,1.8927543855589173,-0.22639560495757113,-1.282978088328282e-06,0.4342435515553515,1.4,2.0869565217391304,6
47.080500000042775,1.8941955289324732,-0.22571827881804357,-1.2562673412049942e-06,0.43706750904646274,1.4,2.0869565217391304,6
47.10050000004287,1.8956304305884053,-0.22503912335724585,-6.423056732098174e-07,0.4398931709799435,1.4,2.0869565217391304,6
47.120500000042966,1.8970596352454476,-0.22435759820806653,-7.099851219833323e-07,0.4427216746616883,1.4,2.0869565217391304,6
47.14050000004306,1.898483484465727,-0.2236736616518295,-1.2919346065817175e-06,0.4455525396839206,1.4,2.0869565217391304,6
47.16050000004316,1.8999017588110905,-0.2229873093091112,-1.4185245209832452e-06,0.448385394253705,1.4,2.0869565217391304,6
47.18050000004325,1.9013146742262113,-0.22229875932834223,-1.8715987634718203e-06,0.45122028141121767,1.4,2.0869565217391304,6
47.20050000004335,1.9027220231761697,-0.22160796908044547,-1.418082835759212e-06,0.4540565100702962,1.4,2.0869565217391304,6
47.220500000043444,1.9041242578021456,-0.22091486645480887,-9.399770728443724e-07,0.456894622335753,1.4,2.0869565217391304,6
47.24050000004354,1.9055214581647266,-0.2202191884314084,-2.586595920661093e-07,0.45973453241487094,1.4,2.0869565217391304,6
47.260500000043635,1.906914327517154,-0.2195205422988665,-1.4934711033939077e-06,0.4625776977439942,1.4,2.0869565217391304,6
47.28050000004373,1.9083021585802704,-0.21881972762581003,-1.7476404646583068e-06,0.46542157234222525,1.4,2.0869565217391304,6
47.300500000043826,1.9096851704634692,-0.21811642867904113,-1.7683927868207615e-06,0.4682668172041014,1.4,2.0869565217391304,6
47.32050000004392,1.911063337535455,-0.21741074557453982,-1.5244515712663573e-06,0.4711130474820788,1.4,2.0869565217391304,6
47.34050000004402,1.9124369375186998,-0.2167024674378501,-9.369071227915893e-07,0.4739605652314635,1.4,2.0869565217391304,6
47.36050000004411,1.9138060127348573,-0.21599138660904355,5.25209923103604e-08,0.47680949845362935,1.4,2.0869565217391304,6
47.38050000004421,1.9151716981505653,-0.21527707529316034,-4.252596714272264e-07,0.479661897701414,1.4,2.0869565217391304,6
47.4005000000443,1.9165346355674155,-0.21456049462745952,-1.1361903840632328e-07,0.4825185956510699,1.4,2.0869565217391304,6
47.4205000000444,1.9178949746922525,-0.21384056440029447,-1.8523857415759008e-07,0.4853797288429336,1.4,2.0869565217391304,6
47.440500000044494,1.919252238610305,-0.21311728456699844,-1.438904904853455e-07,0.48824426161718554,1.4,2.0869565217391304,6
47.46050000004459,1.920606292428383,-0.2123907153331266,-7.371009992386705e-08,0.4911112752540321,1.4,2.0869565217391304,6
47.480500000044685,1.9219571083038436,-0.21166091732374856,-2.2488235568219883e-07,0.49398101715861403,1.4,2.0869565217391304,6
47.50050000004478,1.9233044452050243,-0.21092800936127626,-2.4770161515889217e-07,0.496852629765201,1.4,2.0869565217391304,6
47.520500000044876,1.924648589666346,-0.21019182112125,-3.775712411301072e-07,0.4997263645738485,1.4,2.0869565217391304,6
47.54050000004497,1.9259893336897633,-0.20945250484711306,-3.450826430078894e-07,0.5026018897833269,1.4,2.0869565217391304,6
47.56050000004507,1.9273267023456664,-0.20871002603613273,-3.100495128653625e-07,0.505478879084561,1.4,2.0869565217391304,6
47.58050000004516,1.9286606422068826,-0.20796441764794127,-2.1346959600592696e-07,0.5083572933874836,1.4,2.0869565217391304,6
47.60050000004526,1.9299913927210735,-0.2072155558226844,-3.4407311768668094e-07,0.5112371238155489,1.4,2.0869565217391304,6
47.620500000045354,1.9313186164286387,-0.2064636622080719,-9.978383705570047e-08,0.5141178968216372,1.4,2.0869565217391304,6
47.64050000004545,1.9326427115284688,-0.20570854667445418,-3.4019521064491424e-07,0.5170000421430399,1.4,2.0869565217391304,6
47.660500000045545,1.9339635443797154,-0.20495018081538827,-1.1003935929206954e-07,0.519883333601487,1.4,2.0869565217391304,6
47.68050000004564,1.9352811032494794,-0.20418861893159784,-1.5031569153921646e-07,0.5227675652807282,1.4,2.0869565217391304,6
47.700500000045736,1.936595370683479,-0.2034239498402277,-4.0270910353381537e-07,0.5256523906737428,1.4,2.0869565217391304,6
47.72050000004583,1.9379065172083485,-0.20265603138740043,-3.4344016543065815e-07,0.5285383623960909,1.4,2.0869565217391304,6
47.74050000004593,1.9392145757102957,-0.20188485353436547,-3.576635247784806e-07,0.5314253421222599,1.4,2.0869565217391304,6
47.76050000004602,1.9405195331980647,-0.20111039323526045,-2.3057213294299605e-07,0.5343131171345781,1.4,2.0869565217391304,6
47.78050000004612,1.941821319922093,-0.2003327324261529,-1.7632453694689765e-07,0.5372013257703773,1.4,2.0869565217391304,6
47.80050000004621,1.9431200709270786,-0.19955181967924993,-3.0093813923987837e-07,0.5400903783985183,1.4,2.0869565217391304,6
47.82050000004631,1.944415743554434,-0.19876761619430738,-2.458000479662492e-07,0.5429800411532125,1.4,2.0869565217391304,6
47.840500000046404,1.945708362776623,-0.19798019642809095,-3.1328000544640884e-07,0.545870157034543,1.4,2.0869565217391304,6
47.8605000000465,1.9469981168710282,-0.19718940965482856,-2.7292770410354817e-07,0.5487612084869954,1.4,2.0869565217391304,6
47.880500000046595,1.948285073662183,-0.19639521163874618,-3.57173373853063e-07,0.5516532556433015,1.4,2.0869565217391304,6
47.90050000004669,1.9495688842016317,-0.1955978148474881,-3.444118484744566e-07,0.5545453656733959,1.4,2.0869565217391304,6
47.920500000046786,1.9508498454897554,-0.19479704982341708,-3.090665256536068e-07,0.5574380655288164,1.4,2.0869565217391304,6
47.94050000004688,1.952128163865397,-0.19399285155256038,-2.5016758647853725e-07,0.5603317862459828,1.4,2.0869565217391304,6
47.96050000004698,1.9534035049644103,-0.193185320794565,-2.4850576761182126e-07,0.5632258507578057,1.4,2.0869565217391304,6
47.98050000004707,1.9546762078863813,-0.19237425490215976,-1.7355994104060464e-07,0.5661208266803961,1.4,2.0869565217391304,6
48.00050000004717,1.955945786135851,-0.19156005684612792,-9.222348104563463e-08,0.5690155227872454,1.4,2.0869565217391304,6
48.020500000047264,1.9572126450788214,-0.1907423928185302,-1.6391410352951224e-07,0.5719109552523243,1.4,2.0869565217391304,6
48.04050000004736,1.9584766414148391,-0.18992140618864894,-3.4594668359854057e-07,0.5748063998631655,1.4,2.0869565217391304,6
48.060500000047455,1.9597379071556702,-0.1890969527093137,-2.94540275056195e-07,0.5777025800511113,1.4,2.0869565217391304,6
48.08050000004755,1.9609962048388705,-0.1882692710105161,-1.0992259117972967e-07,0.5805986045422418,1.4,2.0869565217391304,6
48.100500000047646,1.9622519300924013,-0.18743806902681465,-2.643709677789575e-07,0.5834953325462604,1.4,2.0869565217391304,6
48.12050000004774,1.9635048562949966,-0.1866034903922357,-1.1416837274809626e-07,0.5863922575927081,1.4,2.0869565217391304,6
48.14050000004784,1.9647552265542298,-0.18576537571122215,-4.02148893108668e-07,0.5892899143679035,1.4,2.0869565217391304,6
48.16050000004793,1.9660027160407556,-0.18492396481599455,-3.3181599559697934e-07,0.5921875343106942,1.4,2.0869565217391304,6
48.18050000004803,1.967247571284812,-0.1840790380616089,-2.2817112044443983e-07,0.5950854748624025,1.4,2.0869565217391304,6
48.20050000004812,1.9684897720699983,-0.18323067407126728,-1.3519520721755234e-07,0.5979838925678546,1.4,2.0869565217391304,6
48.22050000004822,1.969729237032834,-0.18237888982020048,-1.632802544081892e-07,0.6008824100625714,1.4,2.0869565217391304,6
48.240500000048314,1.970966213371759,-0.1815235929255429,-1.8734035425858462e-07,0.6037815662167726,1.4,2.0869565217391304,6
48.26050000004841,1.972200560406731,-0.1806648167311069,-1.400546925273366e-07,0.6066810024871067,1.4,2.0869565217391304,6
48.280500000048505,1.9734322904895027,-0.17980251679705062,-2.36861535517418e-07,0.6095808168525407,1.4,2.0869565217391304,6
48.3005000000486,1.9746612904088985,-0.17893678367832946,-2.0366429200384496e-07,0.6124806455949025,1.4,2.0869565217391304,6
48.320500000048696,1.9758877018654621,-0.17806756075820698,-5.4399956440307165e-08,0.6153807875926032,1.4,2.0869565217391304,6
48.34050000004879,1.9771114755104182,-0.17719488087099963,-3.599669529538994e-07,0.6182811990399691,1.4,2.0869565217391304,6
48.36050000004889,1.978332468706161,-0.17631879629817596,-1.6076689162395308e-07,0.621181402934543,1.4,2.0869565217391304,6
48.38050000004898,1.9795508741563768,-0.17543925062065188,-1.807794258544022e-07,0.6240818520231922,1.4,2.0869565217391304,6
48.40050000004908,1.980766639952484,-0.17455619695096405,-9.021853055208791e-08,0.626982375080946,1.4,2.0869565217391304,6
48.420500000049174,1.9819798691958244,-0.17366965600829345,-3.035546368934175e-07,0.6298832408035268,1.3990433959067285,2.0869565217391304,6
48.44050000004927,1.9831905675753017,-0.17277958089171797,-1.7874695182082036e-07,0.6327844538975432,1.3955221820645454,2.0869565217391304,6
48.460500000049365,1.9843990915208785,-0.17188577705579164,-1.04627727210923e-07,0.6356861641270325,1.3919995587857987,2.0869565217391304,6
48.48050000004946,1.985606251454092,-0.17098767248705843,-4.427942030703002e-07,0.6385892877122972,1.388474479557659,2.0869565217391304,6
48.500500000049556,1.986812200536504,-0.17008506949782543,-3.1863578516516794e-07,0.6414936907459028,1.384947451273761,2.0869565217391304,6
48.52050000004965,1.9880175003159086,-0.16917759483885056,-1.1517114277848177e-07,0.6443998172508725,1.3814177983740263,2.0869565217391304,6
48.54050000004975,1.9892222126056538,-0.16826514844589038,-2.1656505498814603e-07,0.6473075837825026,1.377886352543352,2.0869565217391304,6
48.56050000004984,1.9904266419412402,-0.16734743666477556,-1.7024808625216247e-07,0.6502169368234437,1.3743526908049284,2.0869565217391304,6
48.58050000004994,1.9916309282729558,-0.16642440675537035,-2.460608342074275e-08,0.6531280135132381,1.3708171891809222,2.0869565217391304,6
48.60050000005003,1.992835379939434,-0.1654957787389581,-9.691457967955976e-08,0.6560408721026822,1.3672795681480503,2.0869565217391304,6
48.62050000005013,1.9940399320106534,-0.16456154145191368,-9.188279540688623e-08,0.658955646768005,1.3637401973911008,2.0869565217391304,6
48.640500000050224,1.9952448441540325,-0.1636214800548026,-1.8326091354844067e-07,0.6618722813818696,1.3601987551203507,2.0869565217391304,6
48.66050000005032,1.99644866560556,-0.16267562086929518,-4.806702137938014e-07,0.6647875365678704,1.3566595074617154,2.0869565217391304,6
48.680500000050415,1.9976512653498746,-0.16172411920978033,-4.294735424503826e-07,0.667700497350468,1.3531229884069402,2.0869565217391304,6
48.70050000005051,1.998853079508066,-0.16076732988546588,-1.0267382161111608e-06,0.6706122515445583,1.3495889985755625,2.0869565217391304,6
48.720500000050606,2.0000543641040385,-0.1598054176389938,-1.1658208754244056e-06,0.673522652675569,1.3460574704463828,2.0869565217391304,6
48.7405000000507,2.0012552801424324,-0.15883836897498432,-4.7317355290947247e-07,0.676431808337855,1.3425283926751717,2.0869565217391304,6
48.7605000000508,2.002457000813445,-0.15786483350079616,-7.778465965909172e-07,0.6793419966462269,1.338998439509898,2.0869565217391304,6
48.78050000005089,2.0036590244591785,-0.15688547469126826,-8.311425042514464e-07,0.6822523978811379,1.3354697579438968,2.0869565217391304,6
48.80050000005099,2.0048612211891026,-0.15590024703835179,-2.554103725048313e-07,0.6851620302428528,1.3319431179617935,2.0869565217391304,6
48.820500000051084,2.0060643633243895,-0.15490810026271554,-5.38453118603751e-07,0.688072444447281,1.328416152015047,2.0869565217391304,6
48.84050000005118,2.0072682656822436,-0.15390980392198242,-8.021075047290183e-07,0.6909832810843997,1.324890431109472,2.0869565217391304,6
48.860500000051275,2.008472902461345,-0.15290507582804863,-4.640398960478399e-07,0.6938938899756025,1.3213663267543505,2.0869565217391304,6
48.88050000005137,2.0096787995900813,-0.15189332865410654,-3.977073013273681e-07,0.6968052581917172,1.3178423181810035,2.0869565217391304,6
48.900500000051466,2.010885877078687,-0.15087455997663005,-1.0107037410642892e-06,0.6997174916969391,1.314319032221019,2.0869565217391304,6
48.92050000005156,2.0120942593215814,-0.1498490599650243,-6.618900170076311e-07,0.702630146146545,1.3107970074479414,2.0869565217391304,6
48.94050000005166,2.0133038069937563,-0.1488165498239591,4.8370658982828906e-09,0.7055424166690042,1.3072766551069233,2.0869565217391304,6
48.96050000005175,2.0145149801104965,-0.14777629797042086,-6.965582858845384e-07,0.7084561148692075,1.303756492208937,2.0869565217391304,6
48.98050000005185,2.015727656564945,-0.14672884822110382,-1.03335220763714e-06,0.711370198460302,1.3002377593415715,2.0869565217391304,6
49.00050000005194,2.0169419020917627,-0.14567412924901402,-8.213120260772273e-07,0.7142845060146323,1.2967206896141263,2.0869565217391304,6
49.02050000005204,2.0181578284337767,-0.14461178892731574,-4.599370820589455e-08,0.7171988857242714,1.2932050505844055,2.0869565217391304,6
49.040500000052134,2.019375616206981,-0.14354136889196356,-7.798484690339869e-07,0.7201142964486836,1.2896904674528602,2.0869565217391304,6
49.06050000005223,2.020595027511408,-0.14246332020620395,-8.661372407387325e-07,0.7230296432975378,1.2861780563428122,2.0869565217391304,6
49.080500000052325,2.02181632745712,-0.14137781449194894,-3.432165284938366e-07,0.7259451486132678,1.282667800184426,2.0943740517248752,6
49.10050000005242,2.023040861582162,-0.14028282660873376,-3.972748579236093e-07,0.7288640026008206,1.2791552466536356,2.102926355973757,6
49.120500000052516,2.024269095889259,-0.1391780501788789,-8.770336101115669e-07,0.7317876059346697,1.2756396046561487,2.1114861799676383,6
49.14050000005261,2.0255016211333556,-0.13806309353273483,-9.17459890031755e-07,0.7347166472307581,1.2721198160767326,2.1200560999870857,6
49.16050000005271,2.026739131847147,-0.13693729183330605,-7.067604559983314e-07,0.7376526244190632,1.2685942704144801,2.1286400372517003,6
49.1805000000528,2.027982320074074,-0.13579971226481838,-1.8328865535075419e-07,0.7405966919738544,1.2650610695398803,2.1372426132942044,6
49.2005000000529,2.029231712332079,-0.13464961179814555,-7.385135011001278e-07,0.7435506193075895,1.2615189768227655,2.1458668390402234,6
49.22050000005299,2.030487456888426,-0.13348706451671083,-9.128826417075694e-07,0.7465140083542897,1.2579682452076604,2.154512098624827,6
49.24050000005309,2.0317498643242256,-0.13231149556320546,-8.780091169521735e-07,0.7494874597489251,1.254408291303612,2.163179812478162,6
49.260500000053185,2.0330191971233895,-0.13112275443868782,-1.7827938429777046e-07,0.7524708544938695,1.2508389534094941,2.1718703743073187,6
49.28050000005328,2.034295926299574,-0.12991959367008338,-1.03126487569502e-06,0.7554661187817281,1.247258555247833,2.180587865483537,6
49.300500000053376,2.035579903512722,-0.12870254502971928,-1.4318640875948245e-06,0.758472075398788,1.243668431608251,2.1893290360842586,6
49.32050000005347,2.036871359374409,-0.127471421111876,-1.0830164359641573e-06,0.7614888827349895,1.2400685641930072,2.1980939306605043,6
49.34050000005357,2.038170404451456,-0.12622572587903577,-4.768715707707552e-07,0.7645166884831339,1.2364587815970762,2.206882966546249,6
49.36050000005366,2.039477433526665,-0.12496467190493693,-2.3273090241581928e-07,0.7675561309002709,1.232838011528064,2.215698754540366,6
49.38050000005376,2.0407925719047095,-0.12368822369273819,-5.998428653614801e-07,0.7706076529221567,1.229206535453481,2.224540609330655,6
49.40050000005385,2.042115740650172,-0.12239616486961159,-8.461702894325261e-07,0.7736706369523711,1.2255648289325531,2.2334073730337836,6
49.42050000005395,2.0434470520338435,-0.12108831530311635,-7.461864987544758e-07,0.7767451973215328,1.2219129936340913,2.2422987981082994,6
49.440500000054044,2.04478649704286,-0.11976443727567189,-8.404440741244426e-07,0.7798309714754528,1.2182514376020528,2.2512138910558717,6
49.46050000005414,2.0461341099772907,-0.1184245911410515,-3.2478947596133865e-07,0.7829277092078395,1.2145806331057978,2.2601515020032745,6
49.480500000054235,2.04749049879595,-0.11706752940373667,-4.905351718099248e-07,0.7860366848720428,1.2108987059078051,2.269116194311431,6
49.50050000005433,2.048854883830461,-0.11569385993689506,-6.626963663229876e-07,0.789156334432708,1.2072083153631683,2.2781014930288075,6
49.520500000054426,2.0502279079199206,-0.1143030912489137,-9.95789491348472e-07,0.7922876660998537,1.203508166042333,2.287110552244754,6
49.54050000005452,2.051609790530572,-0.11289487924222527,-1.227900037555118e-06,0.7954309766369212,1.199798036480203,2.296143911178636,6
49.56050000005462,2.053000320086304,-0.11146904677121466,-9.896438399908351e-07,0.7985853382296778,1.1960788314377424,2.305199366934192,6
49.58050000005471,2.0543992953077956,-0.11002524616469396,-1.1966256098581491e-06,0.8017505455483285,1.1923510276137184,2.314275758853555,6
49.60050000005481,2.055806833438192,-0.10856350666139632,-1.2127879140412533e-06,0.8049265711354096,1.188614856040261,2.323372524423712,6
49.6205000000549,2.057222975639921,-0.10708380880981234,-5.225177720813486e-07,0.8081132130360673,1.1848707048687732,2.332488718580378,6
49.640500000055,2.058648059693935,-0.1055852603115897,-1.6238711411155689e-07,0.8113108306992428,1.1811177043053929,2.341626459082522,6
49.660500000055094,2.060082358381539,-0.10406725939550532,-8.585017971255209e-07,0.8145207830759799,1.1773551141415708,2.350787548177045,6
49.68050000005519,2.0615254338227684,-0.10253061140097591,-4.7348754803773303e-07,0.8177410198661317,1.1735851357166631,2.359966626081168,6
49.700500000055285,2.0629777535962552,-0.10097409430285677,-1.2169868576037848e-06,0.8209729172126785,1.169806276573147,2.3691673266045115,6
49.72050000005538,2.0644388372529354,-0.09939812471942051,-1.059272708415571e-06,0.8242151734392329,1.1660201459372272,2.378385731631099,6
49.74050000005548,2.065908997714707,-0.09780195141053286,-1.46653317096172e-06,0.8274682078318208,1.1622260818248131,2.3876234529482807,6
49.76050000005557,2.0673879809827587,-0.09618578606283333,-1.3035919155751135e-06,0.8307315927167102,1.1584250163928222,2.3968782209566064,6
49.78050000005567,2.068875936636181,-0.09454994607958214,-2.494957043687545e-07,0.834004918013879,1.1546176552008987,2.4061483177717253,6
49.80050000005576,2.0703732155824586,-0.09289239016390653,-4.68407680091814e-07,0.8372897736149977,1.1508017879794044,2.415439124919711,6
49.82050000005586,2.071879928629256,-0.09121396906261993,-1.0177603186529252e-07,0.8405851345140584,1.1469785724088735,2.4247478237001343,6
49.840500000055954,2.0733958232558845,-0.08951411366886892,-3.5338151167956874e-07,0.8438914148005116,1.1431483809097278,2.4340735073502278,6
49.86050000005605,2.0749203795707793,-0.08779304948398325,-2.8053954213855424e-08,0.8472069888661687,1.1393127109883896,2.443412529767399,6
49.880500000056145,2.0764535138577047,-0.0860501553145789,-3.038190618984928e-07,0.8505322425842968,1.1354715175471213,2.4527650007548347,6
49.90050000005624,2.0779958941187533,-0.08428552715844201,5.743360995711297e-08,0.853867046102215,1.1316241666095255,2.462132463907242,6
49.920500000056336,2.079547465597506,-0.08249873715931196,-4.8925292361021506e-08,0.857212288618042,1.127770876888023,2.471514386707422,6
49.94050000005643,2.081107658246843,-0.0806893986308807,-2.03438695817249e-07,0.860566900341333,1.1239125761717554,2.4809085101905084,6
49.96050000005653,2.0826766932900505,-0.07885731904244749,-5.083984075319087e-07,0.8639305950855063,1.1200491554455851,2.490315099784662,6
49.98050000005662,2.084254726481798,-0.07700282234469041,-2.6952815832144063e-07,0.8673035027723642,1.1161810901901217,2.4997329977979645,6
50.00050000005672,2.0858416541690517,-0.07512468782009975,-7.916001891647223e-07,0.8706859703419626,1.1123077998139395,2.509163617844321,6
50.02050000005681,2.087437328778479,-0.07322341392362662,-9.34960860041358e-07,0.8740774369232679,1.1084303460398508,2.5186043748594935,6
50.04050000005691,2.089042289567199,-0.07129827487635704,-1.072240043437648e-06,0.8774786023656723,1.104547690213338,2.528057797741438,6
50.060500000057004,2.090655953453406,-0.06934935576785022,-1.281570305172422e-06,0.880888520605572,1.1006612602549255,2.537520409814094,6
50.0805000000571,2.0922784952781996,-0.06737637562126231,-5.414770662051643e-07,0.8843074799503667,1.0967707873266175,2.5469928656395395,6
50.100500000057195,2.09390972825134,-0.06537847633917869,-7.852552543673586e-07,0.8877353191846103,1.092876265350501,2.556475180016171,6
50.12050000005729,2.0955498526620215,-0.06335574382561932,-1.1901507106080824e-06,0.891172098553029,1.088977822331509,2.5659670412798037,6
50.140500000057386,2.097198651507649,-0.06130847489605266,-1.267045952429095e-06,0.8946173589961267,1.0850764342387413,2.575466073157847,6
50.16050000005748,2.0988562724589737,-0.05923591405045705,-1.0319871290550629e-06,0.8980712661391838,1.081171561712021,2.584973588875079,6
50.18050000005758,2.1005221841989603,-0.05713776849444425,-8.078660493263055e-07,0.9015331513430298,1.0772641031890788,2.594487400930938,6
50.20050000005767,2.102196400499714,-0.05501408302311462,-6.822735889682195e-07,0.9050029581927179,1.0733543477935412,2.604006805372247,6
50.22050000005777,2.1038795114190405,-0.052864148793375136,-1.3794847496603403e-06,0.9084816656533701,1.0694412373639777,2.613534378592054,6
50.240500000057864,2.1055708207939206,-0.050688639861564584,-9.955007207851414e-07,0.9119677103489103,1.0655267163535074,2.623065386269721,6
50.26050000005796,2.1072706619953783,-0.04848616356484965,-1.3547120455695406e-06,0.9154622371579748,1.061609403894642,2.6326031905173934,6
50.280500000058055,2.1089786231798753,-0.046257379855544845,-9.62560261044247e-07,0.9189639780482652,1.0576908123219784,2.642144109129096,6
50.30050000005815,2.110694693847229,-0.04400161933955311,-7.880015141682408e-07,0.9224733095679398,1.0537706908914477,2.6516887526121273,6
50.320500000058246,2.1124187193093804,-0.0417192033615735,-6.301338563928134e-08,0.9259895785205425,1.0498498589222325,2.6612351261023903,6
50.34050000005834,2.1141511125396026,-0.039408942705324315,-5.324146073874945e-07,0.9295143343867545,1.0459269613167779,2.6707865289678447,6
50.36050000005844,2.115890817226297,-0.03707090968489659,-8.797364406460041e-07,0.9330450636825015,1.0420038640038174,2.6803384180776617,6
50.38050000005853,2.117638546634172,-0.034705462466752345,-1.3103669870795467e-06,0.9365831386111374,1.0380801706360607,2.68989175845133,6
50.40050000005863,2.1193937441071697,-0.032312670617376305,-3.6756218897198295e-07,0.9401272075806545,1.0341570422274802,2.699443723272222,6
50.42050000005872,2.1211569652851328,-0.029891126976044614,-1.1232622278566834e-07,0.9436789454074622,1.0302327399670745,2.7089985461671224,6
50.44050000005882,2.1229273027296793,-0.027441191915170225,-1.2157291131351765e-07,0.9472370126514331,1.0263091785787286,2.718551565199617,6
50.460500000058914,2.1247056735292107,-0.02496185756308742,-9.73081844538831e-07,0.950802412481484,1.0223845379865424,2.728107211858853,6
50.48050000005901,2.126490984968639,-0.0224539604531882,-1.1040299610875363e-06,0.9543734490210202,1.0184612244845719,2.7376596273419116,6
50.500500000059105,2.1282827889404254,-0.019917738400122526,-1.3763231985096132e-07,0.9579492821791055,1.014540241069632,2.7472063695695916,6
50.5205000000592,2.1300816660889814,-0.01735129001707961,-1.1455211279027859e-06,0.96153198499138,1.0106194353666687,2.756752679107241,6
50.540500000059296,2.1318877576613438,-0.01475591220320344,-1.1866712349066224e-06,0.9651204088727738,1.0067000207365369,2.766295601684954,6
50.56050000005939,2.1337004556512214,-0.012131212550296776,-2.1386333949054688e-07,0.9687139680501218,1.0027827153493334,2.7758333887146662,6
50.58050000005949,2.1355197786098614,-0.009476017687631148,-6.105716628207689e-07,0.9723136271102872,0.9988667762509833,2.7853678491280403,6
50.60050000005958,2.137345507672693,-0.006791057579958821,-4.909823831778098e-07,0.9759180048658833,0.9949533133677289,2.7948962804959643,6
50.62050000005968,2.1391772703948484,-0.004075746831327987,-9.624905530828788e-07,0.9795274113955075,0.9910424931571178,2.804418277530496,6
50.640500000059774,2.1410159189543925,-0.0013267663162476317,-1.9463088037355184e-05,0.9831434881729619,0.9871322445317599,2.813938882879193,6
50.66050000005987,2.1428551823820285,0.0014428754771459327,-4.918997825445115e-06,0.9867536858927903,0.98323626766102,2.823424739607951,6
50.680500000059965,2.144699269866163,0.004242399896179562,-5.919925624639022e-06,0.9903660026831635,0.9793461691771221,2.8328962837426586,6
50.70050000006006,2.146551626712921,0.007075373911947477,-2.3760064293775096e-06,0.993988003460103,0.9754542707013034,2.8423722104663915,6
50.720500000060156,2.148408380341906,0.00993624087350095,-3.4255712223578535e-06,0.9976104300453951,0.9715699420102464,2.8518297064098346,6
50.74050000006025,2.1502687885501315,0.012828988418412643,-1.4517173138632024e-05,1.0012354921674436,0.9676908150183561,2.8612745373466106,6
50.76050000006035,2.1521323054266963,0.015748189168422383,-1.7966429705750112e-05,1.0048592561617327,0.9638217985316575,2.8706947514011816,6
50.78050000006044,2.1540002397700158,0.018699897732007684,-2.664568657614095e-06,1.008489415704653,0.9599532486565043,2.880113829358076,6
50.80050000006054,2.155876045939997,0.021682242806298692,-2.153455771096331e-06,1.0121231900361782,0.956090553334638,2.8895186527504464,6
50.82050000006063,2.1577563383197997,0.02469630496577835,-8.811620656504894e-07,1.0157616130330103,0.952231757502704,2.8989139817325467,6
50.84050000006073,2.1596421226181164,0.02774719636377819,-2.684914851106938e-06,1.0194067940253448,0.9483729414995992,2.9083093598270624,6
50.860500000060824,2.1615330592446016,0.030829133436708647,-5.06855948231681e-07,1.023055459546388,0.9445196926207027,2.9176911831843757,6
50.88050000006092,2.1634301784411996,0.03394758213869407,-2.0576811715426485e-06,1.0267120038991124,0.9406668019797229,2.9270721343102393,6
50.900500000061015,2.1653315393994097,0.037098955983792,-1.3659069644557228e-06,1.0303712999596633,0.9368194081160717,2.93643970197826,6
50.92050000006111,2.167237224369019,0.0402845440711852,-1.7628640291130223e-06,1.0340350846847024,0.932976364085405,2.9457966787485788,6
50.940500000061206,2.1691470839781903,0.04350370314015645,-1.7929843648029464e-06,1.0377018060079437,0.9291386902329317,2.9551405803024267,6
50.9605000000613,2.1710606000926163,0.04675574451287045,-1.0323007684034222e-06,1.0413715713028429,0.9253073062506179,2.9644691673897996,6
50.9805000000614,2.172978279002308,0.05004248064932264,-1.0064596347982112e-06,1.0450449953656022,0.921480576583805,2.9737864222307353,6
51.00050000006149,2.174900211729332,0.0533626713018133,-1.9740007927079085e-07,1.048722100094154,0.9176595799192078,2.9830897184575806,6
51.02050000006159,2.176825739654692,0.056717897756446214,-1.5444192905828702e-07,1.0524023993261094,0.9138440212958905,2.9923797742360927,6
51.040500000061684,2.1787543239121483,0.06010764144175924,-6.965943902371059e-07,1.0560855189189355,0.9100348480288802,3.001654283060117,6
51.06050000006178,2.1806861450244046,0.06353126217357893,-5.046198093735958e-07,1.0597711883496674,0.9062324790949963,3.0109122248121825,6
51.080500000061875,2.1826206845847165,0.06698935837033751,-2.9291087011096515e-07,1.0634587881544741,0.9024372437675039,3.0201527977834686,6
51.10050000006197,2.184557309783447,0.07048260083104659,-6.3772539231709e-07,1.0671484474046093,0.8986491744901455,3.0293759229805155,6
51.120500000062066,2.1864959232384087,0.07400980135068654,-5.682380902889596e-07,1.0708392963278246,0.8948694643922004,3.038578695392903,6
51.14050000006216,2.1884368433265267,0.07757226244658445,-5.870858248443779e-07,1.074532139537582,0.8910968873781668,3.0477641002966367,6
51.16050000006226,2.1903799722560966,0.08116937551643924,-5.819903349821968e-07,1.0782270091191923,0.887332160679593,3.056930391388817,6
51.18050000006235,2.192325060875285,0.08480154780269064,-3.8499894514664073e-07,1.081923303715963,0.8835753967022968,3.066077294985712,6
51.20050000006245,2.194271602574705,0.08846886155680922,-4.5216929084716717e-07,1.0856211733195729,0.8798270660053626,3.0752036653782473,6
51.22050000006254,2.1962198395697508,0.09217241985015993,-6.131264433890458e-07,1.0893208190302164,0.8760862380989467,3.084311768106912,6
51.24050000006264,2.198168398980288,0.09591053266618708,-4.1378635929095976e-07,1.0930203530461928,0.8723555565939132,3.0933951665539503,6
51.260500000062734,2.200118008487309,0.09968434341986655,-3.185295328112043e-07,1.0967208205683616,0.8686335437918711,3.102457458593705,6
51.28050000006283,2.202068457817267,0.10349486253415521,-7.782377902265246e-06,1.1004228546306716,0.8649203282715014,3.111498331165039,6
51.300500000062925,2.204015646817547,0.1073380427948485,-8.428045880375025e-06,1.1041197566921188,0.8612207736109578,3.12050594251245,6
51.32050000006302,2.2059612709682686,0.11121231858968249,-1.2610953895669775e-05,1.10781277720907,0.8575361915164592,3.1294770989164467,6
51.340500000063116,2.2079060415076293,0.1151170537433269,-2.714741456366578e-06,1.111503451708479,0.8538642279417923,3.13841753196781,6
51.36050000006321,2.209852154073608,0.11905899473285941,-1.2113689699991795e-06,1.1151967354488965,0.8502000104285057,3.147339105043638,6
51.38050000006331,2.211797478154666,0.12303529183426991,-8.806216555260939e-07,1.1188887372046958,0.8465474253555934,3.1562323556559466,6
51.4005000000634,2.213741584702474,0.12704822429437154,-2.4540702695835524e-07,1.1225808384556792,0.8429048380970507,3.165101263763702,6
51.4205000000635,2.215685507180458,0.13110005632810384,-1.1473197528661603e-06,1.126274554295773,0.8392704123505417,3.1739503003638982,6
51.440500000063594,2.217629083857427,0.13518886710198239,-1.201137292694175e-06,1.1299689521193321,0.8356458254652916,3.1827753814758117,6
51.46050000006369,2.219571291171254,0.13931425101741313,-3.0772577794778603e-07,1.1336627983038283,0.8320322498529737,3.19157365253189,6
51.480500000063785,2.2215126974445307,0.14347562236886252,-2.5100441416258668e-06,1.1373564272011514,0.8284298960519507,3.2003446009169894,6
51.50050000006388,2.2234514693180736,0.14767549315679082,-1.598451281667959e-05,1.1410489334696565,0.8248389046286784,3.209087884382348,6
51.520500000063976,2.225382852889003,0.15190152537033214,-2.184621762618873e-06,1.144730942054623,0.8212678352522056,3.2177826619946295,6
51.54050000006407,2.227313724046161,0.15616405969089506,-2.5340834118955795e-06,1.1484136200141213,0.8177080576882685,3.226449946498129,6
51.56050000006417,2.229241537110003,0.1604605374360623,6.55851868227761e-08,1.1520933743968724,0.8141619865445349,3.2350838588480886,6
51.58050000006426,2.2311665714667415,0.16479541600768965,-1.066593491673201e-06,1.1557729566406814,0.8106265678664222,3.2436918347600154,6
51.60050000006436,2.233088880073332,0.16916769667938153,-1.1152246202518304e-06,1.159451806976574,0.8071024482544029,3.252272299902323,6
51.62050000006445,2.2350092991634782,0.1735812518818025,-1.6806322312451137e-05,1.1631319015970043,0.8035882525633147,3.260828602454538,6
51.64050000006455,2.2369219700714753,0.178023467342071,-4.961537522772554e-06,1.1668029852349908,0.800092614051934,3.269339722308334,6
51.660500000064644,2.2388327894997038,0.18250153527798296,-1.8130144146395055e-06,1.1704734572503899,0.7966101422048941,3.2778187841967794,6
51.68050000006474,2.240740250129993,0.1870152061763917,-5.238410974127285e-07,1.1741418400819665,0.793141098763902,3.286265150835716,6
51.700500000064835,2.2426435353780385,0.19156805957399503,-2.1176265077802863e-07,1.1778094752867896,0.7896833009975568,3.2946841367016004,6
51.72050000006493,2.24454296343132,0.19615980674751848,-1.8012499788060147e-07,1.1814761377029965,0.786237345625648,3.303074288911465,6
51.740500000065026,2.2464380488590825,0.20078894257562235,9.016088880153989e-08,1.1851410970640623,0.7828046279106697,3.311432210304456,6
51.76050000006512,2.248328580483174,0.20545594464027506,-6.096008171623008e-07,1.188804474809973,0.7793850168813043,3.3197582197672584,6
51.78050000006522,2.2502142567752825,0.2101596315707588,-8.485685129556106e-07,1.1924650303357143,0.7759794659292507,3.3280499959983456,6
51.80050000006531,2.2520943307865386,0.214898327382076,-1.0251550905224024e-07,1.1961214785275522,0.7725895274359749,3.336303759286322,6
51.82050000006541,2.2539685289338003,0.21967345722448767,-3.73504417741219e-08,1.1997749015248056,0.7692141279262001,3.3445221233101208,6
51.840500000065504,2.2558365112377086,0.22448392736799533,-7.87223750831055e-07,1.2034241415876599,0.7658544787966828,3.352702138581989,6
51.8605000000656,2.257699207760235,0.22933012990057858,-4.1354248526168056e-07,1.207070932883169,0.7625093431989272,3.360846816559133,6
51.880500000065695,2.2595561379075453,0.23421300391045086,-7.440899193940887e-07,1.210714653157845,0.7591789793701562,3.368955528490054,6
51.90050000006579,2.2614064598522554,0.23913238602460543,-4.0273034744539893e-07,1.2143549783019967,0.7558637513078788,3.3770273881199473,6
51.920500000065886,2.2632499426859094,0.24408761237457313,-4.789737045496902e-07,1.2179912981318568,0.7525644153847912,3.385060553845725,6
51.94050000006598,2.2650862272984837,0.24907940078541638,-4.5080617945719647e-07,1.2216238258322691,0.7492805571833554,3.3930560346840037,6
51.96050000006608,2.2669147247421586,0.25410756711514737,-1.4814475521575236e-06,1.2252517319810614,0.7460130058611918,3.4010118118162285,6
51.98050000006617,2.2687339145703946,0.25916895145526114,-3.892561994772002e-07,1.2288729650392531,0.7427638678090815,3.408922756638758,6
52.00050000006627,2.2705462318824554,0.26426648288163984,-6.588791129040766e-07,1.2324908649344464,0.7395303737255206,3.4167956117987326,6
52.02050000006636,2.2723505648319136,0.26939996324380955,-8.80402750303966e-07,1.236104449742263,0.7363131480048777,3.424628857031602,6
52.04050000006646,2.274146490830054,0.27456930146953834,-6.251567583111817e-07,1.2397134333538293,0.7331126407536916,3.4324213964257937,6
52.060500000066554,2.2759339745172205,0.2797741136661253,-1.8414745451537229e-06,1.243317608455817,0.7299293211628433,3.4401720876035116,6
52.08050000006665,2.277711991264509,0.28501443727370057,-2.080391241649282e-06,1.2469169354369807,0.726762943460523,3.4478815289656826,6
52.100500000066745,2.2794778318680953,0.2902941143333009,-1.4475189524675699e-05,1.250508666975766,0.7236143373124815,3.4555477004565662,6
52.12050000006684,2.2812326649966157,0.2955937389600527,-4.576620913342494e-06,1.254088110165359,0.7204913597838993,3.463151471830505,6
52.140500000066936,2.2829782324267827,0.30093352648412786,-1.122060779468762e-06,1.2576650528011868,0.717382538381607,3.4707207761143475,6
52.16050000006703,2.2847142007888994,0.30630602400092755,-1.177072684673945e-06,1.2612355034354188,0.7142930542751706,3.478242998286541,6
52.18050000006713,2.2864399477485353,0.3117171407995736,-1.8115792532732717e-05,1.2648016048355333,0.7112203715420535,3.4857243127671738,6
52.20050000006722,2.2881518676234394,0.3171540280227956,-8.933311336622557e-06,1.2683559051761697,0.7081701278142396,3.4931509931479376,6
52.22050000006732,2.289854339837271,0.32262242135880237,-1.2708625510807104e-06,1.2719041219269611,0.705139917103772,3.5005288974864675,6
52.240500000067414,2.2915474844167316,0.3281295280880195,-1.7261944065303236e-06,1.2754491475803773,0.7021253925098887,3.5078686095411404,6
52.26050000006751,2.293229621157179,0.33367006427842977,-1.7870828148581053e-06,1.2789880633864863,0.6991298285595426,3.5151621565506783,6
52.280500000067605,2.2949001106678777,0.3392449747482319,-9.283575271517329e-07,1.2825207404726378,0.6961528805425394,3.5224103778094693,6
52.3005000000677,2.2965596093945497,0.3448526082255938,-2.150966022755466e-06,1.2860465380976722,0.6931960465408016,3.5296096258136997,6
52.320500000067796,2.2982070077039487,0.3504946887558239,-4.826626578046745e-07,1.2895664150019481,0.6902575899394225,3.5367641288431444,6
52.34050000006789,2.299842951945949,0.35617095630577106,-7.483631873826487e-07,1.293080205490758,0.6873382984206484,3.543871969062769,6
52.36050000006799,2.3014667181982347,0.3618803997530628,-1.7319360306173283e-06,1.2965871084262688,0.6844388967880044,3.550931381733554,6
52.38050000006808,2.3030770148890722,0.36762931046052205,-2.097374160710609e-05,1.3000885709112575,0.681557222127378,3.557947633081166,6
52.40050000006818,2.304673271520557,0.37339486981597786,-1.7386862074356115e-06,1.3035755817221428,0.6787028447753372,3.5648974214165703,6
52.42050000006827,2.306258575077734,0.3792028572610596,-2.034981238340192e-06,1.3070616100885435,0.6758631512244406,3.5718114578883178,6
52.44050000006837,2.307831751187942,0.38504275085911,-2.341830654377756e-06,1.3105405663734875,0.6730441809664991,3.578675037646784,6
52.460500000068464,2.309391495177044,0.3909159911945993,-1.134246622767157e-06,1.3140126355073791,0.6702451247509174,3.5854901310412446,6
52.48050000006856,2.3109390311270244,0.39682241334918006,-6.485676449102423e-07,1.3174789728078447,0.6674657215865207,3.592257373528471,6
52.500500000068655,2.3124738767357877,0.40276399516366396,-1.0575536443761045e-06,1.3209397622735357,0.664705532652317,3.5989778335421843,6
52.52050000006875,2.3139942702947587,0.40873707361890227,-1.3909767267643544e-06,1.3243921673545977,0.6619671363384556,3.6056452332628908,6
52.540500000068846,2.3155002200001413,0.4147514063448369,-2.4749925991328977e-05,1.3278403695551726,0.6592462749656254,3.6122699392141295,6
52.56050000006894,2.316989616906615,0.42078166139626366,-7.534346636149698e-06,1.3312732405624448,0.6565529517772652,3.6188275956727445,6
52.58050000006904,2.318466295759471,0.42684541793783404,-2.0414969089595592e-06,1.3347004618248677,0.6538802534410133,3.625335035100141,6
52.60050000006913,2.319929336439873,0.4329442198424179,-3.3019865119117045e-06,1.3381222329033926,0.6512271057028285,3.6317948730713736,6
52.62050000006923,2.321377610599705,0.4390740223460046,-9.306495501837506e-07,1.3415364750840697,0.6485953179679058,3.638202704078142,6
52.64050000006932,2.3228118798120048,0.4452371769016519,-1.79974275714888e-06,1.3449443436610737,0.6459841872149481,3.6445602398244743,6
52.66050000006942,2.3242309795754985,0.4514300716935928,-7.716079859037323e-07,1.3483439213876245,0.6433955860882976,3.6508629208284926,6
52.680500000069514,2.3256348802707123,0.4576556596647142,-1.4910734439148717e-06,1.3517363671894211,0.6408280674149816,3.657114270641783,6
52.70050000006961,2.3270232955696604,0.46391071145335966,-7.28746616156346e-07,1.3551204670576513,0.6382832929419773,3.663310243271707,6
52.720500000069705,2.3283960986158228,0.4701971174769333,-9.929427683802506e-07,1.358496869893457,0.6357604064218592,3.669452923494603,6
52.7405000000698,2.3297535894335706,0.47651430237393394,-8.98492777248808e-07,1.3618659834460947,0.6332595357324842,3.67554199995569,6
52.7605000000699,2.331095043236468,0.4828622072540773,-3.656217744847044e-07,1.365227516732228,0.6307808810917879,3.6815769851678204,6
52.78050000006999,2.3324208056562994,0.48924145630662513,-1.736427445739518e-06,1.3685814611897442,0.6283245020783084,3.687557734070205,6
52.80050000007009,2.3337304523577034,0.4956502524080857,-6.653711933613718e-07,1.3719275976062983,0.6258907171478114,3.6934834712922844,6
52.82050000007018,2.335024125291414,0.5020918128750979,-1.6455260051920064e-06,1.375267084207526,0.6234787019394195,3.6993562039735868,6
52.84050000007028,2.33630029335036,0.5085603759445128,-1.7852763161436421e-06,1.3785965592028353,0.6210913940863811,3.7051687796157675,6
52.860500000070374,2.3375593916102533,0.5150582177639613,-1.2390352472707763e-06,1.3819174408611261,0.6187273448882675,3.7109247254894355,6
52.88050000007047,2.3388008467570653,0.5215846463241591,-7.665270086199819e-07,1.3852295334621278,0.6163868782824142,3.7166232528776,6
52.900500000070565,2.340025425389617,0.5281403993525714,-2.5856001976289898e-06,1.3885335558151886,0.6140698067006323,3.7222648184680254,6
52.92050000007066,2.3412325759359938,0.5347234400979064,-2.335975612127661e-06,1.391828553317603,0.6117769846087131,3.727847341822263,6
52.940500000070756,2.342422208891821,0.5413346922091088,-9.659343261966176e-08,1.3951151691408263,0.6095078869614508,3.73337210131125,6
52.96050000007085,2.343594555768634,0.5479767380437667,-9.495792942847407e-07,1.3983946725118752,0.6072616917488858,3.7388410983505387,6
52.98050000007095,2.3447490947987384,0.5546471782631603,-2.5899930285756058e-06,1.4016655461795984,0.6050398033662263,3.7442509135431004,6
53.00050000007104,2.3458852776188626,0.5613421608362875,-3.3583631371063887e-07,1.4049262256731012,0.6028435687278937,3.749598267445128,6
53.02050000007114,2.347003952711118,0.5680675361202479,-2.8792331139811975e-06,1.4081796863564344,0.6006707988231925,3.754888489821792,6
53.04050000007123,2.348103181431126,0.5748176044880352,-8.557851404399534e-07,1.4114228624709115,0.5985235333302545,3.7601166145002494,6
53.06050000007133,2.349185151944904,0.5815953410856602,-2.7522761836986417e-06,1.4146579785959896,0.5964010770712957,3.7652843340872795,6
53.080500000071424,2.350247274151138,0.5883997571946378,-7.959682961831816e-07,1.4178839110153754,0.5943031826187037,3.7703922510153296,6
53.10050000007152,2.3512909153651256,0.5952293828833085,-1.0734710259683372e-06,1.4211001783922603,0.5922313601813118,3.775436688254197,6
53.120500000071615,2.3523160432328813,0.6020852528895723,-2.2600960882332504e-06,1.4243079609946894,0.5901846819750298,3.7804199047564486,6
53.14050000007171,2.3533218592403955,0.6089658877068912,-1.213265420704767e-06,1.4275062017668798,0.5881637917313012,3.7853403331759616,6
53.160500000071806,2.3543082728784777,0.615873102302934,-1.934593559521072e-06,1.4306957708434518,0.5861681549661468,3.7901992748650333,6
53.1805000000719,2.3552755086731314,0.6228035776980607,-8.06635360938182e-07,1.4338752850109717,0.5841992561965115,3.7949931153476237,6
53.200500000072,2.3562233254416354,0.6297583036161061,-2.348551045941816e-07,1.4370454500694712,0.5822566808560592,3.799722864002638,6
53.22050000007209,2.3571520457434505,0.6367391526898525,-1.915723787359641e-06,1.4402074883853828,0.5803394940182705,3.804390797172906,6
53.24050000007219,2.3580612976740913,0.6437431918002052,-1.2341334272191657e-06,1.4433599349620685,0.5784491240667293,3.8089934370549194,6
53.260500000072284,2.358950984584839,0.6507710209182828,-1.5231690689368258e-06,1.446503111132037,0.5765855320335815,3.8135308785269313,6
53.28050000007238,2.359820957535593,0.6578223943098644,-7.83970470344108e-07,1.4496372250636902,0.5747485410587205,3.818003552204854,6
53.300500000072475,2.360671321001792,0.6648973932312408,-3.519900126626604e-07,1.4527622662421689,0.5729385343448978,3.8224105250732916,6
53.32050000007257,2.361501679471043,0.6719960678948248,-1.380745869065522e-06,1.455878426625843,0.5711554432578425,3.826751964241774,6
53.340500000072666,2.362311956905908,0.6791183391924073,-1.479105132793334e-06,1.4589856727336987,0.5693991563009813,3.8310281411802194,6
53.36050000007276,2.363102318576648,0.6862659775678966,-1.2390499123392692e-05,1.4620846583534277,0.5676701772016979,3.8352378294219522,6
53.38050000007286,2.3638718596355957,0.6934376810175992,-2.5945009120366053e-05,1.4651744139857077,0.5659681056642065,3.8393820036001918,6
53.40050000007295,2.364619761709566,0.7006184201808646,-5.827685367053706e-06,1.4682496152240856,0.5642969249874472,3.8434509652479543,6
53.42050000007305,2.3653486565144903,0.707826424465955,-2.2852813888158217e-06,1.4713184826494967,0.5626527147946507,3.8474542596304153,6
53.44050000007314,2.3660585229597233,0.7150592502057059,-4.4598009463423153e-07,1.4743807726359965,0.5610352887978807,3.851392340318203,6
53.46050000007324,2.3667490459255385,0.722314945828819,-9.391042206499236e-07,1.4774350539688363,0.5594461413517111,3.8552615688827903,6
53.480500000073334,2.3674188689454194,0.7295928042474398,-3.989645712370299e-07,1.4804807268106088,0.5578851094101447,3.8590623423057338,6
53.50050000007343,2.368068343956648,0.7368922712734159,-9.096669389882308e-07,1.4835176034740905,0.556352906583756,3.8627929231004194,6
53.520500000073525,2.368696971810972,0.7442126794811184,-8.174555152048562e-07,1.4865455244945311,0.554849581865339,3.8664531919800433,6
53.54050000007362,2.369304721396007,0.7515538148524349,-8.665303482308225e-08,1.4895645293683877,0.5533753051440802,3.8700427353013698,6
53.560500000073716,2.3698920383809363,0.7589153969892668,-4.5689247805185054e-07,1.4925748504492025,0.551930523940942,3.8735604634481406,6
53.58050000007381,2.370458349565392,0.7662968893181443,-1.0359241582313055e-06,1.4955760374713885,0.5505154919340023,3.8770057587693856,6
53.60050000007391,2.3710036578147786,0.773697924519769,-1.2466034006200242e-06,1.4985683506496184,0.5491302023349851,3.8803786377930796,6
53.620500000074,2.371527678485207,0.7811183082334733,-4.783358273623522e-07,1.501551539281784,0.5477749244441386,3.8836784448316624,6
53.6405000000741,2.3720306290860727,0.7885573897761289,-1.8517916313965954e-07,1.5045257153312481,0.5464501092396241,3.88690408185135,6
53.660500000074194,2.3725128018297728,0.7960153612553706,-4.0472052903491105e-07,1.5074912684552573,0.5451558482059384,3.8900553261072797,6
53.68050000007429,2.3729735959970366,0.803491364458264,-1.1935703994749335e-06,1.5104475113617448,0.543892717026282,3.8931307759360085,6
53.700500000074385,2.373413089378986,0.8109850162949674,-1.4739441837108466e-06,1.5133947410583675,0.5426606319956617,3.896130635140997,6
53.72050000007448,2.3738313107409286,0.8184965204855995,-1.550745666828084e-06,1.516333236142284,0.5414597197411006,3.899054595412972,6
53.740500000074576,2.374227984041344,0.8260251117388555,-1.3726764974061722e-06,1.5192626025485274,0.5402905055699796,3.901901377742658,6
53.76050000007467,2.3746035110540413,0.8335707710032461,-1.601679266992492e-06,1.5221832671225362,0.5391532077845229,3.904670450611596,6
53.78050000007477,2.3749574336983823,0.8411332752149742,-2.665891790248689e-07,1.5250952140209542,0.538047679829488,3.9073621708499418,6
53.80050000007486,2.375291817458779,0.8487125876023719,-6.046954389861959e-07,1.5279997313805393,0.5369749593628037,3.9099740119862165,6
53.82050000007496,2.3756039443063703,0.8563086352083903,-4.3943936301806164e-07,1.530895238495394,0.5359346762418542,3.912506875237224,6
53.84050000007505,2.375894798325603,0.8639209809438492,-2.4512336280815957e-07,1.5337823484778537,0.5349273658108051,3.9149594571563,6
53.86050000007515,2.376164368393384,0.8715491058061415,-3.11114087223437e-07,1.5366609940723137,0.533953435353729,3.917330766095268,6
53.880500000075244,2.376412281684682,0.8791924971076152,-3.658528111440068e-07,1.5395309965671204,0.5330131070614494,3.919620261067775,6
53.90050000007534,2.3766388876855165,0.8868507025857971,-3.101799813075354e-07,1.542392515659472,0.5321068050774516,3.9218269093766387,6
53.920500000075435,2.3768438742021805,0.894523218545454,-1.5501653218256396e-07,1.5452453598530542,0.5312348378799896,3.923949959944373,6
53.94050000007553,2.377027669823817,0.9022099072968455,-1.4983503900764643e-07,1.5480899610849033,0.5303975332471342,3.9259886147026295,6
53.960500000075626,2.377190194248769,0.9099102133888841,-2.522145713943815e-07,1.550926176256673,0.5295953031485559,3.9279418705948195,6
53.98050000007572,2.3773310779935786,0.9176236769140647,-1.8634700975074137e-07,1.5537537961345487,0.528828416687213,3.9298090724137418,6
54.00050000007582,2.3774507400486597,0.925350188852486,-4.849684473908241e-07,1.5565732592494208,0.528097275830631,3.9315892414558546,6
54.02050000007591,2.377548678961413,0.9330889042948429,-1.8953897404157325e-07,1.559384015276271,0.5274022362539732,3.9332815117294557,6
54.04050000007601,2.3776252400027142,0.9408401482033574,-4.930836816087177e-07,1.5621866759726089,0.5267436093470041,3.934885125068163,6
54.060500000076104,2.3776803310886137,0.9486029665966761,-3.1460229895435207e-07,1.5649809477588426,0.5261218762371471,3.9363989100312935,6
54.0805000000762,2.3777140508103645,0.9563771361357319,-2.2373863817097934e-07,1.5677670112678654,0.5255374350669324,3.937821897228338,6
54.100500000076295,2.377726419412068,0.9641624699373446,-2.3990591423858095e-07,1.5705449127501363,0.5249906497577497,3.939153200589826,6
54.12050000007639,2.377717312202482,0.9719584304375164,-3.4623297462339056e-07,1.5733146424002724,0.5244819251413404,3.9403918344384747,6
54.140500000076486,2.377686401755084,0.9797666560383678,-3.3072865410233034e-06,1.5760768376449577,0.5240112559994521,3.941537811479594,6
54.16050000007658,2.377634476893382,0.9875815617958178,-2.5112656718695006e-06,1.5788295893295337,0.523580428054117,3.942586783868236,6
54.18050000007668,2.3775603920709627,0.9954053833623856,-1.38684687379991e-06,1.5815739186026039,0.5231883988993562,3.9435412896363498,6
54.20050000007677,2.377465567425749,1.0032403191081252,-2.989006305940076e-06,1.584311236853608,0.5228362831293074,3.944398614989512,6
54.22050000007687,2.3773492540242778,1.011080954259342,-8.155848988651884e-07,1.5870393377813328,0.5225247417563281,3.945157150506331,6
54.24050000007696,2.3772118365826174,1.0189318246511718,-3.998257769862717e-07,1.5897606903999346,0.5222534940362311,3.9458175797378714,6
54.26050000007706,2.377053229781686,1.0267910271260148,-1.971891980071724e-07,1.592474306880164,0.5220236477720923,3.9463772054244703,6
54.280500000077154,2.376873310938723,1.0346583281458277,-2.155531652393452e-07,1.5951802957756063,0.5218355139564581,3.9468352703668836,6
54.30050000007725,2.376672078850462,1.0425332128637015,-2.748738368270373e-07,1.5978786162570946,0.5216896251351899,3.947190477931711,6
54.320500000077345,2.376449570889234,1.0504151776867374,-2.3236003728755426e-07,1.6005693108773604,0.5215865212047626,3.947441513588404,6
54.34050000007744,2.3762059565320497,1.0583038556693252,-2.3227977920129254e-07,1.603252535609858,0.5215267972684368,3.9475869283898923,6
54.360500000077536,2.3759411957758334,1.0661988433286742,-2.6704973168962937e-07,1.605928292909095,0.5215109885449611,3.9476254191948765,6
54.38050000007763,2.375655293248848,1.0740996815415549,-2.531944304116083e-07,1.608596600009574,0.5215396568045187,3.9475556182150844,6
54.40050000007773,2.3753483097451364,1.0820061156935705,-2.407226663659765e-07,1.6112575832033877,0.521613376516884,3.9473761267414993,6
54.42050000007782,2.3750203661626528,1.0899175948860103,-2.560720238280209e-07,1.6139112634297876,0.5217328637336522,3.94708520134415,6
54.44050000007792,2.3746715222000843,1.0978338842690119,-2.504582372739859e-07,1.6165578497350779,0.5218986687885754,3.9466815020799895,6
54.460500000078014,2.3743019175909827,1.1057544813320166,-2.9410474607092284e-07,1.6191973705221243,0.5221115330538331,3.9461632238689273,6
54.48050000007811,2.373911665492582,1.113679090487905,-3.19697924239216e-07,1.6218299923216342,0.5223721119099385,3.945528771001888,6
54.500500000078205,2.373500706447376,1.121607304164239,-4.30354692760245e-07,1.6244557341011254,0.5226810423808979,3.9447765924639007,6
54.5205000000783,2.3730687957362444,1.1295385867516416,-4.301623196109564e-07,1.6270744231072205,0.5230388587493233,3.9439053873929515,6
54.540500000078396,2.372615982920484,1.137473066763966,-2.7381144251647964e-07,1.629686253858826,0.5234464138757691,3.942913079258996,6
54.56050000007849,2.3721421982165607,1.1454110958293298,-3.874660578953128e-07,1.6322915347015237,0.5239044037183502,3.9417979735553206,6
54.58050000007859,2.371647509845606,1.1533510606903017,-2.2013451257727795e-07,1.6348898626242179,0.5244135468919331,3.9405583206109447,6
54.60050000007868,2.3711319865770117,1.161292944180167,-4.576972444226383e-07,1.6374815569677157,0.5249745372706458,3.93919243099321,6
54.62050000007878,2.3705956631628333,1.169235862830341,-4.622706324594346e-07,1.6400664348501548,0.5255882114346195,3.9376982678113603,6
54.64050000007887,2.3700386397351516,1.1771797227828165,-4.1001538570037645e-07,1.6426447116166516,0.5262554217846729,3.9360737556547085,6
54.66050000007897,2.369460934827952,1.185124140497348,-4.0486101036777567e-07,1.645216499011165,0.5269769517786078,3.934316986973824,6
54.680500000079064,2.3688626678342906,1.1930686145175675,-2.3444112690791432e-07,1.6477817975469715,0.5277537756006243,3.932425589841958,6
54.70050000007916,2.368243884177658,1.2010130559257668,-4.620744681055603e-07,1.6503408805137147,0.5285867344497315,3.930397516122392,6
54.720500000079255,2.36760468088875,1.2089566458140584,-3.3507222838010024e-07,1.652893608461731,0.529476816779415,3.9282303591457715,6
54.74050000007935,2.3669451027371133,1.2168994113245255,-5.031113772887207e-07,1.655440310694908,0.5304249070722729,3.925921965389248,6
54.760500000079446,2.366265243846608,1.2248404300471114,-2.1330320397041167e-07,1.657980808800924,0.5314320285841783,3.9234698434472177,6
54.78050000007954,2.365565184261906,1.2327798393237837,-3.8245321178231877e-07,1.6605154834655653,0.5324991845821194,3.920871550582665,6
54.80050000007964,2.364845048894311,1.2407166799776157,-2.841783837791e-07,1.6630441535091371,0.5336274863544017,3.9181243810501516,6
54.82050000007973,2.364104880029102,1.2486509725810826,-5.047270639970387e-07,1.6655671545116433,0.5348179332633247,3.9152259016197304,6
54.84050000007983,2.3633449087161114,1.2565819387708876,-1.5653875960583262e-06,1.6680843410396227,0.5360719438639925,3.912172658418105,6
54.860500000079924,2.3625649082393316,1.264509361999159,-3.52699746248834e-06,1.6705960065564016,0.5373900156098794,3.9089634402542064,6
54.88050000008002,2.3617651360323135,1.2724320224441692,-2.0553673336148305e-06,1.6731019350290777,0.5387734213302342,3.905595148065516,6
54.900500000080115,2.360945871051542,1.2803502764525936,-9.965955451713416e-07,1.6756025226390756,0.5402238877842018,3.9020635775688994,6
54.92050000008021,2.3601072168600945,1.2882633686822738,-5.793215834027683e-07,1.6780977204899281,0.5417426202141629,3.898365794261168,6
54.940500000080306,2.3592490610147205,1.296170805727633,-3.2423241499294465e-07,1.6805876233345693,0.5433305089006626,3.8944996305027337,6
54.9605000000804,2.358371583547125,1.304072344849699,-3.6362439054292325e-07,1.6830724508549186,0.5449890328550091,3.890461485222586,6
54.9805000000805,2.3574749584869417,1.3119673407129362,-3.844540033358546e-07,1.6855521979412937,0.5467196308517352,3.8862478553175137,6
55.00050000008059,2.3565592535999618,1.3198550777159281,-2.2705299588830979e-07,1.6880268687382942,0.5485235772679742,3.881855637956236,6
55.02050000008069,2.355624594917174,1.327735637783195,-5.304629912518045e-07,1.690496847701001,0.5504024138870602,3.877281079231505,6
55.04050000008078,2.354671168587459,1.3356077721773796,-4.111056819162075e-07,1.6929618566850249,0.5523575968790193,3.8725206336858657,6
55.06050000008088,2.3536990364671135,1.3434711569339701,-2.1359728352771749e-07,1.6954220954626065,0.5543905611310391,3.867570807680948,6
55.080500000080974,2.3527083555525814,1.3513258405304533,-5.285426968705426e-07,1.6978779415877823,0.5565030438928584,3.8624273713913007,6
55.10050000008107,2.3516993042675955,1.359170389258189,-3.6127400128998587e-07,1.7003290449958355,0.5586965259636045,3.8570867193929623,6
55.120500000081165,2.3506719512460728,1.3670048641372763,-4.863307509616752e-07,1.702775809877957,0.5609726799169044,3.8515447793327544,6
55.14050000008126,2.349626534123198,1.3748284735491076,-4.552930001138048e-07,1.7052181899344447,0.5633333227503896,3.8457971272164424,6
55.160500000081356,2.3485631476664386,1.3826404451822547,-2.431046086909709e-07,1.7076561986299335,0.5657800404166342,3.839839901594282,6
55.18050000008145,2.3474819388129466,1.3904408703232685,-5.091958662307012e-07,1.7100902498499149,0.5683148302338124,3.8336682394307173,6
55.20050000008155,2.346383125569695,1.398228305303819,-2.7640597495643136e-07,1.7125200092586752,0.5709393842052748,3.827278021065417,6
55.22050000008164,2.3452667960292506,1.4060028988767912,-4.6784936320289167e-07,1.7149459405553387,0.5736557180201025,3.820664338733663,6
55.24050000008174,2.3441332193781395,1.4137634503225454,-3.335978845875395e-07,1.717367831491533,0.5764657755906706,3.8138224594314107,6
55.260500000081834,2.3429824662645626,1.4215098008738547,-4.5394633551630814e-07,1.719786007065515,0.5793715413835567,3.806747551413948,6
55.28050000008193,2.3418148234255125,1.4292410079093294,-4.189713105533318e-07,1.72220037928188,0.5823751800696475,3.7994343441782488,6
55.300500000082025,2.3406303690624233,1.4369566664025248,-5.410245167936355e-07,1.7246111789391163,0.5854787007993183,3.79187794587992,6
55.32050000008212,2.339429384921761,1.444655865347791,-3.515502090661448e-07,1.7270183368028642,0.5886843617271698,3.784072858403412,6
55.340500000082216,2.3382119905084617,1.4523382799509201,-4.5456155468425517e-07,1.7294221259987315,0.5919944074365564,3.7760136166762104,6
55.36050000008231,2.3369784842625334,1.4600028538552634,-3.2605878981488556e-07,1.7318224236691449,0.5954111567143041,3.7676945749564763,6
55.38050000008241,2.3357289715427862,1.467649369893232,-5.043251629833963e-07,1.7342195546118913,0.598936999791845,3.7591099135502897,6
55.4005000000825,2.334463756479476,1.4752765315947833,-2.393777542091432e-07,1.736613295951887,0.60257422813523,3.750254053235961,6
55.4205000000826,2.3331829766690735,1.4828843200664157,-3.6317026498666833e-07,1.739004081829029,0.6063255402010179,3.7411204238583906,6
55.44050000008269,2.3318869209687683,1.4904715867227143,-4.964336101275863e-07,1.7413917622599182,0.6101933887954103,3.731703053367696,6
55.46050000008279,2.330575822033309,1.4980375354447415,-2.8098522507947966e-07,1.7437763755202393,0.614180339939113,3.7219956940612895,6
55.480500000082884,2.3292498490474096,1.5055818797657163,-3.961496807461212e-07,1.7461581370813033,0.6182893711978794,3.711991096213859,6
55.50050000008298,2.327909282997922,1.5131037088968684,-4.7647962443630487e-07,1.748536861572198,0.6225234737878882,3.7016819768642715,6
55.520500000083075,2.3265543732937153,1.5206021741994669,-1.7395319054330112e-07,1.7509126811979607,0.6268852447039519,3.6910620128947254,6
55.54050000008317,2.32518534944156,1.5280769299672081,-3.520319464487943e-07,1.7532862093129173,0.6313773563766993,3.680124697517601,6
55.560500000083266,2.3238025175636947,1.535526708322377,-3.829629927250144e-07,1.7556574953362587,0.6360021557937474,3.6688643163282673,6
55.58050000008336,2.3224061941234377,1.5429506237458968,-4.2557656026033234e-07,1.7580267758667014,0.6407623630118806,3.6572742465797687,6
55.60050000008346,2.3209966617699935,1.5503477153617804,-2.5602614559979434e-07,1.760394259293368,0.6456605841082577,3.645348143040763,6
55.62050000008355,2.3195742433907984,1.5577171830667953,-2.0275882277641273e-07,1.7627601869360938,0.6506997593203214,3.63307884687226,6
55.64050000008365,2.318139206976925,1.565058154618325,-2.52311099406459e-07,1.7651248516927927,0.6558826273658458,3.6204596898918533,6
55.66050000008374,2.316691823669861,1.5723698928309509,-2.1841844430227214e-07,1.7674880635228432,0.6612128557228993,3.6074817425877224,6
55.68050000008384,2.31523234241507,1.5796519791971761,-2.157356649855892e-07,1.7698494642354485,0.6666949838199525,3.594133952438376,6
55.700500000083935,2.3137611787571117,1.5869030692449986,-2.3968887064960765e-07,1.7722093203055456,0.6723315046272096,3.580410249603315,6
55.72050000008403,2.3122786779922144,1.5941222155455552,-2.5571911766009954e-07,1.7745684750807245,0.6781246026720742,3.5663053152332105,6
55.740500000084126,2.31078498200017,1.601309688471801,-2.668633417917767e-07,1.7769294826454942,0.6840756600582691,3.551815784205953,6
55.76050000008422,2.309280791606533,1.6084627918644514,-2.11192837799794e-07,1.7792945495843513,0.6901825324965749,3.536946877399643,6
55.78050000008432,2.3077668873592976,1.6155785008400416,-2.0724266377111825e-07,1.7816656260883972,0.6964428313248554,3.5217044106873083,6
55.80050000008441,2.3062439038298517,1.6226543533333921,-9.046953570190825e-08,1.7840445516241563,0.7028547849803735,3.5060926974390902,6
55.82050000008451,2.3047123289304476,1.6296886917083593,-1.7917700789326542e-07,1.7864332447084654,0.7094175386180397,3.4901138190169467,6
55.8405000000846,2.3031727235476995,1.6366795315011302,-6.287204385500172e-08,1.7888330714039684,0.7161303883110652,3.47376948932958,6
55.8605000000847,2.3016254963740694,1.6436255314244277,-9.845232998404049e-08,1.7912456608102207,0.7229930892361165,3.4570603044685857,6
55.880500000084794,2.3000711695519565,1.6505248905069683,-1.2269237538908134e-07,1.7936721350347193,0.7300052994197026,3.4399870970650714,6
55.90050000008489,2.2985099187305633,1.6573783831566526,-1.622305990638035e-07,1.7961167266674232,0.7371673943509653,3.422548952884606,6
55.920500000084985,2.296938599515023,1.6642043776161133,-2.196387083904037e-06,1.798630035802292,0.74444053826928,3.4048404285617524,6
55.94050000008508,2.295357434234907,1.6709885081560563,-3.921021874160671e-06,1.8011776113671312,0.7518478791042478,3.3868051639200925,6
55.960500000085176,2.2937685358623003,1.6777278698486966,-1.8544574248340797e-08,1.8037376341166484,0.7594274105210332,3.3683506526444402,6
55.98050000008527,2.2921738266423017,1.684412353758295,-1.1441710725058672e-06,1.8063082262426013,0.7671674289378267,3.349505390412248,6
56.00050000008537,2.290582861812008,1.6910092110838626,-4.4045123176695775e-06,1.8088908650916722,0.7750149174831047,3.330398461780266,6
56.02050000008546,2.2889956549636565,1.697519267092996,-9.400585733818563e-07,1.8115107739040222,0.7829317409479017,3.311122717692065,6
56.04050000008556,2.287397267249635,1.7039958967582853,-1.7881558239970425e-06,1.8141537453655385,0.7910327020950674,3.2913986383772267,6
56.06050000008565,2.2857951075514813,1.7104141976915095,-3.3873606559882656e-06,1.8168056215964352,0.7993007724882226,3.271267684376501,6
56.08050000008575,2.2842012647241194,1.7167306900573511,-1.8958996312029592e-06,1.8194696662249408,0.8076513440544097,3.25093585795448,6
56.100500000085844,2.2826095982409056,1.722968357888928,-1.1763431508248635e-06,1.8221683991585125,0.8160909277296464,3.2303873063973825,6
56.12050000008594,2.2810090984079388,1.7291680698770853,-3.65203161356889e-08,1.8248857685970787,0.824725283937688,3.2093645260647596,6
56.140500000086035,2.2794089694997823,1.7352970050827587,-1.057868104466217e-06,1.8276124286211537,0.8335070040804351,3.187982946586766,6
56.16050000008613,2.2778197624873897,1.7413218040240563,-1.8679650737973796e-06,1.8303760627078356,0.8423272916775164,3.166507463741699,6
56.18050000008623,2.2762240956906745,1.747299182118316,-1.788417961939322e-06,1.8331679981781215,0.8513113703822106,3.1446331851563563,6
56.20050000008632,2.2746250183133974,1.7532212663727371,-1.528662683724405e-06,1.8359685841497941,0.8604774367547843,3.1223158061622636,6
56.22050000008642,2.273037386358559,1.7590398861014769,-2.7540740107981024e-06,1.8387822116006776,0.8697146993449987,3.099825079855655,6
56.24050000008651,2.271454679307747,1.7647759991306586,-1.6031798424020921e-06,1.8416311625386623,0.8790293117378347,3.0771460235948367,6
56.26050000008661,2.269866144330602,1.7704657653405407,-1.4356171815814183e-06,1.8444940968873693,0.8885366251023177,3.0539977823595734,6
56.280500000086704,2.2682853739661577,1.7760659922505302,-8.553039953183231e-07,1.847360822884068,1.4,2.0869565217391304,7
56.3005000000868,2.2667547333687037,1.781432316331607,-7.392875945423113e-07,1.850322914451676,1.4,2.0869565217391304,7
56.320500000086895,2.265302412455127,1.7864625867481865,-1.025419959750856e-06,1.8534438974105878,1.4,2.0869565217391304,7
56.34050000008699,2.2639111728330845,1.7912170024554168,-1.9110732487602916e-07,1.8566999350225313,1.4,2.0869565217391304,7
56.360500000087086,2.262598729272762,1.7956414605704318,-2.0738445001344724e-06,1.8600692228926512,1.4,2.0869565217391304,7
56.38050000008718,2.261386972957745,1.7996773340549184,-3.669746315214839e-07,1.8634667261260884,1.4,2.0869565217391304,7
56.40050000008728,2.2602085714902924,1.8035414692549554,-2.426537420711071e-07,1.8668923142984886,1.4,2.0869565217391304,7
56.42050000008737,2.2591504075661195,1.8069765365099448,-3.140904422899578e-07,1.8703154784929144,1.4,2.0869565217391304,7
56.44050000008747,2.258112607452952,1.8102928993796927,-2.8142749391144918e-08,1.8736997849903207,1.4,2.0869565217391304,7
56.46050000008756,2.2571670075563963,1.8132868856227298,-5.456545165460514e-07,1.877044683353328,1.4,2.0869565217391304,7
56.48050000008766,2.256257257008496,1.8161277718789821,-6.758475307501956e-07,1.8803532814225015,1.4,2.0869565217391304,7
56.500500000087754,2.255388082157791,1.8188065797018125,-1.1618037399146124e-06,1.8835660388367088,1.4,2.0869565217391304,7
56.52050000008785,2.2545702878248006,1.8213049150515885,6.001395609969874e-08,1.8867267711067164,1.4,2.0869565217391304,7
56.540500000087945,2.2537765990252394,1.8236975600073828,-1.2182413235590205e-06,1.889831204154833,1.4,2.0869565217391304,7
56.56050000008804,2.2530083290743184,1.8259887441215512,-2.9312161645758073e-08,1.8928641103275416,1.4,2.0869565217391304,7
56.580500000088136,2.252261551542325,1.8281926578437124,-9.889178044577129e-07,1.8958348174169228,1.4,2.0869565217391304,7
56.60050000008823,2.251532795809894,1.8303219069915628,-1.568237550439475e-06,1.898751955925292,1.4,2.0869565217391304,7
56.62050000008833,2.2508190725097967,1.8323877155291868,-9.695440689718748e-07,1.9016257571826518,1.4,2.0869565217391304,7
56.64050000008842,2.2501171886370765,1.8344002889108142,-5.615081147001662e-07,1.904466544844061,1.4,2.0869565217391304,7
56.66050000008852,2.2494250245193936,1.836366420819935,-5.103597538174779e-07,1.9072816011903297,1.4,2.0869565217391304,7
56.680500000088614,2.2487408848503754,1.8382917560654675,-3.588480659931841e-07,1.9100770668981286,1.4,2.0869565217391304,7
56.70050000008871,2.248063664882,1.8401812412612084,-7.290493410415042e-07,1.9128577435379992,1.4,2.0869565217391304,7
56.720500000088805,2.247392093516909,1.8420388992009054,-4.6579495875928063e-07,1.9156257632480498,1.4,2.0869565217391304,7
56.7405000000889,2.246724581640873,1.843868644744824,-3.072820977896874e-07,1.9183845800312678,1.4,2.0869565217391304,7
56.760500000088996,2.246060788100293,1.8456731805010598,2.072390004552159e-08,1.921136554530428,1.4,2.0869565217391304,7
56.78050000008909,2.2453999579303043,1.847454305943612,-5.773813397206546e-07,1.9238840572940021,1.4,2.0869565217391304,7
56.80050000008919,2.2447415302321243,1.8492140185346384,-6.464190030751541e-07,1.9266282173204703,1.4,2.0869565217391304,7
56.82050000008928,2.2440850843231486,1.850953904166105,-8.495871532365179e-07,1.9293706900103758,1.4,2.0869565217391304,7
56.84050000008938,2.2434301897211637,1.8526753610899374,-1.0466276342410708e-06,1.9321126918269849,1.4,2.0869565217391304,7
56.86050000008947,2.2427764182247474,1.8543796704720312,-1.0536711342117276e-06,1.9348552786466051,1.4,2.0869565217391304,7
56.88050000008957,2.2421234951230216,1.8560680225841082,-1.54707574553686e-06,1.9375994275167394,1.4,2.0869565217391304,7
56.900500000089664,2.24147147692731,1.8577408194303875,-8.47978371702234e-07,1.9403449187671864,1.4,2.0869565217391304,7
56.92050000008976,2.2408196051127356,1.8593995749906043,-5.638210253011401e-07,1.9430932695278238,1.4,2.0869565217391304,7
56.940500000089855,2.2401673966623337,1.8610451490855076,-1.3279776950932534e-06,1.9458450805016771,1.4,2.0869565217391304,7
56.96050000008995,2.239515038195322,1.862677534775462,-1.3159162769208795e-06,1.9485996319986212,1.4,2.0869565217391304,7
56.980500000090046,2.23886240110248,1.8642977343008207,-1.4194022734010716e-06,1.9513577550661698,1.4,2.0869565217391304,7
57.00050000009014,2.238209551276604,1.865906166858404,-1.6667762417771718e-06,1.954119409695053,1.4,2.0869565217391304,7
57.02050000009024,2.2375562666731095,1.8675030933381298,-1.7513494479054547e-06,1.9568842669249722,1.4,2.0869565217391304,7
57.04050000009033,2.236902431285643,1.869088946418219,-1.8302274965099658e-06,1.9596523527511127,1.4,2.0869565217391304,7
57.06050000009043,2.236247842359524,1.8706641861924374,-1.5647234370651072e-06,1.9624238574863164,1.4,2.0869565217391304,7
57.080500000090524,2.2355921618710557,1.872229319374739,-1.4390946817820462e-06,1.9651989485225143,1.4,2.0869565217391304,7
57.10050000009062,2.2349356398116553,1.873784613275463,-8.611581011558515e-07,1.9679774200359825,1.4,2.0869565217391304,7
57.120500000090715,2.234278145243741,1.8753304094513905,-3.8400100751577096e-07,1.9707592080650898,1.4,2.0869565217391304,7
57.14050000009081,2.23361938743806,1.876867125917135,-5.228637699509694e-07,1.9735448500640584,1.4,2.0869565217391304,7
57.160500000090906,2.2329587504276467,1.8783955108438564,-1.2214835994386775e-06,1.9763344328266725,1.4,2.0869565217391304,7
57.180500000091,2.232296853126106,1.8799153567205864,-1.620732040342284e-06,1.9791272945307528,1.4,2.0869565217391304,7
57.2005000000911,2.2316339879226095,1.8814264740654196,-1.3327794966051133e-06,1.981922412702172,1.4,2.0869565217391304,7
57.22050000009119,2.230969774435722,1.8829291857419388,-5.909306791641243e-07,1.9847199437892173,1.4,2.0869565217391304,7
57.24050000009129,2.2303042173434737,1.8844239448173514,-1.9288063193346136e-07,1.9875202376356065,1.4,2.0869565217391304,7
57.26050000009138,2.229636410613584,1.8859118107693054,-1.1505216591184249e-06,1.990325020668521,1.4,2.0869565217391304,7
57.28050000009148,2.2289671716954267,1.887391880716324,-1.3977384773390596e-06,1.9931314125406934,1.4,2.0869565217391304,7
57.300500000091574,2.2282962303957965,1.888864566365744,-1.1776659746930443e-06,1.9959401992704706,1.4,2.0869565217391304,7
57.32050000009167,2.2276237815275834,1.8903301654972071,-3.186113525666391e-07,1.9987513068245066,1.4,2.0869565217391304,7
57.340500000091765,2.2269488007466793,1.8917897031601447,-1.508399426562518e-06,2.0015666910243715,1.4,2.0869565217391304,7
57.36050000009186,2.226272347103476,1.8932421869481273,-1.2121672798078928e-06,2.004383125602394,1.4,2.0869565217391304,7
57.380500000091956,2.225593802207284,1.8946882229580255,-9.690214850316893e-07,2.007202024753791,1.4,2.0869565217391304,7
57.40050000009205,2.224913241318287,1.8961279633905535,-8.867469611725098e-07,2.0100232555260975,1.4,2.0869565217391304,7
57.42050000009215,2.2242303648893333,1.8975620673190166,-1.7826104409061417e-06,2.0128473052017997,1.4,2.0869565217391304,7
57.44050000009224,2.2235459471708547,1.898989488708283,-6.42169846170991e-07,2.015671896962109,1.4,2.0869565217391304,7
57.46050000009234,2.2228589539728225,1.9004114536615542,-9.478689051776631e-07,2.0184994515609884,1.4,2.0869565217391304,7
57.480500000092434,2.222169477516911,1.9018279226477928,-1.354220228337519e-06,2.0213290016857632,1.4,2.0869565217391304,7
57.50050000009253,2.221478216773349,1.9032386380518744,-6.841420330045954e-07,2.024159981943128,1.4,2.0869565217391304,7
57.520500000092625,2.220784335494626,1.9046442307657097,-1.3273687776306767e-06,2.0269934468332655,1.4,2.0869565217391304,7
57.54050000009272,2.220088187444537,1.9060445891464501,-1.4312318592973941e-06,2.0298284257395585,1.4,2.0869565217391304,7
57.560500000092816,2.2193901700295053,1.9074391554112453,-9.973656987268776e-08,2.032663659724907,1.4,2.0869565217391304,7
57.58050000009291,2.2186889486438393,1.908829637681706,-9.488211031070849e-07,2.0355027669186736,1.4,2.0869565217391304,7
57.60050000009301,2.217985293777967,1.9102150214578577,-1.050962556159114e-06,2.038342629541385,1.4,2.0869565217391304,7
57.6205000000931,2.217279440191494,1.9115953085829174,-7.646471915097933e-07,2.0411836917930013,1.4,2.0869565217391304,7
57.6405000000932,2.216570564842443,1.9129716348447825,-1.645287513257849e-06,2.0440273224835863,1.4,2.0869565217391304,7
57.66050000009329,2.215859881501169,1.9143424981158743,-2.693877296658905e-07,2.0468704716400405,1.4,2.0869565217391304,7
57.68050000009339,2.2151458501005705,1.9157095406533495,-1.188855765524288e-06,2.0497166885144193,1.4,2.0869565217391304,7
57.700500000093484,2.2144294292687023,1.9170718264982065,-7.254384568686217e-07,2.0525631041065524,1.4,2.0869565217391304,7
57.72050000009358,2.2137100807395695,1.9184301176272531,-1.1873444681303654e-06,2.0554117393880604,1.4,2.0869565217391304,7
57.740500000093675,2.2129881836020804,1.9197842822368423,-1.3385408772757134e-06,2.058261466528947,1.4,2.0869565217391304,7
57.76050000009377,2.2122637406524666,1.9211339821518174,-8.532593896079827e-07,2.0611118510001156,1.4,2.0869565217391304,7
57.780500000093866,2.211536003571413,1.9224800492055036,-1.0182671118856842e-06,2.0639640353826625,1.4,2.0869565217391304,7
57.80050000009396,2.2108060171355213,1.9238216841108753,-4.3748340279005524e-07,2.0668165377889194,1.4,2.0869565217391304,7
57.82050000009406,2.2100724439434667,1.9251600783538207,-1.2147682940333724e-06,2.069671263778937,1.4,2.0869565217391304,7
57.84050000009415,2.2093366591721044,1.9264939260773055,-1.8729711950437638e-07,2.072525816139416,1.4,2.0869565217391304,7
57.86050000009425,2.2085970836616924,1.92782519426211,-1.6035350307934604e-06,2.0753835711016944,1.4,2.0869565217391304,7
57.880500000094344,2.2078555238346547,1.9291521068854198,-8.253749108952073e-07,2.078240729735825,1.4,2.0869565217391304,7
57.90050000009444,2.2071105114272984,1.9304756476377547,-1.1710502302530252e-06,2.081099736312213,1.4,2.0869565217391304,7
57.920500000094535,2.2063627755805864,1.931795254687818,-5.596783380094587e-07,2.0839585350128056,1.4,2.0869565217391304,7
57.94050000009463,2.205611619279547,1.9331118877161901,-1.4429013310528018e-06,2.0868197485809854,1.4,2.0869565217391304,7
57.960500000094726,2.20485802513189,1.9344246395117815,-7.516937525005665e-07,2.0896803808619704,1.4,2.0869565217391304,7
57.98050000009482,2.20410118185632,1.9357341477372167,-6.353196138008134e-07,2.0925426916421928,1.4,2.0869565217391304,7
58.00050000009492,2.2033406862898177,1.9370409673196272,-1.594797340347064e-06,2.0954069520474694,1.4,2.0869565217391304,7
58.02050000009501,2.202577800240045,1.938343735770217,-8.284887404424898e-07,2.0982706258682096,1.4,2.0869565217391304,7
58.04050000009511,2.201811457857507,1.9396436478755397,-9.083596691045439e-07,2.1011355515757653,1.4,2.0869565217391304,7
58.0605000000952,2.201042148527303,1.9409402106478626,-4.585312865566179e-07,2.104000990319977,1.4,2.0869565217391304,7
58.0805000000953,2.2002690230359816,1.9422342296817579,-1.687798133884533e-06,2.1068689227478345,1.4,2.0869565217391304,7
58.100500000095394,2.19949370363537,1.943524431436028,-7.466348827460269e-07,2.109735459226203,1.4,2.0869565217391304,7
58.12050000009549,2.198714808570994,1.9448118351770494,-7.895948134128532e-07,2.112603812011852,1.4,2.0869565217391304,7
58.140500000095585,2.197932596696699,1.9460962617484474,-1.1542026407036541e-06,2.115472676166181,1.4,2.0869565217391304,7
58.16050000009568,2.197147661124544,1.947377258405023,-6.059236421665522e-07,2.1183415319485364,1.4,2.0869565217391304,7
58.180500000095776,2.196358723048805,1.9486559782662636,-1.387527998154677e-06,2.1212124345389163,1.4,2.0869565217391304,7
58.20050000009587,2.1955673659543624,1.9499308790799867,-1.7741808481557657e-07,2.1240821997679413,1.4,2.0869565217391304,7
58.22050000009597,2.194771761079602,1.95120390520514,-1.489728515201417e-06,2.126954630440514,1.4,2.0869565217391304,7
58.24050000009606,2.1939734470128527,1.9524735311741668,-6.985743390213029e-07,2.1298265922231017,1.4,2.0869565217391304,7
58.26050000009616,2.1931713728002435,1.9537406369648689,-1.6385439151480531e-06,2.132700145383087,1.4,2.0869565217391304,7
58.280500000096254,2.192366740726799,1.9550043826850603,-8.521319977507127e-07,2.135572677455623,1.4,2.0869565217391304,7
58.30050000009635,2.191558508212804,1.9562654483317616,-7.815658394933779e-07,2.1384464439776387,1.4,2.0869565217391304,7
58.320500000096445,2.190746453518642,1.9575242732538194,-1.7487905228263266e-06,2.1413218021738833,1.4,2.0869565217391304,7
58.34050000009654,2.1899322704072772,1.958779306763548,-2.6461786188805636e-07,2.1441954412975592,1.4,2.0869565217391304,7
58.360500000096636,2.1891135642100923,1.960032573586195,-1.3627466588266418e-06,2.147071636216148,1.4,2.0869565217391304,7
58.38050000009673,2.188292348466609,1.9612823257253826,-5.94596848295546e-07,2.1499464544904097,1.4,2.0869565217391304,7
58.40050000009683,2.1874671773028345,1.9625298823490898,-1.3561673486854978e-06,2.152823365160393,1.4,2.0869565217391304,7
58.42050000009692,2.186638885596417,1.9637745139564111,-1.0273629013872678e-06,2.15569993477295,1.4,2.0869565217391304,7
58.44050000009702,2.1858068839363383,1.9650166111464318,-1.4239042149131115e-06,2.15857755922586,1.4,2.0869565217391304,7
58.46050000009711,2.1849718571703085,1.9662559927164849,-1.5071038278472953e-06,2.161455194176045,1.4,2.0869565217391304,7
58.48050000009721,2.184133893231011,1.9674924715180375,-2.9825525245826267e-07,2.164332431045199,1.4,2.0869565217391304,7
58.500500000097304,2.1832915455706075,1.9687268659396284,-1.429532307157937e-06,2.167212174030497,1.4,2.0869565217391304,7
58.5205000000974,2.182446484654822,1.9699581566629918,-7.44136733147501e-07,2.170090396384757,1.4,2.0869565217391304,7
58.540500000097495,2.1815978821934867,1.971186990759191,-6.756962404969575e-07,2.1729700119904307,1.4,2.0869565217391304,7
58.56050000009759,2.180745476462087,1.9724135187043184,-1.8513459937266283e-06,2.1758502693369337,1.4,2.0869565217391304,7
58.580500000097686,2.179890408445484,1.9736365104820228,-9.186014053892031e-07,2.17872903781772,1.4,2.0869565217391304,7
58.60050000009778,2.179031276457097,1.974857578251103,-1.5450394674122301e-06,2.1816094486114395,1.4,2.0869565217391304,7
58.62050000009788,2.1781695932100713,1.9760753423590829,-2.681836029876601e-07,2.1844882696796564,1.4,2.0869565217391304,7
58.64050000009797,2.1773039230309177,1.9772910751337969,-1.0673204818191304e-06,2.1873693050567478,1.4,2.0869565217391304,7
58.66050000009807,2.176434462059106,1.978504554561973,-1.539756358534273e-06,2.190251132427225,1.4,2.0869565217391304,7
58.680500000098164,2.175562372298559,1.97971476852752,-9.998187946013179e-08,2.193131346731593,1.4,2.0869565217391304,7
58.70050000009826,2.1746857190946853,1.9809231931478422,-1.308895621024219e-06,2.196014289794619,1.4,2.0869565217391304,7
58.720500000098355,2.1738062885511535,1.9821287045094573,-1.140277964663375e-06,2.1988960738242476,1.4,2.0869565217391304,7
58.74050000009845,2.172923500127087,1.9833315664618503,-6.290579352378717e-07,2.2017785430971757,1.3983233230683965,2.0869565217391304,7
58.760500000098546,2.17203633509773,1.9845328828296143,-1.6336382603141154e-06,2.204663028199475,1.394821211561351,2.0869565217391304,7
58.78050000009864,2.171146034744834,1.9857317305322795,-9.773355453980416e-07,2.207546888508617,1.3913191448682847,2.0869565217391304,7
58.80050000009874,2.170251623538547,1.98692899227291,-6.921107576403762e-07,2.2104319254609357,1.387815530378477,2.0869565217391304,7
58.82050000009883,2.169351952738003,1.9881257772755176,-1.6348753670212837e-06,2.213319554634835,1.384307590780932,2.0869565217391304,7
58.84050000009893,2.1684483929739575,1.9893211466890253,-9.838740746712022e-07,2.2162068626796265,1.380799939836952,2.0869565217391304,7
58.86050000009902,2.167539714753789,1.990516063181379,-7.94395032101219e-07,2.219096430382744,1.3772898310863138,2.0869565217391304,7
58.88050000009912,2.1666254981083335,1.991710783094405,-1.0348104072760366e-06,2.221987635666434,1.3737771205458387,2.0869565217391304,7
58.900500000099214,2.165706594417402,1.992905234929996,-7.678023421785057e-07,2.224879926675614,1.3702634503402495,2.0869565217391304,7
58.92050000009931,2.164781547410536,1.994100151823478,-1.5840329753377888e-06,2.2277757886325436,1.3667460693849822,2.0869565217391304,7
58.940500000099405,2.163851223675725,1.9952951711062588,-1.4178832073603466e-06,2.2306725412714172,1.3632273563401789,2.0869565217391304,7
58.9605000000995,2.162915582001127,1.9964900730751414,-6.423471657489951e-07,2.233570221350645,1.359707992644477,2.0869565217391304,7
58.980500000099596,2.161973385438865,1.99768571880431,-1.5901770697390585e-06,2.2364712378222746,1.3561853371326396,2.0869565217391304,7
59.00050000009969,2.161025792340532,1.9988816612270537,-1.0769845994318102e-06,2.2393726982444297,1.3526624403719225,2.0869565217391304,7
59.02050000009979,2.1600723795650443,2.0000780481984552,-4.1902629969105944e-07,2.242275843782495,1.349138589803622,2.0869565217391304,7
59.04050000009988,2.1591117279616427,2.0012757901310447,-1.5815710354726472e-06,2.2451821902902753,1.3456109458528251,2.0869565217391304,7
59.06050000009998,2.1581461118174086,2.0024734168605725,-3.199585273967004e-07,2.2480874459186135,1.3420857435202413,2.0869565217391304,7
59.08050000010007,2.1571731955126703,2.0036725981210326,-1.4135996107424805e-06,2.2509963418386287,1.338557421619707,2.0869565217391304,7
59.10050000010017,2.156194208753855,2.0048724505348052,-1.3759401565282724e-06,2.2539055161899224,1.3350292932277443,2.0869565217391304,7
59.120500000100265,2.1552088582801625,2.0060730068798938,-8.911331416417167e-07,2.256815626151539,1.3315016005603155,2.0869565217391304,7
59.14050000010036,2.1542164501641183,2.0072749328996324,-1.5002084301054504e-06,2.2597272527394363,1.3279727898826477,2.0869565217391304,7
59.160500000100456,2.15321820980773,2.008477426598292,6.97484101372376e-08,2.262638401182728,1.3244460894434984,2.0869565217391304,7
59.18050000010055,2.1522117809858115,2.00968220821451,-1.2133203807494602e-06,2.265553520323768,1.3209160515942635,2.0869565217391304,7
59.20050000010065,2.1511993561790477,2.0108874462763264,-1.3435719866949383e-07,2.2684670586383358,1.3173891540065208,2.0869565217391304,7
59.22050000010074,2.1501790964536,2.012094551255608,-1.3578300471851375e-06,2.2713831770712076,1.313860832006482,2.0869565217391304,7
59.24050000010084,2.1491525785780916,2.0133033172754837,-2.4249481985852703e-07,2.274300003890674,1.3103333638110781,2.0869565217391304,7
59.26050000010093,2.14811789234387,2.014515640301251,-1.3589514204877607e-07,2.277222111280779,1.3068013194332466,2.0869565217391304,7
59.28050000010103,2.1470749260046262,2.0157307432571656,-1.8779014160395003e-07,2.2801476894020474,1.3032668517547297,2.0869565217391304,7
59.300500000101124,2.14602378470089,2.016948280805181,-2.029488308123802e-07,2.2830757645674393,1.2997313126816357,2.0869565217391304,7
59.32050000010122,2.144964402636536,2.018168164828712,-9.500852673523154e-08,2.2860057398602036,1.296195160299321,2.0869565217391304,7
59.340500000101315,2.1438968027137295,2.019390384616611,-8.23584891586793e-08,2.28893760044483,1.2926588610542389,2.0869565217391304,7
59.36050000010141,2.142820844026268,2.0206150183121347,-2.388929943144985e-07,2.291871206795664,1.2891224258284275,2.0869565217391304,7
59.380500000101506,2.141736671233064,2.0218418062063925,-3.259998933888388e-07,2.2948057832968654,1.2855870171349792,2.087266393062659,7
59.4005000001016,2.1406441644469485,2.0230708915831492,-3.0928673080760667e-07,2.297741602569413,1.2820525309379942,2.095872098585753,7
59.4205000001017,2.139542198319836,2.0243033749069097,-1.903087619455565e-07,2.3006810201949266,1.2785158364971,2.104483180702713,7
59.44050000010179,2.1384300651367796,2.0255400524073317,-3.032446579151662e-07,2.303625753378523,1.2749751455082867,2.113103993545041,7
59.46050000010189,2.137307077043175,2.0267815340669513,-1.6789750564307095e-07,2.3065770955849985,1.2714289579536748,2.121738189330183,7
59.48050000010198,2.136172509933236,2.0280285323880447,-2.460092073989514e-07,2.3095364803767406,1.267875653098201,2.1303897141956845,7
59.50050000010208,2.1350259816737434,2.029281326922455,-5.311684814525986e-07,2.3125042562553504,1.2643148559503978,2.1390594811642485,7
59.520500000102174,2.1338670663701595,2.030540269403768,-1.839667595654493e-07,2.3154812129157887,1.260745827348659,2.1477492899337003,7
59.54050000010227,2.132695049495687,2.031806009444403,-1.3580959674537582e-07,2.318468469182935,1.2571671378196192,2.156462620960927,7
59.560500000102365,2.131509585242182,2.033078734281936,-1.202880306338455e-07,2.3214663077209465,1.2535786149167096,2.1651998941158372,7
59.58050000010246,2.1303103972198008,2.0343585966348465,-2.4274038735560623e-07,2.324474865565254,1.2499802551983539,2.173961117777921,7
59.600500000102556,2.1290970831604383,2.035645876827979,-9.996045804224545e-08,2.3274946717714884,1.2463715415966994,2.1827475508949927,7
59.62050000010265,2.1278693538988596,2.036940735629598,-2.756821333159973e-07,2.330525522520252,1.2427526119672025,2.191558857818985,7
59.64050000010275,2.1266269144791425,2.0382432236517745,-1.859957846965009e-07,2.3335677598525058,1.2391234149976675,2.2003951634839396,7
59.66050000010284,2.1253694650627937,2.03955361812276,-2.11880585359669e-07,2.3366214049952903,1.2354837791426485,2.209256885565725,7
59.68050000010294,2.124096729670162,2.0408719342933477,-1.3142943051659322e-07,2.33968646092815,1.2318338876132637,2.218143577985097,7
59.700500000103034,2.1228083425686504,2.042198445220201,-3.811267718418711e-07,2.3427634138759683,1.2281734048998958,2.227056057635036,7
59.72050000010313,2.1215040553229305,2.04353318831966,-2.881282354762296e-07,2.3458520353610868,1.2245025384943125,2.2359938193181956,7
59.740500000103225,2.1201837552706726,2.0448760897200424,-1.6960387737095315e-07,2.3489519955775746,1.2208219293437037,2.244955302467504,7
59.76050000010332,2.118847023311735,2.0462273772990205,-1.8180564667868742e-07,2.3520636155509203,1.21713121005961,2.253941401593993,7
59.780500000103416,2.117493767903313,2.047586957036481,-8.168998936571033e-08,2.3551862271197157,1.21343102422246,2.2629505497192275,7
59.80050000010351,2.1161235665286156,2.0489551445132115,-2.5357662577957626e-07,2.358320805746282,1.2097208278891354,2.271984071226453,7
59.82050000010361,2.1147361937944895,2.050331880497524,-2.2791414824104053e-07,2.361466700960278,1.2060010780723358,2.2810408533890953,7
59.8405000001037,2.113331522737592,2.0517171375890797,-1.996052077326979e-07,2.364623797212278,1.202272245509778,2.290119750063149,7
59.8605000001038,2.1119091374076526,2.0531111429736293,-2.832203975583506e-07,2.367792414228321,1.1985340044548378,2.2992215543708294,7
59.88050000010389,2.1104688298436995,2.0545139259161553,-4.0476222174831193e-07,2.3709723322865313,1.1947865918871603,2.308345689318218,7
59.90050000010399,2.109010206005928,2.0559256020613548,-3.5186356432197426e-07,2.3741638893057826,1.1910299031317555,2.31749240976616,7
59.920500000104084,2.1075331017601404,2.0573461914185267,-3.875609280090714e-08,2.3773667180143727,1.1872643047460238,2.3266608232270722,7
59.94050000010418,2.106037246757081,2.058775694384631,-1.8590209394002654e-07,2.380580649922825,1.183490146103762,2.3358500790517103,7
59.960500000104275,2.1045226244528465,2.060213852898323,-3.9738979067482975e-08,2.383805096310662,1.1797082404867303,2.3450581970757867,7
59.98050000010437,2.1029887742525806,2.061660985097125,-1.9294713394457384e-07,2.3870405891932682,1.1759180242503566,2.3542865496513055,7
60.000500000104466,2.1014354998769473,2.063117091266711,-2.7322276877458594e-07,2.390286915243893,1.172119869814055,2.363534230017953,7
60.02050000010456,2.09986255707994,2.0645821799089137,-1.2893750479051545e-07,2.393543915547589,1.1683139721842348,2.372800763377515,7
60.04050000010466,2.0982694387380185,2.0660564482658192,-2.93985221056725e-07,2.3968121587001714,1.164499967995284,2.382087034446265,7
60.06050000010475,2.0966561535906885,2.067539766020056,-1.1081074333172932e-07,2.4000908944020067,1.160678651873794,2.3913911084811974,7
60.08050000010485,2.0950223348691277,2.069032180626736,-1.854744925602819e-07,2.403380286846164,1.156850084451392,2.4007128378574802,7
60.100500000104944,2.09336774575746,2.0705336414394506,-2.1321260178111118e-07,2.4066800571966764,1.1530145034746315,2.4100516437139405,7
60.12050000010504,2.091692169321016,2.0720441831023986,-9.544794855254882e-08,2.4099901312378345,1.1491721282120464,2.419406992179365,7
60.140500000105135,2.089995266533527,2.0735638932523153,-1.7478647056232347e-07,2.413310685259223,1.1453229586592575,2.4287788832644166,7
60.16050000010523,2.088276109279547,2.0750928778430096,-1.5635789579535318e-06,2.4166422310211826,1.1414664193574788,2.4381687180861387,7
60.180500000105326,2.086536935288727,2.0766277493921637,-9.729799882401307e-07,2.4199773007801038,1.1376107805717925,2.44755636034694,7
60.20050000010542,2.0847769779609235,2.0781699297488245,-9.543718417867995e-07,2.423319058916515,1.1337528227583444,2.456949648936205,7
60.22050000010552,2.0829966191116513,2.0797195565872597,-5.009794358957437e-07,2.4266671597307874,1.1298931133289347,2.46634720232955,7
60.24050000010561,2.081194942268136,2.081277511970441,-6.469530495104451e-07,2.430023830693495,1.1260296599536757,2.475753871417137,7
60.26050000010571,2.0793712033066956,2.0828440658096583,-8.306407281440867e-07,2.4333889130176236,1.1221618467221233,2.485171155807004,7
60.2805000001058,2.077525362097305,2.084418507302805,-5.950993583641947e-07,2.4367613902849907,1.1182912194572379,2.49459529175629,7
60.3005000001059,2.0756574549274793,2.086000949423371,1.7756259761865747e-08,2.440141298125567,1.1144179679011867,2.5040258172840666,7
60.320500000105994,2.073766215871249,2.0875921548460337,-7.565146179729318e-07,2.443530580725572,1.1105400808725006,2.5134676291799987,7
60.34050000010609,2.071852430448945,2.0891914264410105,-4.4700781625458994e-07,2.4469268978425536,1.106659815156454,2.5229152326625464,7
60.360500000106185,2.069915156212402,2.0907992524233956,-7.465047551554947e-07,2.4503321314596644,1.102775842999737,2.532371860522379,7
60.38050000010628,2.0679541715217113,2.092415553961872,-5.915964543131293e-07,2.4537453039165915,1.098888568639913,2.541836528528907,7
60.400500000106376,2.0659695036968966,2.094039802191033,-6.585912412876683e-07,2.457166002815696,1.094999131418001,2.5513064626344324,7
60.42050000010647,2.063960581626137,2.0956728382639933,-5.579712618571239e-07,2.4605952207790245,1.0911060824962657,2.5607851904438745,7
60.44050000010657,2.0619271975484996,2.0973145233702226,-8.316187923606797e-07,2.4640330701732354,1.0872098848072342,2.5702715848171684,7
60.46050000010666,2.05986901506484,2.0989643811382677,-8.989214338183481e-08,2.467478411210841,1.0833112333798756,2.5797639535098678,7
60.48050000010676,2.0577852836649013,2.10062314199353,-9.231074692552396e-07,2.4709331169569286,1.0794088131551507,2.5892654984048504,7
60.500500000106854,2.055676816219566,2.1022897382476473,-1.998765746331031e-07,2.4743942843650224,1.0755052842397612,2.598769742720581,7
60.52050000010695,2.0535423015654506,2.1039649909657006,-5.578195556304749e-07,2.477864464625192,1.0715985266014467,2.608281848274738,7
60.540500000107045,2.051382132842133,2.1056489267033176,-2.2626675175756487e-07,2.4813425982889616,1.0676893633960134,2.6177998108618805,7
60.56050000010714,2.0491955343801624,2.1073407772470105,-6.676743793006659e-07,2.48482831739161,1.0637784176810001,2.6273221134723475,7
60.580500000107236,2.046984105589998,2.1090398106274324,-2.7538674264072856e-07,2.4883193814730573,1.0598685635789522,2.636841758242551,7
60.60050000010733,2.0447448673595425,2.1107476885043877,-8.491784749373789e-07,2.491819630544793,1.0559548517829107,2.6463707956589997,7
60.62050000010743,2.0424792765398787,2.1124635439972637,-1.395336669586249e-07,2.495326762624499,1.0520404227707414,2.655901579340803,7
60.64050000010752,2.040185867430364,2.114187795430134,-7.278058203583375e-07,2.49884249473908,1.0481236482635499,2.665438073793096,7
60.66050000010762,2.037865616538629,2.115919677839042,-3.101940717992565e-07,2.502364428276724,1.044206859830254,2.674974602152425,7
60.68050000010771,2.0355172555426155,2.11765928136977,-4.5622861955484297e-07,2.5058938364809964,1.0402889628702505,2.684513829533303,7
60.70050000010781,2.033141838081933,2.119406509654116,-4.954654771266426e-07,2.5094296378073726,1.0363714693282966,2.6940520746789294,7
60.720500000107904,2.0307372177518253,2.1211615654746065,-5.361033220782328e-07,2.512972964407277,1.032452286986147,2.703594431685903,7
60.740500000108,2.028305005398888,2.1229237087540915,-7.103212595186185e-07,2.5165221385543846,1.0285343498027988,2.7131337570018808,7
60.760500000108095,2.0258440813486223,2.1246941371235994,-8.578302780619329e-07,2.5200789292046903,1.0246152671139561,2.7226758713747152,7
60.78050000010819,2.023354637638578,2.1264713096417025,-6.93173613755806e-07,2.5236413989040156,1.020697568461299,2.732214615920315,7
60.800500000108286,2.020835914101694,2.128255965387167,-7.180265341782564e-07,2.527210393297602,1.016779892677377,2.741753304785517,7
60.82050000010838,2.0182886812011356,2.130047646282867,-3.785754797252536e-07,2.5307854321781136,1.0128637115694499,2.7512883544396,7
60.84050000010848,2.0157109650925156,2.1318471265522922,-8.391774747478419e-07,2.5343677873934825,1.0089467329198794,2.7608253459342067,7
60.86050000010857,2.013104019502993,2.133653472653969,-2.461335312904186e-07,2.537955774940389,1.0050314876078716,2.7703581171286595,7
60.88050000010867,2.0104669877490884,2.135467145356425,-4.076795057705643e-08,2.5415507543509,1.0011168652491276,2.779889371567341,7
60.900500000108764,2.00779806034927,2.1372880096355424,-1.3758909524852436e-06,2.545152565441573,0.9972019602758597,2.7894213141109496,7
60.92050000010886,2.0050999748311487,2.139114783266044,-9.386622077884477e-07,2.54875849139223,0.9932907285843013,2.798944313012136,7
60.940500000108955,2.00237155645081,2.1409479074230284,-6.808693995659206e-08,2.552369577787689,0.9893819037796447,2.8084614516669513,7
60.96050000010905,1.999611544180479,2.142787609153272,-6.961787254078772e-07,2.5559869498213272,0.9854743646861763,2.8179754598945266,7
60.980500000109146,1.9968209408148623,2.1446333055735156,-9.766541116523257e-07,2.559608806599157,0.9815699127447486,2.827481951578003,7
61.00050000010924,1.9939995424285186,2.1464850141609366,-7.075889047365226e-07,2.5632354253603755,0.9776685589319891,2.836980899991678,7
61.02050000010934,1.9911469044004042,2.148342150716588,-4.801694700120971e-07,2.566866593375526,0.9737707729821374,2.8464711614347955,7
61.04050000010943,1.9882620859814757,2.150205568833752,-7.109225530432152e-07,2.5705032378715993,0.9698750333113173,2.8559564406333138,7
61.06050000010953,1.9853461559688106,2.1520743673622036,-3.742442384429215e-07,2.5741437140702232,0.9659835937809369,2.865431249924675,7
61.08050000010962,1.9823983913990626,2.1539489599275807,1.1203238407174517e-07,2.5777891807500386,0.9620954575473166,2.874898016406533,7
61.10050000010972,1.9794179425030274,2.1558290488751113,-1.9247917764659795e-07,2.581439658418755,0.9582105935144174,2.8843568157909836,7
61.120500000109814,1.9764045210130594,2.1577139519312833,-7.880792755144863e-07,2.5850939250619276,0.9543296866300204,2.8938059803790805,7
61.14050000010991,1.973359885982106,2.1596031091680685,-3.030722127102364e-08,2.588750602605268,0.9504549135057938,2.9032402105945887,7
61.160500000110005,1.9702823033325634,2.1614971152953135,-6.889926331373492e-07,2.592411770905036,0.9465843593898686,2.912664168442059,7
61.1805000001101,1.967171680814372,2.163395939137728,-8.499134144933343e-07,2.596076686762396,0.942718157257902,2.9220775301546733,7
61.200500000110196,1.9640285429829702,2.165298874459337,-7.731037115419138e-07,2.5997444961595035,0.9388577699989944,2.931476733915491,7
61.22050000011029,1.9608523171955938,2.167206232793957,-5.909568773822267e-07,2.603415833904668,0.9350025460381479,2.9408633661679877,7
61.24050000011039,1.9576426292357547,2.1691174734311858,-6.518328586048967e-07,2.6070902332591825,0.9311529100259239,2.950236392980359,7
61.26050000011048,1.9543999203756095,2.1710325835097084,-5.48508876583998e-07,2.6107676911988356,0.927309358110469,2.9595946063397274,7
61.28050000011058,1.9511231725510432,2.1729511564400523,-1.0475710177178443e-06,2.6144476108225345,0.9234717316477612,2.9689383925097985,7
61.300500000110674,1.9478133527523511,2.1748735253798657,-7.024236049342646e-07,2.6181304235037777,0.9196404563114196,2.9782667150678477,7
61.32050000011077,1.9444658953101905,2.1767982496848033,-1.609970524036513e-05,2.6218160789248186,0.9158144928465513,2.9875821043736144,7
61.340500000110865,1.9410960495747382,2.1787223006814167,-5.377864171993118e-06,2.6254945570900694,0.9120062630944945,2.9968543159438394,7
61.36050000011096,1.9376924291020825,2.180648951875413,-1.7484121362290086e-07,2.6291746891237615,0.9082051020690751,3.006109316701382,7
61.380500000111056,1.9342561193942278,2.182578253949519,-2.9667457755407046e-07,2.6328563456280705,0.9044122746610586,3.0153440269122047,7
61.40050000011115,1.9307865656502103,2.184509105133433,-4.026111317912391e-07,2.636538435458317,0.9006280463660064,3.024557800152332,7
61.42050000011125,1.9272826838900272,2.1864423046918957,-9.263488851981581e-07,2.640222513819585,0.8968511010676439,3.03375384087878,7
61.44050000011134,1.923744569103546,2.1883778488654775,-2.087530422152434e-06,2.6439080454092254,0.8930819376469956,3.0429309344247057,7
61.46050000011144,1.92017397674744,2.1903138969975475,-1.1535310898476051e-07,2.647592795761014,0.8893233084762677,3.05208237936213,7
61.48050000011153,1.916565802801409,2.1922519947203765,-2.6681215162933483e-06,2.651280912804187,0.8855702302720756,3.0612203089027723,7
61.50050000011163,1.9129250104795537,2.194191416830502,-5.7730171789718774e-08,2.654969080553451,0.8818271275730893,3.0703339502568254,7
61.520500000111724,1.90924395980786,2.1961362101258297,-6.364681202356187e-08,2.6586656202810897,0.8780853218235483,3.079444433820926,7
61.54050000011182,1.9055237779748562,2.1980845832730873,-2.027949974739096e-07,2.6623674729056805,0.8743479401971177,3.0885441456070173,7
61.560500000111915,1.90176538605531,2.200034071019663,-5.958358041308943e-07,2.666071092207198,0.8706181443820142,3.0976253875916173,7
61.58050000011201,1.8979718708007818,2.201983015643028,-6.704700940100078e-07,2.66977393214808,0.8668990900362168,3.106680476433559,7
61.600500000112106,1.8941432391182709,2.203932356854899,-8.085373193356594e-07,2.6734768586458335,0.8631898547723256,3.115711657945642,7
61.6205000001122,1.8902757969866844,2.205880833543692,-1.6663943731613242e-05,2.677180017328927,0.859489681323879,3.124720775907077,7
61.6405000001123,1.8863846018062256,2.2078258603073744,-5.641573811225459e-06,2.680874659581059,0.8558091166029795,3.1336821508797015,7
61.66050000011239,1.8824575386749256,2.2097709481365406,-1.3456074057855324e-06,2.6845699624773105,0.8521378505660135,3.1426208855784017,7
61.68050000011249,1.8784957591484086,2.2117158498200578,-2.46328622261545e-06,2.688264406104242,0.8484778261282737,3.1515322494268116,7
61.700500000112584,1.8745004313205895,2.2136583855148664,-1.4500002277762089e-06,2.6919565576289597,0.844830464303091,3.160412782566387,7
61.72050000011268,1.8704688718394569,2.215599723700365,-1.4601314894567113e-06,2.695647886993052,0.8411937349525784,3.169267427941548,7
61.740500000112775,1.8663995355154552,2.217540201367208,-2.4916158329649906e-06,2.699339884994765,0.8375662041575564,3.1780996768337753,7
61.76050000011287,1.8622979804742075,2.219478633751996,-1.242477069299168e-06,2.703029073709342,0.8339528652631572,3.186897371533182,7
61.780500000112966,1.8581580967110845,2.2214156844342794,-2.265491412716216e-06,2.7067184029929683,0.8303489665602051,3.1956720814186306,7
61.80050000011306,1.8539811067939798,2.2233502684050026,-1.8711252276111603e-05,2.7104059576076938,0.8267574362160968,3.204416677039068,7
61.82050000011316,1.8497732276926062,2.225279272866353,-1.1370904603821095e-05,2.7140880398392535,0.8231813538734158,3.213123660134291,7
61.84050000011325,1.8455316262209418,2.2272056022261535,-6.05235311346697e-06,2.7177658708132477,0.8196199778275965,3.221794836593678,7
61.86050000011335,1.841258450052636,2.229130151423701,-2.3395245149912293e-06,2.7214420928210394,0.8160723304954685,3.2304325866197288,7
61.88050000011344,1.8369449277195846,2.2310530727119353,-6.732134925067995e-07,2.725119785542601,0.812533177606003,3.239049654524514,7
61.90050000011354,1.8325939849815926,2.2329734979614155,-1.3497296190266225e-05,2.7287962353449635,0.8090067878597704,3.247635646950124,7
61.920500000113634,1.8282113282692505,2.2348871503206094,-1.0437719524876172e-05,2.73246596367496,0.8054962418270737,3.2561830633775593,7
61.94050000011373,1.823792221666074,2.236798580328502,-3.6648863623482814e-06,2.736135105324712,0.8019981293079956,3.2647002069022713,7
61.960500000113825,1.8193398742934528,2.238706260144864,-2.1522470588050876e-07,2.739800739511237,0.798514975573859,3.27318092903756,7
61.98050000011392,1.8148480763298167,2.240610967641111,-8.758297739398548e-07,2.7434665454056764,0.7950421883336523,3.2816364110137157,7
62.000500000114016,1.8103207757820443,2.242511550506154,-5.478030167836759e-07,2.747129578403845,0.7915834243139903,3.290057749496371,7
62.02050000011411,1.8057566670400593,2.244407788659862,-6.918383922874372e-07,2.750790752857815,0.7881377031964907,3.2984473313476745,7
62.04050000011421,1.801151746959739,2.246299928269218,-1.6172662524099703e-05,2.754451299114009,0.7847036907583504,3.3068084051101025,7
62.0605000001143,1.796517309900501,2.2481836275571276,-6.963797668755993e-06,2.758103384685096,0.7812879209832877,3.315125061953734,7
62.0805000001144,1.7918464670398022,2.250063088002724,-1.882939153055482e-05,2.7617524762529198,0.7778877498832673,3.323403739414653,7
62.100500000114494,1.7871402897410942,2.2519359688793608,-2.7101159055510827e-06,2.7653990410274734,0.7745001376500853,3.3316518387650094,7
62.12050000011459,1.782400199307316,2.2538062879855247,-1.0553991232641864e-06,2.7690426921652307,0.7711289647085939,3.339859912013858,7
62.140500000114685,1.7776214751536827,2.255671345917932,-2.607129807714434e-06,2.7726849894672116,0.7677702015466252,3.348037770147347,7
62.16050000011478,1.7728061105617101,2.2575295064601106,-9.955376101721454e-07,2.776323845123623,0.7644259453345432,3.356180307011547,7
62.180500000114876,1.7679488528090508,2.259381199716615,-2.1748250320728097e-05,2.7799605974784165,0.7610948750741517,3.364290738949891,7
62.20050000011497,1.7630700000420056,2.261222661783605,-2.2521075973452645e-06,2.78358512202121,0.757787512144307,3.3723434486921215,7
62.22050000011507,1.7581479978066403,2.263060425778436,-1.988155483376694e-06,2.7872113389532305,0.7544904872716884,3.38037098751241,7
62.24050000011516,1.753189892356915,2.2648913849393817,-1.3176438148730358e-06,2.790834233200787,0.7512086462211482,3.3883615570267693,7
62.26050000011526,1.7481933425073906,2.266715703797194,-1.2371067042626822e-05,2.7944543955121786,0.7479418044214121,3.396315606626127,7
62.28050000011535,1.7431638019310083,2.2685293096712615,-1.0094555544687822e-05,2.7980663348224106,0.7446930769442792,3.4042255517878415,7
62.30050000011545,1.7381040254036513,2.27033578542779,-1.7319811725973242e-06,2.8016723025191763,0.7414635521785646,3.4120887425217554,7
62.320500000115544,1.733004058032949,2.2721358364240136,-1.1369469343905996e-06,2.805277288975033,0.7382470585148448,3.41992020535516,7
62.34050000011564,1.7278689109228964,2.2739278976549144,-9.743490373823687e-07,2.808877821390337,0.7350472259494953,3.427711102036011,7
62.360500000115735,1.7226982838295124,2.27571146413092,-2.2569727293127612e-06,2.812473801998291,0.7318641317663195,3.4354612443950483,7
62.38050000011583,1.7174864282872297,2.2774849977379477,-1.6986711322698876e-05,2.816065306670992,0.728696004881948,3.4431749446352566,7
62.400500000115926,1.7122504527386944,2.2792484016733,-3.71772282425506e-06,2.819646953675834,0.7255507262833891,3.4508330142665304,7
62.42050000011602,1.7069739713959675,2.2810043337200794,-5.909224412440165e-06,2.8232274170818568,0.7224193753756043,3.4584571729985285,7
62.44050000011612,1.7016599115509463,2.282749154312539,-1.3444955097383203e-05,2.8268014921082987,0.7193050990776229,3.4660397587675265,7
62.46050000011621,1.6963206936166515,2.2844841481763734,-3.425921870301472e-06,2.8303666023809813,0.7162132532923287,3.4735677311143296,7
62.48050000011631,1.6909418884049081,2.286210692062418,-2.304579348072009e-06,2.8339295977452044,0.713136054282387,3.4810600417472313,7
62.5005000001164,1.6855280148036806,2.2879275100545575,-6.094818867118215e-07,2.8374874435327033,0.710076420088888,3.488509585870533,7
62.5205000001165,1.6800744115788058,2.2896348668881195,-1.3995187183726739e-05,2.8410424489217547,0.7070327742764588,3.4959202017616655,7
62.540500000116594,1.6745906107534407,2.291328612386748,-1.214631666909969e-05,2.8445873053165327,0.7040099063460112,3.5032802280271027,7
62.56050000011669,1.6690770785116429,2.2930123210387583,-3.408467690483432e-06,2.848125133150856,0.7010078819490508,3.5105895048197016,7
62.580500000116785,1.6635259375227027,2.2946859812336924,-4.877021644107296e-07,2.8516595013073056,0.6980221688298389,3.517859067196914,7
62.60050000011688,1.6579394517056316,2.2963495025227023,-2.2787320366530468e-06,2.855188699147802,0.6950546698974485,3.525084281988821,7
62.62050000011698,1.6523196589549263,2.298001375288178,-5.329039563983598e-07,2.8587115288283074,0.6921064072180032,3.5322626606866003,7
62.64050000011707,1.6466638457397584,2.2996419856086434,-5.35827766802455e-07,2.8622295849255406,0.6891758193934683,3.539398004955033,7
62.66050000011717,1.6409725608897332,2.301272099876107,-5.285659980452787e-07,2.865743237521645,0.6862632079920274,3.5464895805411496,7
62.68050000011726,1.63524574043862,2.302890824647673,-8.025129752499335e-07,2.869251565993923,0.6833691937243023,3.5535358761495246,7
62.70050000011736,1.6294832947964923,2.3044976851161265,-7.242339831918908e-07,2.872754693032516,0.6804936772871031,3.560537133561835,7
62.720500000117454,1.623685449818557,2.3060924607312603,-8.159738448832849e-07,2.876252327327166,0.6776369887138998,3.5674925492183305,7
62.74050000011755,1.6178528941772894,2.307674790433256,-4.779913917598664e-07,2.8797440811436723,0.6747996451352707,3.5744008640184712,7
62.760500000117645,1.6119861875740615,2.3092444610398917,-5.443967322556214e-07,2.8832295563030206,0.6719820500093441,3.5812610956294226,7
62.78050000011774,1.6060853628965808,2.310801300213239,-8.443215455868029e-07,2.8867087791487234,0.6691842557888501,3.588073116340191,7
62.800500000117836,1.6001510579185096,2.3123447878293204,-6.504213819288e-07,2.89018135475323,0.6664067194905798,3.5948358134142397,7
62.82050000011793,1.5941833176568263,2.313874814727774,-8.067608768301996e-07,2.893647226299062,0.6636495088937062,3.6015490218240194,7
62.84050000011803,1.5881828464316512,2.3153910444072885,-4.3236279570216195e-07,2.8971059877839274,0.6609130614623968,3.6082116764393812,7
62.86050000011812,1.5821495798255882,2.316893560694433,-1.1553818440160544e-06,2.900557921882982,0.6581974212613382,3.6148236699723935,7
62.88050000011822,1.576083674167261,2.3183818125898363,-9.357075118347263e-07,2.9040026213459855,0.6555027477558699,3.6213846141596204,7
62.90050000011831,1.5699853221721969,2.3198555571762762,-3.02014416058525e-07,2.9074401289922083,0.6528290734570006,3.6278944298438245,7
62.92050000011841,1.563855079072451,2.3213149349621,-6.765418538100208e-08,2.910870206643947,0.6501769996106006,3.6343516531220157,7
62.940500000118504,1.5576929843492568,2.32275967287347,-9.003429353064695e-07,2.9142929259428265,0.6475465068097233,3.6407563312458904,7
62.9605000001186,1.5514990759561664,2.3241891940466184,-4.27976654757332e-07,2.9177080420752373,0.6449375290434238,3.6471086249377502,7
62.980500000118695,1.5452740044435656,2.3256036173702643,-3.390323211016019e-07,2.9211154225584495,0.6423506251165128,3.65340717362936,7
63.00050000011879,1.5390163439939875,2.32700248616889,-3.4085386496757366e-06,2.9245153585580184,0.6397854014150806,3.6596529356850205,7
63.020500000118886,1.5327338748284494,2.3283843049242137,-2.1162134798053433e-06,2.927903583980876,0.6372455831795341,3.6658368409541775,7
63.04050000011898,1.5264209998313478,2.3297497286082702,-2.142522390824674e-06,2.93128344650136,0.6347282516959227,3.6719659958707966,7
63.06050000011908,1.520080484272255,2.331098793727309,-1.2089892980213727e-06,2.934653889651212,0.6322346109739678,3.6780374689329474,7
63.08050000011917,1.51370997105282,2.332431335409265,-1.6257688677766007e-06,2.93801592237015,0.6297635541732607,3.6840539550564078,7
63.10050000011927,1.507312561545055,2.3337471173503155,-1.3169288590763973e-06,2.941368255360574,0.627316753270196,3.690011383342131,7
63.120500000119364,1.500886783327071,2.335046240990463,-3.6734530084909676e-07,2.9447118612106467,0.624893366343068,3.6959118036864425,7
63.14050000011946,1.494429920852534,2.336328961394481,-1.328082955359307e-06,2.9480479098316357,0.6224922393814429,3.7017580258538776,7
63.160500000119555,1.4879454813137853,2.337594035588957,-7.33997041654801e-07,2.951374497010081,0.6201151649764549,3.7075456852747175,7
63.18050000011965,1.4814324626171305,2.338842394234733,-1.356592760318705e-06,2.9546924642564285,0.6177618438540078,3.713275510616328,7
63.200500000119746,1.4748831478148305,2.340072852371471,-2.6011984219537415e-05,2.9580040662385034,0.6154299865289268,3.7189530762773955,7
63.22050000011984,1.4683224935205108,2.3412838860789966,-5.326432524299432e-06,2.9612995438867635,0.6131272857037509,3.7245596521995625,7
63.24050000011994,1.4617286456191538,2.3424790090022816,-5.490356372242476e-06,2.9645891901875405,0.6108472247289614,3.730111105007746,7
63.26050000012003,1.4551034762612625,2.3436562232066507,-4.856720256201951e-06,2.9678715223898857,0.6085895546725233,3.735608040797334,7
63.28050000012013,1.4484554300074024,2.3448158935550714,-7.747634131297825e-07,2.9711432447459414,0.6063580946319762,3.7410411608960574,7
63.30050000012022,1.441776993888613,2.3459580134932962,-4.486268543707326e-07,2.974407907436542,0.6041496166898908,3.746418324581135,7
63.32050000012032,1.4350642991848002,2.3470821964776527,-1.9327849370070547e-05,2.9776662087657098,0.6019638085490309,3.751740292228446,7
63.340500000120414,1.4283312555492915,2.348187163948016,-2.059749588253133e-05,2.9809125283776194,0.5998043370223058,3.7569981359456897,7
63.36050000012051,1.4215806806032807,2.349272264831641,-8.180689425657899e-07,2.984145323915207,0.5976732964352514,3.7621867565054745,7
63.380500000120605,1.4147951774402372,2.3503401993093593,-4.7588523899399374e-07,2.987373584414287,0.5955641370171749,3.7673221011755733,7
63.4005000001207,1.4079830112099747,2.3513901781303557,-3.0453718455327647e-07,2.9905936914163114,0.5934796946913155,3.7723972650994053,7
63.420500000120796,1.4011441807421043,2.352422001635857,-1.4841294273095912e-06,2.9938055636952416,0.5914203340544684,3.7774113605630335,7
63.44050000012089,1.3942790857609004,2.353434780601119,-2.278798882437298e-06,2.997008356268702,0.5893863499049514,3.782363669796639,7
63.46050000012099,1.387388965623561,2.3544289482536156,-3.125264571288491e-06,3.0002022245619497,0.587378161389001,3.787253172270258,7
63.48050000012108,1.380472900878424,2.3554041639520946,-2.6561571748044157e-06,3.003387750492856,0.5853952187667608,3.7920812064809297,7
63.50050000012118,1.373531069466822,2.356360201378258,-5.296169853340391e-07,3.0065644067975694,0.5834381193861913,3.7968463180162297,7
63.520500000121274,1.3665612940177154,2.3572993659098613,-4.0570457631263236e-07,3.0097354253627993,0.5815055368681592,3.801551736321003,7
63.54050000012137,1.359563956380389,2.3582199398391275,-1.8198512456832258e-07,3.012899069358197,0.5795983256302826,3.8061953810740943,7
63.560500000121465,1.3525398816215086,2.359121318996544,-2.064765012834077e-07,3.016054807865353,0.5777170056161736,3.8107759863258384,7
63.58050000012156,1.3454898263088215,2.3600034858394787,-2.492786062252143e-07,3.0192024878497064,0.5758619024767331,3.815292759187084,7
63.600500000121656,1.3384144898784005,2.360866350225276,-2.9506649868280073e-07,3.0223418919916902,0.5740333237645485,3.8197449508341426,7
63.62050000012175,1.3313145174880832,2.3617092064023906,-2.9583331914731485e-07,3.0254724647619695,0.5722316439360191,3.8241316495470836,7
63.64050000012185,1.3241901655432715,2.362532024830003,-8.712250353241871e-08,3.028594212361092,0.5704569829366357,3.8284525632847126,7
63.66050000012194,1.317041905425641,2.3633347630036075,-1.6834059247631147e-07,3.031707205056072,0.5687095826304884,3.83270710316055,7
63.68050000012204,1.3098705578103356,2.3641177693514464,-4.558358969500429e-08,3.0348114606945513,0.5669898134419231,3.8368943672718387,7
63.70050000012213,1.3026761535795182,2.364880239076665,-2.1932772259603428e-07,3.037906601085317,0.5652978074015369,3.841014034152779,7
63.72050000012223,1.2954594550359508,2.365622607209499,-9.56136754444506e-08,3.0409928152328765,0.5636338684291871,3.8450653638245877,7
63.740500000122324,1.2882204742930867,2.366344463762554,-2.3364904779345442e-07,3.0440699275379686,0.5619981082294139,3.8490480843109918,7
63.76050000012242,1.280959602359031,2.3670452790755223,-2.196007907352923e-07,3.047137627338715,0.5603907438128215,3.8529616672383473,7
63.780500000122515,1.2736772444106292,2.3677251978306675,-1.0130348281291371e-07,3.0501960428790187,0.5588120503626222,3.8568054425953546,7
63.80050000012261,1.266373844125913,2.3683850011967387,-5.817197144616617e-08,3.053245728664254,0.5572622455509708,3.860578880397636,7
63.820500000122706,1.2590495852529815,2.3690240742221107,-1.871018551405783e-07,3.0562863371615556,0.5557414863724994,3.864281598397392,7
63.8405000001228,1.2517049328097265,2.3696419036215763,-1.781247147331501e-07,3.059317456873605,0.5542500640117831,3.867912887623484,7
63.8605000001229,1.2443409478403418,2.3702366888427946,-1.0348632528337016e-06,3.062337250538663,0.5527886393846,3.8714711388896696,7
63.88050000012299,1.2369608905229073,2.3708090970566778,-1.43118820356482e-06,3.0653453278334095,0.5513581695555922,3.874954021951601,7
63.90050000012309,1.2295626003966535,2.371360396521265,-2.450041708099927e-06,3.068343935770447,0.5499576034636817,3.878364095914514,7
63.920500000123184,1.2221469416448139,2.3718906534384656,-2.8994490929374477e-06,3.071332918997825,0.5485873759537205,3.8817003020257235,7
63.94050000012328,1.2147136335869657,2.3723995590543887,-2.366888622158301e-06,3.0743123644698467,0.5472474889428072,3.884962635617512,7
63.960500000123375,1.207262631203958,2.3728874040370282,-1.9271922044306418e-06,3.0772825159838044,0.5459382918985245,3.8881502458122874,7
63.98050000012347,1.1997950974356337,2.3733558760559585,-8.181037875853522e-07,3.0802441209481857,0.5446606677799024,3.891260982796759,7
64.00050000012357,1.1923094013168074,2.3738011069111535,-1.1430339181248807e-06,3.083195338763436,0.5434138515213061,3.8942967093394283,7
64.02050000012366,1.1848054737961826,2.374226017495685,-2.9928830547193083e-07,3.0861389986329963,0.5421975549559903,3.8972581270636755,7
64.04050000012376,1.1772844020676534,2.3746300414978103,-1.6566077472483608e-06,3.089073597839741,0.5410134394339794,3.900141190943354,7
64.06050000012385,1.1697462826124512,2.3750121288098622,5.190457978194565e-08,3.091999208323149,0.5398605052363523,3.902948335076707,7
64.08050000012395,1.1621913413319582,2.375373218088026,-6.731210397269609e-08,3.0949160341030537,0.5387399922531451,3.905676540601038,7
64.10050000012404,1.154620223151729,2.3757128495704976,-3.356169955721881e-07,3.0978238887220537,0.5376518461503084,3.908325939807945,7
64.12050000012414,1.147033044437749,2.376031044509185,-7.130595393042626e-07,3.100722917540923,0.5365963179714295,3.9108959214608667,7
64.14050000012423,1.139430269576384,2.376327786629862,-1.1767493026109784e-06,3.1036131290770657,0.5355737041617847,3.913385763780002,7
64.16050000012433,1.1318119116545393,2.3766036288419836,-2.1307737289387672e-07,3.10649529555904,0.5345841226300942,3.915795179683248,7
64.18050000012443,1.1241778056696303,2.3768585051002167,-2.7014744948640616e-07,3.10936928258634,0.5336280605910986,3.918122982908629,7
64.20050000012452,1.116528272495227,2.377092093012304,-2.7068636007939195e-07,3.112235022157609,0.5327056845236031,3.920368768116444,7
64.22050000012462,1.1088641324338042,2.377304156245548,-3.440071927874828e-07,3.1150921892136783,0.5318175144691177,3.9225312691186693,7
64.24050000012471,1.1011856346175126,2.37749494331325,-2.304699322091164e-07,3.1179410353808046,0.5309638291636074,3.924609807253825,7
64.26050000012481,1.0934931595569284,2.3776644402241183,-4.0177951645209535e-07,3.1207815998352206,0.5301449650054852,3.9266035634649046,7
64.2805000001249,1.085787360114694,2.3778124295434018,-3.8691407176287203e-07,3.1236136025086845,0.5293613456892494,3.9285115061479137,7
64.300500000125,1.07806871227553,2.3779390623446406,-3.683991786145828e-07,3.1264372305388273,0.5286133458548736,3.930332723135959,7
64.3205000001251,1.0703370280080844,2.3780441515299624,-4.431708605787163e-07,3.129252512025763,0.5279011202846822,3.9320668375677297,7
64.34050000012519,1.062593282426568,2.37812769714801,-3.8655492653487574e-07,3.1320593430563406,0.5272252417320131,3.933712454913359,7
64.36050000012528,1.054837631641436,2.3781899461220277,-3.7106445397633935e-07,3.1348579293204155,0.5265860835889224,3.935268666044362,7
64.38050000012538,1.0470705188488643,2.3782307178178494,-2.5350900419946703e-07,3.1376481957839357,0.5259839902247765,3.936734632496196,7
64.40050000012548,1.039292174395444,2.3782500552532753,-3.838054696815873e-07,3.140430242240861,0.525419353427099,3.9381094003514105,7
64.42050000012557,1.0315028469946947,2.378247878532748,-3.5394631821285e-07,-3.1399811604364465,0.5248924845072827,3.9393922116344418,7
64.44050000012567,1.0237033400027655,2.3782242845520267,-2.461409608999626e-07,-3.137215503314672,0.524403981679433,3.940581609823989,7
64.46050000012576,1.015893607853271,2.378179300729269,-2.387080582401574e-07,-3.1344578921217825,0.5239541501057243,3.9416768519164966,7
64.48050000012586,1.0080742062652777,2.3781128978893977,-1.9999470571327747e-07,-3.1317083500854164,0.523543472295475,3.942676763106669,7
64.50050000012595,1.0002453580995414,2.378025041976739,-2.725508495934553e-07,-3.1289667963938284,0.5231723485397821,3.943580368772704,7
64.52050000012605,0.9924074873578493,2.377915804509721,-2.7325622480403815e-07,-3.126233183826233,0.5228412647331728,3.9443864858670565,7
64.54050000012614,0.9845610109833579,2.377785240975617,-1.7159273146205414e-07,-3.123507471443718,0.522550726213147,3.945093884002772,7
64.56050000012624,0.976706187278656,2.377633403393323,-2.2881946677244643e-07,-3.1207894960681433,0.522301197749157,3.9457014315672696,7
64.58050000012634,0.9688434557962556,2.3774602635971354,-2.5745191550455696e-07,-3.1180793089163763,0.5220931812708638,3.94620790647094,7
64.60050000012643,0.9609731940157409,2.3772658521956394,-3.069550772373439e-07,-3.1153768332120397,0.5219271897352438,3.9466120597750582,7
64.62050000012653,0.9530957693809989,2.3770501665195725,-2.5622938406761404e-07,-3.112682026481585,0.5218037220772576,3.946912676681459,7
64.64050000012662,0.9452115491181549,2.376813277585411,-2.8242063805300165e-07,-3.10999479643103,0.5217233481787529,3.947108369651732,7
64.66050000012672,0.9373208972249049,2.3765552160464285,-2.5617420817650495e-07,-3.107315107900052,0.5216866171728927,3.947197801666,7
64.68050000012681,0.9294241248572703,2.376276002765104,-3.4201238401920403e-07,-3.1046428232799284,0.5216940643901922,3.947179669310836,7
64.70050000012691,0.921521769465876,2.3759757030623883,-2.7987611608963756e-07,-3.1019779709860646,0.5217463172375951,3.9470524449867246,7
64.720500000127,0.9136141417479196,2.375654379721703,-2.0657513248055817e-07,-3.099320429259527,0.5218439784513178,3.9468146611620085,7
64.7405000001271,0.9057015631298094,2.3753121413774774,-2.546589720934041e-07,-3.096670058523656,0.5219877039073244,3.9464647209212966,7
64.7605000001272,0.8977843934227513,2.3749490703321023,-2.874427375588455e-07,-3.09402674165515,0.5221781111904016,3.9460011205798913,7
64.78050000012729,0.889863067216296,2.3745652830927595,-3.2876407480517983e-07,-3.091390377896505,0.522415892960153,3.9454221736622355,7
64.80050000012739,0.8819382281954552,2.3741608563693126,-1.9254020723113063e-07,-3.088761008878478,0.5227017846317015,3.9447260895923786,7
64.82050000012748,0.8740097065402832,2.3737356773084404,-3.425828683164696e-07,-3.0861384456164846,0.5230363579342556,3.9439114763339855,7
64.84050000012758,0.8660782377422337,2.373289542626237,-2.5041994219907094e-07,-3.083522899633805,0.5234202457197836,3.942976793030091,7
64.86050000012767,0.8581428685646982,2.372822428000907,-3.010685446624886e-07,-3.080913894714608,0.5238542552768068,3.9419200741086433,7
64.88050000012777,0.8502051898510965,2.3723343352155783,-2.8610959264459256e-07,-3.0783117692169926,0.524338977918958,3.9407398798494926,7
64.90050000012786,0.8422655885167635,2.37182540771225,-3.616725582174695e-07,-3.075716425136233,0.5248752343509653,3.9394342120150405,7
64.92050000012796,0.8343248406442054,2.371295647694396,-2.982150185314855e-07,-3.0731279394432214,0.5254637665144422,3.938001264138749,7
64.94050000012805,0.8263828579749254,2.3707451653225657,-3.8021994575443394e-07,-3.070546030528594,0.526105426595886,3.936438961331755,7
64.96050000012815,0.8184402101392315,2.3701739932332018,-4.7213151307269466e-07,-3.067970675265076,0.5268010243666594,3.9347453319768286,7
64.98050000012825,0.8104973179964291,2.3695822244363245,-3.343148468372598e-07,-3.0654018374726486,0.5275514817797857,3.9329181313187815,7
65.00050000012834,0.8025544075618638,2.3689698753611403,-2.801977751935747e-07,-3.0628393233729594,0.5283575936769047,3.930955424091014,7
65.02050000012844,0.7946120248389257,2.3683371029898725,-2.2990503126085936e-07,-3.0602831348275013,0.5292204218657162,3.9288546250226033,7
65.04050000012853,0.7866703380131154,2.3676839231653415,-4.4929833280944805e-07,-3.0577330396687423,0.5301407993853398,3.9266137058443893,7
65.06050000012863,0.7787301372606769,2.3670104520790782,-3.1496244571504275e-07,-3.0551891552186135,0.5311197717409,3.924230120978678,7
65.08050000012872,0.7707914256635103,2.3663167347066794,-4.7057130513429605e-07,-3.0526511624696244,0.5321582687338173,3.9217016065611396,7
65.10050000012882,0.762855128244868,2.3656028734564383,-1.770066688832357e-07,-3.0501192355817195,0.5332573541996608,3.919025572383434,7
65.12050000012891,0.7549210960192155,2.364868957127529,-3.75537014525309e-07,-3.047592984815435,0.5344180970217036,3.916199415947156,7
65.14050000012901,0.7469903609975785,2.3641151016578115,-2.49203181914049e-07,-3.0450726199359757,0.5356416210581696,3.913220400901847,7
65.1605000001291,0.7390628154179684,2.363341371056406,-4.870118673840938e-07,-3.0425577598078286,0.5369290145164469,3.9100858776990854,7
65.1805000001292,0.7311395316967937,2.3625478680827743,-2.2452289245409996e-07,-3.040048631684631,0.5382814172737063,3.9067930709857577,7
65.2005000001293,0.7232201758578657,2.3617347960544492,-1.5742712167610645e-06,-3.037544785936394,0.5397003175850414,3.903338357184246,7
65.22050000012939,0.7153061065533313,2.360902027457799,-3.322079791578373e-06,-3.03504653782305,0.541186403582617,3.8997200608423235,7
65.24050000012949,0.7073974482956292,2.3600496831381075,-2.2296481253934373e-06,-3.03255349882484,0.5427408404700627,3.8959353449424556,7
65.26050000012958,0.699495032293021,2.3591781775517333,-7.410693144419104e-07,-3.030065890228108,0.5443655799656386,3.8919794574749664,7
65.28050000012968,0.6915985488880991,2.358287511676027,-5.960147251087148e-07,-3.0275831944044773,0.5460618500159433,3.887849408656833,7
65.30050000012977,0.6837090815362675,2.3573776907319646,-4.079000638883687e-07,-3.025105626654204,0.547830749704411,3.883542522458825,7
65.32050000012987,0.6758268217429677,2.3564488484505555,-4.56287416964994e-07,-3.022632916039086,0.5496737716088558,3.879055164778438,7
65.34050000012996,0.6679525112807823,2.3555011684606892,-3.7463464899353014e-07,-3.020165108196883,0.5515924443513558,3.87438361375322,7
65.36050000013006,0.6600865946478844,2.3545347200466,-3.7721407173178466e-07,-3.0177020498454703,0.5535881754032299,3.869524442496483,7
65.38050000013016,0.6522294748917824,2.353549690332343,-4.1721590463377905e-07,-3.0152436135365,0.5556626359541434,3.864473582024694,7
65.40050000013025,0.6443820602068453,2.3525461917606503,-2.5646552716027784e-07,-3.0127898588183033,0.5578172909583516,3.8592274654927086,7
65.42050000013035,0.6365443060751765,2.3515243618291466,-4.476348858614191e-07,-3.0103404359882524,0.5600539076958728,3.853781789957875,7
65.44050000013044,0.6287174722849174,2.350484370176647,-2.4667721372965386e-07,-3.007895576401599,0.5623740423016852,3.8481327665698095,7
65.46050000013054,0.6209014547410988,2.349426334514404,-4.5283231805268026e-07,-3.0054548614976184,0.5647795439458452,3.84227589300142,7
65.48050000013063,0.6130974779311552,2.348350449722766,-2.355029299597231e-07,-3.003018530037338,0.5672720855672062,3.83620709601028,7
65.50050000013073,0.6053054846644503,2.3472568297240213,-4.380690917768301e-07,-3.0005861674591117,0.5698536092316271,3.829921647088212,7
65.52050000013082,0.5975267168797973,2.346145685940326,-1.8528083843894047e-07,-2.9981580122200375,0.5725258802471922,3.8234152480937924,7
65.54050000013092,0.5897611214403695,2.3450171356948597,-3.6812846091831074e-07,-2.9957336441293796,0.5752909627833709,3.8166828732230966,7
65.56050000013101,0.5820099410935612,2.3438714169112735,-2.1268389476995084e-07,-2.9933132917330387,0.5781507484642312,3.8097199167827407,7
65.58050000013111,0.5742732045867024,2.3427086326718074,-3.6896649946294396e-07,-2.9908965686354594,0.5811073568470528,3.8025212181115227,7
65.6005000001312,0.5665521088249073,2.3415290439633183,-2.3956983665986207e-07,-2.9884836763562723,0.5841628229275617,3.7950818224372407,7
65.6205000001313,0.5588467467995651,2.3403327648933736,-3.8245403574029596e-07,-2.9860742400601126,0.5873193819716762,3.7873962873733094,7
65.6405000001314,0.5511582866741432,2.3391200414994193,-2.769096755943827e-07,-2.9836684301733727,0.5905791315654165,3.7794595057537674,7
65.66050000013149,0.5434870144034959,2.337891058322645,-2.4723933592643784e-07,-2.981265994002123,0.5939444906234446,3.771265588047265,7
65.68050000013159,0.5358337656877193,2.336646012114504,-3.1220125484754117e-07,-2.9788668955990487,0.5974177037860833,3.7628090690425795,7
65.70050000013168,0.5281992780179788,2.3353851595052957,-2.5231610860069416e-07,-2.976471110069858,0.6010012366212432,3.7540839456178428,7
65.72050000013178,0.5205840381683396,2.334108643850745,-3.4452796470512587e-07,-2.9740784204508515,0.6046975004702102,3.745084346681227,7
65.74050000013187,0.5129890030883539,2.3328167330722174,-2.711116555520278e-07,-2.971688874764785,0.6085089754504398,3.7358042336858857,7
65.76050000013197,0.5054147045007987,2.331509687334927,-3.2902698426959083e-07,-2.969302328526153,0.6124384384635926,3.726236845479948,7
65.78050000013206,0.49786190709042694,2.3301876616629342,-4.038354564620018e-07,-2.9669186995030117,0.6164883530541343,3.7163761838681943,7
65.80050000013216,0.490331433349574,2.328850954750891,-2.6536208353216277e-07,-2.9645381667462805,0.6206618229506318,3.706214691946288,7
65.82050000013226,0.48282358164429057,2.3274997548985876,-2.9983172081543375e-07,-2.9621604812462645,0.624961853153267,3.6957450531920455,7
65.84050000013235,0.47533935905337354,2.326134321410985,-3.116703354340744e-07,-2.9597853910379976,0.6293907706195148,3.684961601969876,7
65.86050000013245,0.46787965106494284,2.3247549825067435,-4.030722611505422e-07,-2.9574126562029646,0.6339512056765457,3.673857934004932,7
65.88050000013254,0.46044547622586907,2.323362010235613,-2.0558995446851112e-07,-2.9550420724884106,0.6386455876675678,3.662428134374617,7
65.90050000013264,0.4530374098216183,2.3219556760949582,-2.3358691820775646e-07,-2.9526732789390424,0.6434768054008844,3.6506651694587156,7
65.92050000013273,0.445656590996636,2.3205362938439804,-2.56850280257344e-07,-2.950306122521148,0.6484474429337881,3.638562747639472,7
65.94050000013283,0.43830392628156906,2.3191041847127254,-2.8695099005356817e-07,-2.9479404176377146,0.6535603599383355,3.6261139062370957,7
65.96050000013292,0.43098026878466394,2.3176596389730775,-3.2044223373946265e-07,-2.945576044611624,0.6588186108676224,3.6133112083223105,7
65.98050000013302,0.4236859345707167,2.3162028541168875,-3.1885769627111115e-07,-2.943213423696435,0.6642268048241904,3.6001434317324055,7
66.00050000013312,0.4164219465758922,2.3147341917977866,-3.163861230115833e-07,-2.9408525265078858,0.6697881910965737,3.5866026651561684,7
66.02050000013321,0.4091896916601311,2.3132540894677645,-3.316899649495465e-07,-2.9384928814161597,0.6755049085776013,3.5726837008545353,7
66.0405000001333,0.40198905623940034,2.3117626967283154,-3.3606173281155237e-07,-2.9361327010605307,0.6813792062549817,3.5583810630313484,7
66.0605000001334,0.3948213028855636,2.310260438863971,-2.719710717958134e-07,-2.9337694254580327,0.6874103691288951,3.5436964925557333,7
66.0805000001335,0.38768954141441714,2.308748128041087,-2.552693979448002e-07,-2.931401039398529,0.6935959283051003,3.528636000648451,7
66.1005000001336,0.3805965645247982,2.3072264637394264,-1.7219823510252674e-07,-2.9290256650908923,0.6999337041629994,3.5132048942118272,7
66.12050000013369,0.37354433040664037,2.305695997516444,-1.8684767506062624e-07,-2.9266413927922716,0.7064224906049692,3.497406109831379,7
66.14050000013378,0.3665346334436609,2.3041572556353453,-2.4925503980518714e-07,-2.9242466132976075,0.7130615711230708,3.481241392048175,7
66.16050000013388,0.3595691220201661,2.302610701587089,-2.8278906885316887e-07,-2.921839790446711,0.719850426086603,3.46471200605001,7
66.18050000013397,0.3526494391390434,2.3010568166927414,-2.1493421346602658e-07,-2.9194196291158625,0.7267887272876723,3.4478187509517544,7
66.20050000013407,0.3457772227584013,2.299496099200542,-1.7085607861205187e-07,-2.9169849776220365,0.7338762845843965,3.430562089707556,7
66.22050000013417,0.33899561283730656,2.2979397885188577,-2.279294427004714e-07,-2.9145257341100295,0.7410362200230012,3.413129203422258,7
66.24050000013426,0.33227584785984127,2.2963800086933843,-1.799210108596324e-07,-2.912016075579948,0.7482709137217376,3.3955142970253345,7
66.26050000013436,0.3255802204697041,2.2948072701523565,-1.4829474286717654e-07,-2.9094829474450017,0.7556846977521452,3.377463344603472,7
66.28050000013445,0.3189304803699089,2.2932275776575533,-2.463485240815674e-06,-2.9069377459655126,0.7632664439894237,3.359003440721403,7
66.30050000013455,0.31234015326561504,2.2916436963887326,-2.289434714557901e-07,-2.90438231903173,0.7709979946230365,3.3401787957004325,7
66.32050000013464,0.30584970426452257,2.2900678384420967,-1.082862479557748e-06,-2.901807341255104,0.7788011667922969,3.321179767810059,7
66.34050000013474,0.2994074761752051,2.288485304224682,-1.6766090240009678e-07,-2.8991913135027323,0.7867292251413509,3.301876669221058,7
66.36050000013483,0.29300015903125326,2.2868930567870307,-9.760864406866016e-09,-2.896556936216122,0.7948461271280023,3.2821137774274725,7
66.38050000013493,0.28665487952854335,2.2852984525332305,-6.36018688784504e-07,-2.8939132036409148,0.8031199783896761,3.261968748268614,7
66.40050000013503,0.28042032273786205,2.2837153028472805,-8.352457898694478e-07,-2.8912445173106467,0.8114368062559143,3.2417190804203817,7
66.42050000013512,0.27423033863202273,2.2821249021084586,-1.3221399618332528e-06,-2.8885443497400805,0.8199096871319069,3.221089457417965,7
66.44050000013522,0.26808372276250114,2.280527441748728,-4.771799353215783e-07,-2.8858295376947045,0.8285720081453818,3.199998588863418,7
66.46050000013531,0.26202860084807905,2.2789368156646947,-4.303226556196328e-07,-2.8831050689735767,0.8373368104587822,3.178658200622095,7
66.48050000013541,0.256062306978505,2.277352550409472,-1.2588936663278816e-06,-2.880348768122103,0.8461731452183336,3.157143646424927,7
66.5005000001355,0.2501334056999138,2.2757596548718864,-5.912684095806969e-07,-2.8775722086536555,0.8552066197815773,3.1351490996622466,7
66.5205000001356,0.24428039824098083,2.274169690722697,-3.004744647813656e-07,-2.8747885693103092,0.8643770294137496,3.112821145775218,7
66.5405000001357,0.2385356877854859,2.2725929257116877,-1.1752103098926177e-06,-2.8719807771081607,0.8735849215896481,3.090401930042596,7
66.56050000013579,0.23283425547227005,2.271009822131059,-3.0753047641966214e-07,-2.869150436835378,0.8829764697268154,3.0675355519694927,7
66.58050000013588,0.22720284605137428,2.269428909560553,-1.2236959669276764e-06,-2.8663134160953336,0.892516355106532,3.0443080049580082,7
66.60050000013598,0.22168072353524487,2.267862726716868,-4.958181557006314e-07,-2.8634469550393837,0.902074549589333,3.0210358792607543,7
66.62050000013608,0.21620890892500547,2.266292924256669,-1.5445636958767078e-06,-2.8605558622698624,0.9117960896647919,2.997366042555289,7
66.64050000013617,0.21079899045030775,2.2647232871590526,-6.039636684499311e-07,-2.857659601073172,0.9216828326357609,2.9732939727129293,7
66.66050000013627,0.20551337893534205,2.2631741598147723,-1.0903166249117144e-06,-2.854754812661559,0.9315662298502427,2.949230049060278,7
66.68050000013636,0.20028757068803157,2.26162491003477,2.5753581400879762e-08,-2.851830626517053,0.9415904622955233,2.924823222236986,7
66.70050000013646,0.1951266955892936,2.260078320110999,-1.3398292038830816e-07,-2.8489018809732114,0.9517656125157037,2.900048943440025,7
66.72050000013655,0.19010060428311107,2.2585570205328995,-1.7824344466275486e-06,-2.845957737912127,0.96187489771085,2.875435031660539,7
66.74050000013665,0.185124857057008,2.2570331106273516,-7.432802589927746e-07,-2.8429940653445076,0.9721388197566647,2.850444612766381,7
66.76050000013674,0.18021019041559436,2.255510877817036,-1.488469445263126e-07,-2.8400299047936186,0.982556647474391,2.8250794670188735,7
66.78050000013684,0.17542363976222694,2.254013090078698,-1.3018782474385373e-06,-2.8370689117407295,0.9929275284797223,2.7998286263102408,7
66.80050000013694,0.17071975399751949,2.252526141045478,-4.991330615580175e-07,-2.834087164723448,1.0033446763073877,2.7744651359472297,7
66.82050000013703,0.1660686698220253,2.251039525713475,-8.787722774606159e-07,-2.8311008880268584,1.0139178456152398,2.7487217671976767,7
66.84050000013713,0.16151276921181432,2.2495687326927154,-3.79368979736234e-07,-2.8281249103750965,1.0245326582773422,2.7228770059334275,7
66.86050000013722,0.15706281314274792,2.2481180665095515,-8.902679914391418e-07,-2.825131408832803,1.0351003095294127,2.6971470724501256,7
66.88050000013732,0.15267390080935506,2.246671703760173,-3.198938671356375e-07,-2.822131842798374,1.0457759861934115,2.6711541205725626,7
66.90050000013741,0.14836666868128587,2.2452370487798037,-1.3187032708871408e-06,-2.8191437100582912,1.0565088231048043,2.6450219959187375,7
66.92050000013751,0.14417758357796334,2.2438289042803463,-8.732107202828646e-07,-2.8161575939500656,1.067150212497337,2.6191125260934403,7
66.9405000001376,0.14005016990876512,2.24242670126913,-4.614900403980421e-07,-2.8131682643546485,1.0778769963634922,2.592995139288888,7
66.9605000001377,0.13600104710980965,2.241037002090614,-1.3526124569182797e-06,-2.8101915375465802,1.0886466174489418,2.5667734531677935,7
66.9805000001378,0.13206920488087168,2.2396757233489195,-7.246295357757113e-07,-2.8072200171019785,1.0992931982263106,2.5408513434489826,7
67.00050000013789,0.12819973100740772,2.2383216338760805,-7.382114428972577e-07,-2.804246420962656,1.1099957588611649,2.5147929349467284,7
67.02050000013799,0.12440324493085489,2.23697995995908,-5.605243702088888e-07,-2.8012883961067008,1.120733707552934,2.488648364218943,7
67.04050000013808,0.12072550378572781,2.2356690448418495,-1.3703048389062003e-06,-2.7983402897060587,1.1313070326863173,2.4629046160680965,7
67.06050000013818,0.11711319127591487,2.2343684994882222,-5.446829036678139e-07,-2.7953922727104374,1.141896665668681,2.437121161850168,7
67.08050000013827,0.11356877528753921,2.2330794307351485,-1.3249551359378415e-06,-2.7924590914024505,1.1525059561000595,2.411289846017246,7
67.10050000013837,0.11013203992384782,2.231819233704095,-1.4614825422225224e-06,-2.7895444610755264,1.1629644498996417,2.3858256872008723,7
67.12050000013846,0.10677280402397003,2.2305758792203654,-7.955109367475132e-07,-2.78663039770383,1.1733555345233633,2.3605256550735505,7
67.14050000013856,0.10347611156088501,2.2293436639829163,-1.1883197113532684e-06,-2.783729113153426,1.1837509354689395,2.3352151136408428,7
67.16050000013865,0.10026294179491904,2.22813216483833,-9.750536105539446e-07,-2.78085099965245,1.194064386522598,2.3101041023797615,7
67.18050000013875,0.0971434226624092,2.226946903106748,-4.1016461913287283e-07,-2.777966051007604,1.2041926368324622,2.2854440146687875,7
67.20050000013885,0.09408356295179164,2.2257727178506514,-9.502723413525898e-07,-2.7750855266248493,1.2142893007575775,2.2608608329380724,7
67.22050000013894,0.0910916647475188,2.224613841944145,-1.477422371764763e-06,-2.772229495422419,1.2243365199115006,2.2363980384763464,7
67.24050000013904,0.08817583928139032,2.2234745885949487,-1.0471418496197744e-06,-2.7694056218593883,1.2342973381336053,2.212145611500787,7
67.26050000013913,0.08536388153705125,2.222367792621656,-9.994189422476924e-07,-2.766598462126924,1.2440008948565284,2.188519560349322,7
67.28050000013923,0.0826113254511089,2.221274302559424,-2.2411998852044786e-07,-2.763799167106135,1.2536323316958717,2.1650691054361384,7
67.30050000013932,0.07991964580399931,2.2201954225940685,-1.2290374224144401e-06,-2.7610220199656212,1.2631969914978067,2.1417812380922965,7
67.32050000013942,0.07729472210254805,2.2191346142064488,-1.5322438196488661e-06,-2.758275638343291,1.27266811443591,2.1187211126777843,7
67.34050000013951,0.07473385030380611,2.2180912283890164,-1.7433194025076518e-06,-2.7555559370553837,1.282043993408844,2.0958928856132495,7
67.36050000013961,0.0722100124094198,2.2170571593744737,-1.6177027670369918e-06,-2.7527872384359564,1.29135039174139,2.0869565217391304,7
67.3805000001397,0.06974497147890088,2.2160374670317746,-1.8291068789654979e-06,-2.7500190707383276,1.3005255283247115,2.0869565217391304,7
67.4005000001398,0.06733745552530694,2.2150328727157684,-9.308792351280921e-07,-2.7472757287753833,1.3096065564544177,2.0869565217391304,7
67.4205000001399,0.06498736190223381,2.2140442284546724,-5.796982759182398e-07,-2.7445593847001497,1.318588793396732,2.0869565217391304,7
67.44050000013999,0.06269064171341604,2.2130701601789196,-1.2891981005926599e-07,-2.741866447853206,1.3274798529101206,2.0869565217391304,7
67.46050000014009,0.06044187510731763,2.2121092999186556,-2.0284245534663195e-07,-2.739191266636991,1.3362942210264657,2.0869565217391304,7
67.48050000014018,0.058237368112153784,2.2111601892366406,-3.3482265804852025e-07,-2.7365297709525453,1.3450389357387822,2.0869565217391304,7
67.50050000014028,0.056074231839287766,2.210221847553127,-2.579573704275285e-07,-2.733878933510891,1.3537190429604467,2.0869565217391304,7
67.52050000014037,0.05394941268747466,2.209293191094183,-1.8320012307129664e-07,-2.731234958424439,1.3623402701209364,2.0869565217391304,7
67.54050000014047,0.051860933243672525,2.208373643271398,-8.582476970565754e-08,-2.7285955823338135,1.3709051375458063,2.0869565217391304,7
67.56050000014056,0.049807013239434234,2.2074626609143513,-1.4033692115991474e-07,-2.7259587469277977,1.3794156597015834,2.0869565217391304,7
67.58050000014066,0.0477857115471684,2.2065593648706097,-7.61040909205167e-07,-2.723321884239054,1.3878741694659613,2.0869565217391304,7
67.60050000014076,0.0457967445225225,2.2056639752390446,-6.890982286085573e-07,-2.7206850364544373,1.3962776531939705,2.0869565217391304,7
67.62050000014085,0.04383790244595099,2.2047760376725214,-1.8271581873739692e-06,-2.7180450524939657,1.4,2.0869565217391304,7
67.64050000014095,0.04191077617342868,2.203896250100988,-1.2954318391915126e-06,-2.7154041697344664,1.4,2.0869565217391304,7
67.66050000014104,0.04001218238155775,2.2030231624704486,-1.99390825523763e-06,-2.712758014739197,1.4,2.0869565217391304,7
67.68050000014114,0.038141776364504276,2.202157158462891,-1.5765990302597267e-06,-2.710106955330911,1.4,2.0869565217391304,7
67.70050000014123,0.03629596925143048,2.201296594810888,-2.1089555894453464e-06,-2.707449174454219,1.4,2.0869565217391304,7
67.72050000014133,0.03447372491383942,2.200441128715722,-1.624039041275343e-06,-2.7047865893516776,1.4,2.0869565217391304,7
67.74050000014142,0.03267268600248207,2.1995897097940493,-2.158336829816092e-06,-2.7021174333868365,1.4,2.0869565217391304,7
67.76050000014152,0.03089256875867425,2.1987422551221303,-2.098128679098515e-06,-2.6994426518365637,1.4,2.0869565217391304,7
67.78050000014161,0.0291320591939231,2.1978983844232833,-2.035624284823069e-06,-2.6967615596925447,1.4,2.0869565217391304,7
67.80050000014171,0.027390519979174233,2.1970579338147256,-2.0677732088472415e-06,-2.6940744601917026,1.4,2.0869565217391304,7
67.8205000001418,0.025667349887027516,2.1962204586770846,-1.679809286013636e-06,-2.6913816023009764,1.4,2.0869565217391304,7
67.8405000001419,0.02396121086297973,2.195385566591114,-2.0963629869783596e-06,-2.68868200370521,1.4,2.0869565217391304,7
67.860500000142,0.022272349175672754,2.1945535896635393,-1.4653721752757903e-06,-2.6859772409540428,1.4,2.0869565217391304,7
67.88050000014209,0.020599213575509385,2.1937236903923383,-1.7245194636791164e-06,-2.68326585952468,1.4,2.0869565217391304,7
67.90050000014219,0.018941808832444645,2.192896051627738,-1.6383806599523336e-06,-2.6805489582418636,1.4,2.0869565217391304,7
67.92050000014228,0.017299633372417984,2.192070353697317,-8.258144437877503e-07,-2.677826771268575,1.4,2.0869565217391304,7
67.94050000014238,0.015671534773150916,2.19124621171372,-9.094644152231686e-07,-2.6750983934456904,1.4,2.0869565217391304,7
67.96050000014247,0.014057521780921133,2.190423681921286,-6.37938496357426e-07,-2.6723648112253917,1.4,2.0869565217391304,7
67.98050000014257,0.012457060633573429,2.1896024110968786,-4.76657457608947e-07,-2.669625731565182,1.4,2.0869565217391304,7
68.00050000014267,0.010868969379259826,2.188781743268722,-1.4302870188085791e-06,-2.6668807473470513,1.4,2.0869565217391304,7
68.02050000014276,0.00929383372886398,2.187962421815083,-1.7896695215453586e-06,-2.664131477383853,1.4,2.0869565217391304,7
68.04050000014286,0.007731071919512471,2.1871439890843485,-1.4831141425942551e-06,-2.661377642549009,1.4,2.0869565217391304,7
68.06050000014295,0.006179681432771998,2.1863260595737897,-1.4372642713979071e-06,-2.6586183522898708,1.4,2.0869565217391304,7
68.08050000014305,0.00463999461347497,2.185508882456049,-3.452602151401424e-07,-2.655855161697003,1.4,2.0869565217391304,7
68.10050000014314,0.003110785940544433,2.1846918128919772,-9.233031835752511e-07,-2.6530863285465096,1.4,2.0869565217391304,7
68.12050000014324,0.0015918261758238671,2.1838747381833086,-1.8628190502328771e-06,-2.6503127445252943,1.4,2.0869565217391304,7
68.14050000014333,8.40491766153768e-05,2.1830585093316524,-1.240062219502169e-06,-2.6475367954457107,1.4,2.0869565217391304,7
68.16050000014343,-0.00141406032118628,2.1822420826980284,-1.616043885827395e-06,-2.64475615850037,1.4,2.0869565217391304,7
68.18050000014352,-0.002902227134100757,2.1814256346742105,-3.867386202200599e-07,-2.6419719391505607,1.4,2.0869565217391304,7
68.20050000014362,-0.004381447017635548,2.1806085717917063,-1.1636780957178651e-06,-2.6391829667347024,1.4,2.0869565217391304,7
68.22050000014372,-0.005851433846032567,2.179791299476135,-1.5162416247071984e-06,-2.6363909821470615,1.4,2.0869565217391304,7
68.24050000014381,-0.007312124292180856,2.17897395297038,-9.41354599832025e-07,-2.6335964195004844,1.4,2.0869565217391304,7
68.2605000001439,-0.00876380190363459,2.178156439581574,-3.393715526272404e-07,-2.6307991316822212,1.4,2.0869565217391304,7
68.280500000144,-0.010208072510984507,2.177337168309128,-1.7313186870713417e-06,-2.627996969789591,1.4,2.0869565217391304,7
68.3005000001441,-0.011643665681230996,2.176517899228421,-1.5285070134643771e-06,-2.625192781913387,1.4,2.0869565217391304,7
68.3205000001442,-0.013071137961827456,2.175697965178469,-2.409654005726812e-07,-2.622386173314984,1.4,2.0869565217391304,7
68.34050000014429,-0.014491643882932642,2.174876761442091,-6.237458115027044e-07,-2.619575027635943,1.4,2.0869565217391304,7
68.36050000014438,-0.01590499314720919,2.1740541009573016,-1.5871661739330043e-06,-2.616760909885683,1.4,2.0869565217391304,7
68.38050000014448,-0.017310381257561732,2.1732309775338408,-1.0276158726981494e-06,-2.6139455832891287,1.4,2.0869565217391304,7
68.40050000014458,-0.018708876057572116,2.1724064605330557,-8.03320679272632e-07,-2.6111269679018276,1.4,2.0869565217391304,7
68.42050000014467,-0.02010103091974481,2.1715802621746283,-1.473993956135649e-06,-2.6083052059227416,1.4,2.0869565217391304,7
68.44050000014477,-0.021485866616306606,2.1707534260482264,-8.479957108766988e-07,-2.6054825337954246,1.4,2.0869565217391304,7
68.46050000014486,-0.022864200721174285,2.1699248443613772,-1.400244315330087e-06,-2.602657069963126,1.4,2.0869565217391304,7
68.48050000014496,-0.02423586742740563,2.169095204481189,-8.191462732368345e-07,-2.599830628838538,1.4,2.0869565217391304,7
68.50050000014505,-0.025601033302023058,2.1682643092033,-1.2571531102261525e-07,-2.597002203739691,1.4,2.0869565217391304,7
68.52050000014515,-0.02696092169926382,2.167430861205793,-1.1621544560980456e-06,-2.594170499718378,1.4,2.0869565217391304,7
68.54050000014524,-0.028314157557233353,2.166596466282607,1.9145190670755456e-08,-2.591338487076745,1.4,2.0869565217391304,7
68.56050000014534,-0.029662203070586982,2.1657595800722076,-1.1912023836654793e-06,-2.5885029299168494,1.4,2.0869565217391304,7
68.58050000014543,-0.03100413494507868,2.164921788152127,-3.227909422350025e-07,-2.58566718020624,1.4,2.0869565217391304,7
68.60050000014553,-0.03234081507747591,2.164081595649528,-1.2774907409828574e-06,-2.582828728255645,1.4,2.0869565217391304,7
68.62050000014563,-0.03367141541879668,2.1632403012611126,-2.3306809956002827e-07,-2.579990273691619,1.4,2.0869565217391304,7
68.64050000014572,-0.03499733315277308,2.1623962267341144,-1.1128878498994669e-06,-2.5771491474694983,1.4,2.0869565217391304,7
68.66050000014582,-0.03631742476973862,2.161550939069432,-6.76288019014142e-07,-2.574307674469399,1.4,2.0869565217391304,7
68.68050000014591,-0.03763302914836743,2.160703074028886,-1.1799126750333945e-06,-2.5714638717311558,1.4,2.0869565217391304,7
68.70050000014601,-0.03894332008960885,2.159853427706151,-5.724843647664436e-07,-2.5686190943558294,1.4,2.0869565217391304,7
68.7205000001461,-0.04024922441015066,2.159001252410828,-1.0461726323037999e-06,-2.56577234117025,1.4,2.0869565217391304,7
68.7405000001462,-0.04155013401452257,2.1581472619214073,-6.810777417452991e-08,-2.562924817678914,1.4,2.0869565217391304,7
68.7605000001463,-0.04284696835561228,2.1572901920993774,-1.1936069581636888e-06,-2.560074387361009,1.4,2.0869565217391304,7
68.78050000014639,-0.044138800387973215,2.156431392132149,-6.420983305085905e-07,-2.5572238273609607,1.4,2.0869565217391304,7
68.80050000014649,-0.0454266389133927,2.1555698605317426,-1.2722820172564117e-06,-2.5543712843857835,1.4,2.0869565217391304,7
68.82050000014658,-0.04670966606892012,2.154706360809036,-9.241982670466489e-07,-2.5515183137076662,1.4,2.0869565217391304,7
68.84050000014668,-0.04798840541467857,2.1538403989455785,-6.478972133732453e-07,-2.548664560528188,1.4,2.0869565217391304,7
68.86050000014677,-0.04926298229295797,2.152971945935736,-8.45265386904384e-07,-2.545809158576891,1.4,2.0869565217391304,7
68.88050000014687,-0.05053312427379427,2.152101295107869,-4.846068726601704e-07,-2.542953928537483,1.4,2.0869565217391304,7
68.90050000014696,-0.051799362378428464,2.1512276606240324,-1.231679777895437e-06,-2.5400966695182268,1.4,2.0869565217391304,7
68.92050000014706,-0.053061013690045164,2.1503521942661448,-6.831453612773573e-07,-2.5372399382467363,1.4,2.0869565217391304,7
68.94050000014715,-0.05431905164459293,2.149473605447959,-8.201727282378168e-07,-2.534381609679049,1.4,2.0869565217391304,7
68.96050000014725,-0.055572944009489776,2.1485926480895907,-1.0916863189882647e-06,-2.5315226745885595,1.4,2.0869565217391304,7
68.98050000014734,-0.056822759280613096,2.147709410123057,-1.4744847248898492e-07,-2.5286638376896353,1.4,2.0869565217391304,7
69.00050000014744,-0.05806928986432255,2.146822776413154,-1.1610892591534257e-06,-2.5258025290077457,1.4,2.0869565217391304,7
69.02050000014754,-0.05931153339091912,2.1459341078619465,-8.441628548893574e-07,-2.522941779737055,1.4,2.0869565217391304,7
69.04050000014763,-0.060550292489344015,2.145042492022535,-5.693319475410348e-07,-2.520080138083314,1.4,2.0869565217391304,7
69.06050000014773,-0.06178544455784033,2.144147959581176,-1.284499423852567e-06,-2.517217218762262,1.4,2.0869565217391304,7
69.08050000014782,-0.06301649629531214,2.1432513479072655,-4.991752516758001e-07,-2.5143548480114997,1.4,2.0869565217391304,7
69.10050000014792,-0.06424466632725533,2.1423512010113583,-9.41647183577409e-07,-2.5114905106363374,1.4,2.0869565217391304,7
69.12050000014801,-0.06546907580787771,2.1414484383670227,-9.259549046915701e-07,-2.508625746767236,1.4,2.0869565217391304,7
69.14050000014811,-0.06668990581818789,2.1405429667604263,-3.8260095117357564e-07,-2.505760970383366,1.4,2.0869565217391304,7
69.1605000001482,-0.06790771919291108,2.1396341073847878,-1.576861690126152e-06,-2.502894111563121,1.4,2.0869565217391304,7
69.1805000001483,-0.06912170001385558,2.1387232341528444,-4.0971594945596156e-07,-2.5000281740237447,1.4,2.0869565217391304,7
69.2005000001484,-0.0703329651370184,2.1378084015389183,-1.0863376469000069e-06,-2.4971596665690066,1.4,2.0869565217391304,7
69.22050000014849,-0.07154047766213874,2.1368911548634197,-9.668058661787645e-07,-2.494291627496216,1.4,2.0869565217391304,7
69.24050000014859,-0.07274505997228288,2.135970749210952,-1.1060779795433548e-06,-2.491422569830009,1.4,2.0869565217391304,7
69.26050000014868,-0.07394595519758967,2.1350479284653416,-4.978936209172531e-07,-2.48855371305282,1.4,2.0869565217391304,7
69.28050000014878,-0.07514415897089351,2.1341212901707562,-1.2682922289609171e-06,-2.4856832735548835,1.4,2.0869565217391304,7
69.30050000014887,-0.0763386953165194,2.133192057509793,-1.5195737128801447e-06,-2.482812978634515,1.4,2.0869565217391304,7
69.32050000014897,-0.07752979102484178,2.132260311637573,-2.3036875613831064e-07,-2.479943505173985,1.4,2.0869565217391304,7
69.34050000014906,-0.07871824907372031,2.1313247961819295,-1.0575235415725756e-06,-2.477071600331498,1.4,2.0869565217391304,7
69.36050000014916,-0.07990321431617747,2.130386616503785,-4.044579592419876e-07,-2.4742002036708506,1.4,2.0869565217391304,7
69.38050000014925,-0.08108554602576683,2.1294447192638333,-1.2891589587762772e-06,-2.4713274239152896,1.4,2.0869565217391304,7
69.40050000014935,-0.08226424709718615,2.1285006709476386,-5.545250271475027e-07,-2.4684553867506183,1.4,2.0869565217391304,7
69.42050000014945,-0.08344040200834624,2.1275528316411054,-1.2043384999126378e-06,-2.4655818908909892,1.4,2.0869565217391304,7
69.44050000014954,-0.08461293203842782,2.1266025734361045,-3.7967864202950477e-07,-2.462709061188715,1.4,2.0869565217391304,7
69.46050000014964,-0.08578277452264627,2.1256486308343594,-1.1315454311849935e-06,-2.459835362818983,1.4,2.0869565217391304,7
69.48050000014973,-0.08694928046900806,2.1246923616745277,-2.1622574470929633e-07,-2.456961851238706,1.4,2.0869565217391304,7
69.50050000014983,-0.08811375862341805,2.1237315744747183,-2.024223395579581e-06,-2.454085545628051,1.4,2.0869565217391304,7
69.52050000014992,-0.08927454074953205,2.1227687801078043,-7.19225929961149e-07,-2.451210910525701,1.4,2.0869565217391304,7
69.54050000015002,-0.09043280176121196,2.121802009750538,-1.2227079868606203e-06,-2.4483342382932434,1.4,2.0869565217391304,7
69.56050000015011,-0.09158777288848556,2.1208325843547318,-6.073865809628824e-07,-2.4454586138513523,1.4,2.0869565217391304,7
69.58050000015021,-0.09273999966999476,2.1198595070676944,-1.3840094734368877e-06,-2.4425815732886025,1.4,2.0869565217391304,7
69.6005000001503,-0.09388908967558454,2.118883723872031,-7.10044490639921e-07,-2.4397052593537456,1.4,2.0869565217391304,7
69.6205000001504,-0.0950355896431983,2.117904375227701,-7.712361712881118e-07,-2.436827251021468,1.4,2.0869565217391304,7
69.6405000001505,-0.09617931393108586,2.1169215801264696,-1.6241369096820832e-06,-2.4339490378108652,1.4,2.0869565217391304,7
69.66050000015059,-0.09731964329877073,2.115935947699709,-1.4564150560772497e-06,-2.4310712387211795,1.4,2.0869565217391304,7
69.68050000015069,-0.09845722951396453,2.114947163663394,-1.371006914674074e-06,-2.428193339967162,1.4,2.0869565217391304,7
69.70050000015078,-0.09959137431990767,2.1139558113066426,-1.7149937532797555e-07,-2.4253163204886965,1.4,2.0869565217391304,7
69.72050000015088,-0.10072332565400507,2.1129600298562097,-1.3249594696497294e-06,-2.422437318213941,1.4,2.0869565217391304,7
69.74050000015097,-0.10185145763167966,2.111962322234769,-1.454558248352179e-07,-2.41956027258449,1.4,2.0869565217391304,7
69.76050000015107,-0.1029776481749776,2.110960031523145,-1.791514496333421e-06,-2.4166806704605546,1.4,2.0869565217391304,7
69.78050000015116,-0.10409994908691847,2.1099559956880314,-1.7905088666479195e-08,-2.413803818536364,1.4,2.0869565217391304,7
69.80050000015126,-0.10521997091905079,2.108947643603653,-1.2877489578394505e-06,-2.410924411279451,1.4,2.0869565217391304,7
69.82050000015136,-0.10633642908569009,2.107937119397916,-8.705826666725438e-08,-2.4080472412015594,1.4,2.0869565217391304,7
69.84050000015145,-0.10745056052910587,2.1069224954066565,-1.110449755342283e-06,-2.40516780013011,1.4,2.0869565217391304,7
69.86050000015155,-0.10856125966672495,2.10590536427166,-4.2532078141590697e-07,-2.4022901980279707,1.4,2.0869565217391304,7
69.88050000015164,-0.10966933728827462,2.1048844612476705,-1.7204533587789066e-06,-2.399410965884026,1.4,2.0869565217391304,7
69.90050000015174,-0.11077428821132287,2.1038609676090365,-1.1686926239421411e-06,-2.396532817699794,1.4,2.0869565217391304,7
69.92050000015183,-0.11187628710272543,2.1028345660898897,-1.928148513598638e-07,-2.3936544271463127,1.4,2.0869565217391304,7
69.94050000015193,-0.11297627355911313,2.101803629208994,-1.4848795756515762e-06,-2.3907734187430254,1.4,2.0869565217391304,7
69.96050000015202,-0.11407289852033127,2.100770217912504,-1.050270963151241e-06,-2.387894007984775,1.4,2.0869565217391304,7
69.98050000015212,-0.11516658012746413,2.0997334401346954,-1.0089414997306412e-06,-2.3850139344730263,1.4,2.0869565217391304,7
70.00050000015221,-0.11625780910483698,2.098692846359746,-1.5990618178762763e-06,-2.382132769251508,1.4,2.0869565217391304,7
70.02050000015231,-0.11734555073263168,2.097649977585629,-4.079862730126749e-07,-2.3792533144756662,1.4,2.0869565217391304,7
70.0405000001524,-0.11843078111642431,2.0966031904525515,-1.1929178694957135e-06,-2.376371959472817,1.4,2.0869565217391304,7
70.0605000001525,-0.11951304483508773,2.0955532912328323,-1.3858887145937128e-06,-2.3734912142544733,1.4,2.0869565217391304,7
70.0805000001526,-0.1205922577804082,2.0945006684654732,-7.514846450649633e-07,-2.370610856161389,1.4,2.0869565217391304,7
70.10050000015269,-0.1216686952428301,2.0934442066214656,-1.441895368051643e-06,-2.367729220629399,1.4,2.0869565217391304,7
70.12050000015279,-0.12274211517019107,2.092384827168692,-1.3516625533780934e-06,-2.3648483063918655,1.4,2.0869565217391304,7
70.14050000015288,-0.1238121967091987,2.0913228940372877,7.338667149961036e-09,-2.3619685114261615,1.4,2.0869565217391304,7
70.16050000015298,-0.12488005197475342,2.0902563916785306,-1.6828088254856524e-06,-2.359085772490923,1.4,2.0869565217391304,7
70.18050000015307,-0.12594446454332792,2.089187739287593,-1.2384424861151122e-06,-2.3562052305627614,1.4,2.0869565217391304,7
70.20050000015317,-0.12700569977535475,2.088116221467582,1.1514300248372481e-07,-2.353325052179906,1.4,2.0869565217391304,7
70.22050000015327,-0.12806467280172615,2.0870402626043405,-1.6435348362847043e-06,-2.3504423239219907,1.4,2.0869565217391304,7
70.24050000015336,-0.12912010553885203,2.085962012672186,-9.663753467499273e-07,-2.3475615967996104,1.4,2.0869565217391304,7
70.26050000015346,-0.13017244915025697,2.084880846578873,-6.139096638708195e-07,-2.3446808170175273,1.4,2.0869565217391304,7
70.28050000015355,-0.13122219474608296,2.083795637125243,-1.6278181152975179e-06,-2.341799003910383,1.4,2.0869565217391304,7
70.30050000015365,-0.13226831878549009,2.08270839437837,-6.622891198901498e-07,-2.3389192168709028,1.4,2.0869565217391304,7
70.32050000015374,-0.13331163731843404,2.081617465254348,-1.078279010028132e-06,-2.3360381424063696,1.4,2.0869565217391304,7
70.34050000015384,-0.1343517719337557,2.0805236340077897,-1.0753032443427119e-06,-2.33315812912197,1.4,2.0869565217391304,7
70.36050000015393,-0.13538852960255796,2.079427300348037,-1.8535602304412813e-07,-2.33027878304614,1.4,2.0869565217391304,7
70.38050000015403,-0.13642304400734062,2.078326504192967,-1.6619888249450876e-06,-2.3273971613467044,1.4,2.0869565217391304,7
70.40050000015412,-0.13745381358767472,2.0772238688384,-2.386116139318368e-07,-2.324517991788523,1.4,2.0869565217391304,7
70.42050000015422,-0.1384820886252467,2.076117248784655,-1.230661979001709e-06,-2.3216365602555027,1.4,2.0869565217391304,7
70.44050000015432,-0.1395074800658804,2.075007507788269,-1.357398539921491e-06,-2.318755321493607,1.4,2.0869565217391304,7
70.46050000015441,-0.1405292721287448,2.073895482971495,2.730720513266751e-08,-2.315875764754698,1.4,2.0869565217391304,7
70.4805000001545,-0.14154880839389752,2.0727791642808495,-1.2247558894392354e-06,-2.312993247968276,1.4,2.0869565217391304,7
70.5005000001546,-0.1425648419118644,2.0716602646518805,-1.0242652210320094e-06,-2.3101125828191935,1.4,2.0869565217391304,7
70.5205000001547,-0.14357852821404196,2.0705386113788924,-3.5333693703387567e-07,-2.30723043234038,1.4,2.0869565217391304,7
70.5405000001548,-0.14459062998573047,2.0694129427235275,-3.5090051299701575e-07,-2.3043445519445775,1.4,2.0869565217391304,7
70.56050000015489,-0.14560062307943528,2.068283157132841,-2.499346534580978e-07,-2.3014560436675753,1.4,2.0869565217391304,7
70.58050000015498,-0.1466080775480691,2.067149690143007,-2.369647807001819e-07,-2.2985660198707776,1.4,2.0869565217391304,7
70.60050000015508,-0.1476129464182096,2.066012481973922,-1.0400141781689269e-07,-2.2956747244078364,1.4,2.0869565217391304,7
70.62050000015518,-0.14861520871449044,2.0648716694808362,-2.718359108057977e-07,-2.2927819147083977,1.4,2.0869565217391304,7
70.64050000015527,-0.14961466819500574,2.0637273777298564,-2.1363221236284233e-07,-2.2898884730407905,1.4,2.0869565217391304,7
70.66050000015537,-0.15061129240938143,2.062579617298531,-2.7955198195205203e-07,-2.2869941675970384,1.4,2.0869565217391304,7
70.68050000015546,-0.15160493434684869,2.061428612124758,-3.4270103861331514e-07,-2.2840995853370445,1.4,2.0869565217391304,7
70.70050000015556,-0.1525956253480495,2.0602741806016356,-3.4692969277514493e-07,-2.281204500085652,1.4,2.0869565217391304,7
70.72050000015565,-0.15358321569298858,2.0591166985725597,-3.6471239862335013e-07,-2.278309451554321,1.4,2.0869565217391304,7
70.74050000015575,-0.15456771877367814,2.057955918606258,-2.9625155128799044e-07,-2.275414021489709,1.4,2.0869565217391304,7
70.76050000015584,-0.15554906049499573,2.0567921482709948,-1.848936364430705e-07,-2.2725189166135515,1.4,2.0869565217391304,7
70.78050000015594,-0.1565273784360311,2.0556251164158814,-1.1283741616546267e-07,-2.26962329871769,1.4,2.0869565217391304,7
70.80050000015603,-0.15750264435293843,2.054454907268565,-2.708383532037939e-07,-2.2667275991488207,1.4,2.0869565217391304,7
70.82050000015613,-0.1584747744353925,2.053281515119713,-2.2585919122706578e-07,-2.263831745310429,1.4,2.0869565217391304,7
70.84050000015623,-0.15944364987735163,2.052105117563972,-2.183961697174014e-07,-2.2609362511192526,1.4,2.0869565217391304,7
70.86050000015632,-0.16040923931546533,2.0509257216646426,-1.2119622135313643e-07,-2.2580409762479623,1.4,2.0869565217391304,7
70.88050000015642,-0.16137169602132673,2.0497432475986246,-3.300314843227299e-07,-2.2551456040493187,1.4,2.0869565217391304,7
70.90050000015651,-0.16233099757021136,2.04855768593261,-2.0386299082259474e-07,-2.2522501166641273,1.4,2.0869565217391304,7
70.92050000015661,-0.16328707589796304,2.047369047254786,-2.17417980928838e-07,-2.249354723898053,1.4,2.0869565217391304,7
70.9405000001567,-0.1642398088309363,2.0461774802004498,-2.4474339428714414e-08,-2.2464597732029605,1.4,2.0869565217391304,7
70.9605000001568,-0.16518937776233508,2.0449828602147653,-1.6772917308188971e-07,-2.2435646366300936,1.4,2.0869565217391304,7
70.9805000001569,-0.16613558940446468,2.043785295868994,-1.9542958336803176e-07,-2.2406699506812626,1.4,2.0869565217391304,7
71.00050000015699,-0.16707849840684438,2.0425847535456727,-1.9705884768012912e-07,-2.2377752872911496,1.4,2.0869565217391304,7
71.02050000015709,-0.16801819106287733,2.0413812019806326,-7.242900610972875e-08,-2.2348807911730275,1.4,2.0869565217391304,7
71.04050000015718,-0.16895453404920338,2.040174775056707,-2.2347269133207767e-07,-2.231986543629349,1.4,2.0869565217391304,7
71.06050000015728,-0.16988757571991053,2.0389653994727404,-2.588566515150349e-07,-2.229092376037792,1.4,2.0869565217391304,7
71.08050000015737,-0.17081720902999123,2.0377530852186503,-1.7423546360172025e-07,-2.2261985712391974,1.4,2.0869565217391304,7
71.10050000015747,-0.1717434061887497,2.0365379772275145,-1.5163471790434942e-07,-2.223305305823323,1.4,2.0869565217391304,7
71.12050000015756,-0.17266623277464832,2.035320044541874,-2.1024363877986212e-07,-2.2204122579866983,1.4,2.0869565217391304,7
71.14050000015766,-0.17358563575149133,2.034099264294499,-1.3714974101147464e-07,-2.2175194416431028,1.4,2.0869565217391304,7
71.16050000015775,-0.17450178562444282,2.032875545678968,-2.135271902412129e-07,-2.2146267628787277,1.4,2.0869565217391304,7
71.18050000015785,-0.17541455986094315,2.031648927829223,-3.3288874112341206e-07,-2.2117342407098604,1.4,2.0869565217391304,7
71.20050000015794,-0.17632401690855676,2.0304193545215874,-2.6738760107550843e-07,-2.2088415612548684,1.4,2.0869565217391304,7
71.22050000015804,-0.17723005474434367,2.029186964935673,-1.7630810239084294e-07,-2.2059493361183926,1.4,2.0869565217391304,7
71.24050000015814,-0.17813265448140583,2.0279516993973936,-3.373718856009029e-07,-2.203057181813676,1.4,2.0869565217391304,7
71.26050000015823,-0.1790317404901771,2.0267137602083625,-2.635187854154588e-07,-2.2001656099325104,1.4,2.0869565217391304,7
71.28050000015833,-0.17992741446331365,2.025473015742542,-1.8437777156121613e-07,-2.197274190494538,1.4,2.0869565217391304,7
71.30050000015842,-0.1808196839674968,2.0242293914754175,-1.0322699647264315e-07,-2.194382914763549,1.4,2.0869565217391304,7
71.32050000015852,-0.18170848429410175,2.0229830352146574,-2.6787434968910744e-07,-2.191491879513335,1.4,2.0869565217391304,7
71.34050000015861,-0.18259381255000556,2.0217339071837808,-1.9054833101170568e-07,-2.1886011808439334,1.4,2.0869565217391304,7
71.36050000015871,-0.1834755943679842,2.0204820363970297,-8.694679601797551e-08,-2.1857108187083725,1.4,2.0869565217391304,7
71.3805000001588,-0.18435385216026046,2.0192275103698494,-1.3370828741028656e-07,-2.182820870005804,1.4,2.0869565217391304,7
71.4005000001589,-0.1852285823442722,2.017970278926562,-7.147214420135702e-08,-2.179931361875408,1.4,2.0869565217391304,7
71.420500000159,-0.18609980313923163,2.0167103824967043,-1.0106034409720284e-07,-2.177042051543209,1.4,2.0869565217391304,7
71.44050000015909,-0.1869675080143841,2.015447745682819,-9.429960570201113e-08,-2.1741530654216192,1.4,2.0869565217391304,7
71.46050000015919,-0.18783169608747077,2.014182430978585,-2.2425596310347073e-07,-2.1712643081458607,1.4,2.0869565217391304,7
71.48050000015928,-0.18869226053615695,2.0129144910792727,-8.383111177287516e-08,-2.1683761217131785,1.4,2.0869565217391304,7
71.50050000015938,-0.1895493993187373,2.011643456922787,-1.3696290382695338e-06,-2.165487387964997,1.4,2.0869565217391304,7
71.52050000015947,-0.19040120162189222,2.010370894931086,-6.670721593582427e-07,-2.162603973791331,1.4,2.0869565217391304,7
71.54050000015957,-0.19124833556937368,2.0090970505132018,-2.0723823884549279e-07,-2.1597238963453287,1.4,2.0869565217391304,7
71.56050000015966,-0.19209152349386782,2.007820599789991,-1.5181802996651868e-06,-2.156845116811161,1.4,2.0869565217391304,7
71.58050000015976,-0.1929301309325311,2.006543273469647,-1.3432169749024165e-06,-2.1539697990430646,1.4,2.0869565217391304,7
71.60050000015985,-0.19376471340891935,2.005264323047212,-8.900067500538334e-07,-2.1510969852694832,1.4,2.0869565217391304,7
71.62050000015995,-0.19459545786939267,2.0039831856091945,-7.606134343812355e-07,-2.1482246777189213,1.4,2.0869565217391304,7
71.64050000016005,-0.19542234574265885,2.0026997731959644,-7.960449422338015e-07,-2.145353742897617,1.4,2.0869565217391304,7
71.66050000016014,-0.1962451559641376,2.0014143388620744,-1.22048154550336e-06,-2.142483949357379,1.4,2.0869565217391304,7
71.68050000016024,-0.197064148036707,2.0001271423127456,-6.005254504753724e-07,-2.139615915545402,1.4,2.0869565217391304,7
71.70050000016033,-0.19787940013934438,1.9988373026652382,-1.4453346322878025e-06,-2.1367477480628847,1.4,2.0869565217391304,7
71.72050000016043,-0.19869088003223573,1.997545723485292,-5.565878343477979e-07,-2.1338811606307586,1.4,2.0869565217391304,7
71.74050000016052,-0.1994986903954835,1.9962512302893636,-1.5521688786968147e-06,-2.1310139600805096,1.4,2.0869565217391304,7
71.76050000016062,-0.20030260325727337,1.994955247497755,-4.3150132118628324e-07,-2.1281488136233695,1.4,2.0869565217391304,7
71.78050000016071,-0.20110283080941202,1.9936563069785493,-1.5590497045976532e-06,-2.1252829166103164,1.4,2.0869565217391304,7
71.80050000016081,-0.2018991569323045,1.9923558612466672,-5.982858101905138e-07,-2.122418981378504,1.4,2.0869565217391304,7
71.8205000001609,-0.20269181945870982,1.9910525028512,-1.465614094679308e-06,-2.1195542173572717,1.4,2.0869565217391304,7
71.840500000161,-0.2034806208159145,1.9897476168546984,-4.816203718952979e-07,-2.1166912830356552,1.4,2.0869565217391304,7
71.8605000001611,-0.2042657550176636,1.988439863461613,-1.3360057354835727e-06,-2.1138275990816373,1.4,2.0869565217391304,7
71.88050000016119,-0.20504714976029248,1.9871304700166728,-4.905404411278301e-07,-2.110965390690542,1.4,2.0869565217391304,7
71.90050000016129,-0.2058248259408397,1.9858180542641455,-1.2959650891850437e-06,-2.1081021166066356,1.4,2.0869565217391304,7
71.92050000016138,-0.2065985912529086,1.9845044048683216,-9.142027989468347e-08,-2.1052410670034556,1.4,2.0869565217391304,7
71.94050000016148,-0.207368721674522,1.9831874581514672,-1.1054711166970832e-06,-2.1023784614579264,1.4,2.0869565217391304,7
71.96050000016157,-0.20813494914870495,1.981869347266005,-3.9130169164007385e-07,-2.0995177061329393,1.4,2.0869565217391304,7
71.98050000016167,-0.20889755563796158,1.9805480898670242,-1.1796411406521693e-06,-2.096656201704413,1.4,2.0869565217391304,7
72.00050000016176,-0.2096561912949162,1.979225481585801,-6.579221480863451e-07,-2.0937959886313044,1.4,2.0869565217391304,7
72.02050000016186,-0.21041128882496793,1.9778999948187423,-1.189109484636927e-06,-2.0909351872573843,1.4,2.0869565217391304,7
72.04050000016196,-0.21116236470447167,1.9765730503281225,-2.892597368099369e-07,-2.0880755831758258,1.4,2.0869565217391304,7
72.06050000016205,-0.2119100069770119,1.9752429011682289,-1.5897361014499096e-06,-2.08521471576931,1.4,2.0869565217391304,7
72.08050000016215,-0.21265373024117132,1.9739114961374955,-3.7662888988622013e-07,-2.0823553605205722,1.4,2.0869565217391304,7
72.10050000016224,-0.21339375438457156,1.9725773568081446,-9.190016980136095e-07,-2.079495082943375,1.4,2.0869565217391304,7
72.12050000016234,-0.21413007828150082,1.9712409602735865,-1.2878265840543057e-06,-2.0766350758258936,1.4,2.0869565217391304,7
72.14050000016243,-0.21486247639357356,1.9699032369774574,-2.860621797281753e-07,-2.0737761481184807,1.4,2.0869565217391304,7
72.16050000016253,-0.21559130862205664,1.968561949471249,-1.490000611056272e-06,-2.070915552557086,1.4,2.0869565217391304,7
72.18050000016262,-0.21631605567014187,1.9672196423780082,-5.109018847678377e-07,-2.068057066778278,1.4,2.0869565217391304,7
72.20050000016272,-0.21703693482139885,1.965874731653952,-1.2197593996857225e-06,-2.0651979138514696,1.4,2.0869565217391304,7
72.22050000016282,-0.21775385798361482,1.9645283519195162,-6.566033211622537e-07,-2.062340291270813,1.4,2.0869565217391304,7
72.24050000016291,-0.21846709187289765,1.9631798497488058,-5.191846978740973e-07,-2.0594820678053396,1.4,2.0869565217391304,7
72.260500000163,-0.2191767107915849,1.9618284033342304,-1.6873220922618448e-06,-2.056622984084287,1.4,2.0869565217391304,7
72.2805000001631,-0.21988240337303566,1.9604757091117255,-9.784201215145624e-07,-2.053765204359738,1.4,2.0869565217391304,7
72.3005000001632,-0.22058429722531317,1.9591207775193744,-6.148254364912924e-07,-2.050906956476376,1.4,2.0869565217391304,7
72.32050000016329,-0.2212823170864433,1.9577629872406073,-1.5298777019398572e-06,-2.048048229630708,1.4,2.0869565217391304,7
72.34050000016339,-0.22197622481621115,1.9564046390771441,-2.3520405384225984e-07,-2.0451919737710322,1.4,2.0869565217391304,7
72.36050000016348,-0.2226664022757113,1.955043270099591,-1.041046078140101e-06,-2.042334056386972,1.4,2.0869565217391304,7
72.38050000016358,-0.22335262274725476,1.9536801464573414,-1.410305569105999e-06,-2.039477031666653,1.4,2.0869565217391304,7
72.40050000016367,-0.2240348449435928,1.9523158981631679,-2.720533774325762e-07,-2.036621496453053,1.4,2.0869565217391304,7
72.42050000016377,-0.22471329188466527,1.9509487219398334,-1.203727594720236e-06,-2.0337643054829244,1.4,2.0869565217391304,7
72.44050000016387,-0.22538787205384564,1.9495798043597035,-1.504253671017638e-06,-2.030907887269338,1.4,2.0869565217391304,7
72.46050000016396,-0.22605846285922365,1.948209492549722,-7.36131573786207e-07,-2.0280524653394743,1.4,2.0869565217391304,7
72.48050000016406,-0.22672511728375253,1.9468371237782605,-6.038953462743133e-07,-2.025196785750753,1.4,2.0869565217391304,7
72.50050000016415,-0.22738794567504106,1.945462117076824,-1.5680244578270114e-06,-2.022340552329542,1.4,2.0869565217391304,7
72.52050000016425,-0.22804686777447658,1.944085718104447,-1.8035020074962683e-06,-2.0194850442061516,1.4,2.0869565217391304,7
72.54050000016434,-0.22870161692814095,1.9427082976171046,-1.4134604701233832e-07,-2.01663139275511,1.4,2.0869565217391304,7
72.56050000016444,-0.22935253835411834,1.941327909889507,-1.1073634899791567e-06,-2.013775803433447,1.4,2.0869565217391304,7
72.58050000016453,-0.22999967839757696,1.9399455677204072,-2.0182841242107526e-06,-2.010920392096928,1.4,2.0869565217391304,7
72.60050000016463,-0.2306427094535379,1.9385621044092047,-1.129227783512424e-06,-2.008066372478333,1.4,2.0869565217391304,7
72.62050000016472,-0.23128178168280636,1.9371769516206967,-6.328872782841502e-07,-2.0052128332173176,1.4,2.0869565217391304,7
72.64050000016482,-0.23191684937920556,1.9357896118051772,-9.789642071699416e-07,-2.0023585408002837,1.4,2.0869565217391304,7
72.66050000016492,-0.23254814800182877,1.934400140372509,-1.393366401753031e-06,-1.9995040469402228,1.4,2.0869565217391304,7
72.68050000016501,-0.23317543309012342,1.9330090778085522,-1.5894224782256352e-06,-1.99665018193701,1.4,2.0869565217391304,7
72.7005000001651,-0.2337987215024497,1.9316162233744791,-1.733826097231463e-06,-1.9937964318979504,1.4,2.0869565217391304,7
72.7205000001652,-0.23441800102887705,1.9302220116781705,-1.1622622162803124e-06,-1.9909434563119806,1.4,2.0869565217391304,7
72.7405000001653,-0.2350333144277894,1.928826063443489,-7.28847165906568e-07,-1.9880906998854757,1.4,2.0869565217391304,7
72.7605000001654,-0.23564447360546642,1.9274281402525482,-7.70885258838354e-07,-1.9852375946372482,1.4,2.0869565217391304,7
72.78050000016549,-0.23625168754696954,1.9260282067787744,-1.5973697686614283e-06,-1.982384724152223,1.4,2.0869565217391304,7
72.80050000016558,-0.23685489888517955,1.9246267508370614,-1.9556821050204605e-06,-1.9795321413061284,1.4,2.0869565217391304,7
72.82050000016568,-0.237454075896157,1.9232241260175778,-1.571243716802871e-06,-1.9766804989446427,1.4,2.0869565217391304,7
72.84050000016578,-0.23804917579654883,1.9218200151889377,-1.0154265263888452e-06,-1.9738295606901688,1.4,2.0869565217391304,7
72.86050000016587,-0.23864028664612177,1.9204140598690524,-7.816819617751128e-07,-1.9709783975811332,1.4,2.0869565217391304,7
72.88050000016597,-0.23922721472404565,1.919006304806291,-8.5433779610783e-07,-1.9681271135536191,1.4,2.0869565217391304,7
72.90050000016606,-0.23981013075778052,1.9175968186773908,-1.7376505214505865e-06,-1.965276280690761,1.4,2.0869565217391304,7
72.92050000016616,-0.2403890282717312,1.916185787659926,-2.188701148034678e-06,-1.9624256320588507,1.4,2.0869565217391304,7
72.94050000016625,-0.24096373714210442,1.914773832145694,-1.3802477499376827e-06,-1.9595763604403773,1.4,2.0869565217391304,7
72.96050000016635,-0.2415343992583963,1.913360250292796,-9.26195680248937e-07,-1.9567273423843254,1.4,2.0869565217391304,7
72.98050000016644,-0.24210091066735084,1.9119454759580383,-2.2319267450632553e-07,-1.9538791379444653,1.4,2.0869565217391304,7
73.00050000016654,-0.24266339132991674,1.9105286884550323,-7.595447262914136e-07,-1.9510301032879556,1.4,2.0869565217391304,7
73.02050000016663,-0.24322191391722978,1.9091102485308222,-9.25756177198091e-07,-1.948181279557273,1.4,2.0869565217391304,7
73.04050000016673,-0.24377629900553685,1.9076899866995571,-1.7930644093190125e-06,-1.9453324305517488,1.4,2.0869565217391304,7
73.06050000016683,-0.24432652103852465,1.9062687987484899,-1.6550153168107047e-06,-1.942484723568163,1.4,2.0869565217391304,7
73.08050000016692,-0.24487276868435817,1.9048460298792496,-1.9597133193828426e-06,-1.939636996970119,1.4,2.0869565217391304,7
73.10050000016702,-0.24541487958417113,1.9034220238688715,-1.7105184290728895e-06,-1.9367898282522258,1.4,2.0869565217391304,7
73.12050000016711,-0.24595297944391248,1.901996295706461,-1.548574989593912e-06,-1.9339424519360977,1.4,2.0869565217391304,7
73.14050000016721,-0.24648687708125616,1.9005695671715432,-9.299835405834445e-07,-1.9310961588354938,1.4,2.0869565217391304,7
73.1605000001673,-0.24701679449370414,1.8991408984029297,-9.430734073661874e-07,-1.9282491526998247,1.4,2.0869565217391304,7
73.1805000001674,-0.24754246487659806,1.8977114037505332,-2.9465436153719576e-07,-1.9254035523071882,1.4,2.0869565217391304,7
73.2005000001675,-0.24806410017811417,1.89628004847003,-1.2998567183283539e-07,-1.922557316479662,1.4,2.0869565217391304,7
73.22050000016759,-0.24858164016072318,1.8948473855433754,-2.7286888897534695e-08,-1.9197114341006765,1.4,2.0869565217391304,7
73.24050000016769,-0.2490950719484568,1.8934133218536122,5.658207629886456e-08,-1.916865769917042,1.4,2.0869565217391304,7
73.26050000016778,-0.24960439047902902,1.8919778602608979,-1.8659429094562277e-07,-1.9140199645082772,1.4,2.0869565217391304,7
73.28050000016788,-0.2501094923239851,1.890540526593497,-1.0415320067628876e-06,-1.911174136904954,1.4,2.0869565217391304,7
73.30050000016797,-0.2506104322606619,1.889102313759556,-1.3530819270959546e-06,-1.9083292955665332,1.4,2.0869565217391304,7
73.32050000016807,-0.25110730810785215,1.8876627089069427,-2.2434656798269315e-06,-1.9054844374008602,1.4,2.0869565217391304,7
73.34050000016816,-0.2516000623978319,1.8862225161924728,-1.305834047404563e-06,-1.9026409019988757,1.4,2.0869565217391304,7
73.36050000016826,-0.2520886828142619,1.884780491557353,-1.3510048940067973e-06,-1.899796810651582,1.4,2.0869565217391304,7
73.38050000016835,-0.25257308957353797,1.8833373032094116,-1.0965155295609953e-06,-1.8969532480497353,1.4,2.0869565217391304,7
73.40050000016845,-0.25305338102141045,1.8818924620516018,-1.895086660869177e-06,-1.8941092791028742,1.4,2.0869565217391304,7
73.42050000016854,-0.2535295820951682,1.8804474487605856,-6.399990991974551e-07,-1.8912672534631036,1.4,2.0869565217391304,7
73.44050000016864,-0.25400152002575654,1.8790000363198285,-1.6281509148899593e-06,-1.888423698055916,1.4,2.0869565217391304,7
73.46050000016874,-0.25446942077106477,1.877552603225857,-2.6176168608866655e-08,-1.8855825368153283,1.4,2.0869565217391304,7
73.48050000016883,-0.2549330825844644,1.8761032122432502,2.9682504773534908e-08,-1.8827402329272123,1.4,2.0869565217391304,7
73.50050000016893,-0.2553924558785937,1.874652736718,-4.7133803012363344e-07,-1.8798982655852616,1.4,2.0869565217391304,7
73.52050000016902,-0.2558476631296624,1.8732011711112004,-7.515527156263455e-07,-1.8770571260660678,1.4,2.0869565217391304,7
73.54050000016912,-0.2562986030371959,1.871748599218324,-8.669846554672268e-07,-1.874216597925945,1.4,2.0869565217391304,7
73.56050000016921,-0.2567454361504034,1.8702949842409342,-1.0190312913825904e-06,-1.8713765454039977,1.4,2.0869565217391304,7
73.58050000016931,-0.25718812859834994,1.8688407273397603,4.747246280443137e-08,-1.8685378254116307,1.4,2.0869565217391304,7
73.6005000001694,-0.257626708713783,1.8673845553015458,-3.1121117853641064e-07,-1.8656979350842,1.4,2.0869565217391304,7
73.6205000001695,-0.2580610696024068,1.865927329774633,-8.710059927752999e-07,-1.8628583367334273,1.4,2.0869565217391304,7
73.6405000001696,-0.25849115895403246,1.8644692609447495,-6.865557423701633e-07,-1.8600196979136587,1.4,2.0869565217391304,7
73.66050000016969,-0.25891711703850584,1.8630098400859663,-1.3088215152624139e-06,-1.857180754459605,1.4,2.0869565217391304,7
73.68050000016979,-0.2593388612529129,1.8615495671871405,-1.655218462529535e-06,-1.8543424375386233,1.4,2.0869565217391304,7
73.70050000016988,-0.25975646678886666,1.8600881899600348,-2.199089862335725e-06,-1.8515043065454486,1.4,2.0869565217391304,7
73.72050000016998,-0.2601697711374385,1.8586260058608108,-2.193495857690239e-06,-1.848666798485517,1.4,2.0869565217391304,7
73.74050000017007,-0.26057886754114457,1.8571630571978297,-1.9530925490003676e-06,-1.845830151052346,1.4,2.0869565217391304,7
73.76050000017017,-0.2609836749278669,1.855699135101856,-1.997113829550678e-06,-1.8429937765310218,1.4,2.0869565217391304,7
73.78050000017026,-0.2613842877494887,1.8542343379820478,-2.163338928984928e-06,-1.8401578036555517,1.4,2.0869565217391304,7
73.80050000017036,-0.2617807240560751,1.8527692063960195,-1.2094568933244522e-06,-1.8373230886748106,1.4,2.0869565217391304,7
73.82050000017045,-0.2621728593605653,1.8513028481614027,-1.0821957929017568e-06,-1.8344881345046322,1.4,2.0869565217391304,7
73.84050000017055,-0.262560870142212,1.8498356784194363,-4.699715487071378e-07,-1.8316539032921269,1.4,2.0869565217391304,7
73.86050000017065,-0.26294451177080275,1.8483673967249918,-6.943635016407746e-07,-1.828819367874299,1.4,2.0869565217391304,7
73.88050000017074,-0.2633240009676152,1.8468978303551553,-1.6331392845015188e-06,-1.8259842261967816,1.4,2.0869565217391304,7
73.90050000017084,-0.26369914095826413,1.845428076857056,-1.6049166228068802e-06,-1.82315058728439,1.4,2.0869565217391304,7
73.92050000017093,-0.26407012667478585,1.8439571747434043,-2.6299079531423604e-06,-1.8203165296170167,1.4,2.0869565217391304,7
73.94050000017103,-0.26443683358003595,1.8424859599673415,-2.301499209086538e-06,-1.8174835336415431,1.4,2.0869565217391304,7
73.96050000017112,-0.26479933491931634,1.8410145237026196,-1.1720549466213184e-06,-1.8146517150023243,1.4,2.0869565217391304,7
73.98050000017122,-0.26515757174976884,1.8395422581911698,-6.074636482735989e-07,-1.8118200888780047,1.4,2.0869565217391304,7
74.00050000017131,-0.2655115017485851,1.838068746737118,-4.840412996604339e-07,-1.8089883501957889,1.4,2.0869565217391304,7
74.02050000017141,-0.26586110846426425,1.836594565744898,-1.2044167685430262e-06,-1.80615657182366,1.4,2.0869565217391304,7
74.0405000001715,-0.26620644760071255,1.8351197179399878,-1.6624951093936104e-06,-1.803325145353732,1.4,2.0869565217391304,7
74.0605000001716,-0.26654747529569883,1.8336443561505147,-2.2845157875353995e-06,-1.8004942567480131,1.4,2.0869565217391304,7
74.0805000001717,-0.26688420918643047,1.8321688793426916,-1.808866018488853e-06,-1.7976646278753758,1.4,2.0869565217391304,7
74.10050000017179,-0.26721674440400384,1.8306926552629372,-2.4766523662805485e-06,-1.7948349932504868,1.4,2.0869565217391304,7
74.12050000017189,-0.2675450227485928,1.829216511566054,-1.448783192713717e-06,-1.7920066185325996,1.4,2.0869565217391304,7
74.14050000017198,-0.2678691218960113,1.8277391197241386,-1.0733688559928382e-06,-1.7891777370396034,1.4,2.0869565217391304,7
74.16050000017208,-0.26818875397870645,1.8262611670218905,-1.070930352188824e-06,-1.7863490545241394,1.4,2.0869565217391304,7
74.18050000017217,-0.2685041772183966,1.8247823549532913,-2.107634001444263e-06,-1.7835200362726562,1.4,2.0869565217391304,7
74.20050000017227,-0.26881525054312977,1.8233034318588344,-2.3615240122348065e-06,-1.7806919748542214,1.4,2.0869565217391304,7
74.22050000017236,-0.26912214201006274,1.8218244801221635,-1.8415107243030322e-06,-1.777864926842963,1.4,2.0869565217391304,7
74.24050000017246,-0.2694248830169984,1.8203457306077335,-6.192687574631743e-08,-1.7750395210343786,1.4,2.0869565217391304,7
74.26050000017256,-0.2697231924803009,1.81886499930432,-1.1279950835629814e-06,-1.7722117091131624,1.4,2.0869565217391304,7
74.28050000017265,-0.27001717971932004,1.817384392979109,-1.6732992213254768e-06,-1.7693852372794483,1.4,2.0869565217391304,7
74.30050000017275,-0.2703068684019637,1.815903230217048,-2.4851154223747926e-06,-1.7665586899075578,1.4,2.0869565217391304,7
74.32050000017284,-0.27059234845502483,1.814422623882846,-1.8145925416472146e-06,-1.7637341106492308,1.4,2.0869565217391304,7
74.34050000017294,-0.27087351807233945,1.8129417253267706,-8.809196883766513e-07,-1.7609099618317252,1.4,2.0869565217391304,7
74.36050000017303,-0.2711504075783215,1.8114602272805154,-5.876900498043099e-07,-1.7580860321047793,1.4,2.0869565217391304,7
74.38050000017313,-0.27142295129536737,1.8099775485884415,-2.2850658680794333e-06,-1.755260678238099,1.4,2.0869565217391304,7
74.40050000017322,-0.2716911646106102,1.808495228868666,-2.109580298757377e-06,-1.752436803509078,1.4,2.0869565217391304,7
74.42050000017332,-0.27195516680820403,1.8070129625340086,-1.947948775227245e-06,-1.7496137845595792,1.4,2.0869565217391304,7
74.44050000017342,-0.27221505193241924,1.8055312094842038,-1.5518312239615605e-07,-1.7467926111416436,1.4,2.0869565217391304,7
74.46050000017351,-0.27247042566572727,1.8040477984241747,-1.2388859007088514e-06,-1.7439692617614808,1.4,2.0869565217391304,7
74.4805000001736,-0.27272151383568494,1.8025643390379502,-2.078253125609905e-06,-1.741146536612856,1.4,2.0869565217391304,7
74.5005000001737,-0.2729683656849628,1.8010811186391085,-2.4227784931186673e-06,-1.7383248583036182,1.4,2.0869565217391304,7
74.5205000001738,-0.2732110059617267,1.7995985863456483,-8.986649921452969e-07,-1.735504912552676,1.4,2.0869565217391304,7
74.54050000017389,-0.27344935324899045,1.79811496818515,-1.0681946634022829e-06,-1.7326841457580002,1.4,2.0869565217391304,7
74.56050000017399,-0.2736832871201158,1.7966307691606245,-2.089216272611148e-06,-1.7298627024042126,1.4,2.0869565217391304,7
74.58050000017408,-0.27391300023297793,1.7951470222244925,-2.219963008123221e-06,-1.7270425562431304,1.4,2.0869565217391304,7
74.60050000017418,-0.27413868550962306,1.79366436317511,-3.584031068103059e-07,-1.7242246246685005,1.4,2.0869565217391304,7
74.62050000017427,-0.27435978910880104,1.7921796558484688,-1.4951164537556893e-06,-1.7214042401859666,1.4,2.0869565217391304,7
74.64050000017437,-0.27457660968613784,1.7906951883843414,-2.437056419336422e-06,-1.7185844249555817,1.4,2.0869565217391304,7
74.66050000017447,-0.2747892547320392,1.7892115947326075,-1.7792608344555103e-06,-1.7157664706670515,1.4,2.0869565217391304,7
74.68050000017456,-0.27499755000662407,1.787727556032303,-1.0105895451161297e-06,-1.712948519191248,1.4,2.0869565217391304,7
74.70050000017466,-0.27520132992117324,1.7862426198400907,-2.293142355209271e-06,-1.7101293383853267,1.4,2.0869565217391304,7
74.72050000017475,-0.2754006671700085,1.784758374812272,-2.125706585415413e-06,-1.7073118831140688,1.4,2.0869565217391304,7
74.74050000017485,-0.2755957605536004,1.7832744766334596,-7.420355199091945e-07,-1.7044956829411768,1.4,2.0869565217391304,7
74.76050000017494,-0.2757861130570061,1.7817891426091401,-2.2427602670336775e-06,-1.7016773622382813,1.4,2.0869565217391304,7
74.78050000017504,-0.27597193257709995,1.7803044858953658,-2.3048534502624837e-06,-1.6988607419980024,1.4,2.0869565217391304,7
74.80050000017513,-0.2761535574081126,1.7788205181021233,-5.869146834997403e-07,-1.6960458581953919,1.4,2.0869565217391304,7
74.82050000017523,-0.2763303471523744,1.7773348121140458,-2.1218696470293824e-06,-1.6932282806027872,1.4,2.0869565217391304,7
74.84050000017533,-0.2765024553894442,1.775849724923547,-2.366054827885796e-06,-1.6904123406393265,1.4,2.0869565217391304,7
74.86050000017542,-0.27667037951131085,1.7743656369177074,-3.472681820831709e-07,-1.6875986210646094,1.4,2.0869565217391304,7
74.88050000017552,-0.2768333123314024,1.7728794955478682,-2.153037600874505e-06,-1.6847816875956025,1.4,2.0869565217391304,7
74.90050000017561,-0.2769916557745427,1.7713940068746006,-2.3712688721674345e-06,-1.6819662505322563,1.4,2.0869565217391304,7
74.9205000001757,-0.27714587973050675,1.7699096551951468,-2.2357641832634898e-07,-1.679153168667204,1.4,2.0869565217391304,7
74.9405000001758,-0.27729506776182006,1.768423180963799,-2.0083416666555807e-06,-1.6763366639018213,1.4,2.0869565217391304,7
74.9605000001759,-0.277439899251279,1.7669370531417377,-3.0467727752101872e-06,-1.6735208028415876,1.4,2.0869565217391304,7
74.980500000176,-0.2775805395688441,1.7654523186138689,-7.273883908134905e-07,-1.6707077709994982,1.4,2.0869565217391304,7
75.00050000017609,-0.2777161204377707,1.7639652325784414,-2.813181643881139e-06,-1.6678907569525117,1.4,2.0869565217391304,7
75.02050000017618,-0.2778471544185113,1.7624795207870676,-2.183277478313892e-06,-1.665076399425315,1.4,2.0869565217391304,7
75.04050000017628,-0.27797398776296306,1.7609933344121929,-1.748061259728098e-06,-1.6622614403129903,1.4,2.0869565217391304,7
75.06050000017638,-0.27809611373816717,1.7595058880346777,-3.5094925369002894e-06,-1.6594439742684128,1.4,2.0869565217391304,7
75.08050000017647,-0.2782140952971485,1.7580209432377,-5.225224824567332e-07,-1.6566313297493278,1.4,2.0869565217391304,7
75.10050000017657,-0.27832725498699606,1.7565334712120853,-2.569959584190978e-06,-1.6538140041759004,1.4,2.0869565217391304,7
75.12050000017666,-0.2784357395044048,1.7550473792040726,-2.3159212816525992e-06,-1.650999336388237,1.4,2.0869565217391304,7
75.14050000017676,-0.27854013939632,1.753561487407899,-1.4539421310106957e-06,-1.6481851333001014,1.4,2.0869565217391304,7
75.16050000017685,-0.2786397204422035,1.7520740740845746,-3.566782569637747e-06,-1.645367843460768,1.4,2.0869565217391304,7
75.18050000017695,-0.2787349154426981,1.7505894999519238,-3.4653070788689727e-07,-1.6425560529706398,1.4,2.0869565217391304,7
75.20050000017704,-0.2788253241401432,1.7491017733195713,-2.9706604440348913e-06,-1.6397382036007175,1.4,2.0869565217391304,7
75.22050000017714,-0.2789114173154306,1.7476167340731785,-6.109285399816007e-07,-1.6369250099108181,1.4,2.0869565217391304,7
75.24050000017724,-0.27899388992936397,1.746129470957745,-6.003581496878075e-07,-1.6341068307582534,1.4,2.0869565217391304,7
75.26050000017733,-0.27907183739988844,1.7446419095029304,-3.444956484419956e-07,-1.631287875591407,1.4,2.0869565217391304,7
75.28050000017743,-0.27914543228423633,1.7431537983736427,-2.7840147521733125e-07,-1.6284677047878382,1.4,2.0869565217391304,7
75.30050000017752,-0.2792145665053994,1.7416652645305397,-3.8831596813446453e-07,-1.6256465717594102,1.4,2.0869565217391304,7
75.32050000017762,-0.27927919315782285,1.7401764514394154,-2.995552916328964e-07,-1.6228245931350205,1.4,2.0869565217391304,7
75.34050000017771,-0.27933959426566995,1.7386876812710084,-1.4310079815776845e-07,-1.6200023207987473,1.4,2.0869565217391304,7
75.36050000017781,-0.2793958267095326,1.7371984719820783,-5.18816016193775e-07,-1.617178755243018,1.4,2.0869565217391304,7
75.3805000001779,-0.2794477562961246,1.7357096193838448,-2.235313388836335e-07,-1.6143554515991654,1.4,2.0869565217391304,7
75.400500000178,-0.27949544532199144,1.734220628937122,-1.8577792989699626e-07,-1.6115314051525302,1.4,2.0869565217391304,7
75.4205000001781,-0.2795386196768664,1.7327315572357882,-2.597987209943798e-07,-1.6087067485456892,1.4,2.0869565217391304,7
75.44050000017819,-0.2795778610213678,1.7312426532554168,-3.0838646681592917e-07,-1.6058817443314177,1.4,2.0869565217391304,7
75.46050000017829,-0.279612721365564,1.729753907337079,-3.232832018197421e-07,-1.6030566123678613,1.4,2.0869565217391304,7
75.48050000017838,-0.2796433537219138,1.7282653130905608,-1.2993795159287342e-07,-1.6002312118209723,1.4,2.0869565217391304,7
75.50050000017848,-0.2796699421722754,1.7267766970996319,-4.7187818750898247e-07,-1.597404946601269,1.4,2.0869565217391304,7
75.52050000017857,-0.2796922517530502,1.7252885584238415,-3.917356346128997e-07,-1.5945790605196972,1.4,2.0869565217391304,7
75.54050000017867,-0.27971024842377923,1.723800645290609,-5.0678412116757e-07,-1.5917530165545122,1.4,2.0869565217391304,7
75.56050000017876,-0.2797238726517542,1.7223129358070026,-3.5985599489897054e-07,-1.5889267479940543,1.4,2.0869565217391304,7
75.58050000017886,-0.2797332232942744,1.720825449766999,-2.0661920524343492e-07,-1.5861003043742254,1.4,2.0869565217391304,7
75.60050000017895,-0.27973853454871134,1.7193380728390184,-4.2182412202770356e-07,-1.583273127315517,1.4,2.0869565217391304,7
75.62050000017905,-0.27973960592592195,1.7178513326330587,-1.3360804714112344e-07,-1.5804465625877244,1.4,2.0869565217391304,7
75.64050000017914,-0.2797366470681652,1.716364749391022,-5.32649006683718e-07,-1.5776192807526703,1.4,2.0869565217391304,7
75.66050000017924,-0.2797292114507139,1.7148786811652152,-2.2674885454364238e-07,-1.5747924556830968,1.4,2.0869565217391304,7
75.68050000017934,-0.27971756792425423,1.7133929466383115,-1.8869546121202493e-07,-1.5719654108991452,1.4,2.0869565217391304,7
75.70050000017943,-0.2797016303186061,1.7119074932682232,-2.134551438534451e-07,-1.5691380918451476,1.4,2.0869565217391304,7
75.72050000017953,-0.27968160867017494,1.7104224486402515,-2.3321348982534013e-07,-1.566310624891966,1.4,2.0869565217391304,7
75.74050000017962,-0.2796574661017866,1.708937880273847,-2.9884210338576215e-07,-1.5634832645350663,1.4,2.0869565217391304,7
75.76050000017972,-0.2796290528489105,1.7074536444568078,-3.073307136915064e-07,-1.5606555256171695,1.4,2.0869565217391304,7
75.78050000017981,-0.279595977074952,1.7059696652025356,-3.102213949279963e-07,-1.557827546352044,1.4,2.0869565217391304,7
75.80050000017991,-0.27955901372711306,1.7044861282042632,-3.050279148377346e-07,-1.5549993767738766,1.4,2.0869565217391304,7
75.82050000018,-0.2795178574423786,1.7030028991088564,-3.411088897393067e-07,-1.5521707812337027,1.4,2.0869565217391304,7
75.8405000001801,-0.2794726647808874,1.7015202551280735,-2.9430490411104923e-07,-1.5493422299043136,1.4,2.0869565217391304,7
75.8605000001802,-0.27942341827033335,1.7000381839457486,-4.25549446482876e-07,-1.5465136938183957,1.4,2.0869565217391304,7
75.88050000018029,-0.27936975061806063,1.6985564803351232,-3.356168298758017e-07,-1.5436849834551247,1.4,2.0869565217391304,7
75.90050000018039,-0.27931208236478466,1.6970751720967097,-3.34485833590759e-07,-1.5408558411016207,1.4,2.0869565217391304,7
75.92050000018048,-0.27925021262484334,1.6955945296581039,-2.0823627954053637e-07,-1.538026855707809,1.4,2.0869565217391304,7
75.94050000018058,-0.2791843028517264,1.6941144372050492,-2.77303802519096e-07,-1.5351977515270159,1.4,2.0869565217391304,7
75.96050000018067,-0.27911403299586995,1.6926348788006078,-2.1769117245400998e-07,-1.532368637927654,1.4,2.0869565217391304,7
75.98050000018077,-0.27903952287152384,1.6911557829069228,-2.206849325882995e-07,-1.5295392679099715,1.4,2.0869565217391304,7
76.00050000018086,-0.2789610919853996,1.689677195270825,-2.614631804966596e-07,-1.5267095646029412,1.4,2.0869565217391304,7
76.02050000018096,-0.2788785218117623,1.6881993009469038,-3.316762454924699e-07,-1.5238800285916059,1.4,2.0869565217391304,7
76.04050000018105,-0.27879172364010796,1.6867218837441516,-3.3737598332430605e-07,-1.5210501622556798,1.4,2.0869565217391304,7
76.06050000018115,-0.27870079383389035,1.6852450802197845,-2.3342378185979902e-07,-1.5182202222136245,1.4,2.0869565217391304,7
76.08050000018125,-0.27860578741981834,1.6837688790223644,-3.762024890272328e-07,-1.5153901634247307,1.4,2.0869565217391304,7
76.10050000018134,-0.27850637505117715,1.68229325932424,-1.8843359355095294e-07,-1.5125600217392792,1.4,2.0869565217391304,7
76.12050000018144,-0.2784029871682569,1.680818086568364,-3.0642134770183057e-07,-1.5097293156700486,1.4,2.0869565217391304,7
76.14050000018153,-0.27829559898531675,1.6793434171226318,-1.6222896034853802e-07,-1.5068981468224465,1.4,2.0869565217391304,7
76.16050000018163,-0.27818450293415486,1.6778691541973974,-3.886943034396959e-07,-1.5040660785966016,1.4,2.0869565217391304,7
76.18050000018172,-0.2780697045190504,1.676395787949059,-2.77179040882245e-07,-1.5012342229684494,1.4,2.0869565217391304,7
76.20050000018182,-0.2779511277479915,1.6749229581746075,-3.461510767772616e-07,-1.498401784813735,1.4,2.0869565217391304,7
76.22050000018191,-0.27782871978819207,1.673450793415126,-3.159266644761013e-07,-1.4955691235540465,1.4,2.0869565217391304,7
76.24050000018201,-0.2777023078877767,1.671979150868038,-4.1464152197618114e-07,-1.4927358475337438,1.4,2.0869565217391304,7
76.2605000001821,-0.27757211227631795,1.6705080811037194,-4.4027916634602854e-07,-1.4899019564219789,1.4,2.0869565217391304,7
76.2805000001822,-0.2774380642026735,1.669037861124669,-1.8169140280366654e-07,-1.4870680738668407,1.4,2.0869565217391304,7
76.3005000001823,-0.2773002707296771,1.6675682804366896,-2.1438340477495352e-07,-1.4842336532497118,1.4,2.0869565217391304,7
76.32050000018239,-0.27715849411497967,1.6660993504892245,-2.4556150319470776e-07,-1.481398880556547,1.4,2.0869565217391304,7
76.34050000018249,-0.2770130201843995,1.664631078442456,-2.40070670919623e-07,-1.478563630984018,1.4,2.0869565217391304,7
76.36050000018258,-0.27686370946416433,1.6631636321487635,-2.9141269080601025e-07,-1.4757281395519442,1.4,2.0869565217391304,7
76.38050000018268,-0.2767105008486544,1.661696855837597,-1.8503023689898271e-07,-1.4728922123435868,1.4,2.0869565217391304,7
76.40050000018277,-0.27655350535816814,1.6602307940241086,-1.6970848503023705e-07,-1.4700557885786851,1.4,2.0869565217391304,7
76.42050000018287,-0.27639271647922964,1.6587654777068523,-2.7040771270942425e-07,-1.4672190292970388,1.4,2.0869565217391304,7
76.44050000018296,-0.2762281286415777,1.6573008835811,-3.2589018466766e-07,-1.4643818174437384,1.4,2.0869565217391304,7
76.46050000018306,-0.27605967642267465,1.655836981624069,-2.738374196147681e-07,-1.4615440003455518,1.4,2.0869565217391304,7
76.48050000018316,-0.27588742735361427,1.65437386036117,-2.543539023675524e-07,-1.4587059201678545,1.4,2.0869565217391304,7
76.50050000018325,-0.2757113212290301,1.6529114840849979,-1.609193175402515e-07,-1.4558673639278252,1.4,2.0869565217391304,7
76.52050000018335,-0.27553140539404253,1.6514499197482324,-1.8518513442778664e-07,-1.4530282807794483,1.4,2.0869565217391304,7
76.54050000018344,-0.27534765590627686,1.6499890795203984,-1.2242427298686394e-07,-1.4501888050588183,1.4,2.0869565217391304,7
76.56050000018354,-0.2751601495438827,1.6485289077585754,-2.9345044633233396e-07,-1.447348568135853,1.4,2.0869565217391304,7
76.58050000018363,-0.27496884689743983,1.6470696344033977,-2.665505593842886e-07,-1.4445080798718177,1.4,2.0869565217391304,7
76.60050000018373,-0.27477376795533337,1.6456111723964455,-2.0700461605888364e-07,-1.4416671271039017,1.4,2.0869565217391304,7
76.62050000018382,-0.2745748807240083,1.6441534836719938,-2.5668671362311184e-07,-1.438825569227471,1.4,2.0869565217391304,7
76.64050000018392,-0.2743722328424696,1.642696647815309,-1.964866000288922e-07,-1.4359836452973265,1.4,2.0869565217391304,7
76.66050000018402,-0.27416581573124144,1.6412405144917572,-4.025186419988792e-07,-1.4331409416886514,1.4,2.0869565217391304,7
76.68050000018411,-0.273955618231111,1.6397853866023235,-4.081527662950255e-07,-1.4302981705767428,1.4,2.0869565217391304,7
76.7005000001842,-0.2737416445468248,1.6383310854074198,-4.2833635234141377e-07,-1.4274548732151728,1.4,2.0869565217391304,7
76.7205000001843,-0.2735238596792164,1.6368776412927877,-3.5137917866018584e-07,-1.4246111026498363,1.4,2.0869565217391304,7
76.7405000001844,-0.2733021549295641,1.6354250847727838,-1.9822165565554906e-07,-1.4217669545511116,1.4,2.0869565217391304,7
76.76050000018449,-0.2730764497114546,1.6339733308421538,-2.1378318709179888e-07,-1.4189222299137472,1.4,2.0869565217391304,7
76.78050000018459,-0.2728467162106529,1.632522506237132,-1.6381461555404578e-07,-1.4160772895740403,1.4,2.0869565217391304,7
76.80050000018468,-0.27261295659656953,1.6310726290318196,-1.2732730752595589e-07,-1.4132320497252553,1.4,2.0869565217391304,7
76.82050000018478,-0.27237514907773785,1.6296235397593812,-3.780675253907114e-07,-1.4103862162782141,1.4,2.0869565217391304,7
76.84050000018487,-0.2721332423766625,1.628175197914665,-3.880432929673338e-07,-1.4075396880698272,1.4,2.0869565217391304,7
76.86050000018497,-0.27188728600061557,1.6267277327427005,-2.3230977031836576e-07,-1.4046927217995608,1.4,2.0869565217391304,7
76.88050000018507,-0.27163727206758054,1.625281090058541,-4.816237376492316e-07,-1.4018450535918328,1.4,2.0869565217391304,7
76.90050000018516,-0.27138312546945664,1.6238351303131782,-2.0885700518987453e-07,-1.3989966123877606,1.4,2.0869565217391304,7
76.92050000018526,-0.2711248986298492,1.6223899699622617,-8.399658446298124e-08,-1.3961474864501946,1.4,2.0869565217391304,7
76.94050000018535,-0.27086259436017146,1.620945495459256,-2.1990889173765057e-07,-1.3932975207035379,1.4,2.0869565217391304,7
76.96050000018545,-0.2705962084297827,1.6195019954862506,-1.9458312509091905e-07,-1.390447105422309,1.4,2.0869565217391304,7
76.98050000018554,-0.2703257043487806,1.618059215297034,-2.1648560762071916e-07,-1.3875958540306295,1.4,2.0869565217391304,7
77.00050000018564,-0.2700511291128046,1.6166173615178228,-1.3674105812578806e-07,-1.3847441469312944,1.4,2.0869565217391304,7
77.02050000018573,-0.2697724985010158,1.6151763316769407,-2.0203991705645932e-07,-1.3818917423597599,1.4,2.0869565217391304,7
77.04050000018583,-0.26948972888774037,1.613736077244298,-1.651739414057451e-07,-1.379038477174051,1.4,2.0869565217391304,7
77.06050000018593,-0.26920290755658877,1.6122966686673947,-1.818215076906688e-07,-1.376184547372086,1.4,2.0869565217391304,7
77.08050000018602,-0.2689119752209094,1.6108580484900343,-1.33934968077475e-07,-1.373329878466065,1.4,2.0869565217391304,7
77.10050000018612,-0.2686169865064369,1.6094204360425697,-2.032556955498293e-07,-1.370474721432332,1.4,2.0869565217391304,7
77.12050000018621,-0.26831791195602334,1.60798371196215,-1.6326593405263987e-07,-1.3676190135347557,1.4,2.0869565217391304,7
77.14050000018631,-0.26801473029093625,1.606547766336207,-3.6952956754563906e-07,-1.364762322948415,1.4,2.0869565217391304,7
77.1605000001864,-0.2677075160495218,1.6051129353403697,-1.833034665999411e-07,-1.3619055443455548,1.4,2.0869565217391304,7
77.1805000001865,-0.2673962299294627,1.603678976399728,-4.608333875128062e-07,-1.3590478247887519,1.4,2.0869565217391304,7
77.2005000001866,-0.2670808216649277,1.602245837396787,-2.7488394858125927e-07,-1.3561893098365476,1.4,2.0869565217391304,7
77.22050000018669,-0.26676137039992587,1.600813723107879,-7.855908501738724e-08,-1.3533304527543926,1.4,2.0869565217391304,7
77.24050000018678,-0.26643782351255313,1.5993824635291298,-1.5240198619397612e-07,-1.3504706311111325,1.4,2.0869565217391304,7
77.26050000018688,-0.26611021785634664,1.5979521374399805,-1.2339636255876605e-07,-1.3476103097130074,1.4,2.0869565217391304,7
77.28050000018698,-0.26577851582684264,1.5965226876710727,-2.7977065138029694e-07,-1.344749010598567,1.4,2.0869565217391304,7
77.30050000018707,-0.2654427699071733,1.5950943183170112,-2.2157379227832527e-07,-1.3418873674418683,1.4,2.0869565217391304,7
77.32050000018717,-0.26510289937965853,1.5936667341202977,-2.1799774946151928e-07,-1.3390246904005023,1.4,2.0869565217391304,7
77.34050000018726,-0.2647589984220707,1.5922402985838058,-1.7727044053089167e-07,-1.336161748361646,1.4,2.0869565217391304,7
77.36050000018736,-0.26441102064321864,1.5908148394508506,-1.0157006478802569e-07,-1.3332981246967759,1.4,2.0869565217391304,7
77.38050000018745,-0.264058971414457,1.5893903574463673,-1.3411904770468045e-07,-1.3304338632220822,1.4,2.0869565217391304,7
77.40050000018755,-0.2637022825337874,1.587966988871829,-2.1848017261869986e-06,-1.327569651266367,1.4,2.0869565217391304,7
77.42050000018764,-0.26334183377616893,1.58654723602439,-1.629566338053395e-06,-1.324710103191524,1.4,2.0869565217391304,7
77.44050000018774,-0.2629775206786005,1.5851296103963555,-1.5279811926227395e-06,-1.3218522184300507,1.4,2.0869565217391304,7
77.46050000018784,-0.2626093722276622,1.5837139753025455,-1.3716432012740082e-06,-1.3189956040548019,1.4,2.0869565217391304,7
77.48050000018793,-0.2622371537907399,1.582300229905936,-1.20609140918006e-06,-1.3161400176558518,1.4,2.0869565217391304,7
77.50050000018803,-0.26186131972725973,1.5808882839268938,-1.0979680808329321e-06,-1.3132852642142432,1.4,2.0869565217391304,7
77.52050000018812,-0.2614813249450689,1.5794778403892114,-8.503401754274554e-07,-1.3104307205075088,1.4,2.0869565217391304,7
77.54050000018822,-0.26109776501169324,1.5780690509661606,-6.078482486200708e-07,-1.307576701958476,1.4,2.0869565217391304,7
77.56050000018831,-0.2607103494763227,1.5766617590957868,-1.453904971727983e-07,-1.3047227567883664,1.4,2.0869565217391304,7
77.58050000018841,-0.26031869198812707,1.5752558752806531,-2.1220195132532451e-07,-1.3018685521286064,1.4,2.0869565217391304,7
77.6005000001885,-0.25992320166902655,1.5738510466825122,-7.782853835416974e-07,-1.2990139075119607,1.4,2.0869565217391304,7
77.6205000001886,-0.25952380181072005,1.5724474618462572,-1.3696542914578091e-06,-1.2961589234778321,1.4,2.0869565217391304,7
77.6405000001887,-0.25912065792903516,1.5710455792311624,-1.6505834480208554e-06,-1.2933044170460852,1.4,2.0869565217391304,7
77.66050000018879,-0.25871332043535694,1.56964500383932,-1.7132227814784738e-06,-1.290449604079113,1.4,2.0869565217391304,7
77.68050000018889,-0.25830186733972094,1.5682457561751335,-1.571443250377697e-06,-1.287594587092595,1.4,2.0869565217391304,7
77.70050000018898,-0.25788642964798997,1.5668477944150987,-1.472363622671159e-06,-1.2847391514341566,1.4,2.0869565217391304,7
77.72050000018908,-0.25746697492207826,1.5654506544141176,-1.6027313408391897e-06,-1.2818824079938695,1.4,2.0869565217391304,7
77.74050000018917,-0.2570439216442638,1.5640548171078292,-1.4371431921583966e-06,-1.2790252685435335,1.4,2.0869565217391304,7
77.76050000018927,-0.25661705734997525,1.5626604848776302,-8.482325673284884e-07,-1.276168289148424,1.4,2.0869565217391304,7
77.78050000018936,-0.25618624813174445,1.5612675385200943,-3.6121720840610157e-07,-1.2733111276266762,1.4,2.0869565217391304,7
77.80050000018946,-0.25575136667216686,1.5598757662229565,-5.977855007624204e-07,-1.2704530171522728,1.4,2.0869565217391304,7
77.82050000018955,-0.2553123346446773,1.558484992023647,-1.4244549165749626e-06,-1.267594278668337,1.4,2.0869565217391304,7
77.84050000018965,-0.25486958520358544,1.5570959089115328,-1.4224744254026073e-06,-1.2647358627309375,1.4,2.0869565217391304,7
77.86050000018975,-0.25442288806352115,1.5557079561271565,-1.83205609722627e-06,-1.2618766939799915,1.4,2.0869565217391304,7
77.88050000018984,-0.25397244824820664,1.5543218095127598,-1.0279751382150921e-06,-1.2590180974782186,1.4,2.0869565217391304,7
77.90050000018994,-0.2535179175772126,1.5529365347732345,-1.1063332417241006e-06,-1.2561582024724336,1.4,2.0869565217391304,7
77.92050000019003,-0.25305963329185555,1.5515530935946924,-2.981313892624019e-07,-1.2532989936945194,1.4,2.0869565217391304,7
77.94050000019013,-0.2525969102125104,1.5501704191754675,-8.989011604791822e-07,-1.2504378633077877,1.4,2.0869565217391304,7
77.96050000019022,-0.25212999196233216,1.548788811866081,-1.7234013369905155e-06,-1.2475761406166246,1.4,2.0869565217391304,7
77.98050000019032,-0.251659605970966,1.547408742814342,-1.759693302443117e-06,-1.2447143557563876,1.4,2.0869565217391304,7
78.00050000019041,-0.2511852845395037,1.5460299501985149,-1.6841556652326722e-06,-1.2418520032900162,1.4,2.0869565217391304,7
78.02050000019051,-0.2507070540658487,1.5446524718581687,-1.477930790779993e-06,-1.2389892190442524,1.4,2.0869565217391304,7
78.0405000001906,-0.25022493176341115,1.5432764503234568,-1.268951639720791e-06,-1.2361262223898022,1.4,2.0869565217391304,7
78.0605000001907,-0.2497388853002644,1.5419020236973282,-1.0564348146640726e-07,-1.2332633820894607,1.4,2.0869565217391304,7
78.0805000001908,-0.2492486600756865,1.540528537268461,-5.835273619899935e-07,-1.2303988353856057,1.4,2.0869565217391304,7
78.10050000019089,-0.24875391884431994,1.5391559929943477,-1.6862051883323453e-06,-1.2275333379712579,1.4,2.0869565217391304,7
78.12050000019099,-0.2482556284182439,1.5377851325351477,-1.6558780063545493e-06,-1.2246680466993731,1.4,2.0869565217391304,7
78.14050000019108,-0.2477534917116139,1.5364156689308,-1.4993002837109987e-06,-1.2218023573836587,1.4,2.0869565217391304,7
78.16050000019118,-0.24724760156899553,1.5350476066111536,-1.1534102860265323e-06,-1.218936392732731,1.4,2.0869565217391304,7
78.18050000019127,-0.24673786337911985,1.5336811374720332,-5.043746112619069e-07,-1.2160703113583657,1.4,2.0869565217391304,7
78.20050000019137,-0.24622409554435773,1.5323158549229263,-4.960216229681289e-07,-1.2132031211806096,1.4,2.0869565217391304,7
78.22050000019146,-0.24570606663376246,1.5309516433155315,-1.1134187718083958e-06,-1.2103351620137779,1.4,2.0869565217391304,7
78.24050000019156,-0.24518417043611457,1.5295889331332702,-1.7666606364474383e-06,-1.20746704683226,1.4,2.0869565217391304,7
78.26050000019166,-0.24465856620083287,1.5282284531611756,-7.305846822582104e-07,-1.2046001403879576,1.4,2.0869565217391304,7
78.28050000019175,-0.2441287998700151,1.5268690943936587,-3.5474338171150693e-07,-1.2017321404957415,1.4,2.0869565217391304,7
78.30050000019185,-0.2435948435809832,1.525510704554866,-9.273153756734817e-07,-1.1988623909360374,1.4,2.0869565217391304,7
78.32050000019194,-0.243057091700416,1.524153444487672,-1.4329880715076085e-06,-1.1959919850095218,1.4,2.0869565217391304,7
78.34050000019204,-0.24251564590381464,1.522797910618669,-1.5033861249841874e-06,-1.1931217634909723,1.4,2.0869565217391304,7
78.36050000019213,-0.24197047109246275,1.5214440434723904,-1.1968257990801806e-06,-1.1902517147809268,1.4,2.0869565217391304,7
78.38050000019223,-0.24142150126224532,1.520091973569724,-2.3637137793809607e-07,-1.1873818380535237,1.4,2.0869565217391304,7
78.40050000019232,-0.2408679429802755,1.5187408094159454,-1.0023314299243354e-06,-1.1845099518169242,1.4,2.0869565217391304,7
78.42050000019242,-0.24031046726951885,1.5173908244278884,-1.3318890235203309e-06,-1.1816374160462264,1.4,2.0869565217391304,7
78.44050000019251,-0.2397492291716698,1.5160421060005047,-1.893788067278619e-06,-1.1787641078743967,1.4,2.0869565217391304,7
78.46050000019261,-0.23918429785617776,1.5146952675330216,-1.4244792815217289e-06,-1.1758912787111926,1.4,2.0869565217391304,7
78.4805000001927,-0.2386155626011017,1.5133502280213063,-7.981770036184014e-07,-1.1730186729430234,1.4,2.0869565217391304,7
78.5005000001928,-0.23804302520012277,1.512006901400589,1.6749590937719393e-07,-1.1701461300031144,1.4,2.0869565217391304,7
78.5205000001929,-0.2374659758567798,1.5106644458980445,-8.403051435086639e-07,-1.1672714493138006,1.4,2.0869565217391304,7
78.54050000019299,-0.2368850985713846,1.5093233456265083,-1.3643893057117708e-06,-1.1643964578394967,1.4,2.0869565217391304,7
78.56050000019309,-0.23630033535719325,1.5079840736220478,-1.502585891356365e-06,-1.1615217540808866,1.4,2.0869565217391304,7
78.58050000019318,-0.23571193089699963,1.5066465316921067,-1.0556149478530408e-06,-1.1586469994988413,1.4,2.0869565217391304,7
78.60050000019328,-0.23511955925329964,1.5053105772137951,-4.310759939583576e-07,-1.1557719975442957,1.4,2.0869565217391304,7
78.62050000019337,-0.23452335995715265,1.5039760181157642,-5.414047593785669e-07,-1.1528958931213908,1.4,2.0869565217391304,7
78.64050000019347,-0.2339228663146618,1.5026424699768997,-1.513925827796943e-06,-1.1500186846209408,1.4,2.0869565217391304,7
78.66050000019357,-0.23331869758021082,1.5013107629825355,-1.7696480484975948e-06,-1.1471417015774086,1.4,2.0869565217391304,7
78.68050000019366,-0.23271083646406135,1.499980842234075,-1.6288473451786002e-06,-1.1442648950175864,1.4,2.0869565217391304,7
78.70050000019376,-0.23209923132951202,1.49865278711802,-1.053555458242903e-06,-1.1413882323614515,1.4,2.0869565217391304,7
78.72050000019385,-0.23148387472706622,1.49732704605325,5.670527776580334e-08,-1.1385129191784962,1.4,2.0869565217391304,7
78.74050000019395,-0.2308612334631328,1.4960034879380864,-1.7777381700444516e-05,-1.1356388760464209,1.4,2.0869565217391304,7
78.76050000019404,-0.23024088638772017,1.4946869573425277,-1.1152400503230306e-06,-1.1327756848540367,1.4,2.0869565217391304,7
78.78050000019414,-0.2296145715818649,1.4933693085836521,-1.206727715768456e-06,-1.1299062563165696,1.4,2.0869565217391304,7
78.80050000019423,-0.22898610842029424,1.4920550436171918,-2.3191504710404308e-06,-1.1270402118345633,1.4,2.0869565217391304,7
78.82050000019433,-0.22835374226944985,1.490742162529537,-8.260317674466029e-07,-1.1241729550099193,1.4,2.0869565217391304,7
78.84050000019442,-0.2277166932574113,1.489429753298103,-1.5785668775115097e-06,-1.1213029554153484,1.4,2.0869565217391304,7
78.86050000019452,-0.22707580901924926,1.4881184454537806,-9.96965215060905e-07,-1.1184314206635129,1.4,2.0869565217391304,7
78.88050000019462,-0.22643079533110397,1.4868083525400038,-1.6108833758368164e-07,-1.1155583987180322,1.4,2.0869565217391304,7
78.90050000019471,-0.22578138695062058,1.4854989539692307,-9.352020046267032e-07,-1.1126824221298528,1.4,2.0869565217391304,7
78.9205000001948,-0.22512775635420082,1.4841906005633325,-1.6070100215047667e-06,-1.1098053628205822,1.4,2.0869565217391304,7
78.9405000001949,-0.22447034816444972,1.4828838560187807,-1.4863727786535658e-06,-1.106927922938778,1.4,2.0869565217391304,7
78.960500000195,-0.22380923021482416,1.4815791409726369,-3.9722893325897096e-07,-1.1040507993422022,1.4,2.0869565217391304,7
78.9805000001951,-0.2231437611350484,1.4802752628031197,-8.106262410362733e-07,-1.1011712102964617,1.4,2.0869565217391304,7
79.00050000019519,-0.22247391139875813,1.4789728139904597,-1.4630331838050457e-06,-1.0982909309883186,1.4,2.0869565217391304,7
79.02050000019528,-0.2218005940390518,1.477672248300649,-1.1513406482913607e-06,-1.095410788581345,1.4,2.0869565217391304,7
79.04050000019538,-0.2211235717682794,1.4763734487842608,-4.425196183539875e-08,-1.0925305107237322,1.4,2.0869565217391304,7
79.06050000019547,-0.2204416880010341,1.4750754470223444,-1.6433990703611484e-06,-1.0896473770490473,1.4,2.0869565217391304,7
79.08050000019557,-0.21975672302569862,1.4737797412040083,-1.150236520532935e-06,-1.0867657940142144,1.4,2.0869565217391304,7
79.10050000019567,-0.2190682389870759,1.4724861715045665,-2.4685988701319533e-08,-1.0838848834039998,1.4,2.0869565217391304,7
79.12050000019576,-0.21837541277602465,1.4711937334584209,-1.0604413740563453e-06,-1.0810018602546603,1.4,2.0869565217391304,7
79.14050000019586,-0.21767899092345538,1.4699034887993123,-1.2788654390012232e-06,-1.0781199788541487,1.4,2.0869565217391304,7
79.16050000019595,-0.21697917550553705,1.468615390325623,-6.160595930287991e-07,-1.075238727819165,1.4,2.0869565217391304,7
79.18050000019605,-0.21627534208336255,1.4673290124326301,-2.183410842495955e-06,-1.0723568007918363,1.4,2.0869565217391304,7
79.20050000019614,-0.2155646425140604,1.4660443770839415,-1.695841682138528e-05,-1.0694751534342741,1.4,2.0869565217391304,7
79.22050000019624,-0.21485419096846975,1.4647662212120864,-5.577715116152789e-06,-1.066601749962409,1.4,2.0869565217391304,7
79.24050000019633,-0.21414046906314288,1.4634891294473535,-3.6544781969574225e-06,-1.0637277778305394,1.4,2.0869565217391304,7
79.26050000019643,-0.21342418310909222,1.4622146721512095,-8.654869153959741e-07,-1.0608551620173208,1.4,2.0869565217391304,7
79.28050000019653,-0.21270290643652423,1.4609403854652778,-6.463545879120458e-07,-1.0579783694076272,1.4,2.0869565217391304,7
79.30050000019662,-0.21197741321527724,1.4596673309374644,-9.701870087032986e-07,-1.0550995389549434,1.4,2.0869565217391304,7
79.32050000019672,-0.21124789473011435,1.4583956820316735,-1.712577800076509e-06,-1.0522199849148282,1.4,2.0869565217391304,7
79.34050000019681,-0.21051479113998595,1.4571258084024759,-7.033258152136122e-07,-1.0493402865618915,1.4,2.0869565217391304,7
79.36050000019691,-0.20977742250391818,1.4558571441409636,-5.96853273202364e-07,-1.0464585432112852,1.4,2.0869565217391304,7
79.380500000197,-0.20903550785699299,1.454589619168018,-1.3172222085575107e-06,-1.0435751421857622,1.4,2.0869565217391304,7
79.4005000001971,-0.20829032240678635,1.4533246819958514,-5.741584309628025e-07,-1.0406930104837635,1.4,2.0869565217391304,7
79.4205000001972,-0.20754108500070678,1.452061297248125,-7.698822234115977e-07,-1.037809378100372,1.4,2.0869565217391304,7
79.44050000019729,-0.20678767420671862,1.4507990615079356,-1.6078074850701708e-06,-1.0349245896480905,1.4,2.0869565217391304,7
79.46050000019738,-0.20603101622921033,1.449539460332885,-6.583886602508175e-07,-1.0320411788188653,1.4,2.0869565217391304,7
79.48050000019748,-0.20526980655022364,1.448281348492146,-4.964968401527686e-06,-1.0291563469131868,1.4,2.0869565217391304,7
79.50050000019758,-0.20450230998499744,1.4470263479939178,-1.4077950031151835e-05,-1.0262735655061603,1.4,2.0869565217391304,7
79.52050000019767,-0.20373437480767953,1.445776114038114,-1.6319353637783273e-05,-1.0233980421727005,1.4,2.0869565217391304,7
79.54050000019777,-0.20296419324001672,1.444530455374823,-1.0076320808185628e-05,-1.0205256731627284,1.4,2.0869565217391304,7
79.56050000019786,-0.20219104512378172,1.4432852947539838,-3.4244525126202294e-06,-1.0176514855332746,1.4,2.0869565217391304,7
79.58050000019796,-0.2014154327513277,1.4420432402171808,-1.7857748860993522e-06,-1.0147802449417747,1.4,2.0869565217391304,7
79.60050000019805,-0.20063632560482844,1.4408034293833532,-1.0773526062495197e-06,-1.0119093457684722,1.4,2.0869565217391304,7
79.62050000019815,-0.1998532508165317,1.4395658636813582,-2.392090154018981e-06,-1.0090382415661796,1.4,2.0869565217391304,7
79.64050000019824,-0.19906669718798423,1.4383300421302565,-5.065259593417883e-07,-1.0061669223320042,1.4,2.0869565217391304,7
79.66050000019834,-0.1982718029700541,1.4370952316258698,-1.7117812630952054e-05,-1.0032923240806257,1.4,2.0869565217391304,7
79.68050000019844,-0.197479061096603,1.435865815491507,-1.7772050501323442e-06,-1.0004250549582931,1.4,2.0869565217391304,7
79.70050000019853,-0.1966812700976419,1.4346364904416036,-1.6435050619500165e-06,-0.997553961066925,1.4,2.0869565217391304,7
79.72050000019863,-0.19588012828512133,1.4334098630752703,-1.8052976402635613e-06,-0.9946835409005407,1.4,2.0869565217391304,7
79.74050000019872,-0.1950762893392848,1.4321861900796942,-1.0896494609498816e-06,-0.9918154144440158,1.4,2.0869565217391304,7
79.76050000019882,-0.1942683909706888,1.4309643526121987,-1.72088942841549e-06,-0.9889466192974786,1.4,2.0869565217391304,7
79.78050000019891,-0.19345740856099108,1.4297450585351685,-2.3509728535569744e-07,-0.9860787795434246,1.4,2.0869565217391304,7
79.80050000019901,-0.19264139438510308,1.4285263060897393,-1.3949769240520022e-06,-0.9832064602176456,1.4,2.0869565217391304,7
79.8205000001991,-0.19182145225115987,1.4273087194609029,-4.7080252002213873e-07,-0.9803326607075094,1.4,2.0869565217391304,7
79.8405000001992,-0.19099636413996138,1.4260918346824003,-1.0983412255841875e-06,-0.9774548881981651,1.4,2.0869565217391304,7
79.8605000001993,-0.19016791060504848,1.4248767184717681,-6.55356586103536e-07,-0.974576574910744,1.4,2.0869565217391304,7
79.88050000019939,-0.189332415995376,1.4236643565621496,-1.8387828549863466e-05,-0.9716984064817628,1.4,2.0869565217391304,7
79.90050000019949,-0.18849864008213063,1.4224569594512657,-2.4455037170698776e-06,-0.968826651014895,1.4,2.0869565217391304,7
79.92050000019958,-0.18766045595039077,1.4212500111654114,-9.359254650821084e-07,-0.9659534028165815,1.4,2.0869565217391304,7
79.94050000019968,-0.18681851036328104,1.4200458474507334,-1.717597275563207e-06,-0.9630798689550435,1.4,2.0869565217391304,7
79.96050000019977,-0.18597042625768614,1.4188450377194062,-1.7854492773645828e-05,-0.9602080522822348,1.4,2.0869565217391304,7
79.98050000019987,-0.18512433589489505,1.417649259795912,-1.3100325789679956e-06,-0.9573426361630066,1.4,2.0869565217391304,7
80.00050000019996,-0.18427250523233604,1.4164528097342228,-1.5181350142592443e-06,-0.9544728424083871,1.4,2.0869565217391304,7
80.02050000020006,-0.18341645029050008,1.4152582187894056,-2.0130123739297147e-06,-0.9516001788755671,1.4,2.0869565217391304,7
80.04050000020015,-0.18255663968139932,1.4140654494722125,-3.0738437256625706e-06,-0.9487264177028003,1.4,2.0869565217391304,7
80.06050000020025,-0.1816936764959035,1.412875090481948,-1.461835949873555e-06,-0.9458530764128918,1.4,2.0869565217391304,7
80.08050000020035,-0.1808265180501312,1.4116860156132536,-3.1632536314067104e-07,-0.9429778737065605,1.4,2.0869565217391304,7
80.10050000020044,-0.1799544673690729,1.410497904663909,-1.3614758462507227e-06,-0.9400991662990894,1.4,2.0869565217391304,7
80.12050000020054,-0.1790790887254188,1.4093116882636343,-3.134996832841652e-07,-0.9372204134333391,1.4,2.0869565217391304,7
80.14050000020063,-0.17819904852242552,1.4081268453835452,-1.0734241437854829e-06,-0.9343388387776315,1.4,2.0869565217391304,7
80.16050000020073,-0.17731572585613806,1.4069445675192382,-7.94991371767027e-07,-0.9314579083936616,1.4,2.0869565217391304,7
80.18050000020082,-0.1764284323266954,1.4057641167796608,-5.696535036468935e-07,-0.9285763646549122,1.4,2.0869565217391304,7
80.20050000020092,-0.1755371221037604,1.404585624198113,-1.0140789358989206e-06,-0.9256937525441177,1.4,2.0869565217391304,7
80.22050000020101,-0.17464279776151576,1.403409855087676,-2.98868482730659e-07,-0.9228121674980099,1.4,2.0869565217391304,7
80.24050000020111,-0.17374404509288496,1.4022357228150568,-7.994893113912171e-07,-0.9199292315449975,1.4,2.0869565217391304,7
80.2605000002012,-0.17284169234924615,1.4010638500929538,-1.207453694590601e-06,-0.9170457860671435,1.4,2.0869565217391304,7
80.2805000002013,-0.1719361452024102,1.3998945421448434,-5.45061051930717e-07,-0.9141629623339482,1.4,2.0869565217391304,7
80.3005000002014,-0.17102655451247753,1.3987270444011455,-7.823859886170314e-07,-0.9112792294501211,1.4,2.0869565217391304,7
80.32050000020149,-0.170113203960167,1.3975618752761956,-1.2076798449449932e-06,-0.9083950549288289,1.4,2.0869565217391304,7
80.34050000020159,-0.1691967749165321,1.3963993804255388,-7.63022261618932e-07,-0.9055118931963837,1.4,2.0869565217391304,7
80.36050000020168,-0.1682769588379565,1.3952394470448704,-2.205822896637152e-06,-0.9026298640813517,1.4,2.0869565217391304,7
80.38050000020178,-0.16735360854133052,1.3940821695936922,-5.452840782054429e-07,-0.8997475756725858,1.4,2.0869565217391304,7
80.40050000020187,-0.16642837929783433,1.3929286983866167,-1.209946563577122e-06,-0.896870175585133,1.4,2.0869565217391304,7
80.42050000020197,-0.1654992704532966,1.3917777315502753,-1.6073195379298858e-06,-0.8939916046326915,1.4,2.0869565217391304,7
80.44050000020206,-0.1645678296482718,1.3906300040814645,-1.2275666712603875e-06,-0.8911160536794777,1.4,2.0869565217391304,7
80.46050000020216,-0.1636324558769795,1.3894847983040837,-1.8920451544686396e-06,-0.8882397547278944,1.4,2.0869565217391304,7
80.48050000020226,-0.1626951428819892,1.3883432981274102,-1.167119371974028e-06,-0.8853670496114447,1.4,2.0869565217391304,7
80.50050000020235,-0.1617537061432672,1.3872038209137694,-2.2857598279567604e-06,-0.8824932124733519,1.4,2.0869565217391304,7
80.52050000020245,-0.16080957466798546,1.386067560084525,-1.6118138648471406e-06,-0.8796210998225088,1.4,2.0869565217391304,7
80.54050000020254,-0.15985815059358324,1.3849335263897176,-1.8751518010248917e-05,-0.8767470108046457,1.4,2.0869565217391304,7
80.56050000020264,-0.15890840507740023,1.3838055379166256,-4.23427290240071e-06,-0.8738800942784438,1.4,2.0869565217391304,7
80.58050000020273,-0.15795459124286018,1.382678149181193,-1.8807166951817844e-06,-0.8710112597363847,1.4,2.0869565217391304,7
80.60050000020283,-0.15699822187532878,1.38155342138423,-2.3331658044391773e-06,-0.8681429163982596,1.4,2.0869565217391304,7
80.62050000020292,-0.15603744350252646,1.3804305608743488,-1.654711178613668e-06,-0.8652718258643117,1.4,2.0869565217391304,7
80.64050000020302,-0.15507451821252943,1.3793108053325227,-1.0523182542388735e-06,-0.8624033760042388,1.4,2.0869565217391304,7
80.66050000020311,-0.15410649879845836,1.3781923381139176,-2.4643183414067446e-06,-0.859530514015736,1.4,2.0869565217391304,7
80.68050000020321,-0.15313534200774628,1.3770762690638212,-2.162984121229477e-06,-0.8566584114507335,1.4,2.0869565217391304,7
80.7005000002033,-0.15216092471300988,1.3759631074451442,-8.889254243753103e-07,-0.8537862866321826,1.4,2.0869565217391304,7
80.7205000002034,-0.15118325335747554,1.3748530491097686,-1.9441332106518254e-06,-0.8509155433924361,1.4,2.0869565217391304,7
80.7405000002035,-0.15020269523678853,1.3737457228537475,-1.7076624205964971e-06,-0.8480454499427134,1.4,2.0869565217391304,7
80.76050000020359,-0.14921783103478534,1.3726405419795207,-1.5322556766926555e-06,-0.8451735852745447,1.4,2.0869565217391304,7
80.78050000020369,-0.14823076931489196,1.3715384433595028,-1.1955905715747189e-06,-0.8423038079897592,1.4,2.0869565217391304,7
80.80050000020378,-0.14723928397871752,1.3704383369356632,-1.473957223934433e-06,-0.8394311699512003,1.4,2.0869565217391304,7
80.82050000020388,-0.14624420537539629,1.3693404732703751,-1.9049850792860394e-06,-0.8365581706659739,1.4,2.0869565217391304,7
80.84050000020397,-0.14524698511877956,1.3682458638659372,-5.216340036238251e-07,-0.8336876081505838,1.4,2.0869565217391304,7
80.86050000020407,-0.14424562088680337,1.3671538662569984,-2.5874827251188172e-06,-0.8308162386008329,1.4,2.0869565217391304,7
80.88050000020417,-0.14324144254169657,1.3660648750883235,-5.858857308425919e-07,-0.8279459433046453,1.4,2.0869565217391304,7
80.90050000020426,-0.14223351808219856,1.364978142548378,-1.9052421934294468e-06,-0.8250739276854269,1.4,2.0869565217391304,7
80.92050000020436,-0.14122183731435695,1.3638936143784963,-2.2356757015826175e-06,-0.8222012143345457,1.4,2.0869565217391304,7
80.94050000020445,-0.1402079793888222,1.3628123067531588,-2.0118417246928066e-06,-0.8193304777220036,1.4,2.0869565217391304,7
80.96050000020455,-0.1391894107097744,1.3617331648371522,-1.5053577813910392e-06,-0.8164569533832475,1.4,2.0869565217391304,7
80.98050000020464,-0.13816773651082692,1.36065639937376,-2.868156580151218e-06,-0.813583883492511,1.4,2.0869565217391304,7
81.00050000020474,-0.13714319767010327,1.3595826885771987,-1.344275963300203e-06,-0.8107114223686845,1.4,2.0869565217391304,7
81.02050000020483,-0.13611565695743758,1.358511833137635,-1.4429643688891564e-06,-0.8078396221338539,1.4,2.0869565217391304,7
81.04050000020493,-0.13508333372387824,1.3574431074491933,-1.4553880201486621e-06,-0.8049652153485116,1.4,2.0869565217391304,7
81.06050000020502,-0.134048825390928,1.3563774494694447,-2.3332531995685488e-06,-0.8020928510770308,1.4,2.0869565217391304,7
81.08050000020512,-0.13301138336351034,1.3553148744316132,-2.8321238681986884e-07,-0.7992213093153775,1.4,2.0869565217391304,7
81.10050000020522,-0.1319699872883081,1.3542545533339723,-2.631069324097745e-06,-0.7963482042611879,1.4,2.0869565217391304,7
81.12050000020531,-0.13092504832849033,1.3531971658382378,-1.3875436126965119e-06,-0.7934749807237303,1.4,2.0869565217391304,7
81.1405000002054,-0.12987802319119424,1.3521428398370665,-1.9921675357605647e-06,-0.7906036630447897,1.4,2.0869565217391304,7
81.1605000002055,-0.12882670888417588,1.3510909944336824,-9.126774747270898e-07,-0.7877301728911433,1.4,2.0869565217391304,7
81.1805000002056,-0.12777246107171517,1.350041934979334,-1.410891004632329e-06,-0.7848583155861977,1.4,2.0869565217391304,7
81.2005000002057,-0.12671539943633783,1.3489961741346028,-2.54107849010628e-07,-0.7819870507755265,1.4,2.0869565217391304,7
81.22050000020579,-0.12565355898147168,1.3479523181491457,-1.2544671153364326e-06,-0.7791122230618154,1.4,2.0869565217391304,7
81.24050000020588,-0.12458450849116731,1.3469108477457965,-1.9145549003105974e-05,-0.776235671014122,1.4,2.0869565217391304,7
81.26050000020598,-0.12351765609824085,1.3458750022912342,-1.5514990185624607e-06,-0.7733656902660204,1.4,2.0869565217391304,7
81.28050000020608,-0.12244736982481468,1.344840210754654,-1.880402200504105e-06,-0.7704941911148337,1.4,2.0869565217391304,7
81.30050000020617,-0.12137350742211284,1.3438080540751058,-1.3744415362572727e-06,-0.7676215440758962,1.4,2.0869565217391304,7
81.32050000020627,-0.12029607997022632,1.3427784859340084,-5.508848032727984e-07,-0.7647477014508772,1.4,2.0869565217391304,7
81.34050000020636,-0.11921370035390128,1.341750586056992,-1.5674452545537114e-06,-0.7618706015438873,1.4,2.0869565217391304,7
81.36050000020646,-0.11812862894350797,1.3407254443625332,-3.173884675694147e-07,-0.7589939628954057,1.4,2.0869565217391304,7
81.38050000020655,-0.11703883446763327,1.3397020590436541,-1.2059765012791814e-06,-0.7561136524633101,1.4,2.0869565217391304,7
81.40050000020665,-0.11594507363788098,1.3386808144541282,-1.2231422893009734e-06,-0.7532323146479715,1.4,2.0869565217391304,7
81.42050000020674,-0.11484834243657482,1.3376623848551195,8.537258371519206e-08,-0.7503512020300357,1.4,2.0869565217391304,7
81.44050000020684,-0.11374469097156105,1.3366463203081143,-1.7583679909818128e-05,-0.7474672698975507,1.4,2.0869565217391304,7
81.46050000020693,-0.11264223269920619,1.335636864815306,-9.040970072158559e-06,-0.7445911716284487,1.4,2.0869565217391304,7
81.48050000020703,-0.11153764259565496,1.3346296287719512,-3.960005484605743e-06,-0.7417164010746083,1.4,2.0869565217391304,7
81.50050000020713,-0.11043158561351661,1.3336258009341921,-1.1083277515586362e-06,-0.7388446471636243,1.4,2.0869565217391304,7
81.52050000020722,-0.10932158664682544,1.3326244012373756,-1.1719332096771266e-06,-0.7359705548904,1.4,2.0869565217391304,7
81.54050000020732,-0.10820807954342425,1.331626185304994,-1.6110449956880385e-06,-0.7330964017208078,1.4,2.0869565217391304,7
81.56050000020741,-0.10709267899997058,1.3306312203004063,-2.4543206358417525e-06,-0.7302243142652118,1.4,2.0869565217391304,7
81.58050000020751,-0.10597430890440492,1.329639123300718,-2.515460298724655e-06,-0.727352159883903,1.4,2.0869565217391304,7
81.6005000002076,-0.10485232028013773,1.3286499437682218,2.5681236791920576e-07,-0.7244791738080365,1.4,2.0869565217391304,7
81.6205000002077,-0.10372392702680233,1.3276655636282686,-1.5537624142732666e-05,-0.7216074461684908,1.4,2.0869565217391304,7
81.6405000002078,-0.10259900514163413,1.3266854729817426,-2.649476454147218e-06,-0.7187429304454839,1.4,2.0869565217391304,7
81.66050000020789,-0.1014697717999834,1.3257061412871174,-2.7975368885372127e-06,-0.7158736432859619,1.4,2.0869565217391304,7
81.68050000020799,-0.10033631590015141,1.3247281180606971,-2.804942287689931e-06,-0.712999921937055,1.4,2.0869565217391304,7
81.70050000020808,-0.09919853185647579,1.3237521636999732,-1.2072120380774577e-06,-0.7101231230138593,1.4,2.0869565217391304,7
81.72050000020818,-0.09805776654968804,1.3227791776203104,-9.017787440409276e-07,-0.7072465390792497,1.4,2.0869565217391304,7
81.74050000020827,-0.09691369064840102,1.3218091768254507,-6.433341203984202e-07,-0.7043693982675111,1.4,2.0869565217391304,7
81.76050000020837,-0.09576643585748433,1.3208420592394072,-6.130225353054007e-07,-0.7014920018664038,1.4,2.0869565217391304,7
81.78050000020846,-0.09461577188083255,1.319877652574218,-7.198881979428056e-07,-0.6986136317011133,1.4,2.0869565217391304,7
81.80050000020856,-0.09346135413509465,1.3189157501635678,-4.574590081095808e-07,-0.6957339806555225,1.4,2.0869565217391304,7
81.82050000020865,-0.0923038993484194,1.3179569740846098,-4.931278979939877e-07,-0.692854320349237,1.4,2.0869565217391304,7
81.84050000020875,-0.09114316036565345,1.3170011273562152,-6.625114924686933e-07,-0.6899742676269544,1.4,2.0869565217391304,7
81.86050000020884,-0.08997950966809543,1.3160484826817407,-6.439293443768208e-07,-0.6870945211135885,1.4,2.0869565217391304,7
81.88050000020894,-0.08881225206806882,1.3150986214203648,-2.913900263428541e-07,-0.6842138624220226,1.4,2.0869565217391304,7
81.90050000020904,-0.08764239145331325,1.3141519796668202,-3.84731452630621e-07,-0.6813337762122492,1.4,2.0869565217391304,7
81.92050000020913,-0.08646951534859768,1.3132085466132843,-9.354454182205552e-07,-0.6784540193411558,1.4,2.0869565217391304,7
81.94050000020923,-0.08529354097656625,1.3122683056724513,-7.141542948257986e-07,-0.6755743383551297,1.4,2.0869565217391304,7
81.96050000020932,-0.08411454195129432,1.3113310880343005,-9.081249322299808e-07,-0.6726947291108452,1.4,2.0869565217391304,7
81.98050000020942,-0.08293240424963748,1.310397100729674,-4.601245945965842e-07,-0.6698148160767142,1.4,2.0869565217391304,7
82.00050000020951,-0.08174717077046205,1.3094661866811983,-2.2761706248257254e-07,-0.6669348601355047,1.4,2.0869565217391304,7
82.02050000020961,-0.08055919022321467,1.3085384961045845,-2.6124914027743796e-07,-0.6640555625963112,1.4,2.0869565217391304,7
82.0405000002097,-0.07936816811171984,1.307613938279031,-5.552440747708503e-08,-0.6611760615499386,1.4,2.0869565217391304,7
82.0605000002098,-0.07817453365727661,1.3066928109590805,-6.668000150536445e-07,-0.6582974879870649,1.4,2.0869565217391304,7
82.0805000002099,-0.07697778039719844,1.305774882465046,-7.712204019812998e-07,-0.655418701969965,1.4,2.0869565217391304,7
82.10050000020999,-0.07577808852071605,1.304860177046754,-5.448396927888262e-07,-0.6525402129900048,1.4,2.0869565217391304,7
82.12050000021009,-0.07457538314461548,1.303948523555406,-7.405152594821069e-07,-0.6496617338855467,1.4,2.0869565217391304,7
82.14050000021018,-0.0733698155193023,1.3030402569798343,-8.59503584980007e-07,-0.6467831272316557,1.4,2.0869565217391304,7
82.16050000021028,-0.07216149533532992,1.3021354053358374,-7.57572503154013e-07,-0.6439053209949305,1.4,2.0869565217391304,7
82.18050000021037,-0.07095053634468226,1.301233954162125,-9.60270131406922e-07,-0.6410283002140762,1.4,2.0869565217391304,7
82.20050000021047,-0.06973627439884826,1.3003356094586693,-1.713893983512335e-07,-0.6381504264730492,1.4,2.0869565217391304,7
82.22050000021056,-0.06851932582611563,1.2994404547615916,-7.710786706867776e-07,-0.6352733170844136,1.4,2.0869565217391304,7
82.24050000021066,-0.067299564250146,1.2985487662105282,-5.841570641782047e-07,-0.6323962407172482,1.4,2.0869565217391304,7
82.26050000021075,-0.06607720077333601,1.2976604546781805,-9.79235353427743e-07,-0.6295198050367483,1.4,2.0869565217391304,7
82.28050000021085,-0.06485156357594613,1.2967753179788724,-9.419548787620364e-07,-0.6266428306907793,1.4,2.0869565217391304,7
82.30050000021095,-0.06362301235445145,1.295893323800175,-8.740186546115063e-07,-0.6237660794260143,1.4,2.0869565217391304,7
82.32050000021104,-0.06239138251921043,1.295014687266091,-3.217802629051171e-08,-0.6208886570248079,1.4,2.0869565217391304,7
82.34050000021114,-0.06115741678626486,1.2941395659140642,-2.5195321846029687e-07,-0.6180126107300424,1.4,2.0869565217391304,7
82.36050000021123,-0.05992089820130544,1.2932679849807753,-3.081707426715126e-07,-0.6151372163063015,1.4,2.0869565217391304,7
82.38050000021133,-0.058681574190305015,1.2923996976624856,-8.664649254761514e-07,-0.6122621635510845,1.4,2.0869565217391304,7
82.40050000021142,-0.057438992011157035,1.291534580711793,-6.50853592880936e-07,-0.609386483364345,1.4,2.0869565217391304,7
82.42050000021152,-0.05619376939269274,1.2906729777652743,-3.7451742375355166e-07,-0.6065111911496337,1.4,2.0869565217391304,7
82.44050000021161,-0.05494619510178748,1.2898150089341636,-1.3847357423747047e-07,-0.6036367555518218,1.4,2.0869565217391304,7
82.46050000021171,-0.05369606132383908,1.2889604439349351,-5.719185372233463e-07,-0.6007629866046874,1.4,2.0869565217391304,7
82.4805000002118,-0.052443114257706584,1.288109246658111,-8.306953562907312e-07,-0.5978895087790334,1.4,2.0869565217391304,7
82.5005000002119,-0.05118715155582711,1.287261288413452,-1.2780010177848142e-06,-0.5950156299081727,1.4,2.0869565217391304,7
82.520500000212,-0.04992874597708691,1.2864169871857052,-1.391910922236772e-06,-0.592142466894067,1.4,2.0869565217391304,7
82.54050000021209,-0.04866767691219795,1.2855763789418662,-5.053801351989526e-07,-0.5892696023786589,1.4,2.0869565217391304,7
82.56050000021219,-0.04740430791824077,1.284739307055543,-4.303650228152909e-07,-0.5863976641218457,1.4,2.0869565217391304,7
82.58050000021228,-0.04613804593086082,1.2839055260696957,-2.2532515025042752e-07,-0.583525590764661,1.4,2.0869565217391304,7
82.60050000021238,-0.044869406476785244,1.283075247643718,-5.879557954924188e-07,-0.5806540392509857,1.4,2.0869565217391304,7
82.62050000021247,-0.04359805827598778,1.282248542612779,-1.1258362770949514e-06,-0.5777825977959088,1.4,2.0869565217391304,7
82.64050000021257,-0.04232402365374117,1.281425477838321,-4.453914091738916e-07,-0.5749111755013118,1.4,2.0869565217391304,7
82.66050000021266,-0.04104757207389373,1.2806058836654746,-4.234533734863717e-07,-0.5720404972045744,1.4,2.0869565217391304,7
82.68050000021276,-0.039768404772948567,1.279789615395336,-6.419232713261365e-07,-0.5691695151585957,1.4,2.0869565217391304,7
82.70050000021286,-0.0384868012304972,1.278977070402116,-5.266311309354542e-07,-0.5662991984553943,1.4,2.0869565217391304,7
82.72050000021295,-0.03720283563744915,1.2781682058063066,-8.304230654540522e-07,-0.56342947665606,1.4,2.0869565217391304,7
82.74050000021305,-0.0359161300566072,1.2773629654419438,-1.0877242942282422e-07,-0.5605594588169226,1.4,2.0869565217391304,7
82.76050000021314,-0.03462689150890099,1.2765609607294897,-6.258529288496217e-07,-0.5576894158115516,1.4,2.0869565217391304,7
82.78050000021324,-0.03333504287796712,1.2757625361763798,-1.0513361466308587e-06,-0.5548194648987285,1.4,2.0869565217391304,7
82.80050000021333,-0.03204062764734746,1.2749678464491738,-7.637393406197534e-07,-0.551949731850226,1.4,2.0869565217391304,7
82.82050000021343,-0.030744033919049146,1.2741767961314978,-5.553251683786761e-07,-0.5490809496276143,1.4,2.0869565217391304,7
82.84050000021352,-0.029440378600242147,1.2733905525358633,-2.194643039758261e-05,-0.5462103308401817,1.4,2.0869565217391304,7
82.86050000021362,-0.028142114895912146,1.272611252441965,-6.637947016173781e-06,-0.5433518633900519,1.4,2.0869565217391304,7
82.88050000021371,-0.0268411951288274,1.2718345370025441,-4.894039002863335e-06,-0.5404935363656004,1.4,2.0869565217391304,7
82.90050000021381,-0.025538736624116983,1.2710617757579936,-9.768650301482383e-07,-0.5376360410517705,1.4,2.0869565217391304,7
82.9205000002139,-0.024233926559430793,1.2702923004907989,-2.621695658292941e-06,-0.5347784520598025,1.4,2.0869565217391304,7
82.940500000214,-0.022927127005463253,1.2695267053067973,-1.7704387836428802e-06,-0.5319214491841201,1.4,2.0869565217391304,7
82.9605000002141,-0.02161774838527728,1.2687649675932957,-9.228900382832595e-07,-0.5290643917604412,1.4,2.0869565217391304,7
82.98050000021419,-0.020306832570280216,1.2680071051671127,-1.877193460815355e-06,-0.5262097222018508,1.4,2.0869565217391304,7
83.00050000021429,-0.018989884216457496,1.267254645114668,-2.061112165492538e-05,-0.5233545254359255,1.4,2.0869565217391304,7
83.02050000021438,-0.017677722152680393,1.2665073172315007,-3.956110731697075e-06,-0.5205076726691401,1.4,2.0869565217391304,7
83.04050000021448,-0.016363037725792808,1.2657619183200233,-1.2005669956475853e-06,-0.5176596210694152,1.4,2.0869565217391304,7
83.06050000021457,-0.015042702849545909,1.2650185751142182,-1.9423096539710354e-06,-0.5148041527296587,1.4,2.0869565217391304,7
83.08050000021467,-0.01372131298052177,1.264279680454939,-8.925795993076331e-07,-0.5119507371026871,1.4,2.0869565217391304,7
83.10050000021477,-0.012395994635654597,1.2635437753685457,-1.3744451942276278e-06,-0.5090945443512019,1.4,2.0869565217391304,7
83.12050000021486,-0.011067878312368265,1.2628111063268237,-1.1113339629382059e-06,-0.5062371846525393,1.4,2.0869565217391304,7
83.14050000021496,-0.00973778956118264,1.2620824517063958,-3.9450025895551603e-07,-0.5033803947137238,1.4,2.0869565217391304,7
83.16050000021505,-0.008405960953731457,1.2613576835627287,-2.7919272046282027e-06,-0.5005259867601181,1.4,2.0869565217391304,7
83.18050000021515,-0.007073316965366318,1.2606374006447205,-1.3248616339778558e-06,-0.49767433408874145,1.4,2.0869565217391304,7
83.20050000021524,-0.005738949232650538,1.2599209174762949,-1.2255716362948649e-06,-0.49482310257884804,1.4,2.0869565217391304,7
83.22050000021534,-0.004401499950646219,1.2592080548624254,-2.2904697326398286e-06,-0.49197023342775825,1.4,2.0869565217391304,7
83.24050000021543,-0.003062398462950949,1.2584992122289582,-1.641166827357821e-06,-0.48911872383644206,1.4,2.0869565217391304,7
83.26050000021553,-0.0017218069600670883,1.2577941271535253,-2.2481313439963526e-06,-0.48626894927567016,1.4,2.0869565217391304,7
83.28050000021562,-0.00037984758473034747,1.2570932376511992,-9.701763870285226e-07,-0.48342030529411484,1.4,2.0869565217391304,7
83.30050000021572,0.0009654783220726028,1.2563958894821372,-1.6206520570919794e-06,-0.4805694885411892,1.4,2.0869565217391304,7
83.32050000021582,0.0023124739292158707,1.2557023423610223,-2.584098063813972e-06,-0.47771988475538796,1.4,2.0869565217391304,7
83.34050000021591,0.0036601390433268093,1.2550132909193146,-5.1727065127092895e-08,-0.4748726373232184,1.4,2.0869565217391304,7
83.360500000216,0.00501011503181023,1.2543280961047696,-2.476091482622039e-06,-0.4720262132697276,1.4,2.0869565217391304,7
83.3805000002161,0.006361847193943172,1.2536468068406332,-1.2986503309889088e-06,-0.4691799799949772,1.4,2.0869565217391304,7
83.4005000002162,0.007714907787857629,1.2529691759984016,-1.511214348666018e-06,-0.46633518105797733,1.4,2.0869565217391304,7
83.4205000002163,0.009070088260530662,1.2522956558626315,-1.2103707126808876e-06,-0.463489717253114,1.4,2.0869565217391304,7
83.44050000021639,0.010427605623730692,1.2516261262719701,-9.315228628581375e-07,-0.4606444482853686,1.4,2.0869565217391304,7
83.46050000021648,0.011786011687313035,1.250960416039392,-1.6147409566613886e-06,-0.45780165084407104,1.4,2.0869565217391304,7
83.48050000021658,0.013146518345044746,1.2502988711256549,-1.1248292156339152e-06,-0.4549581409343738,1.4,2.0869565217391304,7
83.50050000021668,0.01450899884300676,1.249641043139063,-1.8073761124346554e-06,-0.4521152372072527,1.4,2.0869565217391304,7
83.52050000021677,0.015872909119975166,1.2489873348339693,-9.354974858722498e-07,-0.44927336538981677,1.4,2.0869565217391304,7
83.54050000021687,0.017238060085509016,1.2483375845088232,-2.753103295575474e-07,-0.4464326951804117,1.4,2.0869565217391304,7
83.56050000021696,0.018606654557417918,1.2476914261709973,-1.3016482568401397e-06,-0.4435893273238529,1.4,2.0869565217391304,7
83.58050000021706,0.019976203322482018,1.2470489484024116,-2.1439677241441662e-06,-0.4407473293143108,1.4,2.0869565217391304,7
83.60050000021715,0.02134844480929109,1.2464106091237437,-6.224755849444371e-07,-0.43790407901132977,1.4,2.0869565217391304,7
83.62050000021725,0.022722001334701286,1.2457761077371508,-1.7451451028227773e-06,-0.43506292124637935,1.4,2.0869565217391304,7
83.64050000021734,0.02409708024227458,1.2451457324846698,-1.5871822750442077e-06,-0.43222217192717133,1.4,2.0869565217391304,7
83.66050000021744,0.025472711166467047,1.2445193272121142,-1.8030440007777032e-06,-0.4293834439287198,1.4,2.0869565217391304,7
83.68050000021753,0.026851033090243226,1.2438967131520073,-1.5838436449679826e-06,-0.42654292694861384,1.4,2.0869565217391304,7
83.70050000021763,0.028232198627971845,1.243277970621403,-1.326719893945384e-06,-0.42370130326405275,1.4,2.0869565217391304,7
83.72050000021773,0.02961468298497888,1.2426630240170173,-2.3147915980292384e-06,-0.4208608211940528,1.4,2.0869565217391304,7
83.74050000021782,0.030997605408436893,1.2420522853629028,-1.7487818174434276e-06,-0.4180224857107407,1.4,2.0869565217391304,7
83.76050000021792,0.03238272573631653,1.241445503175769,-9.772403985591493e-07,-0.4151834553629067,1.4,2.0869565217391304,7
83.78050000021801,0.03377055354222065,1.2408426177579686,-2.4997977538376605e-06,-0.41234340094371197,1.4,2.0869565217391304,7
83.80050000021811,0.03515877529676425,1.2402439081626837,-1.7192254881256943e-06,-0.40950575578665616,1.4,2.0869565217391304,7
83.8205000002182,0.0365483196239767,1.2396493161594375,-1.6720097487124767e-06,-0.40666929913597644,1.4,2.0869565217391304,7
83.8405000002183,0.03793980826870492,1.2390585072955316,-3.350905600465266e-07,-0.4038317569591658,1.4,2.0869565217391304,7
83.8605000002184,0.039335718028563525,1.238472121601553,-1.142856946676012e-05,-0.4009924762009237,1.4,2.0869565217391304,7
83.88050000021849,0.04073286085398489,1.2378912170941152,-1.4109387986633925e-05,-0.3981558673598504,1.4,2.0869565217391304,7
83.90050000021859,0.04212677500542885,1.2373134496063027,-2.3431666855476615e-06,-0.3953238956265327,1.4,2.0869565217391304,7
83.92050000021868,0.043525434107241974,1.2367385982505186,-1.6010588087295392e-06,-0.3924867435815302,1.4,2.0869565217391304,7
83.94050000021878,0.0449256835785693,1.2361672009909108,-2.483005849254049e-08,-0.38964822851285513,1.4,2.0869565217391304,7
83.96050000021887,0.04632845570692044,1.2355995247784621,-5.460109078680718e-07,-0.38680840156781154,1.4,2.0869565217391304,7
83.98050000021897,0.04773278902332387,1.2350361376558094,-2.3013727332138404e-06,-0.3839697752939725,1.4,2.0869565217391304,7
84.00050000021906,0.049137985740257156,1.2344771311308684,-2.1847815535120167e-06,-0.38113267249009075,1.4,2.0869565217391304,7
84.02050000021916,0.05054483486405596,1.2339218257618056,-1.87467438517157e-06,-0.37829550892936764,1.4,2.0869565217391304,7
84.04050000021925,0.051953015606270574,1.2333705389979204,-1.072772246884577e-06,-0.37545917444822907,1.4,2.0869565217391304,7
84.06050000021935,0.05336227572482125,1.2328234059206382,-8.500317122459218e-07,-0.3726233374720636,1.4,2.0869565217391304,7
84.08050000021944,0.054773932148020836,1.2322802928112024,-7.659643964259979e-07,-0.3697861894736306,1.4,2.0869565217391304,7
84.10050000021954,0.05618698026477711,1.2317412318477086,-2.3593766768794624e-06,-0.3669498177781386,1.4,2.0869565217391304,7
84.12050000021964,0.057600511191673275,1.2312063391492998,-1.892508935474675e-06,-0.3641153159882861,1.4,2.0869565217391304,7
84.14050000021973,0.05901571956223402,1.2306755167445957,-1.934538817626599e-06,-0.361280898235561,1.4,2.0869565217391304,7
84.16050000021983,0.06043165026467131,1.2301489082570713,-1.1250593264439584e-06,-0.3584481631389566,1.4,2.0869565217391304,7
84.18050000021992,0.06184887852023276,1.229626310195966,-1.3587616227628016e-06,-0.35561567495376895,1.4,2.0869565217391304,7
84.20050000022002,0.06326796130799904,1.2291078924016072,-1.5761602531360635e-06,-0.35278255949249315,1.4,2.0869565217391304,7
84.22050000022011,0.06468818605744443,1.2285934423945368,-1.9505449687506104e-06,-0.3499501541797994,1.4,2.0869565217391304,7
84.24050000022021,0.06611040137859937,1.228083167504979,-2.047376279817288e-06,-0.34711704465029636,1.4,2.0869565217391304,7
84.2605000002203,0.06753328494495872,1.2275768200156032,-2.0035407698655456e-06,-0.34428515238762936,1.4,2.0869565217391304,7
84.2805000002204,0.0689580318962937,1.227074382652986,-1.3757764068635497e-06,-0.3414528314733499,1.4,2.0869565217391304,7
84.3005000002205,0.07038436023501228,1.2265759069903073,-1.8398507373900444e-06,-0.33862037942776774,1.4,2.0869565217391304,7
84.32050000022059,0.07181162941749564,1.2260814549284154,-2.373200501395874e-06,-0.3357883014043057,1.4,2.0869565217391304,7
84.34050000022069,0.07324101547296874,1.225591261714094,-1.6178464954540143e-06,-0.33295540949023883,1.4,2.0869565217391304,7
84.36050000022078,0.07467212662194421,1.2251044532475348,-1.927322628638138e-06,-0.3301213382304847,1.4,2.0869565217391304,7
84.38050000022088,0.07610582183952053,1.2246214216515676,-1.8802983487417205e-06,-0.32728490748978695,1.4,2.0869565217391304,7
84.40050000022097,0.0775414972654686,1.2241422132765232,-1.987568649121933e-06,-0.32444729020555313,1.4,2.0869565217391304,7
84.42050000022107,0.07898236297957499,1.2236685518959944,-2.125352295885329e-05,-0.32160877632851287,1.4,2.0869565217391304,7
84.44050000022116,0.0804195340695281,1.223199542599787,-1.0980737406209853e-05,-0.31877546414744057,1.4,2.0869565217391304,7
84.46050000022126,0.08185566913185144,1.2227337121504598,-4.320976995571659e-06,-0.3159461149896605,1.4,2.0869565217391304,7
84.48050000022135,0.08329634013573485,1.2222718431285604,-1.8464583804590216e-06,-0.3131098769402861,1.4,2.0869565217391304,7
84.50050000022145,0.08473509235016874,1.2218136400667545,-7.234831100152558e-07,-0.3102800441497533,1.4,2.0869565217391304,7
84.52050000022155,0.08617574864772135,1.2213601859644456,-1.777778995949714e-06,-0.3074492515928548,1.4,2.0869565217391304,7
84.54050000022164,0.08761726566480163,1.2209110788133104,-2.770417511848568e-06,-0.30461984480541204,1.4,2.0869565217391304,7
84.56050000022174,0.08905958294946834,1.2204661884538768,-2.8567084081671633e-06,-0.3017914418694263,1.4,2.0869565217391304,7
84.58050000022183,0.09050367584901406,1.220025289304997,-2.778702917048037e-06,-0.2989625319877795,1.4,2.0869565217391304,7
84.60050000022193,0.09194826629576537,1.2195884394403755,-2.476511831089798e-06,-0.29613489152410843,1.4,2.0869565217391304,7
84.62050000022202,0.09339449025970148,1.2191557541807279,-2.7628656459580515e-06,-0.2933066290058656,1.4,2.0869565217391304,7
84.64050000022212,0.09484083366932887,1.218727208343145,-2.7947395586856476e-06,-0.29048017715125285,1.4,2.0869565217391304,7
84.66050000022221,0.09628899072504384,1.2183031057823688,-1.9293231506042015e-06,-0.28765307892625325,1.4,2.0869565217391304,7
84.68050000022231,0.09773621843884528,1.217882269293723,-2.563772877341059e-06,-0.28482891250616327,1.4,2.0869565217391304,7
84.7005000002224,0.09918987728069435,1.2174654761430295,-2.863417245751632e-06,-0.28199503180824526,1.4,2.0869565217391304,7
84.7205000002225,0.10064207949135477,1.2170523260936468,-2.9147651510534757e-06,-0.2791662631205225,1.4,2.0869565217391304,7
84.7405000002226,0.10209637702245516,1.216644069835969,-2.74950269653869e-06,-0.2763364303616808,1.4,2.0869565217391304,7
84.76050000022269,0.10355033714876681,1.2162398926965359,-3.270319550185248e-07,-0.2735086977246883,1.4,2.0869565217391304,7
84.78050000022279,0.10500698955647775,1.2158393823116442,-4.5065731915139126e-07,-0.27067843348905396,1.4,2.0869565217391304,7
84.80050000022288,0.10646531962427287,1.2154430553398534,-2.841962253184474e-06,-0.2678471238495986,1.4,2.0869565217391304,7
84.82050000022298,0.10792339100539017,1.2150515096593657,-1.433773612822299e-06,-0.26501887637291205,1.4,2.0869565217391304,7
84.84050000022307,0.1093825622696207,1.2146636552457648,-2.121807591059418e-06,-0.26218994636418985,1.4,2.0869565217391304,7
84.86050000022317,0.11084334945892399,1.2142798726043618,-2.0424001919821483e-06,-0.25935994622607456,1.4,2.0869565217391304,7
84.88050000022326,0.11230378663432677,1.213899723838431,-2.869460554709463e-06,-0.2565320021256104,1.4,2.0869565217391304,7
84.90050000022336,0.11376898431103577,1.2135241386888038,-2.9985903507337913e-06,-0.2536973342319271,1.4,2.0869565217391304,7
84.92050000022346,0.11523204753852767,1.2131528793035864,-1.7701760361891695e-06,-0.25086907003809117,1.4,2.0869565217391304,7
84.94050000022355,0.11669486593842603,1.2127861770487323,-1.222877382531722e-06,-0.24804330475631045,1.4,2.0869565217391304,7
84.96050000022365,0.11815896129211953,1.21242382224651,-7.000218152848095e-07,-0.24521739137085938,1.4,2.0869565217391304,7
84.98050000022374,0.11962446177431792,1.2120654268429312,-1.0164951352253726e-06,-0.24238979262062196,1.4,2.0869565217391304,7
85.00050000022384,0.12109119988764447,1.2117110761341638,-1.461613709482227e-06,-0.23956155308014032,1.4,2.0869565217391304,7
85.02050000022393,0.12255942784972845,1.2113607426785191,-2.4076321974767947e-06,-0.23673205679376313,1.4,2.0869565217391304,7
85.04050000022403,0.12402803427474268,1.2110145705466557,-1.995428920492918e-06,-0.2339033683435794,1.4,2.0869565217391304,7
85.06050000022412,0.1254965080075902,1.21067215003195,-2.36772746298064e-06,-0.2310765645204211,1.4,2.0869565217391304,7
85.08050000022422,0.12696816809377157,1.2103341651538606,-3.9764080134007245e-07,-0.22824458721519045,1.4,2.0869565217391304,7
85.10050000022432,0.128439799031911,1.2100000357790883,-1.0531525174281664e-06,-0.22541506949944745,1.4,2.0869565217391304,7
85.12050000022441,0.12991261365669363,1.2096709454587007,-1.693288206958487e-06,-0.22258525031103163,1.4,2.0869565217391304,7
85.1405000002245,0.131384324423604,1.2093461221408646,-2.7774234610040994e-06,-0.21975924772145178,1.4,2.0869565217391304,7
85.1605000002246,0.13285577435020407,1.2090257842306051,-2.7145174130871114e-06,-0.2169353420268231,1.4,2.0869565217391304,7
85.1805000002247,0.1343268310525024,1.2087100026877415,-2.4554368477384765e-06,-0.21411353172634517,1.4,2.0869565217391304,7
85.20050000022479,0.13579744719677572,1.2083984301816488,-2.2212015571109444e-06,-0.2112938249190202,1.4,2.0869565217391304,7
85.22050000022489,0.13726945437774124,1.2080912249347509,-4.627621553199785e-07,-0.20847289422849938,1.4,2.0869565217391304,7
85.24050000022498,0.13874198903279802,1.2077880694802712,-3.1323182338802777e-06,-0.20565203069962482,1.4,2.0869565217391304,7
85.26050000022508,0.14021503698474364,1.207489475627332,-3.731302067963281e-06,-0.20283153573971782,1.4,2.0869565217391304,7
85.28050000022517,0.14168631362569128,1.207194601098166,-2.1189936716790523e-06,-0.20001497851694308,1.4,2.0869565217391304,7
85.30050000022527,0.1431601872775341,1.2069045675746055,-6.426191925779905e-07,-0.19719520364092957,1.4,2.0869565217391304,7
85.32050000022537,0.1446344037240403,1.2066186282630278,-2.6775489174772976e-06,-0.19437589688501264,1.4,2.0869565217391304,7
85.34050000022546,0.1461078095407305,1.20633673690649,-3.949223294320412e-06,-0.19155896541808087,1.4,2.0869565217391304,7
85.36050000022556,0.14758171083975266,1.2060590739686332,-6.977047131907809e-07,-0.18874154247091302,1.4,2.0869565217391304,7
85.38050000022565,0.14905816602253658,1.2057853572242625,-1.6981363384670628e-06,-0.18592085085696222,1.4,2.0869565217391304,7
85.40050000022575,0.15053521821441868,1.2055158343119068,-2.3957911824845088e-06,-0.1830996812299249,1.4,2.0869565217391304,7
85.42050000022584,0.1520112049729986,1.2052499608475298,-2.595044321892906e-06,-0.18028116983360087,1.4,2.0869565217391304,7
85.44050000022594,0.15349015322658516,1.2049887054711634,-8.549232265758624e-07,-0.17745741741758714,1.4,2.0869565217391304,7
85.46050000022603,0.1549692368029503,1.204731438730809,-5.974762160122023e-07,-0.17463485794229486,1.4,2.0869565217391304,7
85.48050000022613,0.15644937248296784,1.204478848103819,-3.6066153696555972e-06,-0.1718118714706777,1.4,2.0869565217391304,7
85.50050000022622,0.15792727215197278,1.2042303609646734,-6.296901045511483e-07,-0.16899333802090405,1.4,2.0869565217391304,7
85.52050000022632,0.15940747286206683,1.2039860909746376,-1.302747262580999e-06,-0.16617190079462482,1.4,2.0869565217391304,7
85.54050000022642,0.16088635570667179,1.2037455069149834,-3.2748659383378184e-06,-0.16335266279144922,1.4,2.0869565217391304,7
85.56050000022651,0.16236811334306767,1.2035097045315677,-8.340803494248758e-07,-0.1605290359096947,1.4,2.0869565217391304,7
85.5805000002266,0.16384971983738653,1.2032784467909028,-2.7802485428387115e-06,-0.1577071634242051,1.4,2.0869565217391304,7
85.6005000002267,0.1653292399498895,1.2030509978747532,-4.258670791436325e-06,-0.15488953328587832,1.4,2.0869565217391304,7
85.6205000002268,0.16680891560900774,1.2028284776164255,-1.3004213034122829e-06,-0.15207238863530417,1.4,2.0869565217391304,7
85.6405000002269,0.16828868345799128,1.202610315393978,-2.9964641481040974e-06,-0.1492562912604806,1.4,2.0869565217391304,7
85.66050000022699,0.16976713075506075,1.2023965790632716,-3.874682726767305e-06,-0.1464429941020836,1.4,2.0869565217391304,7
85.68050000022708,0.17124524647139583,1.2021870366177387,-5.678459192027628e-07,-0.14363065548290654,1.4,2.0869565217391304,7
85.70050000022718,0.1727258385913622,1.2019815935383815,-2.5153580341636973e-06,-0.14081403477643106,1.4,2.0869565217391304,7
85.72050000022728,0.17420509628772474,1.2017802166040104,-4.203299181374015e-06,-0.13800035302979102,1.4,2.0869565217391304,7
85.74050000022737,0.17568461376428826,1.2015837532438973,-9.545784858307825e-07,-0.13518672974239326,1.4,2.0869565217391304,7
85.76050000022747,0.17716446504335734,1.2013918341153733,-3.8062143980946055e-06,-0.13237351900953737,1.4,2.0869565217391304,7
85.78050000022756,0.1786431680820861,1.201204004716545,-1.2795340427723077e-06,-0.1295623413269389,1.4,2.0869565217391304,7
85.80050000022766,0.18012422948753018,1.2010205785455375,-1.899703852728667e-06,-0.1267477746982018,1.4,2.0869565217391304,7
85.82050000022775,0.18160539000700215,1.2008418477939526,-2.5667813383990283e-06,-0.1239333240536078,1.4,2.0869565217391304,7
85.84050000022785,0.18308549139945898,1.2006673635599117,-2.590124434192832e-07,-0.12112095640896021,1.4,2.0869565217391304,7
85.86050000022794,0.18456816199314355,1.2004975339404913,-1.7542412026677945e-06,-0.11830501364853874,1.4,2.0869565217391304,7
85.88050000022804,0.1860497731183877,1.2003325355358438,-4.539399909027078e-06,-0.11549177775585961,1.4,2.0869565217391304,7
85.90050000022813,0.18753049780128164,1.2001728365054232,-1.9234286066255536e-06,-0.11268087630772114,1.4,2.0869565217391304,7
85.92050000022823,0.18901154177126947,1.2000177161381838,-1.3483306694356494e-06,-0.10987013768619605,1.4,2.0869565217391304,7
85.94050000022833,0.1904931435074339,1.1998661598117801,-2.735308250864849e-06,-0.10705775420054796,1.4,2.0869565217391304,7
85.96050000022842,0.19197333158308386,1.1997189886957051,-2.133621221417117e-06,-0.10424829183493158,1.4,2.0869565217391304,7
85.98050000022852,0.19345554092130193,1.1995774134660087,-2.220588593021558e-06,-0.10143615867989844,1.4,2.0869565217391304,7
86.00050000022861,0.19493573026845412,1.1994397142929933,-2.515698614179275e-06,-0.09862742505244303,1.4,2.0869565217391304,7
86.02050000022871,0.19641911412795637,1.1993067172543734,-5.390871277537204e-06,-0.09581349135505891,1.4,2.0869565217391304,7
86.0405000002288,0.1978991737221674,1.1991787081368337,-1.2730199032414684e-06,-0.09300631942822074,1.4,2.0869565217391304,7
86.0605000002289,0.19938086308751446,1.1990556375561536,-2.9266865540567567e-06,-0.0901962205156872,1.4,2.0869565217391304,7
86.080500000229,0.2008618429697666,1.1989362187609394,-1.7123472892194192e-06,-0.08738698545825116,1.4,2.0869565217391304,7
86.10050000022909,0.20234316076847456,1.1988206633642944,-8.868052671914435e-07,-0.084577015718562,1.4,2.0869565217391304,7
86.12050000022919,0.20382592614930442,1.1987098364257296,-2.581224365140374e-06,-0.08176428525830717,1.4,2.0869565217391304,7
86.14050000022928,0.20530783541218875,1.1986037271363468,-2.0060654177376056e-06,-0.07895323686108029,1.4,2.0869565217391304,7
86.16050000022938,0.20678996740238978,1.1985017595900789,-1.127535730094422e-06,-0.07614196939583984,1.4,2.0869565217391304,7
86.18050000022947,0.20827344876809456,1.1984047639865558,-2.3591431739507477e-06,-0.07332830881375596,1.4,2.0869565217391304,7
86.20050000022957,0.20975546375269677,1.1983120770167275,-3.862331647501513e-06,-0.07051759363515862,1.4,2.0869565217391304,7
86.22050000022966,0.21123785495672764,1.1982254893327111,-1.2198733496880696e-06,-0.06770699817088718,1.4,2.0869565217391304,7
86.24050000022976,0.21271912101497306,1.1981424467704163,-1.403693668966316e-06,-0.06489777240500685,1.4,2.0869565217391304,7
86.26050000022985,0.2142010986784488,1.1980640754899348,-1.1009000072032248e-06,-0.06208738044003303,1.4,2.0869565217391304,7
86.28050000022995,0.2156835179359805,1.1979899498232487,-1.6534126013499053e-06,-0.059275835447978376,1.4,2.0869565217391304,7
86.30050000023004,0.21716556087528893,1.1979200494181075,-2.2625445159196683e-06,-0.05646452959440399,1.4,2.0869565217391304,7
86.32050000023014,0.21864808578609018,1.1978548416756791,-1.1189934424262648e-06,-0.05365226672215441,1.4,2.0869565217391304,7
86.34050000023024,0.2201304488818467,1.1977938589904042,-8.667475739018674e-07,-0.05083996368234504,1.4,2.0869565217391304,7
86.36050000023033,0.22161285209936787,1.1977372377546807,-1.7407009719455336e-07,-0.04802703134803043,1.4,2.0869565217391304,7
86.38050000023043,0.22309459528745537,1.1976845830286527,-4.855881630054036e-07,-0.045214660078814126,1.4,2.0869565217391304,7
86.40050000023052,0.22457638844228614,1.197636144189559,-8.748305531340271e-07,-0.042402011881887906,1.4,2.0869565217391304,7
86.42050000023062,0.22605794734095327,1.1975919243383601,-1.0523651078618952e-06,-0.03958935730433089,1.4,2.0869565217391304,7
86.44050000023071,0.22753918868602757,1.1975519252931008,-1.4682619913670116e-06,-0.03677652131511436,1.4,2.0869565217391304,7
86.46050000023081,0.22902048426264962,1.1975161615395176,-1.4530741807316133e-06,-0.03396333539036243,1.4,2.0869565217391304,7
86.4805000002309,0.2305015778810308,1.19748457201365,-1.5506363429996985e-06,-0.031149795353001896,1.4,2.0869565217391304,7
86.500500000231,0.2319824502912733,1.1974569787862908,-1.9646400555737983e-06,-0.02833575004882581,1.4,2.0869565217391304,7
86.5205000002311,0.23346340032820523,1.1974339471482376,-3.104129720394144e-07,-0.025520801837887745,1.4,2.0869565217391304,7
86.54050000023119,0.234943889427608,1.1974145632138298,-7.049613349614199e-07,-0.022706160115779583,1.4,2.0869565217391304,7
86.56050000023129,0.23642417212405478,1.1973996586128228,-8.650838229548536e-07,-0.019891617249573605,1.4,2.0869565217391304,7
86.58050000023138,0.2379039552236139,1.1973889203729418,-1.446575097274074e-06,-0.01707715259576779,1.4,2.0869565217391304,7
86.60050000023148,0.2393835323028295,1.19738244247904,-1.5121210244197683e-06,-0.014262493892544548,1.4,2.0869565217391304,7
86.62050000023157,0.24086295422772241,1.1973800889148365,-1.6279167636391478e-06,-0.01144729730891927,1.4,2.0869565217391304,7
86.64050000023167,0.24234189093855352,1.1973819369905254,-1.7519319371825968e-06,-0.008632130409573783,1.4,2.0869565217391304,7
86.66050000023176,0.24382056246046116,1.1973880963500996,-1.3025775971985428e-06,-0.005816796998232657,1.4,2.0869565217391304,7
86.68050000023186,0.24529899674423714,1.1973984017815078,-9.128927307708291e-07,-0.0030012214129686815,1.4,2.0869565217391304,7
86.70050000023195,0.24677713175108484,1.1974129653649024,-1.6180311184779516e-07,-0.00018516185703488716,1.4,2.0869565217391304,7
86.72050000023205,0.24825440112704283,1.1974313991436432,-4.846182317422406e-07,0.0026303174224459273,1.4,2.0869565217391304,7
86.74050000023215,0.24973144112363532,1.1974540924065327,-8.003455062319064e-07,0.005445927584514107,1.4,2.0869565217391304,7
86.76050000023224,0.2512081477349107,1.1974809197379783,-1.1688379668084805e-06,0.008261805954537094,1.4,2.0869565217391304,7
86.78050000023234,0.252684329512993,1.1975118450069075,-1.6024954468446728e-06,0.011077713456599676,1.4,2.0869565217391304,7
86.80050000023243,0.25416018324284523,1.1975469882314438,-1.6403567164440347e-06,0.013893855135263517,1.4,2.0869565217391304,7
86.82050000023253,0.2556356884051332,1.1975860404059986,-1.888540656796069e-06,0.016710482927808624,1.4,2.0869565217391304,7
86.84050000023262,0.25711107734542216,1.197629531578817,-9.511054642108099e-07,0.01952800237361164,1.4,2.0869565217391304,7
86.86050000023272,0.25858584627312725,1.197677242195141,-2.646952636430986e-07,0.02234534658354919,1.4,2.0869565217391304,7
86.88050000023281,0.2600599545930413,1.1977288702030096,-3.9986375697308156e-07,0.025162365441304225,1.4,2.0869565217391304,7
86.90050000023291,0.2615336220657131,1.1977846347242052,-8.086323247766932e-07,0.0279794855691542,1.4,2.0869565217391304,7
86.920500000233,0.26300654740783896,1.1978442076176097,-1.779008196019292e-06,0.030796586720811845,1.4,2.0869565217391304,7
86.9405000002331,0.2644794089573176,1.1979082799080143,-1.4775910848970827e-06,0.033614342366059494,1.4,2.0869565217391304,7
86.9605000002332,0.2659516502374098,1.1979764183733812,-1.6973525245183227e-06,0.036432065532948345,1.4,2.0869565217391304,7
86.98050000023329,0.2674233047428286,1.1980485841325006,-1.7983185350903888e-06,0.03925001530453121,1.4,2.0869565217391304,7
87.00050000023339,0.26889472134180675,1.1981251497798115,-8.49598079143034e-08,0.04206908342123499,1.4,2.0869565217391304,7
87.02050000023348,0.27036530428107575,1.1982055743598612,-4.0360301503919054e-07,0.044887137915659236,1.4,2.0869565217391304,7
87.04050000023358,0.27183521760837637,1.1982901211920998,-8.195926067411095e-07,0.047705168375800605,1.4,2.0869565217391304,7
87.06050000023367,0.27330460265475875,1.1983786200731958,-1.3902097984894461e-06,0.05052366665580784,1.4,2.0869565217391304,7
87.08050000023377,0.27477344445323904,1.1984713542515535,-1.5425948240936737e-06,0.05334214586074413,1.4,2.0869565217391304,7
87.10050000023386,0.27624177097595376,1.1985681622161968,-1.8089321554280346e-06,0.05616103314147139,1.4,2.0869565217391304,7
87.12050000023396,0.2777092797637818,1.1986689807266555,-1.8302294770409208e-06,0.05897974727228432,1.4,2.0869565217391304,7
87.14050000023406,0.2791764161142193,1.198773788663992,-1.4935547841938031e-06,0.061799214528399656,1.4,2.0869565217391304,7
87.16050000023415,0.28064344498450006,1.1988825757840615,-3.539594484433794e-07,0.06462028601357145,1.4,2.0869565217391304,7
87.18050000023425,0.2821094866525739,1.1989949770224686,-7.533507919488469e-07,0.06744051914016594,1.4,2.0869565217391304,7
87.20050000023434,0.2835743870552413,1.1991112303773248,-1.1418232210436672e-06,0.07026016002004873,1.4,2.0869565217391304,7
87.22050000023444,0.2850389813048899,1.1992312849958726,-1.3754211605168937e-06,0.07308070985428715,1.4,2.0869565217391304,7
87.24050000023453,0.2865029835883298,1.1993551014986394,-1.6136694982913245e-06,0.07590164534287204,1.4,2.0869565217391304,7
87.26050000023463,0.28796618525344914,1.1994825399981708,-2.0476969289658117e-06,0.07872287746936135,1.4,2.0869565217391304,7
87.28050000023472,0.2894291300258308,1.199614084346739,-8.444861391915251e-07,0.08154537384647692,1.4,2.0869565217391304,7
87.30050000023482,0.2908914246593923,1.199749278154678,-3.921395401285293e-07,0.08436813219287152,1.4,2.0869565217391304,7
87.32050000023492,0.2923526016311364,1.1998881001982797,-4.869722875116559e-07,0.08719040609814634,1.4,2.0869565217391304,7
87.34050000023501,0.29381296848087807,1.2000306243380132,-1.0385381629528064e-06,0.09001279493558155,1.4,2.0869565217391304,7
87.3605000002351,0.29527287647649264,1.2001769186018707,-1.3742123105283807e-06,0.09283587826498456,1.4,2.0869565217391304,7
87.3805000002352,0.29673217268437385,1.2003269146849764,-1.80267807125995e-06,0.09565963507469052,1.4,2.0869565217391304,7
87.4005000002353,0.2981904903291638,1.2004805302372739,-2.2186144864397533e-06,0.09848326970640066,1.4,2.0869565217391304,7
87.42050000023539,0.2996485939784238,1.200638206085085,-1.1548250604330348e-06,0.10130843129868682,1.4,2.0869565217391304,7
87.44050000023549,0.3011060146713207,1.200799640096688,-3.396116940894981e-07,0.1041341683513388,1.4,2.0869565217391304,7
87.46050000023558,0.3025627222736725,1.200964423602547,-7.141287554015457e-07,0.10696013050777392,1.4,2.0869565217391304,7
87.48050000023568,0.30401820368827714,1.2011329472919738,-1.6473914470831391e-06,0.10978562774069194,1.4,2.0869565217391304,7
87.50050000023577,0.30547358016093895,1.2013051559033154,-1.8786140183263585e-06,0.11261283023540483,1.4,2.0869565217391304,7
87.52050000023587,0.30692833038685363,1.2014812968159598,-1.4884391034358036e-06,0.11544056753934089,1.4,2.0869565217391304,7
87.54050000023597,0.30838208145854085,1.2016612498999188,-1.2212647053083209e-06,0.1182683335840639,1.4,2.0869565217391304,7
87.56050000023606,0.309834978863914,1.2018450715568973,-2.582600142030131e-07,0.12109652565110246,1.4,2.0869565217391304,7
87.58050000023616,0.31128708476102235,1.2020322744968972,-1.0835929414493364e-06,0.12392504970163608,1.4,2.0869565217391304,7
87.60050000023625,0.31273825165250974,1.202223321890605,-1.2138771110634165e-06,0.12675354916111697,1.4,2.0869565217391304,7
87.62050000023635,0.31418856676837137,1.202417780192442,-1.7436306382141586e-06,0.12958262436084486,1.4,2.0869565217391304,7
87.64050000023644,0.31563798866829246,1.2026161333680379,-1.6170678740379508e-06,0.1324116952291067,1.4,2.0869565217391304,7
87.66050000023654,0.31708677230731225,1.2028182410054198,-2.037697589564646e-06,0.13524166765672976,1.4,2.0869565217391304,7
87.68050000023663,0.3185349111452906,1.2030242405725171,-8.239010526131368e-07,0.13807263828161195,1.4,2.0869565217391304,7
87.70050000023673,0.31998204666033997,1.2032337948342813,-9.25376016062286e-07,0.14090393774174,1.4,2.0869565217391304,7
87.72050000023683,0.32142827770969573,1.203446989190791,-1.6399599582807791e-06,0.14373501498294983,1.4,2.0869565217391304,7
87.74050000023692,0.3228736372608386,1.2036641518112157,-1.4832759434524934e-06,0.14656648131341707,1.4,2.0869565217391304,7
87.76050000023702,0.3243180907459607,1.2038850575663644,-1.71837596513558e-06,0.14939843296678088,1.4,2.0869565217391304,7
87.78050000023711,0.32576174643149575,1.2041100840123036,-1.5937607038553126e-06,0.15223075315153622,1.4,2.0869565217391304,7
87.80050000023721,0.3272044953106086,1.204339152265907,-1.676278771226126e-06,0.1550632876221215,1.4,2.0869565217391304,7
87.8205000002373,0.328646692549099,1.204572451633189,-6.084807843049834e-07,0.15789711811563367,1.4,2.0869565217391304,7
87.8405000002374,0.3300876509911276,1.2048095790576518,-1.1527807278452494e-07,0.16073068966102064,1.4,2.0869565217391304,7
87.8605000002375,0.3315276963885335,1.2050506416263318,-3.158957951015237e-07,0.16356429766439312,1.4,2.0869565217391304,7
87.88050000023759,0.33296704591182236,1.205295769647343,-6.025099067127349e-07,0.1663986039930108,1.4,2.0869565217391304,7
87.90050000023768,0.33440522205711587,1.2055448592947884,-8.4675264475975e-07,0.16923288052500055,1.4,2.0869565217391304,7
87.92050000023778,0.335842592796672,1.2057980074687142,-7.105050034372617e-07,0.172067588407087,1.4,2.0869565217391304,7
87.94050000023788,0.3372792504102866,1.2060551818473262,-1.306134910949768e-06,0.17490316065432537,1.4,2.0869565217391304,7
87.96050000023797,0.33871511494042966,1.206316426633729,-1.2554579612686877e-06,0.1777394860870271,1.4,2.0869565217391304,7
87.98050000023807,0.34014999711997707,1.2065816904839999,-1.1081071939730306e-06,0.18057598891248774,1.4,2.0869565217391304,7
88.00050000023816,0.34158412266144134,1.2068510154177519,-1.1185022476833048e-06,0.1834133326806271,1.4,2.0869565217391304,7
88.02050000023826,0.3430174036573819,1.2071241161485826,-1.2341739115410655e-06,0.1862514732918653,1.4,2.0869565217391304,7
88.04050000023835,0.3444500363918248,1.2074011811739764,-1.4705715042042013e-06,0.18909046144020294,1.4,2.0869565217391304,7
88.06050000023845,0.34588163473504685,1.2076825451317008,-1.0799779260246129e-06,0.19192977724746402,1.4,2.0869565217391304,7
88.08050000023854,0.34731251503271454,1.2079680229534877,-1.364802528775729e-06,0.1947697686782241,1.4,2.0869565217391304,7
88.10050000023864,0.34874262685828067,1.2082576270669405,-1.0219011904213764e-06,0.1976107931042383,1.4,2.0869565217391304,7
88.12050000023874,0.3501715586287526,1.2085511747032123,-1.1060210817779417e-06,0.20045177592209626,1.4,2.0869565217391304,7
88.14050000023883,0.35159928498505205,1.2088487103561656,-6.69367764050957e-07,0.20329280140598116,1.4,2.0869565217391304,7
88.16050000023893,0.3530263518667442,1.2091503444498783,-3.669712612583145e-07,0.20613482063234115,1.4,2.0869565217391304,7
88.18050000023902,0.35445258442866406,1.2094559996712266,-4.939552654476781e-07,0.2089775090012956,1.4,2.0869565217391304,7
88.20050000023912,0.3558779801093629,1.209765389033208,-5.520751059276636e-07,0.21182139687105864,1.4,2.0869565217391304,7
88.22050000023921,0.35730250569432015,1.2100791000196305,-2.448506283307231e-07,0.2146654481409966,1.4,2.0869565217391304,7
88.24050000023931,0.3587258524421111,1.2103968129478668,-2.5956528070420765e-08,0.21751014329435736,1.4,2.0869565217391304,7
88.2605000002394,0.3601483352818756,1.2107183456109225,-1.1360227841468366e-06,0.2203549652995573,1.4,2.0869565217391304,7
88.2805000002395,0.36156978121343253,1.2110438346733061,-1.2625570161109053e-06,0.2232004908259416,1.4,2.0869565217391304,7
88.3005000002396,0.36298994806029444,1.2113735244665151,-1.3614055161487408e-06,0.22604630396624695,1.4,2.0869565217391304,7
88.32050000023969,0.3644093431727693,1.2117073378900753,-1.056562973925376e-06,0.22889283772002955,1.4,2.0869565217391304,7
88.34050000023979,0.36582778045150804,1.2120451671359502,-1.018215230650164e-06,0.23173991998210658,1.4,2.0869565217391304,7
88.36050000023988,0.36724535665884994,1.2123867907118204,-2.5187806685406324e-07,0.23458829873932738,1.4,2.0869565217391304,7
88.38050000023998,0.36866176914685395,1.2127325642390399,-2.445791057955769e-07,0.2374367555975407,1.4,2.0869565217391304,7
88.40050000024007,0.37007757225377175,1.2130821438414263,-4.909029403808898e-07,0.2402862790928188,1.4,2.0869565217391304,7
88.42050000024017,0.37149194815540076,1.2134358599460229,-1.2169864379070164e-06,0.24313554245681984,1.4,2.0869565217391304,7
88.44050000024026,0.37290511880779975,1.2137937051005885,-1.2329565756924505e-06,0.245985353140161,1.4,2.0869565217391304,7
88.46050000024036,0.3743172866522869,1.214155614740585,-7.406696755006687e-07,0.24883570911496167,1.4,2.0869565217391304,7
88.48050000024045,0.37572857103171725,1.2145215605312532,-5.968280045780258e-07,0.2516869437976705,1.4,2.0869565217391304,7
88.50050000024055,0.3771386311118317,1.214891466578914,-7.43089165233992e-09,0.25453855979575596,1.4,2.0869565217391304,7
88.52050000024065,0.3785478299271476,1.2152650131918858,-5.639122864352569e-07,0.25739096978627063,1.4,2.0869565217391304,7
88.54050000024074,0.37995591822937297,1.2156426250728307,-1.0962928830718105e-06,0.26024373576159743,1.4,2.0869565217391304,7
88.56050000024084,0.38136318316152545,1.2160242169649784,-8.266276252420084e-07,0.2630979255555106,1.4,2.0869565217391304,7
88.58050000024093,0.38276919321145103,1.216410136187473,-1.8003703865481461e-07,0.26595208614999544,1.4,2.0869565217391304,7
88.60050000024103,0.38417352899404567,1.2167996623517663,-1.1576330090436749e-06,0.26880557236753944,1.4,2.0869565217391304,7
88.62050000024112,0.38557715713613205,1.217193322298541,-1.463540521984225e-06,0.2716606858783163,1.4,2.0869565217391304,7
88.64050000024122,0.38697975880578883,1.2175912980000425,-7.301004809779611e-07,0.274516423959847,1.4,2.0869565217391304,7
88.66050000024131,0.38838120155832556,1.2179932768168327,-4.493851977154418e-07,0.27737238885415233,1.4,2.0869565217391304,7
88.68050000024141,0.389780743216202,1.2183988882921317,-1.0878916134451583e-06,0.2802274763386736,1.4,2.0869565217391304,7
88.7005000002415,0.3911793386891283,1.2188086870779733,-7.829767651720178e-07,0.2830835850872222,1.4,2.0869565217391304,7
88.7205000002416,0.3925770247789116,1.219222561609716,-2.8438163709497163e-07,0.2859407066045593,1.4,2.0869565217391304,7
88.7405000002417,0.39397341682399745,1.2196402879680555,-6.60743563817163e-07,0.2887979828835715,1.4,2.0869565217391304,7
88.76050000024179,0.39536835510225565,1.2200618784218562,-1.314912996554868e-06,0.29165526935055347,1.4,2.0869565217391304,7
88.78050000024189,0.39676267065225523,1.2204874474721261,-8.951658556744333e-07,0.2945142966691881,1.4,2.0869565217391304,7
88.80050000024198,0.3981556733437413,1.2209166480634535,-8.953124652486784e-07,0.2973735272429621,1.4,2.0869565217391304,7
88.82050000024208,0.3995473321312028,1.2213499791067053,-9.359355084624794e-07,0.30023303052433137,1.4,2.0869565217391304,7
88.84050000024217,0.40093799239612776,1.221787735340043,-4.137829254107004e-07,0.30309340351753133,1.4,2.0869565217391304,7
88.86050000024227,0.4023270565418552,1.22222926280586,-9.645104978945275e-07,0.30595327770326103,1.4,2.0869565217391304,7
88.88050000024236,0.4037147776782649,1.2226748253243127,-8.206070840965665e-07,0.3088136945274944,1.4,2.0869565217391304,7
88.90050000024246,0.405101514173581,1.2231244989830383,-1.4624645286346258e-07,0.31167513482372117,1.4,2.0869565217391304,7
88.92050000024255,0.40648635880790407,1.223577696020269,-1.4082633885380617e-06,0.3145352838095388,1.4,2.0869565217391304,7
88.94050000024265,0.40787043147681834,1.2240352649279354,-6.721246710277208e-07,0.31739753038713797,1.4,2.0869565217391304,7
88.96050000024275,0.40925331543948085,1.2244968188394303,-1.9080263489628274e-07,0.32026004541951175,1.4,2.0869565217391304,7
88.98050000024284,0.41063571566159723,1.224963057622671,-5.427442233103988e-06,0.32312456174351756,1.4,2.0869565217391304,7
89.00050000024294,0.41201251649964116,1.2254316894226749,-2.215972900291938e-06,0.32597994921584755,1.4,2.0869565217391304,7
89.02050000024303,0.41338970044786705,1.2259054812086694,-1.126211386131219e-06,0.32884015957103396,1.4,2.0869565217391304,7
89.04050000024313,0.41476399468154196,1.2263825557944512,-1.1140348194070837e-06,0.3316972088032537,1.4,2.0869565217391304,7
89.06050000024322,0.4161368062051514,1.2268634595114656,-1.3734156738508137e-06,0.33455437289733003,1.4,2.0869565217391304,7
89.08050000024332,0.4175078809575046,1.227348413357388,-5.17457118628553e-07,0.3374115263926086,1.4,2.0869565217391304,7
89.10050000024341,0.4188765900579816,1.2278369205270976,-2.4066140380151334e-06,0.3402659484664847,1.4,2.0869565217391304,7
89.12050000024351,0.42024292006334546,1.228329003959168,-2.73480200898529e-06,0.3431194439719901,1.4,2.0869565217391304,7
89.1405000002436,0.4216070721550708,1.228824641329975,-1.2461997876866297e-06,0.34597174322301527,1.4,2.0869565217391304,7
89.1605000002437,0.42297003052399157,1.229324106704419,-1.983559991270357e-06,0.3488242024930127,1.4,2.0869565217391304,7
89.1805000002438,0.4243310453941981,1.2298272190185213,-1.9618896974621276e-06,0.3516763045078152,1.4,2.0869565217391304,7
89.20050000024389,0.42569001563739994,1.2303341291800587,-8.609205974263448e-07,0.3545281520622192,1.4,2.0869565217391304,7
89.22050000024399,0.42704827584028693,1.2308452319619687,-7.650779704894942e-07,0.3573814357990434,1.4,2.0869565217391304,7
89.24050000024408,0.42840510990548913,1.2313601402435699,-2.066251514853887e-06,0.36023444673918287,1.4,2.0869565217391304,7
89.26050000024418,0.42975998158585726,1.2318789106927504,-2.30047841713642e-06,0.3630874161651246,1.4,2.0869565217391304,7
89.28050000024427,0.4311129626166941,1.2324012340561263,-1.5556556628226283e-06,0.3659397437062658,1.4,2.0869565217391304,7
89.30050000024437,0.4324642057969763,1.2329271428496726,-1.4980285247338344e-06,0.36879131550345956,1.4,2.0869565217391304,7
89.32050000024446,0.4338137108796619,1.2334569936545832,-4.4594819710092066e-07,0.37164320523629035,1.4,2.0869565217391304,7
89.34050000024456,0.43516195340881536,1.2339906525566837,-1.8808689818200989e-06,0.37449583558965976,1.4,2.0869565217391304,7
89.36050000024466,0.4365090910874888,1.2345286519929575,-1.5712020762607157e-06,0.3773497117360964,1.4,2.0869565217391304,7
89.38050000024475,0.4378545593041503,1.2350704225384028,-1.1513240979540074e-06,0.3802032038506686,1.4,2.0869565217391304,7
89.40050000024485,0.43919749899003374,1.2356153011136668,-1.4000879964625042e-06,0.3830547897767035,1.4,2.0869565217391304,7
89.42050000024494,0.44053907880877075,1.2361644131377183,-7.70853579923103e-07,0.3859078852209305,1.4,2.0869565217391304,7
89.44050000024504,0.4418791468018684,1.236717258011733,-2.2092344474449507e-06,0.38876024190378544,1.4,2.0869565217391304,7
89.46050000024513,0.44321807106746847,1.2372741658406565,-1.7707335988930226e-06,0.3916140287721085,1.4,2.0869565217391304,7
89.48050000024523,0.444554814015411,1.2378342840396066,-1.9969636236369306e-06,0.3944668275289604,1.4,2.0869565217391304,7
89.50050000024532,0.4458904050682286,1.2383985373384503,-9.18204259089131e-07,0.39732102354583215,1.4,2.0869565217391304,7
89.52050000024542,0.4472245881381336,1.2389668849371018,-2.0307654923754307e-06,0.4001756430157511,1.4,2.0869565217391304,7
89.54050000024552,0.4485570890112443,1.2395391287131698,-1.2898553711519466e-06,0.4030304043596662,1.4,2.0869565217391304,7
89.56050000024561,0.4498872819164432,1.24011455510871,-1.5724939937864785e-06,0.4058833283073305,1.4,2.0869565217391304,7
89.5805000002457,0.4512164097092661,1.2406943593871391,-8.638746497550086e-07,0.40873856710922507,1.4,2.0869565217391304,7
89.6005000002458,0.45254398545926716,1.2412777977492229,-2.763534264063959e-06,0.41159327301582865,1.4,2.0869565217391304,7
89.6205000002459,0.45386989424372226,1.241865031032782,-7.22235569399485e-07,0.4144485165753961,1.4,2.0869565217391304,7
89.64050000024599,0.45519365589842703,1.2424556832101505,-8.085340687476112e-07,0.4173028742007542,1.4,2.0869565217391304,7
89.66050000024609,0.45651656841181154,1.2430507539069446,-1.3550309050679955e-06,0.4201591936514062,1.4,2.0869565217391304,7
89.68050000024618,0.45783764444313874,1.2436494410805459,-1.9955641278048566e-06,0.4230148186618597,1.4,2.0869565217391304,7
89.70050000024628,0.4591585661561573,1.2442558637690642,-1.9090020752343673e-05,0.42587324513997404,1.4,2.0869565217391304,7
89.72050000024637,0.46047425340287707,1.244861797255369,-2.953161886586206e-06,0.4287266135798712,1.4,2.0869565217391304,7
89.74050000024647,0.4617894751302797,1.2454712419213905,-1.7562511409337414e-06,0.4315812594672292,1.4,2.0869565217391304,7
89.76050000024657,0.46310594957578505,1.2460855505375972,-1.149261629592864e-06,0.4344425102319922,1.4,2.0869565217391304,7
89.78050000024666,0.4644200309837743,1.2467036619006615,-1.265133589770212e-06,0.437302443649966,1.4,2.0869565217391304,7
89.80050000024676,0.465733421774215,1.247326568727908,-2.4045436830152485e-06,0.44016538367931224,1.4,2.0869565217391304,7
89.82050000024685,0.46704402268355505,1.2479522247460955,-1.518071001749016e-06,0.4430252054003583,1.4,2.0869565217391304,7
89.84050000024695,0.4683523031749989,1.2485814002245093,-7.127499158661289e-07,0.44588439303927035,1.4,2.0869565217391304,7
89.86050000024704,0.4696600139926533,1.2492152428121561,-1.951811773459918e-06,0.4487454734329963,1.4,2.0869565217391304,7
89.88050000024714,0.4709656934061671,1.2498524428201458,-8.522035191536708e-07,0.4516061730397185,1.4,2.0869565217391304,7
89.90050000024723,0.47226923855768754,1.2504928926140748,-8.421095317111695e-07,0.4544656262484833,1.4,2.0869565217391304,7
89.92050000024733,0.47357207089673853,1.2511383453208562,-1.297151693076109e-06,0.4573288171726339,1.4,2.0869565217391304,7
89.94050000024743,0.4748718693076983,1.2517863054392921,-1.4349980539159563e-06,0.46018832365612755,1.4,2.0869565217391304,7
89.96050000024752,0.47617039754429497,1.252438800112309,-1.3684120482644102e-06,0.4630496787532868,1.4,2.0869565217391304,7
89.98050000024762,0.4774663300588252,1.2530944088688702,-1.7717523658093912e-06,0.46590926416264156,1.4,2.0869565217391304,7
90.00050000024771,0.4787609064011924,1.2537538843388982,-2.1890323691896656e-06,0.46876932040775043,1.4,2.0869565217391304,7
90.02050000024781,0.4800534055595304,1.2544168641107263,-5.312597652558522e-07,0.47162878084003124,1.4,2.0869565217391304,7
90.0405000002479,0.4813448334396794,1.2550842120975092,-9.823933780032372e-07,0.47449064007581515,1.4,2.0869565217391304,7
90.060500000248,0.4826340333702199,1.255754937242636,-2.071066385633287e-06,0.47735114028266096,1.4,2.0869565217391304,7
90.0805000002481,0.4839207637851014,1.2564288695986034,-8.3853247192441e-07,0.48021043512081263,1.4,2.0869565217391304,7
90.10050000024819,0.48520649016219364,1.2571072298252075,-1.2742178242445398e-06,0.48307217488545934,1.4,2.0869565217391304,7
90.12050000024828,0.4864906825121371,1.2577893299315275,-1.8268336668841654e-06,0.485933689971488,1.4,2.0869565217391304,7
90.14050000024838,0.48777312433316544,1.2584749295831168,-9.887462380667794e-07,0.48879622300888814,1.4,2.0869565217391304,7
90.16050000024848,0.48905332137072405,1.2591641205363266,-1.2393295237120237e-06,0.49165769882600224,1.4,2.0869565217391304,7
90.18050000024857,0.49033264919132086,1.259857800143622,-2.3733281845128598e-06,0.49452112519626745,1.4,2.0869565217391304,7
90.20050000024867,0.49160927947742444,1.2605546552415936,-9.523628044784086e-07,0.497382996806258,1.4,2.0869565217391304,7
90.22050000024876,0.49288373997878865,1.2612549646142062,-7.349114977106517e-07,0.5002446645787554,1.4,2.0869565217391304,7
90.24050000024886,0.4941578427814126,1.2619602424361844,-2.1805345220328393e-06,0.5031092078931342,1.4,2.0869565217391304,7
90.26050000024895,0.4954293698884926,1.2626685923190388,-1.0716077226383705e-06,0.505972591474871,1.4,2.0869565217391304,7
90.28050000024905,0.4966988318747722,1.2633802577914597,-1.183574404651459e-06,0.5088352444603352,1.4,2.0869565217391304,7
90.30050000024914,0.49796706210449093,1.2640966539008547,-2.3143503366510813e-06,0.5117001070401731,1.4,2.0869565217391304,7
90.32050000024924,0.49923318201452416,1.2648162373832785,-1.6078242393964271e-06,0.5145640208825284,1.4,2.0869565217391304,7
90.34050000024934,0.5004967605025749,1.2655389750977937,-6.451157649179499e-07,0.5174266956145537,1.4,2.0869565217391304,7
90.36050000024943,0.5017590670356007,1.2662661768295003,-1.951566597333036e-06,0.5202911722082536,1.4,2.0869565217391304,7
90.38050000024953,0.5030194707655322,1.2669971187335267,-1.2829294196392781e-06,0.5231554915905345,1.4,2.0869565217391304,7
90.40050000024962,0.5042776713335697,1.2677313598981428,-1.0066833469105756e-06,0.5260196036960219,1.4,2.0869565217391304,7
90.42050000024972,0.5055343382876367,1.2684697225526478,-2.19794448278137e-06,0.5288842844933189,1.4,2.0869565217391304,7
90.44050000024981,0.5067885284244796,1.2692113009517008,-1.3061996618144372e-06,0.5317478768055188,1.4,2.0869565217391304,7
90.46050000024991,0.5080413702287664,1.2699571415802493,-8.765594806476054e-07,0.5346133617051616,1.4,2.0869565217391304,7
90.48050000025,0.5092921476413502,1.270706400321952,-2.081368877857137e-06,0.5374781684263578,1.4,2.0869565217391304,7
90.5005000002501,0.5105406475703744,1.2714590460792858,-1.3346754568916714e-06,0.5403422388578376,1.4,2.0869565217391304,7
90.5205000002502,0.5117880151265332,1.2722163929238979,-2.530984539229819e-06,0.5432089376747833,1.4,2.0869565217391304,7
90.54050000025029,0.5130327973971837,1.2729766300821812,-1.0036722920209472e-06,0.5460740677584045,1.4,2.0869565217391304,7
90.56050000025039,0.5142756270947297,1.2737404008874744,-6.859659452214667e-07,0.5489387390494355,1.4,2.0869565217391304,7
90.58050000025048,0.5155173636104557,1.274508941393803,-2.3487485694186595e-06,0.5518064828733436,1.4,2.0869565217391304,7
90.60050000025058,0.5167565734430992,1.2752801256351938,-2.7892551400091137e-06,0.5546726311337544,1.4,2.0869565217391304,7
90.62050000025067,0.5179940661883453,1.2760552027018397,-1.6612287801621861e-06,0.5575391799713194,1.4,2.0869565217391304,7
90.64050000025077,0.519229827588847,1.2768348696861254,-1.9736670161714437e-06,0.5604072426609699,1.4,2.0869565217391304,7
90.66050000025086,0.520462826767443,1.2776173144575098,-1.0614935514527075e-06,0.5632734028036269,1.4,2.0869565217391304,7
90.68050000025096,0.5216937401318233,1.2784035605184063,-1.6773073245395487e-06,0.5661395729486568,1.4,2.0869565217391304,7
90.70050000025105,0.5229230353953292,1.279193579910279,-1.763426903417432e-06,0.5690062926962651,1.4,2.0869565217391304,7
90.72050000025115,0.524149699787534,1.2799868562416605,-8.894759732661367e-07,0.5718720156500822,1.4,2.0869565217391304,7
90.74050000025125,0.5253745126255464,1.280784440591271,-1.4591657409731745e-06,0.5747390107382265,1.4,2.0869565217391304,7
90.76050000025134,0.5265970518251417,1.2815849362183296,-7.988456194640124e-07,0.5776047388234881,1.4,2.0869565217391304,7
90.78050000025144,0.527817409422719,1.2823889528708814,-6.81243833753465e-07,0.5804707198590696,1.4,2.0869565217391304,7
90.80050000025153,0.5290359786194517,1.2831973618217356,-1.9169480149350555e-06,0.5833375105891245,1.4,2.0869565217391304,7
90.82050000025163,0.5302514301632313,1.284008196838305,-3.9643122882484044e-07,0.5862018458440375,1.4,2.0869565217391304,7
90.84050000025172,0.5314661149260755,1.2848241360499182,-1.2522537628475262e-06,0.5890698816426646,1.4,2.0869565217391304,7
90.86050000025182,0.5326783043708769,1.2856430657091007,-2.6505754643975782e-06,0.5919367083680739,1.4,2.0869565217391304,7
90.88050000025191,0.5338876683203105,1.2864648485240362,-8.373693154685039e-07,0.5948019499694043,1.4,2.0869565217391304,7
90.90050000025201,0.5350961353947599,1.2872918018827617,-3.5298426433271833e-06,0.5976705122740079,1.4,2.0869565217391304,7
90.9205000002521,0.5363016570337883,1.2881212469376058,-1.922722799835938e-06,0.6005369738622889,1.4,2.0869565217391304,7
90.9405000002522,0.5375051821600073,1.2889544017224273,-1.1237524515758947e-06,0.6034040837719289,1.4,2.0869565217391304,7
90.9605000002523,0.538706463977547,1.289791625411393,-1.3522683546806095e-06,0.6062718328201249,1.4,2.0869565217391304,7
90.98050000025239,0.5399049646666033,1.290631487658555,-2.7914352589677234e-07,0.6091371080848581,1.4,2.0869565217391304,7
91.00050000025249,0.5411027005153759,1.2914761516127091,-2.2224948253770707e-07,0.6120067292370642,1.4,2.0869565217391304,7
91.02050000025258,0.542300168974784,1.2923262958953554,-2.0564490325067988e-06,0.6148810784682632,1.4,2.0869565217391304,7
91.04050000025268,0.5434952696401579,1.293179385188284,-1.6600164688385143e-06,0.6177546428366903,1.4,2.0869565217391304,7
91.06050000025277,0.5446877418244407,1.2940356637196806,-6.90199418071455e-07,0.6206272396303085,1.4,2.0869565217391304,7
91.08050000025287,0.5458784502410946,1.2948962513571871,-2.648022299022279e-06,0.6235006607962135,1.4,2.0869565217391304,7
91.10050000025296,0.5470659833777679,1.2957592155369417,-1.0526115126144493e-06,0.6263714565633629,1.4,2.0869565217391304,7
91.12050000025306,0.5482513815362553,1.2966262136279942,-2.062297316199215e-06,0.6292432450252226,1.4,2.0869565217391304,7
91.14050000025316,0.5494341476955427,1.2974961835528398,-2.348255595713802e-06,0.6321141535993356,1.4,2.0869565217391304,7
91.16050000025325,0.5506139111365927,1.2983693150386821,-1.6513671198505198e-06,0.6349834264943178,1.4,2.0869565217391304,7
91.18050000025335,0.5517913200233389,1.299246118179109,-1.5539157033651853e-06,0.6378522932609756,1.4,2.0869565217391304,7
91.20050000025344,0.5529665254931767,1.3001262530940365,-6.73182629778284e-07,0.6407217309759591,1.4,2.0869565217391304,7
91.22050000025354,0.5541393389444671,1.3010100555280397,-1.002310138066583e-06,0.6435906121716269,1.4,2.0869565217391304,7
91.24050000025363,0.5553091816649625,1.3018967361214535,-3.125980837829528e-07,0.64645863339304,1.4,2.0869565217391304,7
91.26050000025373,0.5564778691500883,1.30278820504841,-3.174458865279212e-06,0.6493288542489435,1.4,2.0869565217391304,7
91.28050000025382,0.5576429105553755,1.3036816511843465,-6.819946392207796e-07,0.652195854009185,1.4,2.0869565217391304,7
91.30050000025392,0.558806343205567,1.3045797732275901,-1.0407226982299938e-06,0.6550658977177666,1.4,2.0869565217391304,7
91.32050000025401,0.5599670638068232,1.3054806517993427,-1.5195359844081014e-06,0.657933983894287,1.4,2.0869565217391304,7
91.34050000025411,0.5611256753042092,1.3063853620384163,-1.5666104589628393e-06,0.6608031053172019,1.4,2.0869565217391304,7
91.3605000002542,0.5622818728578841,1.3072935547664368,-1.6121638154358335e-06,0.6636718798708402,1.4,2.0869565217391304,7
91.3805000002543,0.5634358125297726,1.308205322341364,-9.327144059581466e-07,0.6665414338298918,1.4,2.0869565217391304,7
91.4005000002544,0.5645876307570389,1.3091208796486447,-4.038902964837236e-06,0.669411189517213,1.4,2.0869565217391304,7
91.42050000025449,0.565736998035021,1.310039584643488,-2.6149083724125644e-06,0.6722809707108851,1.4,2.0869565217391304,7
91.44050000025459,0.5668845413849148,1.3109627577426202,-2.5636163576818347e-06,0.6751534399293669,1.4,2.0869565217391304,7
91.46050000025468,0.5680298230137929,1.3118897151530808,-4.112702850389778e-06,0.6780259522745471,1.4,2.0869565217391304,7
91.48050000025478,0.5691717690936089,1.3128186091328962,-3.825912723248262e-06,0.6808952014876246,1.4,2.0869565217391304,7
91.50050000025487,0.5703115418825943,1.313751664328745,-1.7267602049597218e-06,0.6837660377456095,1.4,2.0869565217391304,7
91.52050000025497,0.5714490616537281,1.3146881015381857,-2.027020604655093e-06,0.6866358228592109,1.4,2.0869565217391304,7
91.54050000025507,0.5725846101707471,1.31562918863724,-2.344930991211996e-06,0.6895085735139738,1.4,2.0869565217391304,7
91.56050000025516,0.5737173952109496,1.316572994355853,-2.331763639962649e-06,0.6923799668496111,1.4,2.0869565217391304,7
91.58050000025526,0.574846870032067,1.3175190888665054,-5.569286297696026e-07,0.6952487434751231,1.4,2.0869565217391304,7
91.60050000025535,0.5759741066594368,1.3184694050884669,-1.998163089500368e-06,0.6981189723176014,1.4,2.0869565217391304,7
91.62050000025545,0.5770980154868915,1.3194220533209597,-1.2286313178573388e-06,0.7009867875218231,1.4,2.0869565217391304,7
91.64050000025554,0.5782197322002319,1.3203786365861092,-9.527497530874988e-07,0.703855091362469,1.4,2.0869565217391304,7
91.66050000025564,0.5793385678328922,1.321338291396146,-1.3868560971099232e-06,0.706722975156834,1.4,2.0869565217391304,7
91.68050000025573,0.5804545966292662,1.3223008057931684,-5.690135055112325e-07,0.709590127546678,1.4,2.0869565217391304,7
91.70050000025583,0.5815684212614989,1.3232673418019467,-9.496532424714981e-07,0.7124580616856259,1.4,2.0869565217391304,7
91.72050000025592,0.5826791681969571,1.3242365665055598,-9.831103254764362e-07,0.71532467525039,1.4,2.0869565217391304,7
91.74050000025602,0.5837873907421676,1.3252091817261982,-1.7987669862942636e-06,0.718191154345701,1.4,2.0869565217391304,7
91.76050000025612,0.5848932136347474,1.3261859572459944,-5.889074074099502e-06,0.7210588082705995,1.4,2.0869565217391304,7
91.78050000025621,0.5859956114578424,1.327168721180384,-1.0376987647466964e-05,0.7239264453991526,1.4,2.0869565217391304,7
91.8005000002563,0.5870949947449687,1.3281508466056131,-4.8548455272592016e-06,0.7267907967900518,1.4,2.0869565217391304,7
91.8205000002564,0.5881922197046661,1.3291362825637902,-1.064330736651314e-06,0.7296558170589256,1.4,2.0869565217391304,7
91.8405000002565,0.5892874895708984,1.3301258980402935,-1.0628639860727138e-06,0.7325231890606153,1.4,2.0869565217391304,7
91.8605000002566,0.5903801473957492,1.33111869201945,-1.0788861379842842e-06,0.7353900751981665,1.4,2.0869565217391304,7
91.88050000025669,0.5914698051215295,1.3321146156895893,-9.75366212824004e-07,0.7382565031988934,1.4,2.0869565217391304,7
91.90050000025678,0.5925566219678657,1.3331133966617843,-4.911810269518856e-07,0.7411217929523398,1.4,2.0869565217391304,7
91.92050000025688,0.5936413493696244,1.3341162336848285,-5.5560135908367e-07,0.7439881314549761,1.4,2.0869565217391304,7
91.94050000025697,0.5947234307752631,1.3351223326997705,-1.748526750505698e-06,0.7468548703715918,1.4,2.0869565217391304,7
91.96050000025707,0.5958024023098765,1.3361310139281188,-5.911288509853538e-07,0.7497201957223871,1.4,2.0869565217391304,7
91.98050000025717,0.5968788772192418,1.3371433101306887,-1.663846380553891e-06,0.7525863857665746,1.4,2.0869565217391304,7
92.00050000025726,0.5979523210136287,1.3381586316807692,-8.235246824811403e-07,0.7554517697065447,1.4,2.0869565217391304,7
92.02050000025736,0.5990237759622156,1.339178247565342,-1.9219632651861186e-06,0.7583187444933257,1.4,2.0869565217391304,7
92.04050000025745,0.6000920290310288,1.3402043860090298,-1.7189365564288812e-05,0.7611861419588333,1.4,2.0869565217391304,7
92.06050000025755,0.6011555771320368,1.341228274280096,-1.2118738090445761e-06,0.7640480086582789,1.4,2.0869565217391304,7
92.08050000025764,0.6022198436142612,1.3422585718975233,-2.5208092277230915e-06,0.7669180724271799,1.4,2.0869565217391304,7
92.10050000025774,0.6032807214719766,1.3432905430905324,-2.315475655931717e-06,0.7697850380582506,1.4,2.0869565217391304,7
92.12050000025783,0.6043393919685123,1.3443271833264372,-2.5969944997901876e-06,0.7726548439618696,1.4,2.0869565217391304,7
92.14050000025793,0.6053947211049433,1.3453662805402802,-6.633600133249421e-07,0.7755225127928866,1.4,2.0869565217391304,7
92.16050000025803,0.6064472975973774,1.3464084500416336,-1.3354402692919782e-06,0.7783898830458132,1.4,2.0869565217391304,7
92.18050000025812,0.607497041577603,1.3474539853155674,-1.1600261205008506e-06,0.781256884339817,1.4,2.0869565217391304,7
92.20050000025822,0.6085439444329424,1.3485024084236852,-8.213047124155739e-07,0.7841235236490055,1.4,2.0869565217391304,7
92.22050000025831,0.6095888383445955,1.3495569980091653,-1.2812728876791368e-05,0.7869926640231628,1.4,2.0869565217391304,7
92.24050000025841,0.6106288382028772,1.3506137831239655,-8.478399622195235e-06,0.7898590438251095,1.4,2.0869565217391304,7
92.2605000002585,0.6116671363290304,1.3516725242148335,-4.2359624138053815e-06,0.7927258616632195,1.4,2.0869565217391304,7
92.2805000002586,0.6127030892480335,1.352734676354759,-5.029106250822255e-06,0.7955936343901443,1.4,2.0869565217391304,7
92.3005000002587,0.613735198359827,1.3537976704266608,-2.040035456193755e-06,0.7984572583216223,1.4,2.0869565217391304,7
92.32050000025879,0.6147659766504494,1.3548667137681338,-1.6383553957396943e-06,0.8013263889957076,1.4,2.0869565217391304,7
92.34050000025888,0.6157934340334875,1.3559379855300233,-1.7751827822581572e-06,0.8041937329606664,1.4,2.0869565217391304,7
92.36050000025898,0.6168179509199105,1.357012189906101,-9.907770785244379e-07,0.8070601891406533,1.4,2.0869565217391304,7
92.38050000025908,0.6178399127780987,1.3580897017048275,-1.1411976942112715e-06,0.8099271221796068,1.4,2.0869565217391304,7
92.40050000025917,0.6188593301305864,1.359171034194429,-1.7269843317889142e-06,0.8127949310098288,1.4,2.0869565217391304,7
92.42050000025927,0.6198754120039658,1.3602547331085184,-5.308178381225791e-08,0.8156618530597526,1.4,2.0869565217391304,7
92.44050000025936,0.6208888158438417,1.361342017496589,-1.0061417763213382e-06,0.8185295101513562,1.4,2.0869565217391304,7
92.46050000025946,0.6218993438218243,1.362432637358872,-1.8393448037527166e-06,0.8213969750164413,1.4,2.0869565217391304,7
92.48050000025955,0.6229064341398868,1.3635251207107133,-9.746608778801704e-07,0.8242620614893764,1.4,2.0869565217391304,7
92.50050000025965,0.6239114242794587,1.3646222430392612,-1.5506069546327595e-06,0.8271302353891169,1.4,2.0869565217391304,7
92.52050000025974,0.624913496741968,1.3657223735791735,-1.190838760634401e-06,0.8299975903773638,1.4,2.0869565217391304,7
92.54050000025984,0.625912163524012,1.36682470261862,-5.116751050593401e-07,0.8328638033666312,1.4,2.0869565217391304,7
92.56050000025994,0.6269080324499324,1.3679312476657548,-1.3179561498942313e-06,0.8357310166715446,1.4,2.0869565217391304,7
92.58050000026003,0.627900803234601,1.369039796590328,-1.637031580063414e-06,0.8385968904450459,1.4,2.0869565217391304,7
92.60050000026013,0.6288904387699313,1.3701512095353168,-7.267105225088883e-07,0.8414623775948799,1.4,2.0869565217391304,7
92.62050000026022,0.6298779442471631,1.371267119837971,-1.9376829710220943e-06,0.8443298647906623,1.4,2.0869565217391304,7
92.64050000026032,0.630861880831652,1.372385131231297,-1.1433776664688438e-06,0.8471954183250626,1.4,2.0869565217391304,7
92.66050000026041,0.63184267678895,1.373505906467425,-6.599951894591376e-07,0.850060926055035,1.4,2.0869565217391304,7
92.68050000026051,0.6328207880931808,1.3746307031165665,-2.155747435106443e-06,0.8529272471044463,1.4,2.0869565217391304,7
92.7005000002606,0.6337957107728697,1.3757579193302993,-1.3753642229340152e-06,0.8557924883104386,1.4,2.0869565217391304,7
92.7205000002607,0.6347678626543086,1.376888747607665,-2.6621990812677006e-06,0.8586586300132166,1.4,2.0869565217391304,7
92.7405000002608,0.6357366510703523,1.3780223652473667,-1.3199775305554072e-06,0.8615242489553322,1.4,2.0869565217391304,7
92.76050000026089,0.636702313006442,1.3791583387731638,-7.195023761291178e-07,0.864388543787875,1.4,2.0869565217391304,7
92.78050000026099,0.6376647780422358,1.3802972040951125,-6.693723330537596e-07,0.8672527535725786,1.4,2.0869565217391304,7
92.80050000026108,0.6386249015742017,1.3814402283998606,-1.8815203776355994e-06,0.8701186433392795,1.4,2.0869565217391304,7
92.82050000026118,0.639581535220246,1.382585302123308,-1.2747581052912836e-06,0.8729827386283967,1.4,2.0869565217391304,7
92.84050000026127,0.640535088947801,1.3837333502789855,-2.7445857677612454e-07,0.8758466367770502,1.4,2.0869565217391304,7
92.86050000026137,0.6414841555992177,1.3848883547092172,-1.6941310397611188e-05,0.8787112312820429,1.4,2.0869565217391304,7
92.88050000026146,0.6424293369154385,1.3860402172699824,-2.0413118872832146e-06,0.8815695605469579,1.4,2.0869565217391304,7
92.90050000026156,0.6433746211222615,1.3871983059753425,-4.602660727941708e-07,0.8844361448086041,1.4,2.0869565217391304,7
92.92050000026165,0.6443181854236975,1.388359425404837,-5.473723937348116e-07,0.8873055710009955,1.4,2.0869565217391304,7
92.94050000026175,0.645259592697265,1.3895246055636088,-8.461062827409873e-07,0.8901775506049868,1.4,2.0869565217391304,7
92.96050000026185,0.6461984980846467,1.39069365532864,-8.279142475257453e-07,0.8930515398920652,1.4,2.0869565217391304,7
92.98050000026194,0.6471346734711708,1.3918664266772622,-1.9852590005433e-07,0.8959268951871829,1.4,2.0869565217391304,7
93.00050000026204,0.6480681893485065,1.3930424053788362,-3.6268433950552105e-07,0.8988028332101612,1.4,2.0869565217391304,7
93.02050000026213,0.6489991350587543,1.3942221352388506,-7.01463744209091e-07,0.9016800022675525,1.4,2.0869565217391304,7
93.04050000026223,0.6499270458756766,1.395405092326576,-8.223290533982535e-07,0.9045577406447829,1.4,2.0869565217391304,7
93.06050000026232,0.6508517897581138,1.3965910183318924,-9.420234421644848e-07,0.9074354178907508,1.4,2.0869565217391304,7
93.08050000026242,0.6517734506574537,1.3977803754758746,-2.0226775311133944e-07,0.9103139717995596,1.4,2.0869565217391304,7
93.10050000026251,0.6526923931467415,1.3989728777755557,-5.229116569712619e-07,0.9131925535126062,1.4,2.0869565217391304,7
93.12050000026261,0.6536081845981113,1.4001684515808726,-9.803258792240766e-07,0.9160712442992133,1.4,2.0869565217391304,7
93.1405000002627,0.6545206252137816,1.4013669045163044,-7.826633908469567e-07,0.9189496493569838,1.4,2.0869565217391304,7
93.1605000002628,0.6554300197147208,1.4025684630569568,-7.303967852327671e-07,0.9218281078770243,1.4,2.0869565217391304,7
93.1805000002629,0.6563360008405876,1.403772791478848,-5.729881994970331e-07,0.9247060403537618,1.4,2.0869565217391304,7
93.20050000026299,0.657238741662,1.4049800751167028,-5.116414933088632e-07,0.9275839481453674,1.4,2.0869565217391304,7
93.22050000026309,0.6581385934882032,1.4061905314820022,-5.696356662105487e-07,0.9304623396959211,1.4,2.0869565217391304,7
93.24050000026318,0.6590351874443107,1.4074038853039241,-8.662155214092641e-07,0.9333404410474637,1.4,2.0869565217391304,7
93.26050000026328,0.6599284130967488,1.4086201846224364,-1.0434404575967482e-06,0.9362183730385549,1.4,2.0869565217391304,7
93.28050000026337,0.6608183870987415,1.4098393160219496,-1.10272594725655e-06,0.9390958258979255,1.4,2.0869565217391304,7
93.30050000026347,0.6617051424159689,1.4110616860686456,-2.2901910861117044e-07,0.9419741628583401,1.4,2.0869565217391304,7
93.32050000026356,0.6625887256945919,1.4122866915532035,-8.285522114466256e-07,0.9448518562506395,1.4,2.0869565217391304,7
93.34050000026366,0.663469085200892,1.413514777340329,-9.885283517780315e-07,0.9477294598241396,1.4,2.0869565217391304,7
93.36050000026376,0.6643460678761869,1.4147458788070189,-5.125164485552514e-07,0.950607278441777,1.4,2.0869565217391304,7
93.38050000026385,0.6652196745291044,1.4159795542446367,-2.835537098056032e-07,0.9534846661765451,1.4,2.0869565217391304,7
93.40050000026395,0.6660899786414635,1.4172159793383858,-8.048967552910618e-07,0.9563613005411046,1.4,2.0869565217391304,7
93.42050000026404,0.6669571026329707,1.4184555702365709,-8.054357470454175e-07,0.9592383733431323,1.4,2.0869565217391304,7
93.44050000026414,0.6678206311747946,1.4196974864052325,-9.315821854209788e-07,0.9621143183648507,1.4,2.0869565217391304,7
93.46050000026423,0.668680651452864,1.4209422402819956,-8.164076796731569e-07,0.9649901212641785,1.4,2.0869565217391304,7
93.48050000026433,0.6695371441111619,1.4221897985615246,-3.1758052192834176e-07,0.9678656167872668,1.4,2.0869565217391304,7
93.50050000026442,0.6703901863548314,1.42343964363856,-6.248402347415549e-08,0.9707400666898028,1.4,2.0869565217391304,7
93.52050000026452,0.6712401620384496,1.424692502646588,-1.1227786201652729e-06,0.9736146505256474,1.4,2.0869565217391304,7
93.54050000026461,0.6720865540922117,1.4259481164912333,-1.1976287501735086e-06,0.9764892605030814,1.4,2.0869565217391304,7
93.56050000026471,0.672929443316214,1.4272065265557472,-6.411739980705054e-07,0.9793638076454507,1.4,2.0869565217391304,7
93.5805000002648,0.6737687481517222,1.4284673225708808,-3.1398683430242816e-07,0.9822377032822013,1.4,2.0869565217391304,7
93.6005000002649,0.6746047372349465,1.429730780118176,-6.434155406626937e-07,0.9851108497163479,1.4,2.0869565217391304,7
93.620500000265,0.6754371563715085,1.430996811594013,-9.792580287549864e-07,0.9879837368871258,1.4,2.0869565217391304,7
93.64050000026509,0.6762661906700395,1.4322658294925308,-7.763653398209134e-07,0.990857092000945,1.4,2.0869565217391304,7
93.66050000026519,0.6770916586572817,1.4335373982236728,-1.1713864892458484e-07,0.9937301312962862,1.4,2.0869565217391304,7
93.68050000026528,0.6779135695836924,1.4348112685513281,-4.714426550835758e-07,0.9966021946489786,1.4,2.0869565217391304,7
93.70050000026538,0.678731842071187,1.436087645440444,-8.188502445862771e-07,0.9994739353832132,1.4,2.0869565217391304,7
93.72050000026547,0.6795469309326765,1.4373672844037868,-7.777710087990811e-08,1.002346793542169,1.4,2.0869565217391304,7
93.74050000026557,0.6803583412343815,1.4386490087190906,-4.678476687167402e-07,1.005218654566208,1.4,2.0869565217391304,7
93.76050000026567,0.6811660088854288,1.4399330910632429,-7.658086474293584e-07,1.0080895338386773,1.4,2.0869565217391304,7
93.78050000026576,0.6819701685908272,1.4412199399373231,-4.356388683975441e-07,1.0109605487560231,1.4,2.0869565217391304,7
93.80050000026586,0.6827707858882652,1.4425091206803997,-4.0156854934104304e-07,1.0138312976489008,1.4,2.0869565217391304,7
93.82050000026595,0.6835677645600253,1.4438006636014358,-8.910437730485444e-07,1.0167014736391389,1.4,2.0869565217391304,7
93.84050000026605,0.6843612222537143,1.4450948651417672,-1.14138633763507e-06,1.019571512176075,1.4,2.0869565217391304,7
93.86050000026614,0.6851509148978815,1.4463916458095156,-3.8831253502260064e-07,1.0224414890977962,1.4,2.0869565217391304,7
93.88050000026624,0.6859368484186417,1.4476904235435033,-6.099191812198128e-07,1.0253105634650428,1.4,2.0869565217391304,7
93.90050000026633,0.6867191792529502,1.4489914149312613,-8.85402195631494e-07,1.0281786014744063,1.4,2.0869565217391304,7
93.92050000026643,0.6874979383347745,1.4502951555436967,-1.3123210945144967e-06,1.0310471547509046,1.4,2.0869565217391304,7
93.94050000026652,0.6882727524259364,1.4516011262238024,-1.369561383510072e-07,1.0339152169737098,1.4,2.0869565217391304,7
93.96050000026662,0.6890441953836826,1.4529093822988475,-7.170015276021353e-07,1.0367830197669645,1.4,2.0869565217391304,7
93.98050000026672,0.6898121566881015,1.454220478063685,-1.17234041089433e-06,1.0396510932099585,1.4,2.0869565217391304,7
94.00050000026681,0.690576217093621,1.4555337543972653,-8.067323308934501e-07,1.0425185986816021,1.4,2.0869565217391304,7
94.0205000002669,0.6913364452917379,1.4568491680405298,-5.977071529856114e-07,1.045385721787258,1.4,2.0869565217391304,7
94.040500000267,0.6920930378026587,1.4581667129289737,-9.372533262695597e-07,1.04825224944595,1.4,2.0869565217391304,7
94.0605000002671,0.6928461023186453,1.4594871841763293,-2.7457471528640985e-07,1.0511198677827114,1.4,2.0869565217391304,7
94.0805000002672,0.6935955668370838,1.4608098419182949,-4.920091653496493e-07,1.0539865524965055,1.4,2.0869565217391304,7
94.10050000026729,0.6943411444919589,1.462134553073315,-9.821034692753258e-07,1.0568525968705238,1.4,2.0869565217391304,7
94.12050000026738,0.6950829706771682,1.4634618987295014,-2.349525210867581e-07,1.059719341645119,1.4,2.0869565217391304,7
94.14050000026748,0.6958210854518777,1.4647910459450073,-9.331234941053923e-07,1.06258470447221,1.4,2.0869565217391304,7
94.16050000026758,0.6965555836178912,1.466122888270635,-1.0711688887382902e-06,1.0654506590384962,1.4,2.0869565217391304,7
94.18050000026767,0.6972861898796835,1.467456782602333,-1.0009247469753426e-06,1.0683163614974007,1.4,2.0869565217391304,7
94.20050000026777,0.6980129306334208,1.4687926558587017,-1.160879924376499e-06,1.0711810534970814,1.4,2.0869565217391304,7
94.22050000026786,0.6987359265142514,1.4701311876803576,-2.750570633285096e-07,1.0740463172063506,1.4,2.0869565217391304,7
94.24050000026796,0.6994551335878607,1.4714711962134224,-9.43749525517735e-07,1.0769101937845946,1.4,2.0869565217391304,7
94.26050000026805,0.7001703871558598,1.4728135188967204,-7.493426721489546e-07,1.0797738951914728,1.4,2.0869565217391304,7
94.28050000026815,0.7008819773487602,1.4741580359466862,-8.826634360929987e-07,1.082637493741417,1.4,2.0869565217391304,7
94.30050000026824,0.7015896995688291,1.4755046119361843,-9.409633529085196e-07,1.0855006289342977,1.4,2.0869565217391304,7
94.32050000026834,0.7022934362394284,1.4768533579244643,-3.5560909364413434e-07,1.0883637217757147,1.4,2.0869565217391304,7
94.34050000026843,0.7029936337075865,1.4782041705797326,-8.314019936086199e-07,1.0912264476078495,1.4,2.0869565217391304,7
94.36050000026853,0.7036900286176634,1.4795574917217322,-6.758022549170936e-07,1.0940899309835366,1.4,2.0869565217391304,7
94.38050000026863,0.7043826095356138,1.480912683328847,-9.635362246333315e-07,1.0969526834794425,1.4,2.0869565217391304,7
94.40050000026872,0.7050712159716451,1.4822701338843824,-3.208020095424954e-07,1.0998154679677081,1.4,2.0869565217391304,7
94.42050000026882,0.7057560305947619,1.4836291673235453,-1.1345506181800831e-06,1.1026769262368694,1.4,2.0869565217391304,7
94.44050000026891,0.7064367901805441,1.4849905671956078,-5.200941109322159e-07,1.1055387979930478,1.4,2.0869565217391304,7
94.46050000026901,0.7071136760655362,1.4863533143429088,-8.466243066056495e-07,1.1083992249947179,1.4,2.0869565217391304,7
94.4805000002691,0.7077867520292294,1.487718887400121,-1.1135227048757446e-07,1.111260763826259,1.4,2.0869565217391304,7
94.5005000002692,0.7084559855803398,1.4890857009937006,-9.077377220107604e-07,1.114120945237095,1.4,2.0869565217391304,7
94.5205000002693,0.7091210707388773,1.4904548316931197,-1.4987303688489877e-07,1.116981382275219,1.4,2.0869565217391304,7
94.54050000026939,0.7097819599232421,1.4918299610502954,-1.6525735391452728e-05,1.119844227900161,1.4,2.0869565217391304,7
94.56050000026949,0.7104360927448589,1.493202638355814,-1.1913031424819413e-05,1.1226984088225465,1.4,2.0869565217391304,7
94.58050000026958,0.7110862899805156,1.4945718468688667,-3.890924066517614e-06,1.125544696677397,1.4,2.0869565217391304,7
94.60050000026968,0.7117330934623506,1.4959463054541755,-1.831005965858776e-06,1.1283969910719513,1.4,2.0869565217391304,7
94.62050000026977,0.7123753260822658,1.4973194734105981,-1.5977259232890827e-06,1.1312429889960616,1.4,2.0869565217391304,7
94.64050000026987,0.7130129610526117,1.4986937722888132,-4.072476338715445e-07,1.1340876446318822,1.4,2.0869565217391304,7
94.66050000026996,0.7136467477151497,1.5000697209628489,-2.288576790973868e-06,1.136931128004411,1.4,2.0869565217391304,7
94.68050000027006,0.714276264183467,1.5014472326105803,-1.2143313301900595e-06,1.1397737954951537,1.4,2.0869565217391304,7
94.70050000027015,0.7149019748893021,1.5028264810816059,-1.9624008251963867e-06,1.1426158968307387,1.4,2.0869565217391304,7
94.72050000027025,0.7155235646006805,1.5042064774440316,-1.6932547848642157e-06,1.145456034157639,1.4,2.0869565217391304,7
94.74050000027034,0.7161409577714613,1.505588204286339,-7.541985816398667e-08,1.148296225573747,1.4,2.0869565217391304,7
94.76050000027044,0.7167543846775857,1.5069717885293352,-6.67945683318275e-07,1.1511363404393085,1.4,2.0869565217391304,7
94.78050000027054,0.7173636759086663,1.5083568218809265,-2.568030049768796e-06,1.153975764364406,1.4,2.0869565217391304,7
94.80050000027063,0.7179689707255913,1.5097428946081721,-1.5512537363914704e-06,1.1568139645527091,1.4,2.0869565217391304,7
94.82050000027073,0.7185699111285361,1.5111338811692103,-1.4940896109159837e-05,1.159653259266933,1.4,2.0869565217391304,7
94.84050000027082,0.7191654113650832,1.5125245293758312,-1.203458343871778e-05,1.1624897223711712,1.4,2.0869565217391304,7
94.86050000027092,0.7197578504486521,1.5139140032036673,-4.204004827144122e-07,1.165323543596648,1.4,2.0869565217391304,7
94.88050000027101,0.7203472930763722,1.515306626606833,-1.6310987267449062e-06,1.1681603656011161,1.4,2.0869565217391304,7
94.90050000027111,0.7209326031235794,1.516700818416335,-1.4398993416784914e-06,1.1709971905708143,1.4,2.0869565217391304,7
94.9205000002712,0.7215137749809205,1.518096968644971,-1.670430573512944e-06,1.1738339367926502,1.4,2.0869565217391304,7
94.9405000002713,0.7220907311437501,1.5194938825186242,-1.8641731654446782e-06,1.1766685700786945,1.4,2.0869565217391304,7
94.9605000002714,0.7226636436380074,1.520891899723852,-1.8451444210768464e-06,1.179502437851249,1.4,2.0869565217391304,7
94.98050000027149,0.7232325993195765,1.522291060965618,-8.519486698619496e-07,1.1823349006643564,1.4,2.0869565217391304,7
95.00050000027159,0.723797772047775,1.52369251785823,-8.422358459660164e-07,1.1851691250948149,1.4,2.0869565217391304,7
95.02050000027168,0.7243589422860622,1.5250972235693363,-2.41166039406262e-06,1.1880055299820458,1.4,2.0869565217391304,7
95.04050000027178,0.7249165549881744,1.5265011611780335,-2.1551641071272676e-06,1.1908387848053092,1.4,2.0869565217391304,7
95.06050000027187,0.7254697869206876,1.5279090719689894,-2.4141793624638996e-06,1.1936754772469473,1.4,2.0869565217391304,7
95.08050000027197,0.726018785273837,1.5293168136047137,-9.413830098974061e-07,1.1965088095576286,1.4,2.0869565217391304,7
95.10050000027206,0.7265638273274199,1.5307254153538026,-1.01324947862362e-06,1.1993406365797632,1.4,2.0869565217391304,7
95.12050000027216,0.7271047235989955,1.5321364485939646,-1.2195134780415731e-06,1.2021738890325284,1.4,2.0869565217391304,7
95.14050000027225,0.7276417645928887,1.5335487433101842,-2.1327843027217053e-06,1.2050065804418086,1.4,2.0869565217391304,7
95.16050000027235,0.7281745587968913,1.5349618987530995,-2.355217726973839e-06,1.2078381236735523,1.4,2.0869565217391304,7
95.18050000027245,0.7287030898028396,1.5363761902186202,-1.2756725410524942e-06,1.2106686705686178,1.4,2.0869565217391304,7
95.20050000027254,0.7292277107392408,1.5377916108679304,-1.5460348659269116e-06,1.2134986269258734,1.4,2.0869565217391304,7
95.22050000027264,0.729748207252283,1.5392084841738825,-5.742915463350667e-08,1.2163284282545654,1.4,2.0869565217391304,7
95.24050000027273,0.7302648929267501,1.540627119490544,-5.60661052733655e-07,1.2191589767080875,1.4,2.0869565217391304,7
95.26050000027283,0.7307773161094292,1.5420475792267754,-2.0431366001391876e-06,1.2219894005423055,1.4,2.0869565217391304,7
95.28050000027292,0.7312856191586525,1.5434690494726966,-1.7159659289057125e-06,1.2248188850146629,1.4,2.0869565217391304,7
95.30050000027302,0.7317898397665988,1.544890953144244,-2.6350389178182302e-06,1.2276467866552294,1.4,2.0869565217391304,7
95.32050000027311,0.7322898419790411,1.5463143170903721,-1.7465639445255043e-06,1.2304748024435581,1.4,2.0869565217391304,7
95.34050000027321,0.7327859761256783,1.5477396209373393,-9.961920241728002e-07,1.2333034987410458,1.4,2.0869565217391304,7
95.3605000002733,0.7332781198062831,1.549165317452405,-1.3001941995660792e-06,1.2361303150614324,1.4,2.0869565217391304,7
95.3805000002734,0.7337658451545485,1.550592548125771,-3.0904548094207517e-07,1.2389577816583857,1.4,2.0869565217391304,7
95.4005000002735,0.7342497089186782,1.5520210933381116,-6.886431412580922e-07,1.2417846654527527,1.4,2.0869565217391304,7
95.42050000027359,0.7347296559002644,1.5534515241560871,-1.3333941963249167e-06,1.244612321706445,1.4,2.0869565217391304,7
95.44050000027369,0.7352052395822201,1.554883377916771,-1.514737544980719e-06,1.247439945456437,1.4,2.0869565217391304,7
95.46050000027378,0.7356767373623936,1.5563156654996007,-2.463848262163203e-06,1.2502657687471253,1.4,2.0869565217391304,7
95.48050000027388,0.7361442336243292,1.5577503268390578,-3.0022239310165658e-06,1.2530938766860331,1.4,2.0869565217391304,7
95.50050000027397,0.7366083802833867,1.5591856251708796,-1.411969858127738e-06,1.2559215429880597,1.4,2.0869565217391304,7
95.52050000027407,0.7370686870388626,1.560623276963436,-2.2932806116854116e-06,1.2587507633309725,1.4,2.0869565217391304,7
95.54050000027416,0.737524452442388,1.5620639113274555,-2.756547087712085e-06,1.2615825969602683,1.4,2.0869565217391304,7
95.56050000027426,0.7379763300063398,1.5635037302154249,-1.6040744229689305e-06,1.2644106425327337,1.4,2.0869565217391304,7
95.58050000027436,0.7384237544026553,1.5649461203121944,-1.4776087334110978e-06,1.2672403152057905,1.4,2.0869565217391304,7
95.60050000027445,0.7388670951392499,1.5663882018204014,-1.3761124830560843e-06,1.270067281867709,1.4,2.0869565217391304,7
95.62050000027455,0.739306368425197,1.5678311390115625,-1.9028174209747722e-06,1.2728934002688697,1.4,2.0869565217391304,7
95.64050000027464,0.7397414571070048,1.5692752533453358,-1.8758061144000419e-06,1.2757191313446272,1.4,2.0869565217391304,7
95.66050000027474,0.740172138339807,1.5707210892030297,-1.6626079680977513e-06,1.278545539535085,1.4,2.0869565217391304,7
95.68050000027483,0.7405987292711786,1.5721667952155856,-7.950176272431263e-07,1.2813697979017948,1.4,2.0869565217391304,7
95.70050000027493,0.7410213368637306,1.5736132310384352,-1.5796722714105744e-06,1.2841926509856774,1.4,2.0869565217391304,7
95.72050000027502,0.7414395853911723,1.5750617466768853,-1.6496918785729244e-06,1.2870170508227106,1.4,2.0869565217391304,7
95.74050000027512,0.7418537179108614,1.5765103096706048,-7.403623211392919e-07,1.2898396339482128,1.4,2.0869565217391304,7
95.76050000027521,0.7422634225413272,1.5779602067519847,-7.378703383079469e-07,1.2926622513834294,1.4,2.0869565217391304,7
95.78050000027531,0.7426692749101056,1.57941166914123,-1.8779023164974e-06,1.2954852002694501,1.4,2.0869565217391304,7
95.8005000002754,0.7430707739870642,1.5808623057326658,-1.8988104704589493e-06,1.298305103193995,1.4,2.0869565217391304,7
95.8205000002755,0.7434681192513957,1.5823147293923645,-2.2064948721155095e-06,1.3011261399185463,1.4,2.0869565217391304,7
95.8405000002756,0.7438613465751296,1.5837686090314977,-1.92181732884205e-06,1.303947927747504,1.4,2.0869565217391304,7
95.86050000027569,0.7442503228536648,1.585222898269102,-1.699896846516145e-06,1.306768691511051,1.4,2.0869565217391304,7
95.88050000027579,0.7446352565223952,1.586677713266904,-2.859474111438724e-06,1.3095883006419267,1.4,2.0869565217391304,7
95.90050000027588,0.7450160452589473,1.588133728132057,-2.8375461086667876e-06,1.312408443606636,1.4,2.0869565217391304,7
95.92050000027598,0.7453926920943239,1.5895900247593215,-3.0141732018616463e-06,1.3152272906243552,1.4,2.0869565217391304,7
95.94050000027607,0.7457649400495835,1.591047716640083,-2.6581881729303883e-06,1.3180469284750898,1.4,2.0869565217391304,7
95.96050000027617,0.7461332207138618,1.5925054655011823,-1.813397460318709e-06,1.320864982308342,1.4,2.0869565217391304,7
95.98050000027627,0.7464972816069152,1.5939646713688933,-1.2349021018904916e-06,1.3236838755407325,1.4,2.0869565217391304,7
96.00050000027636,0.7468570887667841,1.5954250051729948,-6.991482494458616e-07,1.326502824936198,1.4,2.0869565217391304,7
96.02050000027646,0.7472127888573189,1.5968862740094998,-1.9559642186274227e-06,1.3293223818074777,1.4,2.0869565217391304,7
96.04050000027655,0.7475642834992906,1.5983477775055497,-1.91815158206753e-06,1.3321401817330212,1.4,2.0869565217391304,7
96.06050000027665,0.7479116479575546,1.5998102042451317,-3.476983003035896e-06,1.3349583428205345,1.4,2.0869565217391304,7
96.08050000027674,0.7482546881680927,1.601272920361452,-2.8329758627276857e-06,1.337775827640082,1.4,2.0869565217391304,7
96.10050000027684,0.7485936337646497,1.6027355705088617,-2.2117442561062687e-06,1.3405916067514785,1.4,2.0869565217391304,7
96.12050000027693,0.748928303858337,1.6041990684653205,-1.567223746273993e-06,1.343407451771017,1.4,2.0869565217391304,7
96.14050000027703,0.749258632601369,1.605664053715418,-1.3635879960268743e-06,1.346224054074739,1.4,2.0869565217391304,7
96.16050000027712,0.749584731525713,1.6071294354976104,-1.767881685439273e-06,1.3490402246402486,1.4,2.0869565217391304,7
96.18050000027722,0.7499069191275881,1.608597484416333,-3.923528249222283e-06,1.3518604060259738,1.4,2.0869565217391304,7
96.20050000027732,0.7502254645138505,1.6100636848427787,-8.253503653036981e-07,1.3546768832712737,1.4,2.0869565217391304,7
96.22050000027741,0.7505396095325069,1.611532493966164,-8.534540410523712e-07,1.3574957762015256,1.4,2.0869565217391304,7
96.2405000002775,0.7508493867275281,1.6130024549716042,-2.0463278147298346e-06,1.3603155035603123,1.4,2.0869565217391304,7
96.2605000002776,0.75115488413743,1.61447216835748,-2.337935942488602e-06,1.363133336121882,1.4,2.0869565217391304,7
96.2805000002777,0.7514559718010063,1.6159420175334118,-2.3731433626805386e-06,1.3659501853190579,1.4,2.0869565217391304,7
96.3005000002778,0.7517529369001785,1.6174117304676277,-2.4423535394674125e-06,1.3687656854944439,1.4,2.0869565217391304,7
96.32050000027789,0.7520456128567359,1.6188810986536477,-9.065360864019598e-07,1.3715796265141416,1.4,2.0869565217391304,7
96.34050000027798,0.7523339917331849,1.6203522012033298,-1.4352299965580285e-06,1.3743949290387685,1.4,2.0869565217391304,7
96.36050000027808,0.7526180882333589,1.6218235126127796,-2.385323890126246e-06,1.3772099668719553,1.4,2.0869565217391304,7
96.38050000027818,0.7528978948040735,1.6232942008376883,-2.1637209778605595e-06,1.3800229773250625,1.4,2.0869565217391304,7
96.40050000027827,0.7531735584737637,1.6247649263434651,-1.3075255490318707e-06,1.382835107101947,1.4,2.0869565217391304,7
96.42050000027837,0.7534450341859705,1.6262367007912664,-1.1502646033335002e-06,1.3856477517414794,1.4,2.0869565217391304,7
96.44050000027846,0.7537121786534807,1.627708640481224,-2.496932086309226e-06,1.3884602120943486,1.4,2.0869565217391304,7
96.46050000027856,0.7539751129693194,1.629181360553217,-3.024812697091456e-06,1.3912730315746942,1.4,2.0869565217391304,7
96.48050000027865,0.7542344329832766,1.63065342239685,-1.423799654513652e-07,1.3940845488623435,1.4,2.0869565217391304,7
96.50050000027875,0.7544895809094961,1.632129452576414,-2.128805385239236e-06,1.396902631329725,1.4,2.0869565217391304,7
96.52050000027884,0.7547405053887536,1.633604473066634,-3.738658231222624e-06,1.3997177890527834,1.4,2.0869565217391304,7
96.54050000027894,0.7549868784115299,1.6350797951287168,-3.0073877382348937e-06,1.4025325180481072,1.4,2.0869565217391304,7
96.56050000027903,0.7552291823037804,1.636554794777332,-2.8265202554659353e-06,1.4053454706802582,1.4,2.0869565217391304,7
96.58050000027913,0.7554668831648966,1.6380308571112192,-3.0991040447873785e-06,1.4081597679202627,1.4,2.0869565217391304,7
96.60050000027923,0.755700278944349,1.639506557594535,-1.9927139752262785e-06,1.4109730545694892,1.4,2.0869565217391304,7
96.62050000027932,0.7559298462331271,1.6409804432238586,-7.930401983706316e-07,1.4137822121330499,1.4,2.0869565217391304,7
96.64050000027942,0.7561548486541462,1.6424569849359414,-2.8594496930419936e-06,1.4165952540156816,1.4,2.0869565217391304,7
96.66050000027951,0.7563756564728102,1.6439322213966692,-3.7542741704513105e-06,1.419405502124986,1.4,2.0869565217391304,7
96.68050000027961,0.7565923668016854,1.645406574984002,-1.872807321902744e-06,1.42221359331541,1.4,2.0869565217391304,7
96.7005000002797,0.7568043076012405,1.6468832609341089,-2.4658347800684095e-06,1.4250252109585517,1.4,2.0869565217391304,7
96.7205000002798,0.7570120212683696,1.6483594147737728,-2.7214917473072302e-06,1.4278353308190808,1.4,2.0869565217391304,7
96.7405000002799,0.757215988487087,1.64983360685128,-1.019605679456591e-06,1.4306421199974368,1.4,2.0869565217391304,7
96.76050000027999,0.7574153922295545,1.651310382399089,-3.7409827251600454e-06,1.4334521989343552,1.4,2.0869565217391304,7
96.78050000028009,0.7576107582337013,1.6527855328180947,-2.1142493777277736e-06,1.4362594690253547,1.4,2.0869565217391304,7
96.80050000028018,0.7578012782083074,1.6542652059934895,-3.505501749361522e-06,1.4390746548242093,1.4,2.0869565217391304,7
96.82050000028028,0.7579882808105075,1.6557417897054014,-1.6968702766554802e-06,1.44188354078292,1.4,2.0869565217391304,7
96.84050000028037,0.7581694939103467,1.6572206496459925,-2.1710098933839412e-06,1.4446954720061669,1.4,2.0869565217391304,7
96.86050000028047,0.758346458870044,1.6586983862746976,-3.69464279697995e-06,1.4475047388225095,1.4,2.0869565217391304,7
96.88050000028056,0.7585196867121706,1.6601765099395513,-1.6179924739510754e-06,1.4503146908271207,1.4,2.0869565217391304,7
96.90050000028066,0.7586883942400696,1.6616571965130966,-3.4894973552276215e-06,1.4531293293225982,1.4,2.0869565217391304,7
96.92050000028075,0.7588529465157301,1.663135951385379,-4.793393820209485e-07,1.4559399141548586,1.4,2.0869565217391304,7
96.94050000028085,0.7590127165703354,1.6646179865212773,-2.607211894523129e-06,1.4587561273910938,1.4,2.0869565217391304,7
96.96050000028094,0.7591677086751877,1.6660993427630966,-2.7958789198529923e-06,1.461570411238332,1.4,2.0869565217391304,7
96.98050000028104,0.7593185419036572,1.6675814750576934,-2.8991266996054014e-06,1.4643854886175782,1.4,2.0869565217391304,7
97.00050000028114,0.7594645101628911,1.6690633657359932,-2.61404333215305e-06,1.4672000716099391,1.4,2.0869565217391304,7
97.02050000028123,0.7596065514921004,1.6705456774090803,-1.6133496060053677e-06,1.4700149897848322,1.4,2.0869565217391304,7
97.04050000028133,0.7597435058653853,1.6720294410584178,-2.869350625914969e-06,1.4728321593886757,1.4,2.0869565217391304,7
97.06050000028142,0.7598762580412118,1.6735111876670448,-1.540485046757344e-07,1.4756452309530328,1.4,2.0869565217391304,7
97.08050000028152,0.7600043644844118,1.674995882478471,-2.298555184882114e-06,1.4784636162895912,1.4,2.0869565217391304,7
97.10050000028161,0.760127811222638,1.6764796716428885,-2.6166237662376593e-06,1.4812801355247085,1.4,2.0869565217391304,7
97.12050000028171,0.7602472644367692,1.6779629967192422,-1.5162164385494378e-06,1.4840954800523465,1.4,2.0869565217391304,7
97.1405000002818,0.7603610508156691,1.6794482355737876,-4.011210425881707e-06,1.4869136017628375,1.4,2.0869565217391304,7
97.1605000002819,0.7604710383726377,1.6809305788733977,-1.1348618371058159e-06,1.4897264073019676,1.4,2.0869565217391304,7
97.180500000282,0.7605747465825559,1.6824138543750706,-3.0747792755752655e-06,1.49253937510034,1.4,2.0869565217391304,7
97.20050000028209,0.7606734241565766,1.6838960864868573,-3.3704865178713422e-06,1.4953498500629687,1.4,2.0869565217391304,7
97.22050000028219,0.7607683913695377,1.6853762750545027,-2.5932880110165223e-06,1.4981566003788442,1.4,2.0869565217391304,7
97.24050000028228,0.7608589770264554,1.6868583067254543,-7.023181158005037e-07,1.5009680028292227,1.4,2.0869565217391304,7
97.26050000028238,0.7609446436938743,1.6883406702989612,-2.1434550681271887e-06,1.5037793184025274,1.4,2.0869565217391304,7
97.28050000028247,0.7610257126313403,1.6898210114064267,-3.913242775450132e-06,1.506586915511952,1.4,2.0869565217391304,7
97.30050000028257,0.7611036744161224,1.6913011331277938,-1.5523438087670536e-06,1.5093950231088598,1.4,2.0869565217391304,7
97.32050000028266,0.7611771090058154,1.6927813509130802,-2.030127716900743e-06,1.512203719438336,1.4,2.0869565217391304,7
97.34050000028276,0.7612449330571862,1.6942633159235092,-3.9631304514542e-06,1.5150147458326668,1.4,2.0869565217391304,7
97.36050000028285,0.7613079271380401,1.6957421618741835,-3.0271360367409595e-06,1.517819801051799,1.4,2.0869565217391304,7
97.38050000028295,0.7613671217946227,1.6972214685205347,-2.984651588649792e-06,1.5206261074482146,1.4,2.0869565217391304,7
97.40050000028305,0.7614215120230599,1.6987013013784922,-2.68446127226595e-06,1.5234344855495225,1.4,2.0869565217391304,7
97.42050000028314,0.7614740648960421,1.700178274743045,-1.787961347924106e-06,1.5262388250135417,1.4,2.0869565217391304,7
97.44050000028324,0.7615212594729366,1.7016589113921992,-1.9788076049722008e-06,1.5290512883485219,1.4,2.0869565217391304,7
97.46050000028333,0.7615646015378353,1.703138444371673,-3.7241851010943314e-06,1.5318605794551494,1.4,2.0869565217391304,7
97.48050000028343,0.7616024015909479,1.7046168401003954,-3.822352740388306e-06,1.5346678000950622,1.4,2.0869565217391304,7
97.50050000028352,0.7616362193907364,1.70609347664999,-1.8737073379011734e-06,1.5374727510273716,1.4,2.0869565217391304,7
97.52050000028362,0.7616658219926329,1.707572474890339,-2.6075443101088764e-06,1.5402827391151734,1.4,2.0869565217391304,7
97.54050000028371,0.7616922874251125,1.7090484194050246,-1.709865989828893e-06,1.5430884647802465,1.4,2.0869565217391304,7
97.56050000028381,0.7617148531847899,1.7105261079518483,-1.650218622821618e-06,1.5458981835421197,1.4,2.0869565217391304,7
97.5805000002839,0.7617335066332872,1.7120040043728033,-3.0142494722787994e-06,1.5487091384375398,1.4,2.0869565217391304,7
97.600500000284,0.7617471495007295,1.7134829345512455,-6.709591711849296e-07,1.5515232652824098,1.4,2.0869565217391304,7
97.6205000002841,0.7617572849040206,1.7149614708051195,-1.0650135954932148e-06,1.5543366507226233,1.4,2.0869565217391304,7
97.64050000028419,0.7617633960631105,1.716441726631508,-2.32493666237921e-06,1.557154741901236,1.4,2.0869565217391304,7
97.66050000028429,0.7617657987946677,1.7179199617181766,-1.5616947411061886e-06,1.5599694181738695,1.4,2.0869565217391304,7
97.68050000028438,0.7617636106007792,1.7193976523293075,-2.566239451193614e-06,1.5627839502996337,1.4,2.0869565217391304,7
97.70050000028448,0.7617558841687678,1.7208765001586646,-4.338428123850356e-06,1.5656001806624873,1.4,2.0869565217391304,7
97.72050000028457,0.7617436157769006,1.7223518631409724,-2.4243254232427374e-06,1.5684103299363659,1.4,2.0869565217391304,7
97.74050000028467,0.7617274550347495,1.723828096082094,-3.2107706773494126e-06,1.5712227145295898,1.4,2.0869565217391304,7
97.76050000028476,0.7617068167674924,1.7253036371124582,-3.4575626896468056e-06,1.5740355586743682,1.4,2.0869565217391304,7
97.78050000028486,0.7616841451562077,1.7267771677215527,-2.382935921157414e-06,1.576845833894997,1.4,2.0869565217391304,7
97.80050000028496,0.7616564880044348,1.72825145993727,-1.5100864440382096e-06,1.5796590950934402,1.4,2.0869565217391304,7
97.82050000028505,0.7616243836700142,1.7297281134637439,-4.517321385249226e-06,1.582477154147504,1.4,2.0869565217391304,7
97.84050000028515,0.761588885700715,1.7312005420135743,-7.164137659102127e-07,1.5852882337150722,1.4,2.0869565217391304,7
97.86050000028524,0.7615487128531088,1.732675301421134,-1.7422243061397785e-06,1.588104847127143,1.4,2.0869565217391304,7
97.88050000028534,0.7615046256851988,1.7341489764509832,-3.6961580402882776e-06,1.5909201053914086,1.4,2.0869565217391304,7
97.90050000028543,0.7614549420232142,1.7356206185262475,-6.205707318060292e-07,1.593732266158499,1.4,2.0869565217391304,7
97.92050000028553,0.7614012277518651,1.737092320140448,-2.222911949355458e-06,1.5965446892760087,1.4,2.0869565217391304,7
97.94050000028562,0.761344271571936,1.7385623022355408,-1.7757151383702051e-06,1.5993559728763145,1.4,2.0869565217391304,7
97.96050000028572,0.7612844412670334,1.7400333431342527,-1.397205464812499e-07,1.6021715669704173,1.4,2.0869565217391304,7
97.98050000028582,0.7612212284075248,1.7415056116846552,-3.289169274876873e-08,1.6049911102076386,1.4,2.0869565217391304,7
98.00050000028591,0.761153746133134,1.7429785648434937,-2.710041744425146e-07,1.6078132146243425,1.4,2.0869565217391304,7
98.020500000286,0.7610823273543643,1.7444517108166513,-1.4872386292804445e-07,1.6106367610354924,1.4,2.0869565217391304,7
98.0405000002861,0.7610066935159702,1.7459251185068019,-2.5100155349609325e-07,1.613461993131322,1.4,2.0869565217391304,7
98.0605000002862,0.7609262861229337,1.7473986626033113,-1.7028886815709853e-07,1.6162882930531397,1.4,2.0869565217391304,7
98.08050000028629,0.7608421188988949,1.7488723028615873,-2.461932451187881e-07,1.6191160685820374,1.4,2.0869565217391304,7
98.10050000028639,0.7607537822509894,1.7503455892559225,-9.064207752400661e-08,1.6219442153886086,1.4,2.0869565217391304,7
98.12050000028648,0.760661211310971,1.7518187914600583,-1.6969043640337448e-07,1.6247734456446277,1.4,2.0869565217391304,7
98.14050000028658,0.7605644770885976,1.753291691627758,-2.3729457463423572e-07,1.6276032309474622,1.4,2.0869565217391304,7
98.16050000028667,0.76046365235312,1.754764251460762,-1.779954496733569e-07,1.630433649630668,1.4,2.0869565217391304,7
98.18050000028677,0.7603587212160674,1.7562365215544224,-3.1512362002414635e-07,1.633264759611462,1.4,2.0869565217391304,7
98.20050000028687,0.7602500624889627,1.757708337681692,-3.4414211012534996e-07,1.636096480089952,1.4,2.0869565217391304,7
98.22050000028696,0.7601376033917188,1.7591795835361537,-1.5547993205106407e-07,1.6389285393914084,1.4,2.0869565217391304,7
98.24050000028706,0.7600209721770718,1.7606504784209625,-9.456969269295851e-08,1.6417610933108195,1.4,2.0869565217391304,7
98.26050000028715,0.7599003990770362,1.7621210234912223,-3.3699255119317687e-07,1.6445945007279354,1.4,2.0869565217391304,7
98.28050000028725,0.7597760759961284,1.7635910144925837,-2.798546052062021e-07,1.6474284733710791,1.4,2.0869565217391304,7
98.30050000028734,0.759648079984708,1.7650604082091594,-1.483281840250233e-07,1.6502626616491838,1.4,2.0869565217391304,7
98.32050000028744,0.7595162193886349,1.7665292924703435,-2.7467645259991264e-07,1.6530974451789575,1.4,2.0869565217391304,7
98.34050000028753,0.759380481932027,1.7679976025519406,-3.5743123040166896e-07,1.655932698593308,1.4,2.0869565217391304,7
98.36050000028763,0.7592408257084297,1.7694653379558898,-2.7358745730492497e-07,1.6587683997955531,1.4,2.0869565217391304,7
98.38050000028773,0.7590973098667989,1.770932562557372,-4.316585561855375e-07,1.661604711600539,1.4,2.0869565217391304,7
98.40050000028782,0.7589499222576439,1.7723991371465786,-1.963443538539264e-07,1.6644414045149247,1.4,2.0869565217391304,7
98.42050000028792,0.7587988566873286,1.7738650873986097,-1.0375259208705784e-07,1.6672784729463976,1.4,2.0869565217391304,7
98.44050000028801,0.7586438466536294,1.7753303933959974,-2.148840989207443e-07,1.6701160333670306,1.4,2.0869565217391304,7
98.4605000002881,0.7584852045774603,1.7767950214785517,-2.900358330927723e-07,1.672953996217349,1.4,2.0869565217391304,7
98.4805000002882,0.758322701071411,1.778258938703758,-3.1726924600423305e-07,1.6757923797197545,1.4,2.0869565217391304,7
98.5005000002883,0.758156407155782,1.7797220068978246,-3.833316970190766e-07,1.6786308340365281,1.4,2.0869565217391304,7
98.5205000002884,0.75798616225981,1.7811844934360292,-2.621934976576721e-07,1.6814699585312058,1.4,2.0869565217391304,7
98.54050000028849,0.7578122546648752,1.7826461172186443,-2.692528474894231e-07,1.684309156977008,1.4,2.0869565217391304,7
98.56050000028858,0.7576343695469957,1.7841072155315976,-3.795396626182594e-07,1.6871492653963112,1.4,2.0869565217391304,7
98.58050000028868,0.7574526382278447,1.7855674189491304,-1.357857371648968e-07,1.6899892891789332,1.4,2.0869565217391304,7
98.60050000028878,0.7572671416196985,1.7870271157416233,-4.309444247447404e-07,1.6928304134952161,1.4,2.0869565217391304,7
98.62050000028887,0.7570778667177677,1.788485787107441,-2.2424100139882873e-07,1.6956713287861578,1.4,2.0869565217391304,7
98.64050000028897,0.7568846873498635,1.7899438773258036,-3.397687415764081e-07,1.6985130640337696,1.4,2.0869565217391304,7
98.66050000028906,0.7566877659716095,1.7914012167934852,-3.1441741243807307e-07,1.701355321624237,1.4,2.0869565217391304,7
98.68050000028916,0.7564870926135145,1.7928575749698348,-2.8361401599670006e-07,1.7041976197077515,1.4,2.0869565217391304,7
98.70050000028925,0.75628259105821,1.7943132368004115,-1.5966368093093894e-07,1.7070406032495011,1.4,2.0869565217391304,7
98.72050000028935,0.7560743215541558,1.795768083223038,-2.2667189681754842e-07,1.7098839802945236,1.4,2.0869565217391304,7
98.74050000028944,0.7558622732424117,1.7972221371803923,-2.4549078477993507e-07,1.7127277723429737,1.4,2.0869565217391304,7
98.76050000028954,0.75564641641967,1.7986753051895663,-1.063519405329779e-07,1.7155720499223248,1.4,2.0869565217391304,7
98.78050000028963,0.7554267069512088,1.8001276963939818,-2.061576053707666e-07,1.718416801132165,1.4,2.0869565217391304,7
98.80050000028973,0.7552029941023979,1.8015792381993765,-1.1787617656753131e-07,1.7212618805801063,1.4,2.0869565217391304,7
98.82050000028983,0.7549752469661433,1.8030300469495075,-2.616748570782483e-07,1.7241076062594596,1.4,2.0869565217391304,7
98.84050000028992,0.7547435107632277,1.8044798573487426,-1.8305534095155325e-07,1.7269534335886043,1.4,2.0869565217391304,7
98.86050000029002,0.7545077358668865,1.8059289459612449,-4.304741536069121e-07,1.729799905580538,1.4,2.0869565217391304,7
98.88050000029011,0.7542678341363319,1.8073772146307463,-1.9877913400579568e-07,1.7326469155822686,1.4,2.0869565217391304,7
98.90050000029021,0.7540239219098864,1.8088246861169825,-2.621765693653896e-07,1.735494363065401,1.4,2.0869565217391304,7
98.9205000002903,0.7537759071923499,1.8102713061467315,-1.6973914302997594e-07,1.738342388628479,1.4,2.0869565217391304,7
98.9405000002904,0.7535238155254123,1.811717182484754,-3.107674487835768e-07,1.7411910357612832,1.4,2.0869565217391304,7
98.9605000002905,0.7532675948855564,1.8131623018665783,-2.180725873876253e-07,1.7440405464920306,1.4,2.0869565217391304,7
98.98050000029059,0.7530073362120072,1.8146066091903315,-2.774364399409407e-07,1.7468904654192823,1.4,2.0869565217391304,7
99.00050000029069,0.7527429669569311,1.8160500837935014,-1.9847699486770488e-07,1.7497409653652969,1.4,2.0869565217391304,7
99.02050000029078,0.7524745015580736,1.8174928270945023,-3.0484869889578575e-07,1.752592250191855,1.4,2.0869565217391304,7
99.04050000029088,0.7522019436716507,1.818934751346092,-3.2120847804385236e-07,1.755444194700123,1.4,2.0869565217391304,7
99.06050000029097,0.7519253095454718,1.8203758208385767,-3.1285801068813353e-07,1.7582967580040632,1.4,2.0869565217391304,7
99.08050000029107,0.7516445458449162,1.8218161686520375,-1.8522392020163894e-07,1.7611502097038891,1.4,2.0869565217391304,7
99.10050000029116,0.7513597206022512,1.8232556643589126,-3.378110701546714e-07,1.7640042471843043,1.4,2.0869565217391304,7
99.12050000029126,0.7510707806346126,1.824694379851675,-2.9760194629305057e-07,1.7668590494471903,1.4,2.0869565217391304,7
99.14050000029135,0.7507777487998663,1.826132171352557,-1.0541418285442224e-07,1.7697144399021014,1.4,2.0869565217391304,7
99.16050000029145,0.7504806479745402,1.827569254313618,-2.9682014687659237e-07,1.7725707169377087,1.4,2.0869565217391304,7
99.18050000029154,0.7501794582597067,1.8290053640338861,-1.6090336030240278e-07,1.7754274213209549,1.4,2.0869565217391304,7
99.20050000029164,0.7498741986399174,1.8304406313428234,-4.1363696923804115e-07,1.7782849693182334,1.4,2.0869565217391304,7
99.22050000029174,0.7495648298017572,1.8318750435123368,-4.0992798438377333e-07,1.781143187173802,1.4,2.0869565217391304,7
99.24050000029183,0.7492513640864491,1.8333085232165212,-2.082167417940207e-07,1.7840020464231026,1.4,2.0869565217391304,7
99.26050000029193,0.7489338414156386,1.8347410985781543,-1.2087960670910862e-07,1.7868614882791285,1.4,2.0869565217391304,7
99.28050000029202,0.7486122100782413,1.8361728826361101,-1.6559311612177485e-07,1.7897218444741354,1.4,2.0869565217391304,7
99.30050000029212,0.748286515344754,1.8376036574692132,-2.782732386832191e-07,1.792582762407419,1.4,2.0869565217391304,7
99.32050000029221,0.7479566874364805,1.8390336950472095,-3.006894573836727e-07,1.795444654812062,1.4,2.0869565217391304,7
99.34050000029231,0.7476228537556836,1.840462556109607,-2.660491716582461e-07,1.7983067301211666,1.4,2.0869565217391304,7
99.3605000002924,0.7472849297544215,1.8418905544453592,-4.541968998438322e-07,1.80116969526513,1.4,2.0869565217391304,7
99.3805000002925,0.7469428783376052,1.843317633966726,-1.7817338429197645e-07,1.8040333240871897,1.4,2.0869565217391304,7
99.4005000002926,0.7465967837026127,1.8447437347739675,-1.8360441119684065e-07,1.8068976591854224,1.4,2.0869565217391304,7
99.42050000029269,0.7462466178401124,1.846168845830331,-1.4052297384877763e-07,1.8097624772033343,1.4,2.0869565217391304,7
99.44050000029279,0.7458923854315366,1.847592974901839,-1.6499804422357449e-07,1.8126280805557242,1.4,2.0869565217391304,7
99.46050000029288,0.7455340520016089,1.8490161772029594,-2.2058816442308703e-07,1.8154943997989375,1.4,2.0869565217391304,7
99.48050000029298,0.7451717101506816,1.8504382019283792,-2.7118943091136735e-07,1.8183610811715993,1.4,2.0869565217391304,7
99.50050000029307,0.7448052877805185,1.8518592137486485,-1.6692420531443456e-07,1.8212282104251754,1.4,2.0869565217391304,7
99.52050000029317,0.7444347910590228,1.8532792311873074,-3.079058080097329e-07,1.8240962544759698,1.4,2.0869565217391304,7
99.54050000029326,0.74406027986579,1.8546980268536535,-2.0984154707410483e-07,1.826964486713191,1.4,2.0869565217391304,7
99.56050000029336,0.7436816365620924,1.8561159805254495,-2.7599506836522397e-07,1.8298336839758362,1.4,2.0869565217391304,7
99.58050000029345,0.7432990202848692,1.8575326359677757,-2.4190313927070116e-07,1.8327030097122894,1.4,2.0869565217391304,7
99.60050000029355,0.7429122801523522,1.8589483225234045,-1.2813988936915705e-07,1.8355731942574396,1.4,2.0869565217391304,7
99.62050000029365,0.7425214916366538,1.8603629730892663,-1.454165012259493e-07,1.8384440339964596,1.4,2.0869565217391304,7
99.64050000029374,0.7421266513997464,1.8617765272621516,-2.611029517311776e-07,1.8413154407441137,1.4,2.0869565217391304,7
99.66050000029384,0.7417277471637171,1.8631889756488875,-2.4549914958967856e-07,1.8441874762244665,1.4,2.0869565217391304,7
99.68050000029393,0.7413248029944779,1.8646003337712211,-3.7965827454967895e-07,1.847060095682852,1.4,2.0869565217391304,7
99.70050000029403,0.7409177659464647,1.8660106072390126,-2.506172590366452e-07,1.8499333953022221,1.4,2.0869565217391304,7
99.72050000029412,0.7405067287744402,1.867419697874696,-1.1641164484441427e-07,1.8528070464654338,1.4,2.0869565217391304,7
99.74050000029422,0.74009160888441,1.8688276784658662,-2.200399771001525e-07,1.8556815546762484,1.4,2.0869565217391304,7
99.76050000029431,0.7396724286439008,1.87023454937645,-1.8746475128184515e-07,1.8585565081846953,1.4,2.0869565217391304,7
99.78050000029441,0.739249221351398,1.8716402200117503,-2.0995798147227848e-07,1.8614320633221018,1.4,2.0869565217391304,7
99.8005000002945,0.7388219640346602,1.8730447525675673,-2.6373697425929376e-07,1.8643081411381472,1.4,2.0869565217391304,7
99.8205000002946,0.7383906414551231,1.8744481240114252,-1.745833523748882e-07,1.867184835252578,1.4,2.0869565217391304,7
99.8405000002947,0.737955303080266,1.8758503080394662,-2.450105850400477e-07,1.8700620518765432,1.4,2.0869565217391304,7
99.86050000029479,0.7375158798535222,1.8772513615327309,-1.2773999878968071e-07,1.872939899576953,1.4,2.0869565217391304,7
99.88050000029489,0.7370724810221774,1.8786511390725467,-3.2521483431642853e-07,1.87581826263346,1.4,2.0869565217391304,7
99.90050000029498,0.7366249817619648,1.88004976710163,-2.3783932034389295e-07,1.8786971882865833,1.4,2.0869565217391304,7
99.92050000029508,0.7361735059216212,1.8814470845217939,-3.4657457455813053e-07,1.8815764971983995,1.4,2.0869565217391304,7
99.94050000029517,0.7357179713110413,1.8828431822036797,-2.9024377912578506e-07,1.884456437694124,1.4,2.0869565217391304,7
99.96050000029527,0.7352584075903982,1.8842379774584488,-6.761831980223518e-08,1.8873366609851123,1.4,2.0869565217391304,7
99.98050000029536,0.7347948645216928,1.885631512889991,-1.3214334184124365e-07,1.8902174109528516,1.4,2.0869565217391304,7
100.00050000029546,0.7343272412902351,1.8870238563323338,-2.4100399901611655e-07,1.8930988627332996,1.4,2.0869565217391304,7
100.02050000029556,0.7338556333256774,1.888414858102378,-2.4378974689187404e-07,1.8959805680123756,1.4,2.0869565217391304,7
100.04050000029565,0.733379977434703,1.8898045985285639,-1.219312820735247e-07,1.8988629174625513,1.4,2.0869565217391304,7
100.06050000029575,0.7329002873769157,1.8911931219449278,-1.211982646284971e-07,1.9017458403089087,1.4,2.0869565217391304,7
100.08050000029584,0.7324165745250654,1.8925803409241402,-3.046383086804731e-07,1.9046293677869965,1.4,2.0869565217391304,7
100.10050000029594,0.7319287843899431,1.8939663755524088,-2.944175660208105e-07,1.9075135560187264,1.4,2.0869565217391304,7
100.12050000029603,0.7314370508007827,1.8953509936888213,-3.934564646372159e-07,1.9103979727663891,1.4,2.0869565217391304,7
100.14050000029613,0.7309412484341926,1.8967342945302914,-2.4748289271098955e-07,1.9132830609945033,1.4,2.0869565217391304,7
100.16050000029622,0.7304414552144735,1.8981162987461604,-3.7253163321919583e-07,1.9161684665799996,1.4,2.0869565217391304,7
100.18050000029632,0.7299377423979654,1.8994967090528398,-1.6250803197916304e-07,1.9190538007264164,1.4,2.0869565217391304,7
100.20050000029642,0.7294299861502592,1.9008758603812077,-4.7075660967298175e-07,1.9219400515798264,1.4,2.0869565217391304,7
100.22050000029651,0.728918218995494,1.9022536153925271,-3.7866672591973613e-07,1.9248264748181751,1.4,2.0869565217391304,7
100.2405000002966,0.7284025041022699,1.9036298152603637,-1.1346886607090408e-07,1.9277130300361394,1.4,2.0869565217391304,7
100.2605000002967,0.7278827836796007,1.9050046715977345,-6.756115350819242e-08,1.9306002328225778,1.4,2.0869565217391304,7
100.2805000002968,0.7273590337571825,1.9063782346040132,-1.5788929241481053e-07,1.9334880093446525,1.4,2.0869565217391304,7
100.30050000029689,0.7268313075096945,1.9077503258790565,-7.527090964184497e-08,1.9363759650763963,1.4,2.0869565217391304,7
100.32050000029699,0.726299574870482,1.9091210154259843,-1.7307276777132263e-07,1.9392644829675618,1.4,2.0869565217391304,7
100.34050000029708,0.7257638750601066,1.9104902333035567,-2.468593386718975e-07,1.9421533402953874,1.4,2.0869565217391304,7
100.36050000029718,0.7252242205398951,1.9118579553688677,-1.451733104791665e-07,1.9450423626151352,1.4,2.0869565217391304,7
100.38050000029727,0.724680554416302,1.9132242682311582,-2.2242217164585012e-07,1.9479319904708716,1.4,2.0869565217391304,7
100.40050000029737,0.7241328377324138,1.914589283011843,-3.006443942557787e-07,1.9508223625472343,1.4,2.0869565217391304,7
100.42050000029747,0.7235801628076869,1.9159526610002378,-2.6615180036303382e-06,1.9537124348277501,1.4,2.0869565217391304,7
100.44050000029756,0.7230249992712156,1.9173103257564919,-9.376826758928917e-07,1.9565938312941327,1.4,2.0869565217391304,7
100.46050000029766,0.7224670568665782,1.9186637467482242,-7.326828760266026e-07,1.9594691076666855,1.4,2.0869565217391304,7
100.48050000029775,0.7219050794253448,1.9200147357637718,-1.5475356427501696e-06,1.9623435158322342,1.4,2.0869565217391304,7
100.50050000029785,0.7213397250629959,1.9213630356860532,-1.6622495042778257e-06,1.9652158506164572,1.4,2.0869565217391304,7
100.52050000029794,0.7207713350107571,1.9227084862075163,-2.530231163501682e-06,1.9680857843730986,1.4,2.0869565217391304,7
100.54050000029804,0.7201987750429174,1.9240525664503807,-1.543747479984075e-06,1.9709565148557524,1.4,2.0869565217391304,7
100.56050000029813,0.7196229831877249,1.9253932892484564,-1.41141063948e-06,1.9738236088372703,1.4,2.0869565217391304,7
100.58050000029823,0.7190433578053582,1.926732325513036,-2.838818903936488e-06,1.9766910623250058,1.4,2.0869565217391304,7
100.60050000029833,0.7184609344583744,1.9280685662506853,-2.7226034771659924e-06,1.9795558846966046,1.4,2.0869565217391304,7
100.62050000029842,0.7178741336058713,1.9294033594188504,-6.287408772644623e-07,1.982421969410695,1.4,2.0869565217391304,7
100.64050000029852,0.7172842440716347,1.930735064974714,-1.9937106066387033e-06,1.9852849096160186,1.4,2.0869565217391304,7
100.66050000029861,0.716690500916072,1.9320649195570725,-2.186467831455652e-06,1.988147799697225,1.4,2.0869565217391304,7
100.68050000029871,0.716093618915238,1.9333923076294908,-2.02306235949007e-06,1.9910087791532978,1.4,2.0869565217391304,7
100.7005000002988,0.7154933522315021,1.9347168720666252,-3.6797317760435755e-07,1.9938681069335185,1.4,2.0869565217391304,7
100.7205000002989,0.7148888102801646,1.9360405992085106,-2.2514724748751467e-06,1.9967293379631972,1.4,2.0869565217391304,7
100.740500000299,0.714280587315631,1.9373619004387936,-2.000364454932912e-06,1.9995892843346101,1.4,2.0869565217391304,7
100.76050000029909,0.7136687318223587,1.9386820625808998,-2.785981566751933e-06,2.0024506699320352,1.4,2.0869565217391304,7
100.78050000029918,0.7130535982603189,1.9399994183797526,1.784761024438764e-07,2.0053101772041613,1.4,2.0869565217391304,7
100.80050000029928,0.7124300590022767,1.9413164077308493,-1.5903249483868355e-05,2.008172042940514,1.4,2.0869565217391304,7
100.82050000029938,0.7118086442749362,1.9426275008012428,-2.2749756272354853e-06,2.0110260868738274,1.4,2.0869565217391304,7
100.84050000029947,0.7111809509981695,1.943940883774327,-2.737942959067205e-06,2.0138892035014084,1.4,2.0869565217391304,7
100.86050000029957,0.7105511606336414,1.945250638458083,-9.75784430248017e-07,2.0167480332333545,1.4,2.0869565217391304,7
100.88050000029966,0.7099175487674774,1.9465586767604561,-1.1573961303685966e-06,2.0196068137812677,1.4,2.0869565217391304,7
100.90050000029976,0.7092796693588684,1.947865122905413,-1.5934261190187398e-06,2.0224670454924003,1.4,2.0869565217391304,7
100.92050000029985,0.7086377174086453,1.9491705304882119,-2.326489447683337e-06,2.0253285495100286,1.4,2.0869565217391304,7
100.94050000029995,0.7079924156046058,1.950474085580597,-1.8231589591624407e-06,2.028189519597558,1.4,2.0869565217391304,7
100.96050000030004,0.7073420730227137,1.9517772658900316,-2.2357043948716754e-06,2.0310537308166072,1.4,2.0869565217391304,7
100.98050000030014,0.7066890105962733,1.9530774538733258,-1.0094929093644133e-06,2.0339161011626166,1.4,2.0869565217391304,7
101.00050000030024,0.7060316730268273,1.954376291118092,-2.367583384859388e-06,2.036779062656096,1.4,2.0869565217391304,7
101.02050000030033,0.705371336712997,1.955672224996307,-7.664601455692543e-07,2.0396402069753563,1.4,2.0869565217391304,7
101.04050000030043,0.7047069698194126,1.9569665533133795,-3.7254095136491676e-07,2.04250195133088,1.4,2.0869565217391304,7
101.06050000030052,0.704038264479695,1.9582600994458854,-2.272162504168661e-06,2.0453656734728396,1.4,2.0869565217391304,7
101.08050000030062,0.7033656787944382,1.9595521913419929,-2.0954450723993446e-06,2.048230844851064,1.4,2.0869565217391304,7
101.10050000030071,0.7026902433486734,1.9608415445134495,-8.179166790380411e-07,2.0510937936376283,1.4,2.0869565217391304,7
101.12050000030081,0.7020102412275288,1.9621297539922693,-1.2650775980684083e-06,2.053959006101075,1.4,2.0869565217391304,7
101.1405000003009,0.7013270377357655,1.963415932348911,-2.187304454931466e-06,2.05682266978742,1.4,2.0869565217391304,7
101.160500000301,0.7006401260621054,1.964699831663448,-2.7512991089709825e-08,2.0596862428695157,1.4,2.0869565217391304,7
101.1805000003011,0.6999495750179385,1.9659822801686124,-3.344374423161071e-07,2.0625507258494906,1.4,2.0869565217391304,7
101.20050000030119,0.6992546529987278,1.9672630579240704,-2.1566329981379523e-06,2.0654159135137724,1.4,2.0869565217391304,7
101.22050000030129,0.6985568673405603,1.9685410024863677,-7.937591635795891e-07,2.068279108880708,1.4,2.0869565217391304,7
101.24050000030138,0.6978545529401213,1.9698179508554055,-1.4460591851258783e-06,2.071143935068088,1.4,2.0869565217391304,7
101.26050000030148,0.6971493660483696,1.9710919750223075,-1.2179875746133965e-06,2.0740067562494833,1.4,2.0869565217391304,7
101.28050000030157,0.6964400531206317,1.972364415273856,-1.86534461448814e-06,2.076870785798266,1.4,2.0869565217391304,7
101.30050000030167,0.6957274194898049,1.9736347044589726,-1.3494932080166263e-06,2.079733927756134,1.4,2.0869565217391304,7
101.32050000030176,0.6950108950975389,1.974903630729857,-1.015990416938658e-06,2.082598273526167,1.4,2.0869565217391304,7
101.34050000030186,0.6942903289971081,1.9761706464150164,-1.2919361609790087e-06,2.0854634166500263,1.4,2.0869565217391304,7
101.36050000030195,0.6935658538595373,1.9774361484602885,-2.30810702934276e-06,2.088329314296758,1.4,2.0869565217391304,7
101.38050000030205,0.6928382508296518,1.9786992403404904,-3.991516318567843e-07,2.091194065682359,1.4,2.0869565217391304,7
101.40050000030215,0.69210606527966,1.9799615028946136,-1.0704772985220133e-06,2.094061119527803,1.4,2.0869565217391304,7
101.42050000030224,0.6913700776783406,1.9812219070718504,-1.4536699789780519e-06,2.0969288274061935,1.4,2.0869565217391304,7
101.44050000030234,0.6906307959705268,1.9824799399013722,-1.780928922960753e-06,2.099795455112724,1.4,2.0869565217391304,7
101.46050000030243,0.6898883707599193,1.983735362950687,-6.249186543329254e-07,2.102661012597571,1.4,2.0869565217391304,7
101.48050000030253,0.6891411763060773,1.9849898456902597,-1.3445275459434586e-06,2.10552881548263,1.4,2.0869565217391304,7
101.50050000030262,0.6883913884229794,1.9862413650841264,-1.1805265877766478e-06,2.1083936715111795,1.4,2.0869565217391304,7
101.52050000030272,0.6876353164700348,1.9874918316416699,-1.4582998480101358e-05,2.111261233502602,1.4,2.0869565217391304,7
101.54050000030281,0.6868766133072378,1.9887377398158708,-1.301585116035071e-05,2.1141253541015925,1.4,2.0869565217391304,7
101.56050000030291,0.6861164741575841,1.9899817536226658,5.2632101771797946e-08,2.116988037780416,1.4,2.0869565217391304,7
101.580500000303,0.6853508706276663,1.9912285512711525,-2.6208573916852333e-07,2.119861278539222,1.4,2.0869565217391304,7
101.6005000003031,0.6845804596933496,1.9924759359068522,-1.567109215371918e-07,2.122740872499537,1.4,2.0869565217391304,7
101.6205000003032,0.6838050304079794,1.9937235427421074,-2.4759521229962304e-07,2.125625695358389,1.4,2.0869565217391304,7
101.64050000030329,0.6830248524303367,1.9949708443566443,-3.727403899108415e-07,2.128514254519484,1.4,2.0869565217391304,7
101.66050000030339,0.6822399601133712,1.9962175840573215,-2.817423316993188e-07,2.131406241665499,1.4,2.0869565217391304,7
101.68050000030348,0.6814503873625524,1.9974637156643222,-7.9859065443121e-08,2.1343011410213255,1.4,2.0869565217391304,7
101.70050000030358,0.6806564772596729,1.998708837191622,-1.8603618202724832e-07,2.1371982150673006,1.4,2.0869565217391304,7
101.72050000030367,0.6798583413941816,1.9999525766462336,-1.3412156925186637e-07,2.1400970329781384,1.4,2.0869565217391304,7
101.74050000030377,0.6790558796387253,2.0011951485531823,-3.371819704263071e-07,2.142997670166393,1.4,2.0869565217391304,7
101.76050000030386,0.6782494885878964,2.0024359084903773,-1.3933114448028485e-07,2.1458988362684064,1.4,2.0869565217391304,7
101.78050000030396,0.677438871239373,2.0036752936286075,-2.465543376289772e-07,2.148801556092248,1.4,2.0869565217391304,7
101.80050000030405,0.6766242215904171,2.00491298023709,-1.7348703308406636e-07,2.151705101763801,1.4,2.0869565217391304,7
101.82050000030415,0.6758055876878866,2.0061489692208974,-1.3947964669457823e-07,2.154609460451542,1.4,2.0869565217391304,7
101.84050000030425,0.674982925617927,2.0073831700100104,-2.768143155252234e-07,2.1575146047638776,1.4,2.0869565217391304,7
101.86050000030434,0.6741563737424101,2.0086155006570143,-1.5807109792425765e-07,2.160420023583739,1.4,2.0869565217391304,7
101.88050000030444,0.6733259045192889,2.0098458801292223,-2.348788944258615e-07,2.163325974523036,1.4,2.0869565217391304,7
101.90050000030453,0.6724915994641151,2.0110742508534742,-2.0013376742807265e-07,2.16623203410873,1.4,2.0869565217391304,7
101.92050000030463,0.6716533851375721,2.0123006916591284,-2.0594671889502035e-07,2.1691385376973384,1.4,2.0869565217391304,7
101.94050000030472,0.6708113673764322,2.013525064495599,-1.316382120380972e-07,2.172045321801757,1.4,2.0869565217391304,7
101.96050000030482,0.6699655056735182,2.0147474429518812,-2.974178390682795e-07,2.1749521722123997,1.4,2.0869565217391304,7
101.98050000030491,0.6691158688068973,2.015967677417089,-2.291919680341345e-07,2.177859215057546,1.4,2.0869565217391304,7
102.00050000030501,0.6682623857917284,2.017185891982954,-1.7203147984830522e-07,2.1807664429742384,1.4,2.0869565217391304,7
102.0205000003051,0.6674050140510789,2.0184020475547446,-2.798318363624637e-07,2.1836740718265855,1.4,2.0869565217391304,7
102.0405000003052,0.6665440974895449,2.0196158138418814,-3.0752665490404423e-07,2.1865810693319756,1.4,2.0869565217391304,7
102.0605000003053,0.6656792710142115,2.0208275380590646,-1.1002217697334522e-07,2.189488476682441,1.4,2.0869565217391304,7
102.08050000030539,0.6648107102349511,2.0220370528323333,-2.5802749503155897e-07,2.192395971522775,1.4,2.0869565217391304,7
102.10050000030549,0.6639385011406355,2.023244297740302,-2.222847233725128e-07,2.1953030104341464,1.4,2.0869565217391304,7
102.12050000030558,0.6630624675332352,2.0244493960232006,-4.676237087356402e-07,2.198210546445946,1.4,2.0869565217391304,7
102.14050000030568,0.6621827436564112,2.025652232237227,-2.8161962636089355e-07,2.2011178845595185,1.4,2.0869565217391304,7
102.16050000030577,0.6612992025075205,2.026852959157032,-4.264023717069385e-07,2.204025532831191,1.4,2.0869565217391304,7
102.18050000030587,0.6604120821388272,2.028051209206872,-1.8491326879207626e-07,2.2069327093492586,1.4,2.0869565217391304,7
102.20050000030596,0.6595211258701652,2.0292473423835276,-3.3267557889595565e-07,2.20984030468856,1.4,2.0869565217391304,7
102.22050000030606,0.6586266109351396,2.030440997002872,-1.3020513790299738e-07,2.212747321553596,1.4,2.0869565217391304,7
102.24050000030616,0.657728331905834,2.0316324518673152,-2.178957930182493e-07,2.2156546541590605,1.4,2.0869565217391304,7
102.26050000030625,0.6568264236962799,2.032821515836626,-2.6775525308660763e-07,2.2185616765003067,1.4,2.0869565217391304,7
102.28050000030635,0.6559208621768746,2.03400825320238,-1.335854369172767e-07,2.2214686773021914,1.4,2.0869565217391304,7
102.30050000030644,0.6550115269106681,2.0351927384226434,-1.794397399915967e-07,2.224375813483876,1.4,2.0869565217391304,7
102.32050000030654,0.6540985933390246,2.0363747687919314,-2.8985983421451285e-07,2.2272828727911014,1.4,2.0869565217391304,7
102.34050000030663,0.6531820781230159,2.037554392484703,-1.582647326440751e-07,2.2301895920138755,1.4,2.0869565217391304,7
102.36050000030673,0.652261798493237,2.038731706874016,-2.4659410601286654e-07,2.2330964780272105,1.4,2.0869565217391304,7
102.38050000030682,0.6513379553170714,2.0399065807126875,-3.8583217671892854e-07,2.2360032011196034,1.4,2.0869565217391304,7
102.40050000030692,0.650410384538668,2.041079143079661,-3.9173000991531726e-07,2.2389099918484607,1.4,2.0869565217391304,7
102.42050000030702,0.6494793699273177,2.0422490855174082,-1.5254132018342844e-07,2.241816227253959,1.4,2.0869565217391304,7
102.44050000030711,0.648544611744835,2.0434167649859805,-3.3627043424127264e-07,2.244722850180198,1.4,2.0869565217391304,7
102.4605000003072,0.6476062651030767,2.044581957131421,-2.685818997482882e-07,2.24762928194765,1.4,2.0869565217391304,7
102.4805000003073,0.6466641815952247,2.0457448164591776,-2.8798959041535115e-07,2.2505360276678905,1.4,2.0869565217391304,7
102.5005000003074,0.6457185574442953,2.0469051808254632,-1.351460442728921e-07,2.253442401939456,1.4,2.0869565217391304,7
102.52050000030749,0.6447692601493658,2.0480631090746972,-1.7096703662438268e-07,2.256348935080887,1.4,2.0869565217391304,7
102.54050000030759,0.6438165397913923,2.0492184154897624,-1.513822422368429e-07,2.259254938651777,1.4,2.0869565217391304,7
102.56050000030768,0.6428601435474063,2.0503712991985252,-1.28436791203264e-07,2.2621610424727816,1.4,2.0869565217391304,7
102.58050000030778,0.6419001556090853,2.0515217265501375,-1.9600872922718275e-07,2.265067316133842,1.4,2.0869565217391304,7
102.60050000030787,0.6409365319831518,2.052669663951503,-2.4384943717389e-07,2.267973515113309,1.4,2.0869565217391304,7
102.62050000030797,0.6399694550668124,2.0538150245587743,-2.902500226898669e-07,2.270879406304091,1.4,2.0869565217391304,7
102.64050000030807,0.6389986752743156,2.054957977493866,-9.31190270573469e-08,2.2737856042237556,1.4,2.0869565217391304,7
102.66050000030816,0.6380243083414417,2.0560984526643042,-1.3137252192139302e-07,2.276691888124033,1.4,2.0869565217391304,7
102.68050000030826,0.6370464228728291,2.057236300604103,-2.0104814540949314e-07,2.2795978922833653,1.4,2.0869565217391304,7
102.70050000030835,0.6360649529903394,2.058371640968553,-1.8814683679468307e-07,2.2825038735944405,1.4,2.0869565217391304,7
102.72050000030845,0.635079980171319,2.059504365584243,-3.1651528148437665e-07,2.285409819488235,1.4,2.0869565217391304,7
102.74050000030854,0.6340914993842586,2.060634443219002,-1.9474938315934236e-07,2.288315386053045,1.4,2.0869565217391304,7
102.76050000030864,0.6330995518272482,2.061761871013731,-1.9208866956021765e-07,2.2912208499368956,1.4,2.0869565217391304,7
102.78050000030873,0.6321040450688263,2.062886732430774,-2.530414082332266e-07,2.2941263288089684,1.4,2.0869565217391304,7
102.80050000030883,0.6311050253249821,2.064009010537191,-2.5950281026844744e-07,2.297031826341587,1.4,2.0869565217391304,7
102.82050000030893,0.6301024523255615,2.065128759169074,-2.5450819344580115e-07,2.299937428591994,1.4,2.0869565217391304,7
102.84050000030902,0.6290962850272729,2.066245944362928,-2.032605851211351e-07,2.302843262288892,1.4,2.0869565217391304,7
102.86050000030912,0.6280866117051013,2.0673604845431623,-7.865559068418674e-08,2.305748939195987,1.4,2.0869565217391304,7
102.88050000030921,0.6270734405914524,2.0684723546916834,-1.7252892442126364e-07,2.3086545785436723,1.4,2.0869565217391304,7
102.90050000030931,0.6260569011532142,2.069581419263693,-1.6735692787602705e-07,2.311559712149829,1.4,2.0869565217391304,7
102.9205000003094,0.6250369262133426,2.0706877989055377,-2.580843329045415e-07,2.314464736357494,1.4,2.0869565217391304,7
102.9405000003095,0.6240134729028696,2.071791409273323,-1.270284730522954e-07,2.317369596216089,1.4,2.0869565217391304,7
102.9605000003096,0.6229866293344647,2.0728922698153154,-1.5974873384022356e-07,2.320274199668489,1.4,2.0869565217391304,7
102.98050000030969,0.6219564498362429,2.0739903491422242,-2.637913315178986e-07,2.323178436323551,1.4,2.0869565217391304,7
103.00050000030978,0.6209217893185653,2.0750861075991094,-2.225214858997752e-06,2.3260844878111144,1.4,2.0869565217391304,7
103.02050000030988,0.6198860970685729,2.07617619866525,-1.47114256085965e-06,2.3289816810850588,1.4,2.0869565217391304,7
103.04050000030998,0.6188481850916437,2.0772614070223536,-4.026970348022196e-07,2.331874026438579,1.4,2.0869565217391304,7
103.06050000031007,0.6178083964533021,2.078341848098568,-1.2080699485552224e-06,2.3347615081979844,1.399554004133377,2.0869565217391304,7
103.08050000031017,0.6167671503320941,2.079417686726546,-1.5004410969473569e-06,2.337644102059526,1.3981204486200332,2.0869565217391304,7
103.10050000031026,0.6157247099627003,2.080489073449634,-4.786746695100234e-07,2.340521770778756,1.3966922772121615,2.0869565217391304,7
103.12050000031036,0.6146784705254812,2.0815578410968643,-2.06196431901452e-06,2.3433994675632563,1.3952674804568659,2.0869565217391304,7
103.14050000031045,0.613630099534134,2.082622955722483,-1.926443945747188e-06,2.3462741764160686,1.3938474955338682,2.0869565217391304,7
103.16050000031055,0.6125783718808256,2.0836851429170395,-4.352896435860876e-07,2.349148066047097,1.3924309348942074,2.0869565217391304,7
103.18050000031064,0.6115233486907644,2.08474457852886,-1.020817003433898e-06,2.3520207384597382,1.3910193538509938,2.0869565217391304,7
103.20050000031074,0.610465412992627,2.0858013348573934,-8.109951078699357e-07,2.3548918205122886,1.3896132344719359,2.0869565217391304,7
103.22050000031084,0.6094031650149248,2.086855850216282,-2.092874157142681e-06,2.3577632864975597,1.38821051297435,2.0869565217391304,7
103.24050000031093,0.6083372853559718,2.0879080628134425,-1.2120469625144822e-06,2.360635308599039,1.386812024921948,2.0869565217391304,7
103.26050000031103,0.6072672925638802,2.0889585509605246,-1.6054985336794962e-06,2.363507174861779,1.3854188983413391,2.0869565217391304,7
103.28050000031112,0.6061931324057039,2.090007045772049,-2.4419931021602843e-06,2.366379588025913,1.3840307500617577,2.0869565217391304,7
103.30050000031122,0.6051145068772278,2.09105376956343,-2.422438584653397e-06,2.3692530267167027,1.3826468131002039,2.0869565217391304,7
103.32050000031131,0.6040324867256596,2.0920980924344015,-2.0110122022752488e-06,2.372124821458795,1.3812696915462777,2.0869565217391304,7
103.34050000031141,0.602945443327085,2.09314084293302,-8.585698500130729e-07,2.3749980466748766,1.37989680342725,2.0869565217391304,7
103.3605000003115,0.6018540596185395,2.0941821633167668,-2.1669580981723754e-06,2.3778720081324525,1.3785306013482428,2.0869565217391304,7
103.3805000003116,0.6007590955866536,2.0952212534494032,-1.0006548896148866e-06,2.380744560821998,1.3771706081501343,2.0869565217391304,7
103.4005000003117,0.5996582458504452,2.096259037696201,-2.629368955212491e-06,2.3836200645631673,1.375814489298416,2.0869565217391304,7
103.42050000031179,0.5985545455984749,2.0972944666632545,-7.978828303108211e-07,2.3864933473101337,1.3744661738735733,2.0869565217391304,7
103.44050000031189,0.5974446767854169,2.0983290648304633,-9.317887883222197e-07,2.389370263262117,1.3731220507617845,2.0869565217391304,7
103.46050000031198,0.5963301822691661,2.099362570615349,-9.257623035201855e-07,2.3922483076613514,1.3717846996170842,2.0869565217391304,7
103.48050000031208,0.5952102512538446,2.100394678322264,-1.987856155333836e-06,2.3951273323344675,1.3704530237787353,2.0869565217391304,7
103.50050000031217,0.5940861134028783,2.101424587555947,-8.523837084124669e-07,2.398006133167319,1.3691280207258227,2.0869565217391304,7
103.52050000031227,0.5929583120006631,2.1024526747445207,-8.291025222602962e-07,2.400883039711458,1.3678117595540717,2.0869565217391304,7
103.54050000031236,0.5918223077396412,2.103477862972896,-1.6630573565647534e-05,2.403760459894264,1.3665006346811417,2.0869565217391304,7
103.56050000031246,0.5906874413195394,2.104500262509551,-1.993296558807788e-06,2.406632111174538,1.3652004542384804,2.0869565217391304,7
103.58050000031255,0.5895441958337843,2.1055243979416884,-2.1595660571830066e-06,2.409512976023429,1.3639039044245433,2.0869565217391304,7
103.60050000031265,0.5883986286709114,2.1065454546165445,-4.973657196475003e-07,2.412388696274182,1.3626177281832432,2.0869565217391304,7
103.62050000031275,0.5872469302424127,2.1075652899141835,-2.226668959321663e-06,2.415266854841893,1.3613375802641698,2.0869565217391304,7
103.64050000031284,0.5860913692374479,2.1085829895049986,-1.112195920079504e-06,2.4181428880169142,1.3600662469750078,2.0869565217391304,7
103.66050000031294,0.5849298032330843,2.109599463644465,-1.884324188080713e-06,2.4210214324207864,1.3588013846658815,2.0869565217391304,7
103.68050000031303,0.5837638451437211,2.1106145628572266,-1.6457949678164523e-06,2.423899178230283,1.3575456073546133,2.0869565217391304,7
103.70050000031313,0.5825931524081834,2.1116279467846635,-4.236235886828219e-07,2.426776551253185,1.3562981233081612,2.0869565217391304,7
103.72050000031322,0.5814169763751048,2.112639781118224,-8.200173700121136e-07,2.4296549594616725,1.3550584675688717,2.0869565217391304,7
103.74050000031332,0.5802366894321207,2.1136495652226768,-2.6120159436349137e-07,2.4325312151398384,1.3538283328016982,2.0869565217391304,7
103.76050000031341,0.5790505354249723,2.114658102378772,-9.242318273450786e-07,2.4354092398698945,1.3526058220761148,2.0869565217391304,7
103.78050000031351,0.5778594199880343,2.115665408720843,-3.2535309799944613e-06,2.438287312768898,1.351392589181824,2.0869565217391304,7
103.8005000003136,0.576663599995532,2.116670781195365,-5.446931696716835e-07,2.4411648631082246,1.3501880400872857,2.0869565217391304,7
103.8205000003137,0.5754622303260969,2.117674710185733,-1.9698927949443756e-06,2.4440427478679587,1.3489925966771992,2.0869565217391304,7
103.8405000003138,0.5742573682046728,2.1186762239189343,-6.411111141427371e-07,2.4469174076502735,1.3478079163894847,2.0869565217391304,7
103.86050000031389,0.5730463412426229,2.1196766753738094,-2.100464842849838e-06,2.4497942005561932,1.3466313106645593,2.0869565217391304,7
103.88050000031399,0.5718304742249377,2.1206754650124644,-2.0318862002372297e-06,2.4526699506675693,1.3454647599551341,2.0869565217391304,7
103.90050000031408,0.5706099504013955,2.121672310772257,-1.0332135399856404e-06,2.4555449638523297,1.3443080655430286,2.0869565217391304,7
103.92050000031418,0.5693830128666232,2.1226678916083976,-1.5840978843308332e-06,2.45842168892109,1.3431594001576492,2.0869565217391304,7
103.94050000031427,0.568153342436482,2.123660853839919,-9.73607430369552e-07,2.461293945431921,1.3420235363215505,2.0869565217391304,7
103.96050000031437,0.5669165989274977,2.1246528637751956,-2.0414296691343254e-06,2.4641687352940993,1.3408954989037758,2.0869565217391304,7
103.98050000031446,0.565675540542183,2.1256427819040447,-2.947605017409271e-07,2.4670420380908578,1.3397781043769657,2.0869565217391304,7
104.00050000031456,0.5644284639839938,2.1266316079231853,-2.422316631866841e-06,2.469916235004522,1.3386712231400462,2.0869565217391304,7
104.02050000031466,0.5631766779301766,2.127618489349444,-5.913995188395387e-07,2.4727893874242133,1.3375743618893607,2.0869565217391304,7
104.04050000031475,0.5619194080723713,2.128603709664119,-1.7077427779741061e-06,2.4756627271844143,1.3364878649091079,2.0869565217391304,7
104.06050000031485,0.5606568554667398,2.129587386172115,-3.031643696017314e-06,2.4785357906555787,1.3354118864273459,2.0869565217391304,7
104.08050000031494,0.5593897690723247,2.130568989863213,-5.045773233952175e-07,2.4814075920896608,1.3343468044232534,2.0869565217391304,7
104.10050000031504,0.5581145660914553,2.131549197213041,-1.2844729924019062e-05,2.4842812551276574,1.3332918851696793,2.0869565217391304,7
104.12050000031513,0.5568354957095975,2.1325254441881367,-1.1341367229436078e-05,2.487150589532712,1.3322465390440916,2.0869565217391304,7
104.14050000031523,0.555553205134744,2.1335007386271863,-4.213981926748488e-06,2.4900182612610733,1.3312156415347847,2.0869565217391304,7
104.16050000031532,0.5542651934416517,2.134475063087911,-1.352521686107399e-06,2.492887123138217,1.330195290266229,2.0869565217391304,7
104.18050000031542,0.5529704484206444,2.135448602217509,-1.934211285537562e-06,2.4957590130229628,1.329184242597219,2.0869565217391304,7
104.20050000031551,0.5516682238564696,2.1364190071070617,-2.062853941688749e-05,2.49862899427098,1.3281849259789396,2.0869565217391304,7
104.22050000031561,0.5503657187533946,2.1373856701756915,-1.930623915568452e-06,2.5014931866296664,1.327196703134613,2.0869565217391304,7
104.2405000003157,0.5490560777343347,2.1383525595285926,-1.9559204814341318e-06,2.50435995224904,1.3262218045551206,2.0869565217391304,7
104.2605000003158,0.5477425740668923,2.139317244218068,-2.743002637299709e-07,2.5072252228677794,1.3252589962732033,2.0869565217391304,7
104.2805000003159,0.5464223590644236,2.140282143322517,-1.2348255178229716e-06,2.5100944690478215,1.3243067158419652,2.0869565217391304,7
104.30050000031599,0.545095450659046,2.141246095417892,-4.490757174805703e-07,2.5129664403190426,1.3233648169990495,2.0869565217391304,7
104.32050000031609,0.543762397508738,2.1422090740609634,-1.1358514913024497e-06,2.5158398940575126,1.3224351371609258,2.0869565217391304,7
104.34050000031618,0.5424219863970923,2.1431711485416436,-4.397021058868491e-07,2.518716418701455,1.3215157475301762,2.0869565217391304,7
104.36050000031628,0.5410763441444475,2.144131575176421,-9.895424910266636e-07,2.521592616319802,1.3206092559724456,2.0869565217391304,7
104.38050000031637,0.5397244937433076,2.145090441427879,-9.905840472766561e-07,2.5244696533484627,1.319714309489643,2.0869565217391304,7
104.40050000031647,0.5383665616339339,2.1460476093246843,-3.1379253518243553e-07,2.527347463792073,1.3188311915811246,2.0869565217391304,7
104.42050000031657,0.5370031736814446,2.1470030009496113,-1.1047772178466254e-06,2.530224696762669,1.3179611839606826,2.0869565217391304,7
104.44050000031666,0.5356339701920129,2.1479563844644045,-5.364171976843071e-07,2.5331020198376826,1.317103363998478,2.0869565217391304,7
104.46050000031676,0.5342591852968559,2.1489079543318126,-1.1446502756112117e-06,2.535978832318786,1.316258548449838,2.0869565217391304,7
104.48050000031685,0.5328786711582193,2.1498576161663356,-1.0285977299908629e-06,2.538855773195555,1.3154266455769585,2.0869565217391304,7
104.50050000031695,0.5314919804755318,2.1508055006863795,-5.776239812293209e-07,2.5417329659727024,1.3146072467925585,2.0869565217391304,7
104.52050000031704,0.530100385775984,2.1517511009943724,-1.1294907930635316e-06,2.544609022198824,1.3138014377433942,2.0869565217391304,7
104.54050000031714,0.5287034329045199,2.15269430465645,-7.021802513169763e-07,2.5474838673943894,1.3130085125282949,2.0869565217391304,7
104.56050000031723,0.5273016150506754,2.1536350889904883,-8.399142750625983e-07,2.5503571952164625,1.3122294664549248,2.0869565217391304,7
104.58050000031733,0.5258944707984174,2.1545735825613246,-1.3406145725901531e-06,2.553229440185646,1.3114638744141867,2.0869565217391304,7
104.60050000031742,0.5244819411472107,2.1555096715411506,-6.478268933829312e-07,2.5561008531089273,1.3107114164029312,2.0869565217391304,7
104.62050000031752,0.5230637078156289,2.1564437115201787,-5.193310219391139e-07,2.5589720107363947,1.3099726916511547,2.0869565217391304,7
104.64050000031762,0.5216402730638167,2.1573755937111025,-1.377524646941577e-06,2.56184236129278,1.3092479917547992,2.0869565217391304,7
104.66050000031771,0.5202115790803963,2.1583048444218735,-9.177811160802091e-07,2.5647115856476232,1.3085365548732861,2.0869565217391304,7
104.6805000003178,0.5187777344690885,2.1592315778143845,-8.812918514661869e-07,2.567579710978793,1.3078388979590043,2.0869565217391304,7
104.7005000003179,0.5173387725625487,2.16015580122211,-5.891295258321616e-07,2.570446491107918,1.3071551708265918,2.0869565217391304,7
104.720500000318,0.5158947670817253,2.161077659917553,-1.334907885634799e-06,2.5733122599104425,1.3064859015898787,2.0869565217391304,7
104.7405000003181,0.5144447960770544,2.1619972100223146,-9.739337660991134e-07,2.5761780602574835,1.305830184073149,2.0869565217391304,7
104.76050000031819,0.512989654496475,2.1629143962401804,-1.0874712816563731e-06,2.579043130442791,1.3051888084026473,2.0869565217391304,7
104.78050000031828,0.5115293020107223,2.1638287851312454,-6.660825936235709e-08,2.581907105373797,1.3045609645240033,2.0869565217391304,7
104.80050000031838,0.5100642996116359,2.164740605204278,-9.23536330363158e-07,2.584769176879206,1.303948332789397,2.0869565217391304,7
104.82050000031848,0.5085941039261067,2.165649511125572,-6.545456920971019e-07,2.5876300289794707,1.303349463695298,2.0869565217391304,7
104.84050000031857,0.507119282283438,2.166555685382132,-1.0509391706118515e-06,2.5904892108999187,1.3027656249903443,2.0869565217391304,7
104.86050000031867,0.5056386612135202,2.1674593075516233,-1.0052260058601586e-07,2.5933484761703482,1.3021955619581331,2.0869565217391304,7
104.88050000031876,0.5041531694149818,2.1683605096008534,-1.2330894833506155e-06,2.5962062730411577,1.3016410054505263,2.0869565217391304,7
104.90050000031886,0.5026622972088358,2.1692586230871593,9.197409192512696e-09,2.5990635844301777,1.301099700928102,2.0869565217391304,7
104.92050000031895,0.5011675719161489,2.1701538085277057,-1.5200148839588963e-06,2.6019177946227283,1.3005746025574076,2.0869565217391304,7
104.94050000031905,0.4996671770048094,2.1710460297606056,-2.5924323356873404e-07,2.604772016324792,1.3000628520743405,2.0869565217391304,7
104.96050000031914,0.4981623454454573,2.1719354730458975,-1.2188385376615872e-06,2.607624080238485,1.2995669940575283,2.0869565217391304,7
104.98050000031924,0.4966521317861278,2.172822130868739,-7.823674619900242e-07,2.610475882898906,1.2990855729425315,2.0869565217391304,7
105.00050000031933,0.4951368712427391,2.17370587653007,-4.5878034882261963e-07,2.613326719021479,1.298618707322083,2.0869565217391304,7
105.02050000031943,0.493617022459383,2.1745867491054325,-1.1481761506397697e-06,2.616176224777453,1.29816724183121,2.0869565217391304,7
105.04050000031953,0.4920921269126291,2.17546446680858,-5.691655865586326e-07,2.619024786031986,1.297730153458481,2.0869565217391304,7
105.06050000031962,0.49056289081747934,2.176339169922525,-1.3704406718792849e-06,2.621871178527675,1.297308984947657,2.0869565217391304,7
105.08050000031972,0.48902816527243137,2.1772109400371473,-8.203568488256566e-07,2.6247177603835703,1.2969021903426157,2.0869565217391304,7
105.10050000031981,0.48748866352151227,2.178079772274651,-7.462842227608609e-07,2.6275627970567434,1.2965110877709112,2.0869565217391304,7
105.12050000031991,0.4859447338758809,2.178945357097269,-1.0782036549335354e-06,2.63040659614622,1.296135088421642,2.0869565217391304,7
105.14050000032,0.4843959396579865,2.179807634378423,-3.8781650005617755e-07,2.6332490928547507,1.295773823549145,2.0869565217391304,7
105.1605000003201,0.4828430142082168,2.1806667644179827,-1.0759099159651149e-06,2.636089823417757,1.2954286719936978,2.0869565217391304,7
105.1805000003202,0.4812851139774888,2.1815225885082254,-5.830779934137106e-07,2.638929877391833,1.2950982350129454,2.0869565217391304,7
105.20050000032029,0.4797227243028725,2.182375383727418,-1.2071300489703618e-06,2.641768261048209,1.2947842445511504,2.0869565217391304,7
105.22050000032038,0.47815548455710005,2.183224873814858,-1.3192560455662207e-06,2.6446059747979556,1.2944850415823175,2.0869565217391304,7
105.24050000032048,0.47658365460017044,2.184070867914524,-4.3631068910688066e-08,2.6474426516235496,1.2942007642082753,2.0869565217391304,7
105.26050000032058,0.47500810850498043,2.184913561155144,-1.1464628335061093e-06,2.6502767682356985,1.2939331883025496,2.0869565217391304,7
105.28050000032067,0.4734276523772674,2.1857527774158205,-5.476642399666239e-07,2.6531104789762363,1.2936802723452656,2.0869565217391304,7
105.30050000032077,0.47184246849232225,2.1865888305185623,-6.347577237476342e-07,2.6559433849222023,1.293443364393259,2.0869565217391304,7
105.32050000032086,0.4702528112878453,2.187421679125819,-1.3262020989090524e-06,2.65877540572368,1.2932224109200492,2.0869565217391304,7
105.34050000032096,0.46865872719961865,2.1882509891353674,-1.7263707303773367e-06,2.6616062617509106,1.2930169420916244,2.0869565217391304,7
105.36050000032105,0.46706020059905673,2.189076583359328,-3.841888635460188e-07,2.664435819908548,1.2928267218964224,2.0869565217391304,7
105.38050000032115,0.4654579294452002,2.189898774234292,-1.3495250910925024e-06,2.667263576379345,1.292653139982352,2.0869565217391304,7
105.40050000032124,0.46385102901333297,2.1907173474293926,-1.004017473272677e-06,2.6700904937476104,1.2924950277618263,2.0869565217391304,7
105.42050000032134,0.46223929729558105,2.1915324770963784,-9.091856050821998e-08,2.6729172436955997,1.292352499036884,2.0869565217391304,7
105.44050000032144,0.46062443120919483,2.19234390098171,-1.4369150981608953e-06,2.675741026972184,1.2922268320370005,2.0869565217391304,7
105.46050000032153,0.45900532561914037,2.193151350509142,-8.266673315047816e-07,2.6785638712678064,1.2921161678391564,2.0869565217391304,7
105.48050000032163,0.45738225815696476,2.1939551395146037,-6.716747889560639e-07,2.6813850675280624,1.2920216632720605,2.0869565217391304,7
105.50050000032172,0.4557552495154573,2.194755290929454,-1.3944251046449266e-06,2.684205097136644,1.2919436159797835,2.0869565217391304,7
105.52050000032182,0.45412412023442383,2.1955515152398277,-4.95276487627029e-07,2.6870239450666062,1.2918810718703053,2.0869565217391304,7
105.54050000032191,0.4524886051320457,2.196344251385495,-4.66706338963904e-07,2.6898422247845986,1.2918347769235066,2.0869565217391304,7
105.56050000032201,0.4508495917513264,2.1971332493624893,-1.1742401421510684e-06,2.692658885000669,1.291804996917175,2.0869565217391304,7
105.5805000003221,0.44920646282310284,2.197918307726309,-1.0156807173461226e-06,2.6954747909084142,1.2917907863809552,2.0869565217391304,7
105.6005000003222,0.44755901881353627,2.1986995318548535,-2.5677396095421544e-07,2.6982898435419664,1.291792615571417,2.0869565217391304,7
105.6205000003223,0.44590848543209993,2.1994770097741,-1.5386365779951527e-06,2.701102747895176,1.2918118610170222,2.0869565217391304,7
105.64050000032239,0.4442538931408887,2.2002502824069854,-1.0323862755051547e-06,2.7039150322065635,1.2918460791692645,2.0869565217391304,7
105.66050000032249,0.44259580836575335,2.201019428139842,-3.1801180566997194e-07,2.7067256092881538,1.2918963954208937,2.0869565217391304,7
105.68050000032258,0.44093462078090645,2.2017846192906974,-1.0861958345543632e-06,2.709534097503289,1.2919636489960507,2.0869565217391304,7
105.70050000032268,0.43926938354412626,2.2025458690932,-1.2056111495772807e-06,2.712342088793908,1.292047002129686,2.0869565217391304,7
105.72050000032277,0.43760037569432353,2.2033031297042682,-8.612615887525738e-07,2.7151492381041047,1.2921466964089805,2.0869565217391304,7
105.74050000032287,0.43592771223501997,2.2040562138712207,-4.7906587046655035e-08,2.717955288211415,1.292262150804114,2.0869565217391304,7
105.76050000032296,0.434252441916053,2.204805145450975,-8.215252581635157e-07,2.7207589148747067,1.292394583469319,2.0869565217391304,7
105.78050000032306,0.4325738231721166,2.20554995296554,-1.611049751970038e-06,2.723561397854725,1.292543340563543,2.0869565217391304,7
105.80050000032315,0.4308909965070589,2.2062907694515586,-1.2342657389072843e-06,2.726364035094026,1.2927081273927583,2.0869565217391304,7
105.82050000032325,0.42920444521357726,2.2070275816449136,-7.688042733385374e-07,2.7291662291479626,1.2928894262548134,2.0869565217391304,7
105.84050000032335,0.4275146448925517,2.207760064847828,-1.0893756879988585e-07,2.731967061015035,1.2930868273359093,2.0869565217391304,7
105.86050000032344,0.42582208934437704,2.2084882656118987,-6.327337921629972e-07,2.7347658118758584,1.2933010169797932,2.0869565217391304,7
105.88050000032354,0.4241269203021763,2.209212048561652,-1.3527621864425174e-06,2.7375627564546523,1.2935318220196654,2.0869565217391304,7
105.90050000032363,0.4224281187397154,2.2099315836078826,-1.4517160413252938e-06,2.740359203854976,1.293778853752198,2.0869565217391304,7
105.92050000032373,0.4207259152028414,2.2106468759979863,-9.920852969804277e-07,2.7431550601979677,1.2940422648379615,2.0869565217391304,7
105.94050000032382,0.4190207995609844,2.2113576605961573,1.24576641583242e-08,2.7459495656064816,1.294321739298863,2.0869565217391304,7
105.96050000032392,0.4173129156410681,2.212064185585904,-2.027296158488154e-07,2.74874288583992,1.2946178378989286,2.0869565217391304,7
105.98050000032401,0.41560221675814074,2.2127663791073173,-3.451338699540626e-07,2.7515348255319814,1.2949308002301922,2.0869565217391304,7
106.00050000032411,0.41388716329271796,2.213464738467189,-2.7035891583479706e-07,2.754328384044001,1.2952602689064614,2.0869565217391304,7
106.0205000003242,0.412168102820203,2.214159147022704,-1.0324122180841952e-07,2.7571227575200816,1.2956064263881375,2.0869565217391304,7
106.0405000003243,0.41044540667600987,2.21484940182285,-1.7865329683195223e-07,2.7599175915221736,1.2959691620101674,2.0869565217391304,7
106.0605000003244,0.4087189599603143,2.215535360703232,-1.0508321412861554e-06,2.762712758232963,1.2963486461716727,2.0869565217391304,7
106.08050000032449,0.4069916857357887,2.216215506644901,-4.965776731685471e-07,2.7655025446357224,1.2967444244511102,2.0869565217391304,7
106.10050000032459,0.4052629304150707,2.2168906480777295,-1.8674343261167481e-06,2.768288698692768,1.2971568202461579,2.0869565217391304,7
106.12050000032468,0.4035331660727802,2.217560189342693,-1.1424824937660072e-06,2.7710717146457027,1.2975843174496706,2.0869565217391304,7
106.14050000032478,0.4018025446930917,2.2182246695420305,-9.749767968703751e-07,2.773850757823983,1.2980287395250354,2.0869565217391304,7
106.16050000032487,0.4000710281378308,2.218883857983023,-7.684826759930526e-07,2.7766265061824376,1.298488577600149,2.0869565217391304,7
106.18050000032497,0.39833861378792373,2.219537938197704,-1.2263470922538271e-06,2.779398857556275,1.2989648664563438,2.0869565217391304,7
106.20050000032506,0.39660471827345806,2.220186910938352,-2.547407412632164e-06,2.782168868165833,1.2994566893060115,2.0869565217391304,7
106.22050000032516,0.39486992081361383,2.2208309861850686,-4.694634721952074e-07,2.7849358335865433,1.2999646261008548,2.0869565217391304,7
106.24050000032526,0.3931328890431024,2.221470188942078,-3.7795975410247186e-07,2.7877022120417148,1.3004885883415485,2.0869565217391304,7
106.26050000032535,0.39139458064187393,2.2221045123162115,-6.961863861008405e-07,2.7904656552945326,1.3010286611777877,2.0869565217391304,7
106.28050000032545,0.38965484367036357,2.222733888901563,-1.0573741942313965e-06,2.7932276640906815,1.3015846939053954,2.0869565217391304,7
106.30050000032554,0.38791328420950166,2.223358348724538,-1.4295615879771973e-06,2.795988592015825,1.3021567154106597,2.0869565217391304,7
106.32050000032564,0.3861701162907623,2.223977870165167,-7.378610983359397e-09,2.798747583021473,1.3027442925376427,2.0869565217391304,7
106.34050000032573,0.3844252904587547,2.2245924416694245,-1.3706141712477217e-06,2.8015055240754174,1.303347773112487,2.0869565217391304,7
106.36050000032583,0.38267936681823617,2.225202150000211,-1.9696675874594562e-07,2.8042615515609772,1.3039674279392104,2.0869565217391304,7
106.38050000032592,0.3809270103601684,2.225804833234784,-2.2994485076924443e-05,2.807018132240406,1.304602442938934,2.0869565217391304,7
106.40050000032602,0.3791809622549246,2.2264031801397457,-6.36924782402914e-06,2.809767293487655,1.3052508997141903,2.0869565217391304,7
106.42050000032611,0.3774322591081826,2.226998014413602,-3.554983312515054e-06,2.8125168484280136,1.3059192403177171,2.0869565217391304,7
106.44050000032621,0.3756794587276296,2.2275888267544444,-1.5175136340258785e-06,2.8152705932926527,1.3066027630500914,2.0869565217391304,7
106.4605000003263,0.3739239307751411,2.2281755815700905,-1.7657427938335427e-06,2.8180260388305736,1.3073030562959662,2.0869565217391304,7
106.4805000003264,0.3721650192760381,2.2287572837472336,-2.7455201023183473e-06,2.82078255840482,1.308019015026404,2.0869565217391304,7
106.5005000003265,0.3704072790326134,2.2293332493930826,-1.4276411822629216e-06,2.8235339529927646,1.3087505943284352,2.0869565217391304,7
106.52050000032659,0.3686475550605751,2.229904383072997,-2.5566394345433076e-06,2.826285179101733,1.3094983162816716,2.0869565217391304,7
106.54050000032669,0.3668880329227647,2.2304702733867954,-2.2655124841135055e-06,2.829033654142276,1.3102614697433923,2.0869565217391304,7
106.56050000032678,0.36512578184668276,2.2310313326870395,-3.5664383105102244e-06,2.831783569195511,1.311040383061846,2.0869565217391304,7
106.58050000032688,0.3633647293986998,2.231587684963592,-1.408885873098337e-06,2.8345295546112,1.311835621250931,2.0869565217391304,7
106.60050000032697,0.3616006707868457,2.232138660117751,-1.709078230195761e-06,2.8372775221680153,1.31264577537149,2.0869565217391304,7
106.62050000032707,0.3598353992036283,2.2326847899640008,-1.5229074666254246e-06,2.8400243078408485,1.3134720705243184,2.0869565217391304,7
106.64050000032717,0.3580701722280449,2.23322552978383,-1.3693014959635508e-06,2.842768945245374,1.3143136402352331,2.0869565217391304,7
106.66050000032726,0.356304055721744,2.2337611987501083,-1.636949783933597e-06,2.8455127632540806,1.3151707580161673,2.0869565217391304,7
106.68050000032736,0.35453637315616376,2.234291861732909,-4.302763424652909e-06,2.8482569270656173,1.3160433447126607,2.0869565217391304,7
106.70050000032745,0.3527703270513422,2.234816990582916,-1.8753578792309622e-06,2.8509969448568566,1.3169305644432705,2.0869565217391304,7
106.72050000032755,0.3510023808285649,2.235337138822089,-1.8055078234743253e-06,2.8537376414215774,1.3178336367910566,2.0869565217391304,7
106.74050000032764,0.3492343769616611,2.2358522530251954,-1.462798404677452e-06,2.8564769220019377,1.3187521891027707,2.0869565217391304,7
106.76050000032774,0.34746590345719525,2.236362193414931,-2.15754755166167e-06,2.8592153860303,1.3196858993848064,2.0869565217391304,7
106.78050000032783,0.3456959593290776,2.2368675981952255,-1.7462102234396567e-06,2.861954614257097,1.320635603634547,2.0869565217391304,7
106.80050000032793,0.34392547040405264,2.2373675358674667,-1.7298431533349173e-06,2.8646936233170193,1.3215999033539658,2.0869565217391304,7
106.82050000032802,0.3421545769096556,2.237862430299808,-2.5438702361049024e-06,2.867431186226937,1.3225804260935,2.0869565217391304,7
106.84050000032812,0.34038361553922486,2.238352010784044,-3.246276811260805e-06,2.8701679136177907,1.3235755187173277,2.0869565217391304,7
106.86050000032822,0.3386138324155086,2.238836337195928,-2.684812035233164e-06,2.8729020043517783,1.3245854293997663,2.0869565217391304,7
106.88050000032831,0.3368433301242539,2.23931535336481,-1.6872972283482403e-06,2.8756360974074204,1.32560992479885,2.0869565217391304,7
106.9005000003284,0.33507268798379525,2.2397891754955084,-1.4027503455190024e-06,2.878368990714012,1.3266497182823316,2.0869565217391304,7
106.9205000003285,0.33330104120763837,2.2402578700988363,-2.327396906628277e-06,2.8811026559264157,1.3277048374373437,2.0869565217391304,7
106.9405000003286,0.3315297784524174,2.2407216747248913,-5.430179184824485e-06,2.8838353014807296,1.3287755233198908,2.0869565217391304,7
106.9605000003287,0.3297588494524573,2.2411800845775804,-2.797212754894135e-06,2.886566746889795,1.3298607104763036,2.0869565217391304,7
106.98050000032879,0.3279878108639649,2.2416334974518075,-1.3479682436026167e-06,2.8892973109246785,1.3309616444587355,2.0869565217391304,7
107.00050000032888,0.32621602960879165,2.242081475990815,-1.7988488222009832e-06,2.892028485388122,1.3320771028318363,2.0869565217391304,7
107.02050000032898,0.3244450828091954,2.2425240987268142,-2.556470737006862e-06,2.8947580187417574,1.3332070928249617,2.0869565217391304,7
107.04050000032908,0.32267440112518386,2.2429615274693706,-3.5711863398160653e-06,2.897486978536597,1.3343518413550983,2.0869565217391304,7
107.06050000032917,0.3209056829480057,2.2433936901969695,-2.850864477690606e-06,2.900213254444718,1.3355105673844943,2.0869565217391304,7
107.08050000032927,0.31913686122442964,2.243820553831435,-1.3002987072445396e-06,2.902939482596897,1.3366834122717064,2.0869565217391304,7
107.10050000032936,0.31736739023475047,2.244242147291159,-1.9654725972275165e-06,2.905666896369906,1.3378707638742435,2.0869565217391304,7
107.12050000032946,0.31559914866967786,2.244658412822975,-3.0108824112576544e-06,2.908392847351339,1.3390719673223686,2.0869565217391304,7
107.14050000032955,0.31383167593165273,2.245069357133819,-3.681249801250277e-06,2.9111184548636064,1.3402866014673709,2.0869565217391304,7
107.16050000032965,0.3120667536980388,2.2454752116012004,-1.5743441905523943e-06,2.913840788311202,1.3415151288624996,2.0869565217391304,7
107.18050000032974,0.3103004913210835,2.2458756263723023,-3.0380386696430974e-06,2.916565990447025,1.3427571023866225,2.0869565217391304,7
107.20050000032984,0.30853568957801764,2.246270531460362,-2.32140962355902e-06,2.919290203714018,1.3440114344067693,2.0869565217391304,7
107.22050000032993,0.30677263987617825,2.246660384541017,-1.602843466389799e-06,2.922012998502671,1.3452797293972147,2.0869565217391304,7
107.24050000033003,0.30501083034549287,2.247044915017248,-5.96811702557317e-07,2.924734677896585,1.3465610639935446,2.0869565217391304,7
107.26050000033013,0.3032492328325876,2.247424104052286,-3.045254271906804e-06,2.9274578174365735,1.3478551079461925,2.0869565217391304,7
107.28050000033022,0.30148960678034825,2.247797895951377,-2.7762769829495215e-06,2.930179419801052,1.3491616959186885,2.0869565217391304,7
107.30050000033032,0.2997326962487516,2.2481664521667533,-8.237946167752109e-07,2.9328986427364168,1.3504804369942645,2.0869565217391304,7
107.32050000033041,0.29797483211466,2.2485298173372046,-3.880723821680617e-06,2.9356212013965974,1.3518123663282884,2.0869565217391304,7
107.34050000033051,0.29621880041629456,2.2488875603900595,-3.780122881642509e-06,2.9383432407129093,1.3531551757131246,2.0869565217391304,7
107.3605000003306,0.2944668663120285,2.2492402159850293,-1.5962049858980627e-06,2.9410610981452368,1.3545099811037749,2.0869565217391304,7
107.3805000003307,0.2927137389941166,2.249587162672484,-1.7411772934397565e-06,2.943783076873576,1.3558761555635845,2.0869565217391304,7
107.4005000003308,0.29096320784948176,2.249928895430149,-2.3440568668332307e-06,2.946503552947049,1.3572542907872922,2.0869565217391304,7
107.42050000033089,0.2892164863984884,2.2502655345567617,-1.6737525625461163e-06,2.9492212200984382,1.3586433763629144,2.0869565217391304,7
107.44050000033099,0.2874697324639764,2.2505967716087816,-3.446069313923764e-06,2.9519411168142464,1.3600439523568335,2.0869565217391304,7
107.46050000033108,0.2857252689696457,2.2509229865769202,-7.581056496792119e-07,2.954661744321775,1.3614549595796666,2.0869565217391304,7
107.48050000033118,0.28398048524265584,2.2512447055929354,-2.1696279510537562e-07,2.957386465759912,1.3628790481973443,2.0869565217391304,7
107.50050000033127,0.2822359008734967,2.2515614471041183,-1.4688331497510055e-07,2.960114140487656,1.3643151565054037,2.0869565217391304,7
107.52050000033137,0.28049211064652785,2.251873087348398,-2.699968348609834e-07,2.9628440187514626,1.3657627327228186,2.0869565217391304,7
107.54050000033146,0.27874970795301324,2.252179550177991,-2.2944929779709106e-07,2.965575514485863,1.3672210343332099,2.0869565217391304,7
107.56050000033156,0.27700890127007977,2.2524808044803377,-2.7792506155138375e-07,2.9683084438532252,1.3686896660332342,2.0869565217391304,7
107.58050000033165,0.27527010472280256,2.2527767786924193,-2.2200371193087912e-07,2.9710423817269946,1.3701680094109872,2.0869565217391304,7
107.60050000033175,0.2735334458722113,2.2530674560552773,-2.0157212776825405e-07,2.973777287884705,1.3716557006689554,2.0869565217391304,7
107.62050000033184,0.27179912996909816,2.2533528293001956,-1.9235347359878305e-07,2.976513072466216,1.3731523703287722,2.0869565217391304,7
107.64050000033194,0.2700673870378897,2.253632890394009,-2.29230740711661e-07,2.979249558753514,1.374657651973184,2.0869565217391304,7
107.66050000033204,0.26833840657628577,2.253907591478592,-3.4650226583681714e-07,2.9819867054376137,1.376171059296472,2.0869565217391304,7
107.68050000033213,0.2666123668980233,2.2541769436487775,-1.8795462783238334e-07,2.98472427967049,1.3776922388983754,2.0869565217391304,7
107.70050000033223,0.2648892861549521,2.2544409419362745,-2.3551395558912372e-07,2.9874624968730186,1.37922089262418,2.0869565217391304,7
107.72050000033232,0.263169561432419,2.2546996109293422,-1.8995104812640383e-07,2.990200944804838,1.3807565982567391,2.0869565217391304,7
107.74050000033242,0.2614530583953968,2.254952928054148,-2.922593880799768e-07,2.992940056299014,1.382299005469056,2.0869565217391304,7
107.76050000033251,0.25974008936826287,2.2552008829873484,-2.2357316646176957e-07,2.995679387282277,1.3838476745037283,2.0869565217391304,7
107.78050000033261,0.2580305725483617,2.2554435009172886,-3.2246093514278243e-07,2.998419439902696,1.385402325645217,2.0869565217391304,7
107.8005000003327,0.2563248533521486,2.2556807794048725,-3.4738210558909166e-07,3.001159695184864,1.3869625353762598,2.0869565217391304,7
107.8205000003328,0.254623052036837,2.2559127459181743,-3.262243400307763e-07,3.0039001967506738,1.388527953720426,2.0869565217391304,7
107.8405000003329,0.2529250524675743,2.2561392975747427,-2.612026935276951e-07,3.006641286892843,1.3900980245358365,2.0869565217391304,7
107.86050000033299,0.2512310652687461,2.2563605123113066,-2.353454934706947e-07,3.0093827462124576,1.3916725716001839,2.0869565217391304,7
107.88050000033309,0.24954124913117035,2.256576329678126,-2.0702466981899362e-07,3.012124564279285,1.393251060468276,2.0869565217391304,7
107.90050000033318,0.24785540562665753,2.256786700364428,-3.1219302813144947e-07,3.0148670029760365,1.3948331542486168,2.0869565217391304,7
107.92050000033328,0.24617395345759438,2.2569915038146156,-2.0707964597258693e-07,3.0176096467887166,1.3964181110734097,2.0869565217391304,7
107.94050000033337,0.2444966699946885,2.2571907945663807,-2.7448901805485814e-07,3.0203530114306694,1.3980058209935158,2.0869565217391304,7
107.96050000033347,0.24282366824898563,2.257384528947417,-2.818350102399018e-07,3.023096936508393,1.3995957989750458,2.0869565217391304,7
107.98050000033356,0.2411551941850474,2.2575727758394635,-2.3095231709885528e-07,3.0258412904097414,1.4,2.0869565217391304,7
108.00050000033366,0.23949093009213487,2.2577555672110456,-3.1111784956958744e-07,3.028586879505335,1.4,2.0869565217391304,7
108.02050000033375,0.2378309379354656,2.2579329580670726,-2.2865053501543927e-07,3.0313333758765677,1.4,2.0869565217391304,7
108.04050000033385,0.23617506971220412,2.258105026921906,-1.269641369723474e-07,3.0340810039375588,1.4,2.0869565217391304,7
108.06050000033395,0.23452303826519247,2.2582717271173562,-1.9837550140175907e-07,3.0368301696990057,1.4,2.0869565217391304,7
108.08050000033404,0.23287485734278465,2.2584332110521643,-2.471396083440864e-07,3.039580606889074,1.4,2.0869565217391304,7
108.10050000033414,0.2312304037433029,2.258589238091314,-2.3145844699690527e-07,3.0423323723811455,1.4,2.0869565217391304,7
108.12050000033423,0.2295894559727166,2.2587402545262067,-2.449912134999423e-07,3.0450858744766096,1.4,2.0869565217391304,7
108.14050000033433,0.22795214433264832,2.258885999878079,-2.2918418923805347e-07,3.0478406395040993,1.4,2.0869565217391304,7
108.16050000033442,0.22631815976540995,2.2590265498120914,-2.4471861989006805e-07,3.0505970784205343,1.4,2.0869565217391304,7
108.18050000033452,0.22468768016897483,2.2591620827784125,-2.52939890160539e-07,3.0533548059916362,1.4,2.0869565217391304,7
108.20050000033461,0.2230605257100873,2.259292460633582,-2.832395232568184e-07,3.0561140078638527,1.4,2.0869565217391304,7
108.22050000033471,0.22143655939281895,2.2594176992977086,-1.0685117014156398e-07,3.058874752322719,1.4,2.0869565217391304,7
108.2405000003348,0.21981576173403278,2.259537952921486,-2.67514879279895e-07,3.0616370523790377,1.4,2.0869565217391304,7
108.2605000003349,0.2181982083759904,2.259653178027922,-1.1346016047346006e-07,3.0644004980364956,1.4,2.0869565217391304,7
108.280500000335,0.2165835705154656,2.2597630860254525,-2.252344513158929e-07,3.067165451254478,1.4,2.0869565217391304,7
108.30050000033509,0.21497204084358837,2.2598682243240305,-1.4855117334078257e-07,3.069931854300439,1.4,2.0869565217391304,7
108.32050000033519,0.2133634281325715,2.2599684434141176,-2.005407430219633e-07,3.072699677564284,1.4,2.0869565217391304,7
108.34050000033528,0.21175780715327133,2.260063688146249,-1.8642689065057615e-07,3.075468797877548,1.4,2.0869565217391304,7
108.36050000033538,0.21015509205439503,2.260154312487946,-1.8232426032860696e-07,3.078239332811522,1.4,2.0869565217391304,7
108.38050000033547,0.20855533025465897,2.260240111079446,-1.8104858890339686e-07,3.0810110892551585,1.4,2.0869565217391304,7
108.40050000033557,0.20695828122523285,2.260320994743057,-3.571671032813461e-07,3.0837841906221928,1.4,2.0869565217391304,7
108.42050000033566,0.20536402211240165,2.2603971055322916,-2.161604153416515e-07,3.0865585614116418,1.4,2.0869565217391304,7
108.44050000033576,0.2037723568241881,2.2604687525637694,-3.765160986841663e-07,3.089334626328377,1.4,2.0869565217391304,7
108.46050000033586,0.2021835586008683,2.260535671236578,-1.3586223969643877e-07,3.0921115998036655,1.4,2.0869565217391304,7
108.48050000033595,0.2005972808876477,2.260598281651129,-1.6837461336026675e-07,3.0948903021136913,1.4,2.0869565217391304,7
108.50050000033605,0.19901377359458253,2.2606564210127957,-2.7987742105953107e-07,3.0976700404430257,1.4,2.0869565217391304,7
108.52050000033614,0.19743269993666254,2.2607095987394836,-1.405155944110416e-07,3.10045103597709,1.4,2.0869565217391304,7
108.54050000033624,0.19585399067142162,2.260757803203462,-1.8614059732866614e-07,3.1032332347543528,1.4,2.0869565217391304,7
108.56050000033633,0.19427762706984839,2.260801817946239,-2.606209623454721e-07,3.106017047429043,1.4,2.0869565217391304,7
108.58050000033643,0.19270380968649478,2.260841651836187,-2.501493588494622e-07,3.1088021255638933,1.4,2.0869565217391304,7
108.60050000033652,0.19113239995567144,2.260877012365597,-2.815348890690604e-07,3.111588509493474,1.4,2.0869565217391304,7
108.62050000033662,0.18956334462548624,2.2609080660649234,-2.8647322934727605e-07,3.1143761050683305,1.4,2.0869565217391304,7
108.64050000033671,0.18799666704805199,2.2609345152459626,-2.2693125254925478e-07,3.1171646504052006,1.4,2.0869565217391304,7
108.66050000033681,0.18643233593266234,2.2609563156770567,-1.091769702631344e-07,3.1199540830207266,1.4,2.0869565217391304,7
108.6805000003369,0.1848701684276727,2.2609738184344486,-1.4791735517421906e-07,3.1227448907099706,1.4,2.0869565217391304,7
108.700500000337,0.18330861014499175,2.2609858260910993,-3.326069630242702e-06,3.1255390951715603,1.4,2.0869565217391304,7
108.7205000003371,0.18175286913625155,2.260993264696897,-1.458078752975618e-06,3.1283269876289226,1.4,2.0869565217391304,7
108.74050000033719,0.18019876640460203,2.2609954940362678,-2.48489267458783e-06,3.1311167309915513,1.4,2.0869565217391304,7
108.76050000033729,0.1786487615730464,2.2609935959985403,-1.4928094274035772e-06,3.133904210302612,1.4,2.0869565217391304,7
108.78050000033738,0.17709966670864874,2.260986944049333,-3.13087934908893e-06,3.1366941635487002,1.4,2.0869565217391304,7
108.80050000033748,0.17555465800250047,2.2609756612519734,-2.5215663923424044e-06,3.1394818329151697,1.4,2.0869565217391304,7
108.82050000033757,0.17401181963972862,2.2609605976975926,-2.383679872938155e-06,-3.1409151501729635,1.4,2.0869565217391304,7
108.84050000033767,0.1724712326220787,2.260940943614044,-2.3210295264356164e-06,-3.1381259147586653,1.4,2.0869565217391304,7
108.86050000033777,0.17093402513113942,2.260917728112754,-3.9871993099732367e-07,-3.135338097175849,1.4,2.0869565217391304,7
108.88050000033786,0.16939794753447973,2.260889226538989,-3.6488601600782483e-06,-3.132548460024971,1.4,2.0869565217391304,7
108.90050000033796,0.16786527034554247,2.2608556403961084,-4.218481762720457e-06,-3.1297609404061157,1.4,2.0869565217391304,7
108.92050000033805,0.1663366459380715,2.2608180474732995,-9.304441174544841e-07,-3.1269765272408994,1.4,2.0869565217391304,7
108.94050000033815,0.16480815435591858,2.2607762757186793,-2.5496364018956797e-06,-3.1241873171248415,1.4,2.0869565217391304,7
108.96050000033824,0.16328398356246648,2.2607308932819623,-1.5010489240547703e-06,-3.1214015411358513,1.4,2.0869565217391304,7
108.98050000033834,0.16176073917037007,2.2606820987267904,-2.168615973137073e-06,-3.1186124862803606,1.4,2.0869565217391304,7
109.00050000033843,0.16023593762051128,2.2606281030945614,-4.2167025757080386e-06,-3.1158161267606617,1.4,2.0869565217391304,7
109.02050000033853,0.1587154800239881,2.2605714573924596,-3.657266880042633e-06,-3.113023722742128,1.4,2.0869565217391304,7
109.04050000033862,0.15719738819958448,2.2605096236727373,-1.744146321307833e-06,-3.1102313713844763,1.4,2.0869565217391304,7
109.06050000033872,0.15567995535433868,2.2604440474259584,-1.3113067305452672e-06,-3.107436328550471,1.4,2.0869565217391304,7
109.08050000033882,0.154163478470215,2.260373903962626,-2.595379089464256e-06,-3.1046388255147903,1.4,2.0869565217391304,7
109.10050000033891,0.15265004680751068,2.260299739496378,-1.4871905245932215e-06,-3.101842850821776,1.4,2.0869565217391304,7
109.120500000339,0.15113749049233252,2.2602213278168524,-1.239417467906014e-06,-3.099044930135732,1.4,2.0869565217391304,7
109.1405000003391,0.149627517475399,2.260138944878451,-1.954150450618523e-06,-3.096247408259651,1.4,2.0869565217391304,7
109.1605000003392,0.14811839210248534,2.26005236131219,-2.078966626932296e-06,-3.0934475130395347,1.4,2.0869565217391304,7
109.1805000003393,0.14661056014030743,2.2599615230188586,-1.5463579050625091e-06,-3.0906465646088255,1.4,2.0869565217391304,7
109.20050000033939,0.14510407502077868,2.2598662803614418,6.187227632799104e-08,-3.087843748856788,1.4,2.0869565217391304,7
109.22050000033948,0.14359945691992268,2.2597675801571224,-8.951303987984956e-07,-3.0850408300896763,1.4,2.0869565217391304,7
109.24050000033958,0.1420956014978544,2.2596653361607366,-2.933527228708971e-07,-3.0822347715430434,1.4,2.0869565217391304,7
109.26050000033968,0.14059259923960502,2.259559217359854,-1.2837624396274132e-07,-3.0794266168724165,1.4,2.0869565217391304,7
109.28050000033977,0.1390903290202635,2.259449353163146,-2.466437275634036e-07,-3.0766157759948745,1.4,2.0869565217391304,7
109.30050000033987,0.1375889992032049,2.25933544013039,-3.219706537851941e-07,-3.0738029415459045,1.4,2.0869565217391304,7
109.32050000033996,0.13608867632189817,2.259217265408875,-3.3106965577413394e-07,-3.070988473137634,1.4,2.0869565217391304,7
109.34050000034006,0.13458959142752355,2.2590954937724534,-2.6293518754863167e-07,-3.068172504414636,1.4,2.0869565217391304,7
109.36050000034015,0.1330915469149937,2.2589698820422965,-1.3991290380500035e-07,-3.0653549848803,1.4,2.0869565217391304,7
109.38050000034025,0.1315947137220216,2.258840202703343,-1.8578382799123398e-07,-3.0625360548954395,1.4,2.0869565217391304,7
109.40050000034034,0.1300991275008995,2.258706741975301,-1.4640522735153863e-07,-3.059715870539251,1.4,2.0869565217391304,7
109.42050000034044,0.12860459887415696,2.2585694393852798,-3.9453886188864157e-07,-3.0568940820174317,1.4,2.0869565217391304,7
109.44050000034053,0.12711167158316342,2.2584284645218076,-2.3479038120979966e-07,-3.0540718319688014,1.4,2.0869565217391304,7
109.46050000034063,0.12561998371792726,2.2582835990765124,-1.8259589176481774e-07,-3.0512484278052248,1.4,2.0869565217391304,7
109.48050000034073,0.12412960150674575,2.2581348542803967,-2.1568429880887523e-07,-3.0484240785880923,1.4,2.0869565217391304,7
109.50050000034082,0.12264052471593932,2.2579822610162283,-1.651901962381773e-07,-3.0455986657649947,1.4,2.0869565217391304,7
109.52050000034092,0.12115261447386833,2.2578260474225074,-5.250146328677894e-07,-3.0427720589395113,1.4,2.0869565217391304,7
109.54050000034101,0.11966622413756106,2.257665750547416,-3.4014816381732855e-07,-3.039945007900426,1.4,2.0869565217391304,7
109.56050000034111,0.11818123071638087,2.257501700965102,-1.445290158952659e-07,-3.0371172712193903,1.4,2.0869565217391304,7
109.5805000003412,0.11669747607783083,2.257333902155964,-2.1430579604182827e-07,-3.03428848823084,1.4,2.0869565217391304,7
109.6005000003413,0.11521508576309045,2.25716229229768,-1.7802459376552052e-07,-3.031458971355901,1.4,2.0869565217391304,7
109.6205000003414,0.11373390163879891,2.2569869057849834,-1.3868455699674642e-07,-3.0286285369987613,1.4,2.0869565217391304,7
109.64050000034149,0.11225411384980806,2.2568075929325873,-2.1316947322282257e-07,-3.0257974472990083,1.4,2.0869565217391304,7
109.66050000034159,0.11077560472717231,2.256624579496572,-3.5263760783018865e-07,-3.022965499058417,1.4,2.0869565217391304,7
109.68050000034168,0.10929832593123859,2.2564377174392822,-3.459758856018226e-07,-3.020132648955711,1.4,2.0869565217391304,7
109.70050000034178,0.10782247441806535,2.256247101809085,-2.260942868239318e-07,-3.017299305907959,1.4,2.0869565217391304,7
109.72050000034187,0.10634787913921574,2.2560527487230986,-1.9024823136113092e-07,-3.0144651986753606,1.4,2.0869565217391304,7
109.74050000034197,0.10487461937054664,2.255854645469715,-1.51865265795647e-07,-3.0116304114134276,1.4,2.0869565217391304,7
109.76050000034206,0.10340268331324912,2.2556527984299146,-1.1291398962067214e-07,-3.0087950304514313,1.4,2.0869565217391304,7
109.78050000034216,0.10193193467889765,2.255447196354268,-3.4561672827012837e-07,-3.0059587556113354,1.4,2.0869565217391304,7
109.80050000034225,0.10046253060621789,2.255237771444866,-3.0252392330638275e-07,-3.003121846306655,1.4,2.0869565217391304,7
109.82050000034235,0.09899442911632599,2.2550245602659498,-2.0984041427178487e-07,-3.0002843232442302,1.4,2.0869565217391304,7
109.84050000034244,0.09752763556954022,2.254807627562136,-1.9460817837032818e-07,-2.997446200890092,1.4,2.0869565217391304,7
109.86050000034254,0.09606216619055788,2.254586879866388,-2.015775312826401e-07,-2.9946075506678174,1.4,2.0869565217391304,7
109.88050000034264,0.09459794349821998,2.254362205829674,-2.2765639166978484e-07,-2.9917683205563814,1.4,2.0869565217391304,7
109.90050000034273,0.0931348745343466,2.2541335535242384,-3.9096651511758064e-07,-2.988928243792593,1.4,2.0869565217391304,7
109.92050000034283,0.09167316680063027,2.253900901116765,-2.472274656385425e-07,-2.986087812206124,1.4,2.0869565217391304,7
109.94050000034292,0.09021264927644766,2.2536642287533346,-2.278112764548063e-07,-2.9832467100083346,1.4,2.0869565217391304,7
109.96050000034302,0.0887532865645756,2.2534235129928306,-1.877164021661023e-07,-2.9804048566845434,1.4,2.0869565217391304,7
109.98050000034311,0.08729506159116399,2.2531787664277014,-2.5794086985122906e-07,-2.977562270479367,1.4,2.0869565217391304,7
110.00050000034321,0.08583793812619557,2.252929975007359,-2.967442413251898e-07,-2.9747188592873695,1.4,2.0869565217391304,7
110.0205000003433,0.08438192722443204,2.2526771256430287,-3.1897598496214076e-07,-2.971874647238291,1.4,2.0869565217391304,7
110.0405000003434,0.08292707688656512,2.252420234486708,-3.4573443350991473e-07,-2.9690297575894307,1.4,2.0869565217391304,7
110.0605000003435,0.08147328729175765,2.252159260377886,-2.6282640989465746e-07,-2.9661839801063334,1.4,2.0869565217391304,7
110.08050000034359,0.08002061822571958,2.2518942431609434,-2.1516109419842115e-07,-2.963337473103884,1.4,2.0869565217391304,7
110.10050000034369,0.07856903918158152,2.2516251696832166,-1.6839990440087994e-07,-2.960490094260902,1.4,2.0869565217391304,7
110.12050000034378,0.07711852516140075,2.251352035953691,-2.2497048841339586e-07,-2.9576418602884305,1.4,2.0869565217391304,7
110.14050000034388,0.07566904325976742,2.2510748228867796,-2.193761456778128e-07,-2.9547927587440053,1.4,2.0869565217391304,7
110.16050000034397,0.07422070401185273,2.2507935913873824,-2.3421975394630936e-07,-2.9519429930029943,1.4,2.0869565217391304,7
110.18050000034407,0.07277350764152757,2.250508309837947,-2.210340076795053e-07,-2.949092433057785,1.4,2.0869565217391304,7
110.20050000034416,0.07132721769520753,2.2502189183354044,-3.159653494743593e-07,-2.946240831180387,1.4,2.0869565217391304,7
110.22050000034426,0.06988211732096322,2.2499255132050644,-3.1503555700068564e-07,-2.9433886442085,1.4,2.0869565217391304,7
110.24050000034435,0.06843809114268434,2.2496280261185944,-3.3066130347550353e-07,-2.9405354983761502,1.4,2.0869565217391304,7
110.26050000034445,0.06699510501206334,2.249326484448155,-3.17186841889177e-07,-2.937681524305945,1.4,2.0869565217391304,7
110.28050000034455,0.06555312517244291,2.249020853218703,-2.108506493974104e-07,-2.934826677627021,1.4,2.0869565217391304,7
110.30050000034464,0.06411238074872047,2.24871124389808,-3.599242831370988e-07,-2.9319713559987974,1.4,2.0869565217391304,7
110.32050000034474,0.0626726772356742,2.2483975252312725,-2.6262880933081643e-07,-2.929115040310959,1.4,2.0869565217391304,7
110.34050000034483,0.061234113737441705,2.2480797871911826,-1.875435990310021e-07,-2.926258195565655,1.4,2.0869565217391304,7
110.36050000034493,0.05979665979768954,2.247757996877122,-2.3526161909620518e-07,-2.9234003962857513,1.4,2.0869565217391304,7
110.38050000034502,0.05836026658015854,2.2474321441405105,-2.597464798475943e-07,-2.9205419601264775,1.4,2.0869565217391304,7
110.40050000034512,0.05692512301835994,2.247102264536449,-1.637832707696615e-07,-2.9176828763681084,1.4,2.0869565217391304,7
110.42050000034521,0.05549088854953637,2.2467683053790717,-4.581576612677839e-07,-2.9148227697910416,1.4,2.0869565217391304,7
110.44050000034531,0.054057888905346095,2.246430311269896,-3.142128276780599e-07,-2.9119622222135817,1.4,2.0869565217391304,7
110.4605000003454,0.05262604671488282,2.246088266799382,-1.985706183712391e-07,-2.9091009411044784,1.4,2.0869565217391304,7
110.4805000003455,0.0511952931133566,2.245742170337447,-2.3153521885008257e-07,-2.9062388142536495,1.4,2.0869565217391304,7
110.5005000003456,0.049765665797678535,2.2453920260126803,-2.0645589010651133e-07,-2.9033759964883394,1.4,2.0869565217391304,7
110.52050000034569,0.04833720946200381,2.245037852798096,-2.0998766546611857e-07,-2.9005125919686288,1.4,2.0869565217391304,7
110.54050000034579,0.04690983184131909,2.2446796211624154,-3.179186385581795e-07,-2.897648394056932,1.4,2.0869565217391304,7
110.56050000034588,0.0454835681912009,2.244317324208293,-2.4008891355225267e-07,-2.894783365974804,1.4,2.0869565217391304,7
110.58050000034598,0.044058437979330387,2.24395098168229,-2.9002507346690513e-07,-2.8919175775554766,1.4,2.0869565217391304,7
110.60050000034607,0.042634547975535654,2.2435806286070776,-2.660840896692071e-07,-2.889051354719993,1.4,2.0869565217391304,7
110.62050000034617,0.041211798668343284,2.2432062128991395,-2.2634860627293195e-07,-2.886184369489058,1.4,2.0869565217391304,7
110.64050000034626,0.03979018938061356,2.2428277692619245,-3.905646076580981e-07,-2.8833166327420097,1.4,2.0869565217391304,7
110.66050000034636,0.038369883825518265,2.2424452932815653,-1.1203314372250801e-07,-2.8804485713620864,1.4,2.0869565217391304,7
110.68050000034646,0.03695053717141791,2.242058757379868,-3.961332726690101e-07,-2.8775793987529243,1.4,2.0869565217391304,7
110.70050000034655,0.03553263932705507,2.241668225399718,-2.072137835390207e-07,-2.8747100328011608,1.4,2.0869565217391304,7
110.72050000034665,0.03411575266059091,2.241273617821944,-2.6855910769205954e-07,-2.8718397531689033,1.4,2.0869565217391304,7
110.74050000034674,0.03270010954054449,2.240874996646149,-3.7314742407334384e-07,-2.8689688544023175,1.4,2.0869565217391304,7
110.76050000034684,0.03128566346231598,2.240472302119686,-1.720069761986667e-07,-2.8660973688095077,1.4,2.0869565217391304,7
110.78050000034693,0.029872347228390717,2.240065601733527,-2.1624504368412348e-07,-2.8632251233731814,1.4,2.0869565217391304,7
110.80050000034703,0.028460334936612583,2.239654849527949,-7.284518840554055e-08,-2.8603522917646758,1.4,2.0869565217391304,7
110.82050000034712,0.027049399554116383,2.239240049952327,-2.3346659684728592e-07,-2.8574785948682524,1.4,2.0869565217391304,7
110.84050000034722,0.025639778595838044,2.238821240842074,-1.6090170152319173e-07,-2.8546046037448876,1.4,2.0869565217391304,7
110.86050000034732,0.02423144368052368,2.2383984309091676,-2.860879631688449e-07,-2.8517299433826513,1.4,2.0869565217391304,7
110.88050000034741,0.022824377393019204,2.2379715922094774,-1.4253493411524285e-07,-2.8488549041557554,1.4,2.0869565217391304,7
110.9005000003475,0.021418513390874177,2.2375407077495972,-1.9988037933721992e-07,-2.845979079419688,1.4,2.0869565217391304,7
110.9205000003476,0.020013989564450604,2.2371058362370797,-2.287672936043098e-07,-2.8431028837611914,1.4,2.0869565217391304,7
110.9405000003477,0.018610780475331698,2.236666932509524,-1.2457840986550885e-07,-2.840226131210788,1.4,2.0869565217391304,7
110.96050000034779,0.017208711824508758,2.23622398766922,-1.7276483040487721e-07,-2.837348677302747,1.4,2.0869565217391304,7
110.98050000034789,0.015808009071327914,2.2357770517652744,-3.1396260931959096e-07,-2.8344706887710824,1.4,2.0869565217391304,7
111.00050000034798,0.014408624075736932,2.2353260993910506,-1.4631552963192367e-07,-2.8315923756106667,1.4,2.0869565217391304,7
111.02050000034808,0.013010471837848685,2.2348711242411734,-3.131661154427622e-07,-2.828713230836309,1.4,2.0869565217391304,7
111.04050000034817,0.01161366040314164,2.2344121165916535,-1.931251154949331e-07,-2.8258336595262703,1.4,2.0869565217391304,7
111.06050000034827,0.010218218014272393,2.2339491476884317,-2.0676187684909495e-07,-2.822953741843781,1.4,2.0869565217391304,7
111.08050000034837,0.008824022566908086,2.2334821089447336,-1.5530942890708784e-07,-2.820073074386087,1.4,2.0869565217391304,7
111.10050000034846,0.007431326361937031,2.2330111373501818,-1.665158929288314e-07,-2.817192223047265,1.4,2.0869565217391304,7
111.12050000034856,0.006039754632886403,2.232536092118959,-3.2326008549017234e-07,-2.8143104888875343,1.4,2.0869565217391304,7
111.14050000034865,0.0046496795457703285,2.2320570727881432,-1.1560823544060456e-07,-2.8114284925401267,1.4,2.0869565217391304,7
111.16050000034875,0.00326086454105293,2.231574042628457,-3.022550151605887e-07,-2.808545926663869,1.4,2.0869565217391304,7
111.18050000034884,0.0018734936041322077,2.2310870136407734,-1.654104250794019e-07,-2.8056628954004905,1.4,2.0869565217391304,7
111.20050000034894,0.00048746156158660617,2.2305959776758155,-1.825054980152872e-07,-2.8027794030122144,1.4,2.0869565217391304,7
111.22050000034903,-0.0008971289162426355,2.2301009948979873,-1.479676477512346e-07,-2.799895724961632,1.4,2.0869565217391304,7
111.24050000034913,-0.0022803280379065497,2.2296019860156804,-1.188488065669859e-07,-2.797011350111852,1.4,2.0869565217391304,7
111.26050000034923,-0.0036620871261862586,2.2290990069519845,-1.0823952452063472e-07,-2.794126702701964,1.4,2.0869565217391304,7
111.28050000034932,-0.005042463420620724,2.2285920211339385,-1.171810322511077e-07,-2.7912414210099716,1.4,2.0869565217391304,7
111.30050000034942,-0.006421453384199906,2.228081054307307,-2.6280696894384783e-07,-2.788355750548369,1.4,2.0869565217391304,7
111.32050000034951,-0.0077990360080859526,2.2275660873097136,-2.218097511548937e-07,-2.785469567016833,1.4,2.0869565217391304,7
111.3405000003496,-0.009175204525590104,2.227047120950675,-2.005905847929557e-07,-2.7825829147167127,1.4,2.0869565217391304,7
111.3605000003497,-0.010549939699608882,2.226524168300111,-1.9076048443100523e-07,-2.779695821975712,1.4,2.0869565217391304,7
111.3805000003498,-0.01192329207567315,2.2259972113010513,-1.4407295519588205e-07,-2.7768082592964256,1.4,2.0869565217391304,7
111.4005000003499,-0.013295207743945298,2.225466260227876,-2.2641150248476518e-07,-2.7739200838585183,1.4,2.0869565217391304,7
111.42050000034999,-0.0146656110778717,2.22493135587151,-1.1771063070393918e-07,-2.7710317136467983,1.4,2.0869565217391304,7
111.44050000035008,-0.01603455847612879,2.2243924823782266,-2.540503706847516e-07,-2.7681428988210137,1.4,2.0869565217391304,7
111.46050000035018,-0.017402022633651586,2.2238496262383305,-1.494643586962911e-07,-2.7652537067851983,1.4,2.0869565217391304,7
111.48050000035028,-0.01876801782484797,2.2233027882401486,-1.4685405381883057e-07,-2.7623640222850736,1.4,2.0869565217391304,7
111.50050000035037,-0.02013250308776881,2.2227519812462107,-9.397650038316566e-08,-2.7594740463587075,1.4,2.0869565217391304,7
111.52050000035047,-0.021493447743595295,2.2221971944383516,-6.526005861858995e-07,-2.756588776838289,1.4,2.0869565217391304,7
111.54050000035056,-0.02284976739385328,2.221638963281896,-3.051402506950176e-06,-2.7537092103588456,1.4,2.0869565217391304,7
111.56050000035066,-0.0242021133874983,2.221078052365089,-1.6091095869008945e-06,-2.7508346895586424,1.4,2.0869565217391304,7
111.58050000035075,-0.025550753100494344,2.220514280005828,-2.2625592183304956e-06,-2.747964923918904,1.4,2.0869565217391304,7
111.60050000035085,-0.026896262215890546,2.2199469294459493,-4.2397248564770854e-07,-2.745097280713587,1.4,2.0869565217391304,7
111.62050000035094,-0.028238822111972872,2.2193766433272852,-9.291854715237824e-07,-2.74223247144249,1.4,2.0869565217391304,7
111.64050000035104,-0.02957890833408931,2.2188025223896406,-6.540608342054634e-07,-2.7393685093540556,1.4,2.0869565217391304,7
111.66050000035113,-0.03091686989851807,2.2182248285334225,-2.487858403546448e-06,-2.7365061525015064,1.4,2.0869565217391304,7
111.68050000035123,-0.03225195644631717,2.2176439445300793,-1.5052056698348098e-06,-2.7336457716746536,1.4,2.0869565217391304,7
111.70050000035133,-0.033584115861114254,2.2170598944904762,-8.602048538827089e-07,-2.730787817398789,1.4,2.0869565217391304,7
111.72050000035142,-0.034914593939291236,2.216472031725217,-1.2575648601682157e-06,-2.7279294648590304,1.4,2.0869565217391304,7
111.74050000035152,-0.03624368151953462,2.2158797841951072,-2.2549350867481815e-06,-2.7250702237245483,1.4,2.0869565217391304,7
111.76050000035161,-0.03756994150703772,2.2152845680228146,-1.1011262173259237e-06,-2.722213311496173,1.4,2.0869565217391304,7
111.78050000035171,-0.03889400912349855,2.2146859067948603,-2.8407982333683677e-07,-2.7193568959001535,1.4,2.0869565217391304,7
111.8005000003518,-0.040217312018574036,2.214082521312771,-3.534239553503197e-06,-2.7164984668746976,1.4,2.0869565217391304,7
111.8205000003519,-0.04153769961517005,2.2134761468099162,-9.783042132504377e-07,-2.7136420600618703,1.4,2.0869565217391304,7
111.840500000352,-0.042856707138854255,2.2128660187621207,-1.7667282488427666e-06,-2.710785024452769,1.4,2.0869565217391304,7
111.86050000035209,-0.04417324241329946,2.212252467696765,-9.486040481814224e-07,-2.70792873624941,1.4,2.0869565217391304,7
111.88050000035219,-0.04548891279251367,2.2116346980096293,-2.8601280111919428e-06,-2.70507152578897,1.4,2.0869565217391304,7
111.90050000035228,-0.04680273902007926,2.2110130773392034,-7.384217890588484e-07,-2.7022134932005413,1.4,2.0869565217391304,7
111.92050000035238,-0.04811424740226397,2.210388083105696,-1.8224407542639847e-06,-2.6993563444185265,1.4,2.0869565217391304,7
111.94050000035247,-0.049424213587932045,2.2097593039546575,-1.6647297930476425e-06,-2.696499101168011,1.4,2.0869565217391304,7
111.96050000035257,-0.050732181587361834,2.209126870906174,-1.183523301263443e-06,-2.6936419607270894,1.4,2.0869565217391304,7
111.98050000035266,-0.05203833224989466,2.2084904937129717,-1.0232984236034662e-06,-2.690784673458758,1.4,2.0869565217391304,7
112.00050000035276,-0.05334310524475223,2.2078499966086924,-1.3871660010658139e-06,-2.687925891726741,1.4,2.0869565217391304,7
112.02050000035285,-0.05464606745011001,2.2072062811419304,-1.8676930113782945e-06,-2.6850678721114196,1.4,2.0869565217391304,7
112.04050000035295,-0.055947069406023224,2.2065585745722394,-1.7333359797052538e-06,-2.6822093507934115,1.4,2.0869565217391304,7
112.06050000035304,-0.057246337786561984,2.2059070427773326,-5.523176125641585e-07,-2.6793507216580967,1.4,2.0869565217391304,7
112.08050000035314,-0.05854486378568507,2.2052511555049175,-1.6635653580161332e-06,-2.676489479696084,1.4,2.0869565217391304,7
112.10050000035324,-0.0598406724678645,2.204592520282931,-1.4943470643489707e-06,-2.6736306843508,1.4,2.0869565217391304,7
112.12050000035333,-0.061134637240343265,2.2039298697802825,-3.11982335006792e-07,-2.6707708204582037,1.4,2.0869565217391304,7
112.14050000035343,-0.062427285520128134,2.2032632917531703,-2.2876838325270747e-06,-2.6679108785570698,1.4,2.0869565217391304,7
112.16050000035352,-0.06371828845635025,2.20259316693888,-7.672075357599444e-07,-2.665049848546972,1.4,2.0869565217391304,7
112.18050000035362,-0.06500711789984735,2.2019192889540773,-1.878544206197009e-06,-2.6621891943775178,1.4,2.0869565217391304,7
112.20050000035371,-0.06629371591341024,2.201242023844207,-2.162069998255297e-06,-2.65932980528357,1.4,2.0869565217391304,7
112.22050000035381,-0.06757852634617563,2.2005608685414417,-5.851210822697786e-07,-2.6564700076938954,1.4,2.0869565217391304,7
112.2405000003539,-0.06886221224934543,2.19987524711115,-1.6132727199435019e-06,-2.65360802592766,1.4,2.0869565217391304,7
112.260500000354,-0.07014298262037932,2.1991868766381772,-9.133669694767555e-07,-2.6507487711076374,1.4,2.0869565217391304,7
112.2805000003541,-0.07142250459871308,2.198494113801365,-1.70323661949016e-06,-2.6478876101562268,1.4,2.0869565217391304,7
112.30050000035419,-0.07270091206913648,2.1977946671622894,-2.0508068340764076e-05,-2.6450252857139214,1.4,2.0869565217391304,7
112.32050000035429,-0.07397410128515276,2.1970951284271614,-6.548820238183614e-06,-2.642167619990756,1.4,2.0869565217391304,7
112.34050000035438,-0.07524756667839526,2.196391348172273,-4.9129959890248206e-06,-2.639307092040931,1.4,2.0869565217391304,7
112.36050000035448,-0.07651875463710428,2.195684841858951,-1.5373013087935949e-06,-2.6364479150884,1.4,2.0869565217391304,7
112.38050000035457,-0.07778915653553196,2.1949735558581893,-3.116010967779796e-07,-2.6335851008514934,1.4,2.0869565217391304,7
112.40050000035467,-0.07905802191411851,2.1942583522680215,-1.6449304476325317e-06,-2.630721940342382,1.4,2.0869565217391304,7
112.42050000035476,-0.08032441698375627,2.193539929448903,-1.1538731993238622e-06,-2.6278598889971723,1.4,2.0869565217391304,7
112.44050000035486,-0.08158925317968171,2.1928174884550486,-7.976565414964627e-07,-2.6249966983196495,1.4,2.0869565217391304,7
112.46050000035495,-0.0828522506721176,2.192091356834542,-2.249008629978812e-06,-2.622133486571733,1.4,2.0869565217391304,7
112.48050000035505,-0.08411273333114533,2.191361924600256,-9.59778571268365e-07,-2.6192710364886915,1.4,2.0869565217391304,7
112.50050000035515,-0.0853723264038411,2.190627936687225,-1.0538037546090078e-06,-2.6164065322228485,1.4,2.0869565217391304,7
112.52050000035524,-0.08662944437190431,2.189890844049068,-1.1333375301888316e-06,-2.6135433070822667,1.4,2.0869565217391304,7
112.54050000035534,-0.08788464867395705,2.189149866484586,-5.762073232856051e-07,-2.6106789432825757,1.4,2.0869565217391304,7
112.56050000035543,-0.08913819199972974,2.188405114159706,-1.851869606026841e-06,-2.6078149444610363,1.4,2.0869565217391304,7
112.58050000035553,-0.09038961018093185,2.1876570233203916,-6.981974404292557e-07,-2.6049512519395157,1.4,2.0869565217391304,7
112.60050000035562,-0.09163947041265431,2.1869045844498967,-1.8466386910411432e-06,-2.6020858341226174,1.4,2.0869565217391304,7
112.62050000035572,-0.09288661646349208,2.186148988491145,-2.0518746325468246e-07,-2.5992219923166595,1.4,2.0869565217391304,7
112.64050000035581,-0.09413242980896623,2.185389370431951,-1.4939796468902732e-06,-2.5963569029202525,1.4,2.0869565217391304,7
112.66050000035591,-0.09537589647001282,2.184626377717389,-1.4063806690472118e-06,-2.593492812570534,1.4,2.0869565217391304,7
112.680500000356,-0.09661684561409058,2.1838601994513356,-9.331195134502238e-07,-2.590629303598535,1.4,2.0869565217391304,7
112.7005000003561,-0.09785692123930281,2.183089085563638,-1.4995415810877473e-06,-2.58776293883468,1.4,2.0869565217391304,7
112.7205000003562,-0.0990941208834852,2.182315403649945,-5.191397749732372e-07,-2.584899270945194,1.4,2.0869565217391304,7
112.74050000035629,-0.10032957178070188,2.1815376277973435,-1.9435422119153474e-06,-2.5820342728911143,1.4,2.0869565217391304,7
112.76050000035639,-0.10156321731297026,2.1807560227976452,-2.1598184829885493e-06,-2.579168749748838,1.4,2.0869565217391304,7
112.78050000035648,-0.1027946052748013,2.17997109840546,-6.048507963808088e-07,-2.5763031731267603,1.4,2.0869565217391304,7
112.80050000035658,-0.10402503162783777,2.1791820805071653,-1.097260146572655e-06,-2.5734358451612933,1.4,2.0869565217391304,7
112.82050000035667,-0.10525517188468338,2.1783851480331515,-1.7406808979396935e-05,-2.5705633607106857,1.4,2.0869565217391304,7
112.84050000035677,-0.10647967553142504,2.1775879284391455,-8.637443506116498e-06,-2.5676973020652123,1.4,2.0869565217391304,7
112.86050000035686,-0.10770315605933897,2.176787713000646,-4.495431692834075e-06,-2.564831320184934,1.4,2.0869565217391304,7
112.88050000035696,-0.10892447786264407,2.1759843267633645,-7.030351219450314e-07,-2.561965444890566,1.4,2.0869565217391304,7
112.90050000035706,-0.11014445772561163,2.1751764757312158,-7.303242978199159e-07,-2.559096706770012,1.4,2.0869565217391304,7
112.92050000035715,-0.11136216825038082,2.1743653776981366,-1.4372719334074624e-06,-2.556229182011902,1.4,2.0869565217391304,7
112.94050000035725,-0.11257731942223019,2.173551191227368,-9.659741198747588e-07,-2.553362525839449,1.4,2.0869565217391304,7
112.96050000035734,-0.11379135079293258,2.17273204473787,-2.4986492796213336e-06,-2.5504928427075333,1.4,2.0869565217391304,7
112.98050000035744,-0.11500303705760483,2.1719101537824437,-1.6051473929101012e-06,-2.547624104090353,1.4,2.0869565217391304,7
113.00050000035753,-0.11621314911815729,2.1710837599572366,-4.7680322419106266e-07,-2.5447532228728993,1.4,2.0869565217391304,7
113.02050000035763,-0.11742150445863724,2.170253734558402,-1.9407819700634963e-06,-2.541882531873605,1.4,2.0869565217391304,7
113.04050000035772,-0.11862685516836378,2.1694207133592474,-1.2240413829427837e-06,-2.5390134674009985,1.4,2.0869565217391304,7
113.06050000035782,-0.11982996113419912,2.1685837703920896,-2.3321960136469897e-06,-2.5361440660415915,1.4,2.0869565217391304,7
113.08050000035792,-0.12103093299647762,2.1677435039352275,-1.577121645186809e-06,-2.5332749447192446,1.4,2.0869565217391304,7
113.10050000035801,-0.1222290794554811,2.1669003456486493,-1.7708464315198124e-07,-2.530407165918097,1.4,2.0869565217391304,7
113.1205000003581,-0.12342554794129447,2.16605267804407,-1.6374232292030769e-06,-2.5275373293270613,1.4,2.0869565217391304,7
113.1405000003582,-0.12461927407657969,2.1652023172782613,-1.0031458265996716e-06,-2.524669744286076,1.4,2.0869565217391304,7
113.1605000003583,-0.1258106844471533,2.1643444173059643,-1.879069064022662e-05,-2.5218003787250227,1.4,2.0869565217391304,7
113.18050000035839,-0.12699694987043528,2.1634887451584874,-8.730274068433317e-07,-2.5189381269806805,1.4,2.0869565217391304,7
113.20050000035849,-0.1281839760553593,2.1626269157649607,-7.694980840924184e-07,-2.5160703187748337,1.4,2.0869565217391304,7
113.22050000035858,-0.12936918400838499,2.161761443610617,-2.4294447605732653e-06,-2.5132005417111603,1.4,2.0869565217391304,7
113.24050000035868,-0.13055201970397715,2.1608896426372146,-2.0087396683099904e-05,-2.510330297948245,1.4,2.0869565217391304,7
113.26050000035877,-0.13172948760871228,2.160018648844856,-3.819994273115709e-06,-2.5074657581133737,1.4,2.0869565217391304,7
113.28050000035887,-0.13290636752102708,2.159143431213662,-2.1769895598881797e-06,-2.504599541235558,1.4,2.0869565217391304,7
113.30050000035897,-0.13408103095031842,2.1582654864000164,-5.19919037488695e-07,-2.5017334129411752,1.4,2.0869565217391304,7
113.32050000035906,-0.1352548675466682,2.15738240371469,-2.0247291164181984e-06,-2.4988639002412203,1.4,2.0869565217391304,7
113.34050000035916,-0.13642595021439619,2.1564964636814556,-1.8495580316077086e-06,-2.495995211489871,1.4,2.0869565217391304,7
113.36050000035925,-0.13759468711953407,2.155606539706447,-2.5431643744657646e-06,-2.493125649251698,1.4,2.0869565217391304,7
113.38050000035935,-0.13876017243889827,2.1547142996045947,-8.060405175793726e-07,-2.490259055201321,1.4,2.0869565217391304,7
113.40050000035944,-0.13992376554866254,2.153817551815944,-1.1141740617851852e-06,-2.487390352378338,1.4,2.0869565217391304,7
113.42050000035954,-0.14108503835334765,2.152917936257018,-1.1195880150526226e-06,-2.484522962280991,1.4,2.0869565217391304,7
113.44050000035963,-0.14224479955099587,2.152014057780968,-1.0159870253760883e-06,-2.4816530273861117,1.4,2.0869565217391304,7
113.46050000035973,-0.14340205673460302,2.151106362155521,-1.5294333071751784e-06,-2.478782608198019,1.4,2.0869565217391304,7
113.48050000035983,-0.14455595584579947,2.1501965280377346,-6.163737434087604e-09,-2.4759152121681773,1.4,2.0869565217391304,7
113.50050000035992,-0.14570818768196067,2.1492823698814796,-1.4788911478046685e-06,-2.4730456743546565,1.4,2.0869565217391304,7
113.52050000036002,-0.14685747500808355,2.1483652812307574,-9.912365447696437e-07,-2.4701779298126145,1.4,2.0869565217391304,7
113.54050000036011,-0.1480047383960368,2.147444257237914,-1.57550468285984e-06,-2.4673089827319235,1.4,2.0869565217391304,7
113.56050000036021,-0.14914968810588142,2.1465197365119004,-1.5933655660721078e-06,-2.4644401744589506,1.4,2.0869565217391304,7
113.5805000003603,-0.1502917011209609,2.145592268823511,-1.435812582021264e-06,-2.4615720082281656,1.4,2.0869565217391304,7
113.6005000003604,-0.1514313585386283,2.1446610193053446,-1.6583031983381917e-06,-2.4587036948919256,1.4,2.0869565217391304,7
113.6205000003605,-0.152568039471797,2.1437266890778237,-8.85004952346005e-07,-2.455836197271488,1.4,2.0869565217391304,7
113.64050000036059,-0.1537029607664831,2.1427885458856823,-1.5403800336320301e-06,-2.452967768342252,1.4,2.0869565217391304,7
113.66050000036068,-0.15483504869593165,2.14184752900145,-6.368633280479226e-07,-2.450100023428927,1.4,2.0869565217391304,7
113.68050000036078,-0.15596488386173643,2.1409025478482757,-1.4086606409036197e-06,-2.4472316629265967,1.4,2.0869565217391304,7
113.70050000036088,-0.1570915007874308,2.1399551471520906,-3.8754068642071607e-07,-2.4443649676767327,1.4,2.0869565217391304,7
113.72050000036097,-0.15821646063059128,2.139003255960515,-2.747453403814455e-06,-2.4414963095542523,1.4,2.0869565217391304,7
113.74050000036107,-0.159338536636938,2.138048791311141,-1.1574163923337014e-06,-2.4386290979858476,1.4,2.0869565217391304,7
113.76050000036116,-0.1604586726141339,2.137090044773638,-2.4038281288257256e-06,-2.4357599511114247,1.4,2.0869565217391304,7
113.78050000036126,-0.161575821344974,2.1361282684745113,-1.1483468853978059e-06,-2.4328918994888555,1.4,2.0869565217391304,7
113.80050000036135,-0.16269038481406364,2.1351628923150323,-7.358814340910922e-07,-2.430023099485602,1.4,2.0869565217391304,7
113.82050000036145,-0.16380255875554398,2.1341945143493253,-2.7487131224388634e-06,-2.427155182323023,1.4,2.0869565217391304,7
113.84050000036154,-0.16491225140407018,2.133222701918591,-1.0470947920464801e-06,-2.4242867326557818,1.4,2.0869565217391304,7
113.86050000036164,-0.16601988236371967,2.1322465285482664,-1.3211991706373657e-06,-2.42141704532692,1.4,2.0869565217391304,7
113.88050000036174,-0.1671243057559219,2.131267632587472,-1.7687237162716275e-06,-2.4185485230255135,1.4,2.0869565217391304,7
113.90050000036183,-0.1682261479721647,2.1302855814346677,-8.497476250378639e-07,-2.4156805247678905,1.4,2.0869565217391304,7
113.92050000036193,-0.16932528620512977,2.129300260294671,-1.0132186224459945e-06,-2.412812402526089,1.4,2.0869565217391304,7
113.94050000036202,-0.17042253011592293,2.1283108047677914,-3.743362434096043e-06,-2.409943038073274,1.4,2.0869565217391304,7
113.96050000036212,-0.17151645894383635,2.127319020979533,-1.128348573281098e-06,-2.4070752722992133,1.4,2.0869565217391304,7
113.98050000036221,-0.17260848147546987,2.126322891932372,-2.8104366155699695e-06,-2.4042054981584786,1.4,2.0869565217391304,7
114.00050000036231,-0.1736977118888589,2.125323716868466,-1.5533583072615255e-06,-2.4013363770848177,1.4,2.0869565217391304,7
114.0205000003624,-0.17478385479870662,2.124321841866775,-2.2865978967296483e-07,-2.39846844575409,1.4,2.0869565217391304,7
114.0405000003625,-0.1758674338416315,2.123316193268115,-1.286814152638867e-06,-2.3956000410370533,1.4,2.0869565217391304,7
114.0605000003626,-0.1769480284920887,2.122307492605065,-5.156137194637856e-07,-2.3927327686804385,1.4,2.0869565217391304,7
114.08050000036269,-0.17802681596719827,2.1212944957172146,-1.7652058904201148e-06,-2.3898630821100695,1.4,2.0869565217391304,7
114.10050000036279,-0.17910233599852962,2.1202792718911065,3.1302371432176e-08,-2.3869952026751586,1.4,2.0869565217391304,7
114.12050000036288,-0.1801755180081854,2.119260405629612,-9.937573656580423e-07,-2.3841262586315572,1.4,2.0869565217391304,7
114.14050000036298,-0.1812455323791748,2.1182385903171426,-9.572641080968925e-07,-2.3812588316788874,1.4,2.0869565217391304,7
114.16050000036307,-0.1823130824412612,2.1172105352259454,-1.4636995377036178e-05,-2.378389714421326,1.4,2.0869565217391304,7
114.18050000036317,-0.1833759816976086,2.116180994324463,-7.913163835225851e-06,-2.3755235127749823,1.4,2.0869565217391304,7
114.20050000036326,-0.18443703739368744,2.115149533319215,-4.442544021665916e-06,-2.3726576713166234,1.4,2.0869565217391304,7
114.22050000036336,-0.18549626330843058,2.1141137606298734,-4.220776545148531e-06,-2.3697891462121734,1.4,2.0869565217391304,7
114.24050000036345,-0.18655201200327845,2.113076598480956,-1.124852580687638e-06,-2.366923858915575,1.4,2.0869565217391304,7
114.26050000036355,-0.18760597861984862,2.112034216575018,-1.583481858388681e-06,-2.364054946026071,1.4,2.0869565217391304,7
114.28050000036365,-0.18865690475977615,2.110989277322329,-9.51997889748458e-07,-2.3611874796705994,1.4,2.0869565217391304,7
114.30050000036374,-0.18970531239870767,2.109940825001772,-1.8818896225202518e-06,-2.3583193838779652,1.4,2.0869565217391304,7
114.32050000036384,-0.19075075875616868,2.1088895600189668,-1.3220562926294e-06,-2.3554522188150826,1.4,2.0869565217391304,7
114.34050000036393,-0.19179331652944914,2.107834754047716,-1.0979581118468027e-06,-2.3525850537469735,1.4,2.0869565217391304,7
114.36050000036403,-0.19283264348862997,2.106777130168103,-1.595816383666541e-06,-2.349718587471114,1.4,2.0869565217391304,7
114.38050000036412,-0.19386886429146125,2.105716924730883,-1.4640629227290938e-06,-2.3468532905003046,1.4,2.0869565217391304,7
114.40050000036422,-0.19490226821263626,2.104653276152346,-1.5888847728053178e-06,-2.3439878535484056,1.4,2.0869565217391304,7
114.42050000036431,-0.19593286198796322,2.10358666861875,-9.74375331417428e-07,-2.341122909234089,1.4,2.0869565217391304,7
114.44050000036441,-0.19696074487924664,2.102516659056638,-9.374817461934724e-07,-2.338257912266374,1.4,2.0869565217391304,7
114.4605000003645,-0.19798489914374304,2.1014398093303877,-1.8160477411236655e-05,-2.33539159795834,1.4,2.0869565217391304,7
114.4805000003646,-0.1990043574838938,2.100366509677483,-1.560042779894663e-06,-2.3325330351767435,1.4,2.0869565217391304,7
114.5005000003647,-0.2000242922600469,2.09928601061151,-1.6680449561116618e-06,-2.3296653063631423,1.4,2.0869565217391304,7
114.52050000036479,-0.2010408594991979,2.0982035919713753,-1.2394072243528956e-06,-2.326800238466293,1.4,2.0869565217391304,7
114.54050000036489,-0.20205486907943654,2.0971174177095238,-1.3611574294943583e-06,-2.3239342621266412,1.4,2.0869565217391304,7
114.56050000036498,-0.20306554485658754,2.0960284084343237,-1.662446430920747e-06,-2.321068889394312,1.4,2.0869565217391304,7
114.58050000036508,-0.2040729253307186,2.094936958113949,-4.7525246035305736e-07,-2.318205246394653,1.4,2.0869565217391304,7
114.60050000036517,-0.20507763639164564,2.0938415578089162,-1.7381754261906395e-06,-2.3153400582354924,1.4,2.0869565217391304,7
114.62050000036527,-0.206079104727181,2.092743882063814,-7.343359298511424e-07,-2.312476439715322,1.4,2.0869565217391304,7
114.64050000036536,-0.2070780203005419,2.091642636854211,-7.084231004751749e-07,-2.3096125267515473,1.4,2.0869565217391304,7
114.66050000036546,-0.20807368504917284,2.0905383259585966,-1.0609607173162412e-06,-2.3067485425646277,1.4,2.0869565217391304,7
114.68050000036556,-0.20906588589876632,2.08943201533555,-1.7950561490563146e-06,-2.3038864923874938,1.4,2.0869565217391304,7
114.70050000036565,-0.21005393710161163,2.0883186188162615,-1.526266701954836e-05,-2.3010240104843858,1.4,2.0869565217391304,7
114.72050000036575,-0.21103874423886307,2.0872077862257274,-1.980095878316861e-06,-2.2981663339256304,1.4,2.0869565217391304,7
114.74050000036584,-0.21202451755733645,2.0860894898107136,-2.255921270186664e-06,-2.2952973110559,1.4,2.0869565217391304,7
114.76050000036594,-0.2130060135034439,2.0849701957624784,-3.5770842304846044e-07,-2.2924331138379386,1.4,2.0869565217391304,7
114.78050000036603,-0.213984389332371,2.0838469472480967,-1.6906588441871354e-06,-2.289568285627723,1.4,2.0869565217391304,7
114.80050000036613,-0.2149594408101972,2.0827214192546033,-7.934969576362063e-07,-2.286704998384281,1.4,2.0869565217391304,7
114.82050000036622,-0.21593201729427908,2.0815918551873085,-3.2264490193325517e-06,-2.2838396353209878,1.4,2.0869565217391304,7
114.84050000036632,-0.2169013799928995,2.080459989237982,-1.03249408863118e-06,-2.280975830898589,1.4,2.0869565217391304,7
114.86050000036641,-0.21786776640269162,2.0793251575386003,-7.840583479673726e-07,-2.2781119927796483,1.4,2.0869565217391304,7
114.88050000036651,-0.21883080412805062,2.078186807738786,-7.388933480890703e-07,-2.2752481483358564,1.4,2.0869565217391304,7
114.9005000003666,-0.21979066173639325,2.077046170365025,-1.4946098419227205e-06,-2.272385420945747,1.4,2.0869565217391304,7
114.9205000003667,-0.22074779255280214,2.0759019024169367,-2.219955530952833e-06,-2.269521729731794,1.4,2.0869565217391304,7
114.9405000003668,-0.22170178777367908,2.074754972977707,-1.4260133077536574e-06,-2.2666583551943313,1.4,2.0869565217391304,7
114.96050000036689,-0.2226530185265054,2.0736046251988243,-8.883047878922039e-07,-2.263794689958388,1.4,2.0869565217391304,7
114.98050000036699,-0.22360100454676124,2.0724516439603913,-9.20949839115544e-07,-2.2609316185720645,1.4,2.0869565217391304,7
115.00050000036708,-0.22454413506794438,2.071292650424613,-1.7096655995694746e-05,-2.258069529377712,1.4,2.0869565217391304,7
115.02050000036718,-0.22548366648008714,2.070135984601916,-1.82783503901115e-06,-2.255212135806691,1.4,2.0869565217391304,7
115.04050000036727,-0.22642343163730522,2.06897345229965,-5.365185213062199e-07,-2.2523465992197775,1.4,2.0869565217391304,7
115.06050000036737,-0.22736137690652825,2.0678077979657794,-6.453023534937509e-07,-2.249478595464064,1.4,2.0869565217391304,7
115.08050000036746,-0.2282969791734374,2.066638169063568,-6.603362712011958e-07,-2.2466079463729645,1.4,2.0869565217391304,7
115.10050000036756,-0.22922988761674332,2.065465119394504,-8.612336811983768e-07,-2.2437363191336273,1.4,2.0869565217391304,7
115.12050000036766,-0.2301601634183301,2.0642883507962098,-8.883795268379099e-07,-2.240863058660615,1.4,2.0869565217391304,7
115.14050000036775,-0.23108759385730795,2.063108156098668,-4.784091350577859e-07,-2.23798901369352,1.4,2.0869565217391304,7
115.16050000036785,-0.23201255913976113,2.061924230747643,-4.6980830597737045e-07,-2.235113473408236,1.4,2.0869565217391304,7
115.18050000036794,-0.23293472198719084,2.0607369169388243,-4.6800674393706414e-07,-2.232236871850027,1.4,2.0869565217391304,7
115.20050000036804,-0.2338537424240284,2.0595464810378634,-1.0037525566363775e-07,-2.2293598164250428,1.4,2.0869565217391304,7
115.22050000036813,-0.23476968274996035,2.058353031384148,-1.8572334584500977e-07,-2.226482955458499,1.4,2.0869565217391304,7
115.24050000036823,-0.2356826032628366,2.0571564793557013,-4.617780775111371e-07,-2.2236060146088286,1.4,2.0869565217391304,7
115.26050000036832,-0.2365927422064491,2.055956460696951,-7.662605946814662e-07,-2.220728037657841,1.4,2.0869565217391304,7
115.28050000036842,-0.23749961509024653,2.0547533264995126,-7.253974786699549e-07,-2.217849838565981,1.4,2.0869565217391304,7
115.30050000036852,-0.23840323737341718,2.053547429209921,-5.462661987073267e-07,-2.214972249617476,1.4,2.0869565217391304,7
115.32050000036861,-0.23930369362784706,2.0523384328277565,-5.693116489181775e-07,-2.2120944690701916,1.4,2.0869565217391304,7
115.3405000003687,-0.24020066579693208,2.0511269141321606,-9.288611117940973e-07,-2.20921754135845,1.4,2.0869565217391304,7
115.3605000003688,-0.24109443460899666,2.049912170708545,-3.060134805787321e-07,-2.2063403869811746,1.4,2.0869565217391304,7
115.3805000003689,-0.24198509754162006,2.0486944954091797,9.252010145226961e-08,-2.2034631051956652,1.4,2.0869565217391304,7
115.400500000369,-0.24287241672156396,2.047474151989093,-2.2907174616545635e-07,-2.200586339980229,1.4,2.0869565217391304,7
115.42050000036909,-0.24375639504020355,2.046251027924298,-6.867631868074473e-07,-2.197710199919297,1.4,2.0869565217391304,7
115.44050000036918,-0.2446373302318211,2.045024601425556,-7.090786554748499e-07,-2.1948332778368056,1.4,2.0869565217391304,7
115.46050000036928,-0.2455147457600391,2.0437955091694238,-5.037865335988618e-07,-2.1919570103145998,1.4,2.0869565217391304,7
115.48050000036937,-0.24638888456337002,2.0425637105768586,-8.927746628308474e-07,-2.1890812601434035,1.4,2.0869565217391304,7
115.50050000036947,-0.24725974864627553,2.0413286753613624,-5.008460568616141e-07,-2.1862047892958474,1.4,2.0869565217391304,7
115.52050000036957,-0.2481270836400862,2.0400913867538146,-1.735209024409821e-07,-2.1833294494751527,1.4,2.0869565217391304,7
115.54050000036966,-0.24899128093673123,2.0388510091428302,-9.770110201505149e-07,-2.1804540257268843,1.4,2.0869565217391304,7
115.56050000036976,-0.2498521094376183,2.0376078154059267,-6.730500488916956e-07,-2.177578818485128,1.4,2.0869565217391304,7
115.58050000036985,-0.2507095577954235,2.0363618861910546,-9.34616171669878e-07,-2.174703752522312,1.4,2.0869565217391304,7
115.60050000036995,-0.25156354801093883,2.0351129899149836,-5.561232428742394e-07,-2.171828648791617,1.4,2.0869565217391304,7
115.62050000037004,-0.25241425952176333,2.0338612740969353,-2.952394744595286e-07,-2.1689537493005067,1.4,2.0869565217391304,7
115.64050000037014,-0.25326143795141176,2.0326071724430603,-2.29524708637019e-07,-2.1660797925060318,1.4,2.0869565217391304,7
115.66050000037023,-0.2541049042173682,2.0313507225615384,-1.19580766817277e-07,-2.1632065938782463,1.4,2.0869565217391304,7
115.68050000037033,-0.254944734508299,2.0300919110676108,-1.2534951423049689e-07,-2.160334518896015,1.4,2.0869565217391304,7
115.70050000037043,-0.25578129836610736,2.0288302883141367,-7.146309858030489e-07,-2.157462313185097,1.4,2.0869565217391304,7
115.72050000037052,-0.2566146414952494,2.0275654909599123,-6.666136209788771e-07,-2.154589458998061,1.4,2.0869565217391304,7
115.74050000037062,-0.25744448271410875,2.026298014894942,-5.820883562423874e-07,-2.151716621587908,1.4,2.0869565217391304,7
115.76050000037071,-0.2582707496790694,2.0250280344938227,-4.808386784531657e-07,-2.148844102697278,1.4,2.0869565217391304,7
115.78050000037081,-0.25909348881581534,2.02375561396199,-5.752563249021807e-07,-2.145972322759899,1.4,2.0869565217391304,7
115.8005000003709,-0.25991269579791476,2.0224804293970946,-3.765826389233302e-08,-2.1431004389468544,1.4,2.0869565217391304,7
115.820500000371,-0.26072861048420287,2.0212026682716653,-7.652770926517061e-07,-2.140229044646312,1.4,2.0869565217391304,7
115.8405000003711,-0.26154083794604877,2.0199223557864965,-9.99369631733801e-07,-2.137357804190929,1.4,2.0869565217391304,7
115.86050000037119,-0.26234919261795053,2.0186398951314337,-6.874655700974157e-07,-2.134487696912086,1.4,2.0869565217391304,7
115.88050000037128,-0.26315389067538325,2.0173548137607833,-1.626154980150088e-07,-2.131617662188212,1.4,2.0869565217391304,7
115.90050000037138,-0.2639553070345551,2.016067217486354,-1.1972762479771486e-07,-2.128747825042746,1.4,2.0869565217391304,7
115.92050000037148,-0.26475298866934366,2.0147773114177205,-4.714762926311011e-07,-2.125878727561553,1.4,2.0869565217391304,7
115.94050000037157,-0.26554715419604813,2.013484773224877,-6.020353209853895e-07,-2.1230095766838297,1.4,2.0869565217391304,7
115.96050000037167,-0.266337641858568,2.0121898039377513,-6.050794886693224e-07,-2.1201406271008945,1.4,2.0869565217391304,7
115.98050000037176,-0.2671246214725584,2.010892130133573,-3.6326134456892714e-07,-2.117271283543086,1.4,2.0869565217391304,7
116.00050000037186,-0.26790791413887993,2.00959231993849,-3.8263326594245043e-07,-2.1144031964177312,1.4,2.0869565217391304,7
116.02050000037195,-0.26868746454841386,2.008290333222752,-8.479219802149972e-07,-2.1115358031675857,1.4,2.0869565217391304,7
116.04050000037205,-0.2694633532074848,2.006985731154484,-8.370127291691646e-07,-2.1086681315780336,1.4,2.0869565217391304,7
116.06050000037214,-0.27023557897259726,2.0056788674046118,-9.78980074303087e-07,-2.105801166610649,1.4,2.0869565217391304,7
116.08050000037224,-0.27100418819801725,2.0043693840752406,-3.042030091239935e-07,-2.102933681892011,1.4,2.0869565217391304,7
116.10050000037234,-0.27176901170945933,2.0030579421276586,-5.407136157344402e-07,-2.1000674074771037,1.4,2.0869565217391304,7
116.12050000037243,-0.27253019544074225,2.001744125512301,-9.651897575924833e-07,-2.0972013214322174,1.4,2.0869565217391304,7
116.14050000037253,-0.2732878146539534,2.0004276376502457,-9.021683844634864e-07,-2.094334983273153,1.4,2.0869565217391304,7
116.16050000037262,-0.27404146645244837,1.999109059619651,-9.663056228218327e-08,-2.0914691021601213,1.4,2.0869565217391304,7
116.18050000037272,-0.2747917055824789,1.9977880340843566,-7.400677147848101e-07,-2.0886031917275236,1.4,2.0869565217391304,7
116.20050000037281,-0.275537994365455,1.9964650687897416,-7.481703884871542e-07,-2.085738449686305,1.4,2.0869565217391304,7
116.22050000037291,-0.2762806689713414,1.995139575240356,-6.613986083126088e-07,-2.0828734517317433,1.4,2.0869565217391304,7
116.240500000373,-0.27701949217361266,1.9938119765267563,-6.993582110967535e-07,-2.080008844660186,1.4,2.0869565217391304,7
116.2605000003731,-0.27775445299210383,1.992482254635792,-2.423802492040996e-07,-2.0771446179873267,1.4,2.0869565217391304,7
116.2805000003732,-0.27848576381688395,1.991150536576268,-8.905304175780645e-07,-2.0742813992478637,1.4,2.0869565217391304,7
116.30050000037329,-0.27921334638774803,1.9898162751486048,-9.618303519283828e-07,-2.0714176724848383,1.4,2.0869565217391304,7
116.32050000037339,-0.27993709612985934,1.9884796757848986,-3.32062606052048e-07,-2.0685539173287317,1.4,2.0869565217391304,7
116.34050000037348,-0.28065724546543896,1.9871410103261848,-7.593484368887358e-07,-2.065690539871581,1.4,2.0869565217391304,7
116.36050000037358,-0.28137345342960124,1.9858003107117872,-8.443521882907829e-07,-2.0628276858960137,1.4,2.0869565217391304,7
116.38050000037367,-0.2820857246999677,1.984457363522373,-4.3726166844219345e-07,-2.0599650424932663,1.4,2.0869565217391304,7
116.40050000037377,-0.2827944452716283,1.9831123501532504,-5.783964540487667e-07,-2.057102781930525,1.4,2.0869565217391304,7
116.42050000037386,-0.28349937218125953,1.9817650918824283,-6.673776921152308e-07,-2.054240597531603,1.4,2.0869565217391304,7
116.44050000037396,-0.2842002914167553,1.9804159593016835,-9.08488969833596e-07,-2.0513790557691505,1.4,2.0869565217391304,7
116.46050000037405,-0.284897284273327,1.979064701326569,-5.351182415489297e-07,-2.0485176449343077,1.4,2.0869565217391304,7
116.48050000037415,-0.28559049311908546,1.9777113793894705,-2.0280410425124615e-07,-2.045656466993189,1.4,2.0869565217391304,7
116.50050000037425,-0.2862800164655277,1.9763561663393348,-9.09457013635521e-07,-2.042796076673208,1.4,2.0869565217391304,7
116.52050000037434,-0.28696559412444594,1.974998701842582,-8.992929692336192e-07,-2.0399355314931666,1.4,2.0869565217391304,7
116.54050000037444,-0.28764713048623797,1.9736393553978624,-9.324634571442436e-07,-2.0370756342225294,1.4,2.0869565217391304,7
116.56050000037453,-0.2883247859216411,1.9722783229301577,-7.063517412631933e-07,-2.034216358352074,1.4,2.0869565217391304,7
116.58050000037463,-0.28899879179327426,1.970914836377991,-8.672634264601726e-07,-2.0313567277454543,1.4,2.0869565217391304,7
116.60050000037472,-0.2896686937037949,1.9695494684174832,-2.822459255867253e-07,-2.0284973903689383,1.4,2.0869565217391304,7
116.62050000037482,-0.29033470249090665,1.9681825498766887,-6.419187078909016e-07,-2.0256394163284397,1.4,2.0869565217391304,7
116.64050000037491,-0.29099689636809545,1.9668133141199355,-7.029657061950997e-07,-2.022780994126726,1.4,2.0869565217391304,7
116.66050000037501,-0.2916549850392763,1.9654423256058078,-1.4385474862586844e-07,-2.019923057471305,1.4,2.0869565217391304,7
116.6805000003751,-0.2923094118153042,1.9640694797542682,-5.427304893162938e-07,-2.0170653276996102,1.4,2.0869565217391304,7
116.7005000003752,-0.2929598588557192,1.9626946272778878,-7.658889698008786e-07,-2.014207756775425,1.4,2.0869565217391304,7
116.7205000003753,-0.29360644136038555,1.9613174944432845,-1.4552432004436287e-07,-2.0113498492004895,1.4,2.0869565217391304,7
116.74050000037539,-0.29424898198163413,1.9599392215004232,-1.2374355706690244e-06,-2.008493667914665,1.4,2.0869565217391304,7
116.76050000037549,-0.2948874139878565,1.9585586849834347,-4.67663844487796e-07,-2.0056369548519415,1.4,2.0869565217391304,7
116.78050000037558,-0.2955221118950616,1.957176614495879,-8.810133228504722e-07,-2.002781235690475,1.4,2.0869565217391304,7
116.80050000037568,-0.2961527412967689,1.955792705478838,-1.1932768244027746e-06,-1.9999257083114912,1.4,2.0869565217391304,7
116.82050000037577,-0.2967792765806944,1.9544067706232748,2.58730063252986e-08,-1.997070077059246,1.4,2.0869565217391304,7
116.84050000037587,-0.29740198608147195,1.9530194305032056,-7.286423712651554e-07,-1.9942154950876707,1.4,2.0869565217391304,7
116.86050000037596,-0.2980206334421807,1.9516300746874524,-5.035173552430324e-07,-1.99136084435488,1.4,2.0869565217391304,7
116.88050000037606,-0.2986353662958696,1.9502391468309748,-5.345930257833758e-07,-1.9885067087442314,1.4,2.0869565217391304,7
116.90050000037616,-0.29924598113674505,1.9488466518942398,-8.859757990513742e-07,-1.985653354340922,1.4,2.0869565217391304,7
116.92050000037625,-0.29985258411415033,1.947452125995665,-3.1606112017314436e-07,-1.9827999059354602,1.4,2.0869565217391304,7
116.94050000037635,-0.30045523818612613,1.9460563447871542,-1.1683362354551717e-06,-1.979947156129685,1.4,2.0869565217391304,7
116.96050000037644,-0.3010537815728969,1.94465860528844,-5.060537590208231e-07,-1.9770945098289194,1.4,2.0869565217391304,7
116.98050000037654,-0.30164853261866686,1.943259028910706,-5.579471692696069e-07,-1.974241895335104,1.4,2.0869565217391304,7
117.00050000037663,-0.30223922531780517,1.9418578587837743,-9.031378081682073e-07,-1.9713897830552551,1.4,2.0869565217391304,7
117.02050000037673,-0.3028256504374331,1.9404551387980464,-1.6605631201364674e-07,-1.9685380658474287,1.4,2.0869565217391304,7
117.04050000037682,-0.303408083206028,1.9390512182423192,-7.454174699426719e-07,-1.9656875538867946,1.4,2.0869565217391304,7
117.06050000037692,-0.30398632996339076,1.937645523517523,5.1496369896119554e-08,-1.9628370017974421,1.4,2.0869565217391304,7
117.08050000037701,-0.30456085902716123,1.9362381927973211,-7.771930237476346e-07,-1.959986919056216,1.4,2.0869565217391304,7
117.10050000037711,-0.3051313753402705,1.9348286926106435,-4.662828331431288e-07,-1.9571360395696047,1.4,2.0869565217391304,7
117.1205000003772,-0.3056978217954117,1.933417998717879,-6.885319251641534e-07,-1.9542858247047095,1.4,2.0869565217391304,7
117.1405000003773,-0.30626007053365273,1.9320055266832932,-1.527327763258712e-07,-1.951435683750143,1.4,2.0869565217391304,7
117.1605000003774,-0.3068184564865511,1.9305918357566114,-7.318612194223009e-07,-1.9485865158506037,1.4,2.0869565217391304,7
117.18050000037749,-0.3073728035305273,1.9291761518071195,-9.804052147395856e-07,-1.945736988986897,1.4,2.0869565217391304,7
117.20050000037759,-0.3079229833259248,1.9277590541766005,-1.025828757829086e-06,-1.9428878319526313,1.4,2.0869565217391304,7
117.22050000037768,-0.3084689737865801,1.9263409311945077,-1.1694995019956643e-06,-1.940040010766289,1.4,2.0869565217391304,7
117.24050000037778,-0.3090108227898161,1.9249210397206376,-4.847729540781223e-07,-1.937191849221829,1.4,2.0869565217391304,7
117.26050000037787,-0.3095487778132882,1.9234996396741564,-1.1745416564930499e-06,-1.9343443002445826,1.4,2.0869565217391304,7
117.28050000037797,-0.3100810878484296,1.9220726845425313,-2.0171735638849594e-05,-1.9314945338476934,1.4,2.0869565217391304,7
117.30050000037807,-0.31060747660718646,1.9206506567051835,-1.3292156925980175e-05,-1.9286550010896173,1.4,2.0869565217391304,7
117.32050000037816,-0.3111306118976451,1.919231369657265,-4.3296661528025665e-06,-1.9258220466289153,1.4,2.0869565217391304,7
117.34050000037826,-0.3116500262733872,1.9178060365127085,-2.513871256939455e-06,-1.9229809239976705,1.4,2.0869565217391304,7
117.36050000037835,-0.31216522961104504,1.9163818583452459,-1.168830962711152e-06,-1.9201437021808352,1.4,2.0869565217391304,7
117.38050000037845,-0.3126771715063679,1.9149562904834143,-2.67394788177005e-06,-1.9173061193165726,1.4,2.0869565217391304,7
117.40050000037854,-0.31318532612433203,1.9135273943658226,-2.8605229199953794e-07,-1.91446506676477,1.4,2.0869565217391304,7
117.42050000037864,-0.3136897058796247,1.9120973926013314,-9.090477937927405e-07,-1.9116248034050622,1.4,2.0869565217391304,7
117.44050000037873,-0.3141898687316208,1.9106655249135334,-2.426430213579081e-07,-1.9087835022065929,1.4,2.0869565217391304,7
117.46050000037883,-0.31468537778536065,1.9092323851689914,-1.4969506943247868e-06,-1.9059440638224459,1.4,2.0869565217391304,7
117.48050000037892,-0.315176416498824,1.9077991725345302,-2.303153704305326e-06,-1.903107350048467,1.4,2.0869565217391304,7
117.50050000037902,-0.31566294104423515,1.9063649374886942,-1.6570698279793235e-06,-1.900271496240429,1.4,2.0869565217391304,7
117.52050000037912,-0.31614503838794017,1.9049302652394215,-1.2376349380726599e-06,-1.8974375218504065,1.4,2.0869565217391304,7
117.54050000037921,-0.3166226883101717,1.9034955366168413,-5.979897671042338e-07,-1.894606526381453,1.4,2.0869565217391304,7
117.5605000003793,-0.3170960781337893,1.902059410273768,-1.6038046655788224e-06,-1.8917753929225907,1.4,2.0869565217391304,7
117.5805000003794,-0.3175653144014697,1.9006225646872512,-1.1052961528836926e-06,-1.888945528575722,1.4,2.0869565217391304,7
117.6005000003795,-0.31803019142516553,1.899184912076657,-2.283900238739395e-06,-1.8861170715123852,1.4,2.0869565217391304,7
117.6205000003796,-0.31849072161103803,1.8977468959840822,-2.5623106091277443e-06,-1.8832900336982912,1.4,2.0869565217391304,7
117.64050000037969,-0.3189472478317267,1.8963080166511073,-2.887703474160788e-06,-1.8804635264576237,1.4,2.0869565217391304,7
117.66050000037978,-0.3194000066924977,1.8948676374130444,-2.1300142147552527e-06,-1.8776365687795216,1.4,2.0869565217391304,7
117.68050000037988,-0.3198487345782571,1.8934254307417044,-6.561309614708887e-07,-1.8748090533064352,1.4,2.0869565217391304,7
117.70050000037998,-0.32029311292231605,1.891981854303963,6.227053371001464e-09,-1.8719813485770707,1.4,2.0869565217391304,7
117.72050000038007,-0.32073320114488557,1.8905381705314162,-1.4660717774698492e-06,-1.8691559080814837,1.4,2.0869565217391304,7
117.74050000038017,-0.32116923272633124,1.8890934294470934,-1.5200741405019185e-06,-1.8663313044778425,1.4,2.0869565217391304,7
117.76050000038026,-0.3216012103221747,1.8876468126545043,-1.5405164745014373e-06,-1.8635052337427807,1.4,2.0869565217391304,7
117.78050000038036,-0.32202908489142223,1.8861991387238386,-1.9593911399371217e-06,-1.8606793685519623,1.4,2.0869565217391304,7
117.80050000038045,-0.3224527501573414,1.8847505020805377,-2.157926237478953e-06,-1.8578539406682153,1.4,2.0869565217391304,7
117.82050000038055,-0.3228723620579357,1.8833005162508176,-2.3500922803004914e-06,-1.855028413927063,1.4,2.0869565217391304,7
117.84050000038064,-0.323287609254565,1.8818497001870018,-9.476290798939412e-07,-1.8522037710316195,1.4,2.0869565217391304,7
117.86050000038074,-0.3236985748907684,1.8803986462575932,-1.156271469006086e-06,-1.8493810015427308,1.4,2.0869565217391304,7
117.88050000038083,-0.32410546538974616,1.8789465613987109,-1.9937615082085446e-06,-1.846558108039362,1.4,2.0869565217391304,7
117.90050000038093,-0.32450830609477577,1.877493369756758,-2.7351815739873842e-06,-1.843735348900792,1.4,2.0869565217391304,7
117.92050000038103,-0.32490690405856465,1.876039679824552,-3.1230992097891215e-06,-1.840913579868424,1.4,2.0869565217391304,7
117.94050000038112,-0.32530129147125036,1.8745844816405473,-3.50004036614522e-06,-1.8380908747379374,1.4,2.0869565217391304,7
117.96050000038122,-0.3256914210741088,1.873128765729795,-2.4110397528350268e-06,-1.835269346808206,1.4,2.0869565217391304,7
117.98050000038131,-0.3260774320281473,1.8716723041374546,-2.9054540753487073e-06,-1.8324485188996562,1.4,2.0869565217391304,7
118.00050000038141,-0.3264590992305598,1.8702146963807023,-2.4895136522059057e-06,-1.8296273162385646,1.4,2.0869565217391304,7
118.0205000003815,-0.32683672273869374,1.8687571174820354,-2.9178304359677273e-06,-1.8268076176043608,1.4,2.0869565217391304,7
118.0405000003816,-0.32721028706347693,1.8672983128375338,-2.187527888685927e-06,-1.8239876633781325,1.4,2.0869565217391304,7
118.0605000003817,-0.3275794981859386,1.8658385281090475,-1.9047760690675402e-06,-1.8211677399878965,1.4,2.0869565217391304,7
118.08050000038179,-0.32794452926033835,1.8643780892594681,-1.4357383795466118e-06,-1.8183483938240783,1.4,2.0869565217391304,7
118.10050000038189,-0.3283054178421568,1.8629174633971226,-1.3420305172256194e-06,-1.8155300796794893,1.4,2.0869565217391304,7
118.12050000038198,-0.32866214583044806,1.861455429314847,-1.0801243889602546e-06,-1.8127113651400022,1.4,2.0869565217391304,7
118.14050000038208,-0.32901452561414074,1.8599926376274625,-1.26322270054207e-06,-1.8098925395692986,1.4,2.0869565217391304,7
118.16050000038217,-0.3293626029476654,1.858529095398147,-9.358084929694819e-07,-1.807074111816498,1.4,2.0869565217391304,7
118.18050000038227,-0.32970651658870337,1.857064877281645,-1.512053575788307e-06,-1.8042558795290091,1.4,2.0869565217391304,7
118.20050000038236,-0.3300468571373334,1.8555994984675304,-2.379695822351764e-06,-1.8014360284830797,1.4,2.0869565217391304,7
118.22050000038246,-0.33038305853247024,1.8541326993367242,-1.756339046910654e-06,-1.7986149719865285,1.4,2.0869565217391304,7
118.24050000038255,-0.3307153657349676,1.8526640888784545,-2.1116738699734636e-06,-1.7957920103170308,1.4,2.0869565217391304,7
118.26050000038265,-0.3310436823172725,1.8511949102696947,-6.366598655912137e-07,-1.7929690825967923,1.4,2.0869565217391304,7
118.28050000038274,-0.33136785426746734,1.8497237167685694,-5.093773260063134e-07,-1.7901442919153958,1.4,2.0869565217391304,7
118.30050000038284,-0.3316873568900023,1.8482522758163689,-1.1175767536969948e-06,-1.787320806434082,1.4,2.0869565217391304,7
118.32050000038294,-0.3320023677259249,1.8467806620907778,-1.7449376910001728e-06,-1.784498572748262,1.4,2.0869565217391304,7
118.34050000038303,-0.33231326778258274,1.845309430281365,-2.9643565537187094e-06,-1.7816781426738273,1.4,2.0869565217391304,7
118.36050000038313,-0.33261990066761843,1.8438385831205686,-2.960875321602075e-06,-1.7788595179321316,1.4,2.0869565217391304,7
118.38050000038322,-0.33292244625994794,1.8423667369870398,-3.8601643275476796e-07,-1.7760404447047011,1.4,2.0869565217391304,7
118.40050000038332,-0.333220584543848,1.840893963655118,-1.436452003113343e-06,-1.7732206847293515,1.4,2.0869565217391304,7
118.42050000038341,-0.333515035943556,1.839421321709876,-1.8786085816126335e-06,-1.77040151419677,1.4,2.0869565217391304,7
118.44050000038351,-0.33380511330379564,1.8379454579904106,-2.7119227199579745e-06,-1.7675780756892845,1.4,2.0869565217391304,7
118.4605000003836,-0.3340910528936549,1.8364701846612936,-2.554887795207132e-06,-1.7647565294781462,1.4,2.0869565217391304,7
118.4805000003837,-0.3343727965856793,1.8349942229449678,-2.055059063102739e-06,-1.7619345199737633,1.4,2.0869565217391304,7
118.5005000003838,-0.3346504165708708,1.833516625590946,-2.6393659053870415e-06,-1.7591112016282473,1.4,2.0869565217391304,7
118.52050000038389,-0.3349236696246908,1.8320402187885558,-3.67205950837951e-06,-1.756290924702215,1.4,2.0869565217391304,7
118.54050000038399,-0.33519261976820125,1.8305640236492777,-2.298404749589434e-06,-1.7534719492903756,1.4,2.0869565217391304,7
118.56050000038408,-0.3354570840831231,1.8290844759505656,-2.4599461091895014e-06,-1.7506472390009655,1.4,2.0869565217391304,7
118.58050000038418,-0.33571813195608907,1.827606936221578,-1.0621064190653239e-06,-1.7478274971431955,1.4,2.0869565217391304,7
118.60050000038427,-0.33597444375898705,1.826127221212417,-2.0674106497495067e-06,-1.7450046194760354,1.4,2.0869565217391304,7
118.62050000038437,-0.3362269347177143,1.824648099366831,-5.960864006614553e-07,-1.742182891618602,1.4,2.0869565217391304,7
118.64050000038446,-0.33647499746636383,1.8231669523128828,-4.1049600150689e-06,-1.7393590424236478,1.4,2.0869565217391304,7
118.66050000038456,-0.3367183821053974,1.8216879850301746,-3.0327773978309064e-06,-1.7365402796108573,1.4,2.0869565217391304,7
118.68050000038465,-0.3369573552123923,1.8202093797483647,-2.042903438686467e-06,-1.7337234794144187,1.4,2.0869565217391304,7
118.70050000038475,-0.33719165369725934,1.818729744616016,-1.8220619080396377e-06,-1.7309051904723616,1.4,2.0869565217391304,7
118.72050000038485,-0.3374223969481449,1.817249852953695,-3.484568685824929e-06,-1.72808645580644,1.4,2.0869565217391304,7
118.74050000038494,-0.33764900410723725,1.8157711912210173,-6.365324112350897e-07,-1.7252706515151541,1.4,2.0869565217391304,7
118.76050000038504,-0.33787070097993166,1.8142915013445113,-2.466101638200837e-06,-1.7224539458308614,1.4,2.0869565217391304,7
118.78050000038513,-0.3380880835866684,1.8128115190704492,-4.089565872901129e-06,-1.7196377151955058,1.4,2.0869565217391304,7
118.80050000038523,-0.33830162028612276,1.8113333431230967,-5.623420658364263e-07,-1.7168247488385695,1.4,2.0869565217391304,7
118.82050000038532,-0.33851049479504425,1.8098535135706968,-3.301799214387681e-06,-1.7140096266477052,1.4,2.0869565217391304,7
118.84050000038542,-0.3387150306909906,1.8083752901276997,-4.186247865579532e-06,-1.7111979543917792,1.4,2.0869565217391304,7
118.86050000038551,-0.33891511838508653,1.8068969855083217,-1.9152374535734173e-06,-1.708386962654969,1.4,2.0869565217391304,7
118.88050000038561,-0.3391104770595372,1.8054169612739506,-3.134090005813202e-06,-1.7055730636149324,1.4,2.0869565217391304,7
118.9005000003857,-0.33930217365198573,1.8039387237487179,-3.299476141789398e-06,-1.7027626541072463,1.4,2.0869565217391304,7
118.9205000003858,-0.3394890539984681,1.8024585448114228,-2.7352509101223373e-06,-1.6999493044065024,1.4,2.0869565217391304,7
118.9405000003859,-0.3396715548229947,1.8009787479736923,-2.4026404595208782e-06,-1.6971369849470832,1.4,2.0869565217391304,7
118.96050000038599,-0.3398500037017786,1.7994988056308512,-8.372172725427571e-07,-1.6943249074936444,1.4,2.0869565217391304,7
118.98050000038609,-0.34002428351643527,1.7980177861323878,-2.6002906095657825e-06,-1.6915109711829763,1.4,2.0869565217391304,7
119.00050000038618,-0.3401931072800349,1.79653453976509,-3.7751382505463903e-07,-1.688693278233573,1.4,2.0869565217391304,7
119.02050000038628,-0.3403573867201699,1.7950510797793875,-3.4141990432683323e-06,-1.6858767864151367,1.4,2.0869565217391304,7
119.04050000038637,-0.3405177214158731,1.793570282393707,-3.601857654627125e-07,-1.6830652697578685,1.4,2.0869565217391304,7
119.06050000038647,-0.34067405826866815,1.7920871117371235,-1.3680747397528048e-06,-1.6802489765549842,1.4,2.0869565217391304,7
119.08050000038656,-0.3408246428831861,1.79060267178408,-4.383721616183721e-06,-1.6774315873772574,1.4,2.0869565217391304,7
119.10050000038666,-0.3409700965530446,1.789120621694367,-3.7750815609351927e-06,-1.674619873435594,1.4,2.0869565217391304,7
119.12050000038676,-0.341111410195451,1.7876388050741732,-1.3670511086900037e-06,-1.6718085266829565,1.4,2.0869565217391304,7
119.14050000038685,-0.3412488177377128,1.7861573019051644,-3.062165299819047e-06,-1.6689975211295194,1.4,2.0869565217391304,7
119.16050000038695,-0.3413811586854695,1.7846737086671274,-1.1740748419647443e-06,-1.6661828949170787,1.4,2.0869565217391304,7
119.18050000038704,-0.34150918048670414,1.7831905633828473,-3.3412645549440227e-07,-1.6633692277562055,1.4,2.0869565217391304,7
119.20050000038714,-0.34163231286177403,1.7817062574314853,-3.4318908465929613e-06,-1.6605543595763683,1.4,2.0869565217391304,7
119.22050000038723,-0.3417515758859576,1.780225164708014,-5.660804134774452e-07,-1.6577453465460326,1.4,2.0869565217391304,7
119.24050000038733,-0.3418649706445563,1.7787422134201698,-2.587194204750517e-06,-1.6549334457188343,1.4,2.0869565217391304,7
119.26050000038742,-0.3419735497893573,1.7772605853295838,-3.58688258101875e-06,-1.6521249236428717,1.4,2.0869565217391304,7
119.28050000038752,-0.34207853779332204,1.7757800866290014,-4.727340414651154e-07,-1.649317554285608,1.4,2.0869565217391304,7
119.30050000038761,-0.342179898559988,1.774296662209967,-3.1355513519206574e-06,-1.6465036410178875,1.4,2.0869565217391304,7
119.32050000038771,-0.34227632562501187,1.772815118286716,-1.713498489682966e-06,-1.6436935327206474,1.4,2.0869565217391304,7
119.3405000003878,-0.34236870111845946,1.7713325417991956,-1.5580168855592536e-06,-1.6408815816493303,1.4,2.0869565217391304,7
119.3605000003879,-0.3424560779400219,1.7698490136036982,-2.8155387849170043e-06,-1.6380677864837685,1.4,2.0869565217391304,7
119.380500000388,-0.3425392171639002,1.7683675480683905,3.6660566341247195e-08,-1.635257857038343,1.4,2.0869565217391304,7
119.40050000038809,-0.3426183714997742,1.7668824819414994,-3.40044550277162e-06,-1.632440412143273,1.4,2.0869565217391304,7
119.42050000038819,-0.3426924201622876,1.7654005827114168,-3.0492136135604738e-06,-1.6296296291652146,1.4,2.0869565217391304,7
119.44050000038828,-0.34276067468774407,1.7639173027234603,-3.4303718934472806e-06,-1.626816939478933,1.4,2.0869565217391304,7
119.46050000038838,-0.34282421574003247,1.7624353158781014,-4.244348949784779e-06,-1.6240068773476641,1.4,2.0869565217391304,7
119.48050000038847,-0.3428842687228379,1.7609552235265693,-5.949513153214539e-07,-1.6211993152496744,1.4,2.0869565217391304,7
119.50050000038857,-0.34294128442901567,1.7594721987893525,-2.8147518447234495e-06,-1.6183845165064392,1.4,2.0869565217391304,7
119.52050000038867,-0.34299404984399035,1.7579916119369166,-4.098544095931584e-06,-1.6155742916946128,1.4,2.0869565217391304,7
119.54050000038876,-0.34304094349179864,1.7565104762225683,-1.5684441232983785e-06,-1.6127633557286654,1.4,2.0869565217391304,7
119.56050000038886,-0.34308329440486285,1.755030501683868,-3.1372402927210087e-06,-1.609954703672012,1.4,2.0869565217391304,7
119.58050000038895,-0.34312232941297155,1.7535506666443046,-2.1668003251813353e-06,-1.6071446389025392,1.4,2.0869565217391304,7
119.60050000038905,-0.3431586799596592,1.7520706629904879,-2.0212769468904333e-06,-1.604333032312523,1.4,2.0869565217391304,7
119.62050000038914,-0.3431901454841654,1.7505896266140835,-3.4877297258090954e-06,-1.6015187017791528,1.4,2.0869565217391304,7
119.64050000038924,-0.3432178581652643,1.7491103057608408,-1.2275559669508674e-06,-1.5987071423459775,1.4,2.0869565217391304,7
119.66050000038933,-0.3432410482159839,1.7476288127976565,-3.092822303635195e-06,-1.5958906704492286,1.4,2.0869565217391304,7
119.68050000038943,-0.34326002336242417,1.7461498824470658,-4.030308020319989e-07,-1.5930784368063702,1.4,2.0869565217391304,7
119.70050000038952,-0.34327476991719524,1.7446688079986516,-1.848020737852932e-06,-1.5902619224764587,1.4,2.0869565217391304,7
119.72050000038962,-0.34328518777758693,1.7431883770889378,-2.899742877360576e-06,-1.5874456653695832,1.4,2.0869565217391304,7
119.74050000038972,-0.34329158311700075,1.7417098900356331,-2.439666651444819e-07,-1.5846325951156923,1.4,2.0869565217391304,7
119.76050000038981,-0.34329366126323696,1.740229411761316,-2.267448992442375e-06,-1.5818147363342223,1.4,2.0869565217391304,7
119.7805000003899,-0.34329151830941346,1.738750874894011,-4.991946810801261e-06,-1.5790003299785633,1.4,2.0869565217391304,7
119.80050000039,-0.3432834767796074,1.7372735386190976,5.3761216627624776e-08,-1.5761880234803276,1.4,2.0869565217391304,7
119.8205000003901,-0.34327188178049844,1.7357959962078298,-3.7746491039917292e-06,-1.573374521518863,1.4,2.0869565217391304,7
119.8405000003902,-0.3432563819088675,1.7343198201014267,-2.2138231217601356e-06,-1.570562288482617,1.4,2.0869565217391304,7
119.86050000039029,-0.34323793564330646,1.7328441411556004,-1.0833233908228552e-06,-1.5677496648615703,1.4,2.0869565217391304,7
119.88050000039038,-0.3432148733275971,1.7313671695500132,-2.7153232395390397e-06,-1.5649334632598286,1.4,2.0869565217391304,7
119.90050000039048,-0.34318774249054923,1.7298919201728935,-1.7234622061666537e-06,-1.5621194078799956,1.4,2.0869565217391304,7
119.92050000039058,-0.343156985165268,1.7284159689582121,-2.0544812939155645e-06,-1.5593032995917047,1.4,2.0869565217391304,7
119.94050000039067,-0.34312133270954154,1.7269401379718539,-2.826581516161299e-06,-1.556486481062344,1.4,2.0869565217391304,7
119.96050000039077,-0.34308181988975933,1.7254664036810354,-1.4682204122765988e-08,-1.5536728299526348,1.4,2.0869565217391304,7
119.98050000039086,-0.3430380410801458,1.7239906206082014,-2.081750528222504e-06,-1.5508541101770834,1.4,2.0869565217391304,7
120.00050000039096,-0.3429896437086985,1.7225172175257506,-4.408407577902816e-06,-1.5480396176892368,1.4,2.0869565217391304,7
120.02050000039105,-0.34293566203908976,1.7210446164424866,-2.2189179825696816e-06,-1.545226026522666,1.4,2.0869565217391304,7
120.04050000039115,-0.3428780906588046,1.719573189063308,-1.4192143833953565e-06,-1.5424140454025277,1.4,2.0869565217391304,7
120.06050000039124,-0.34281784073454985,1.718102908191398,-1.6719117696746383e-06,-1.5396015499197222,1.4,2.0869565217391304,7
120.08050000039134,-0.3427533201531187,1.7166302337617627,-3.518038919477014e-06,-1.5367832382927245,1.4,2.0869565217391304,7
120.10050000039143,-0.3426847883995267,1.7151613748204528,-2.558443069577355e-06,-1.5339715357819244,1.4,2.0869565217391304,7
120.12050000039153,-0.34261043185248685,1.713692239930654,-5.999353120765305e-07,-1.5311589424413685,1.4,2.0869565217391304,7
120.14050000039163,-0.3425323318298724,1.7122234108536958,-2.823100942127872e-06,-1.5283458379048598,1.4,2.0869565217391304,7
120.16050000039172,-0.3424514230941792,1.7107573786631534,-2.834298283249004e-06,-1.5255358163989274,1.4,2.0869565217391304,7
120.18050000039182,-0.34236612902482144,1.7092879179944083,-4.119934403702326e-06,-1.522717617421654,1.4,2.0869565217391304,7
120.20050000039191,-0.34227751995891514,1.707821983587785,-7.777435314000408e-07,-1.5199051307421554,1.4,2.0869565217391304,7
120.22050000039201,-0.342183868507419,1.706354505157692,-1.7475013764073476e-06,-1.5170885184266676,1.4,2.0869565217391304,7
120.2405000003921,-0.3420862909840498,1.704887851452231,-2.352767704464246e-06,-1.5142719800616766,1.4,2.0869565217391304,7
120.2605000003922,-0.34198494149404174,1.7034227540273263,-1.0636932542196602e-06,-1.51145690477466,1.4,2.0869565217391304,7
120.2805000003923,-0.3418794818818538,1.7019559747991775,-3.3078459124548817e-06,-1.5086377595879183,1.4,2.0869565217391304,7
120.30050000039239,-0.34177004664058697,1.7004917046229577,-2.0104434185879874e-06,-1.505821436520574,1.4,2.0869565217391304,7
120.32050000039249,-0.3416573273398112,1.699027630658119,-7.252353777990259e-07,-1.5030041670434051,1.4,2.0869565217391304,7
120.34050000039258,-0.3415401410570291,1.6975629945578847,-1.9421740968265986e-06,-1.5001842889143528,1.4,2.0869565217391304,7
120.36050000039268,-0.34141918659814935,1.6960994227408361,-2.398955161600746e-06,-1.4973648665889328,1.4,2.0869565217391304,7
120.38050000039277,-0.3412948768205443,1.6946375346145068,-9.143186443387954e-07,-1.494546878976493,1.4,2.0869565217391304,7
120.40050000039287,-0.34116656594786066,1.6931749622890164,-1.2151376093255749e-06,-1.4917263781788388,1.4,2.0869565217391304,7
120.42050000039296,-0.34103435111672753,1.6917130020091706,-2.2317513879902505e-06,-1.4889051753365703,1.4,2.0869565217391304,7
120.44050000039306,-0.340898437512229,1.6902523113938743,-2.0988874275636265e-06,-1.4860847768314158,1.4,2.0869565217391304,7
120.46050000039315,-0.3407592375163226,1.6887929705232907,-4.530237933730506e-07,-1.483265440416387,1.4,2.0869565217391304,7
120.48050000039325,-0.34061584964740926,1.687332251589601,-2.1783835698843026e-06,-1.4804414085619588,1.4,2.0869565217391304,7
120.50050000039334,-0.3404688737478476,1.6858738146485024,-4.9859480041131315e-06,-1.4776206889467502,1.4,2.0869565217391304,7
120.52050000039344,-0.3403173279331154,1.6844169043557098,-9.936618524721247e-08,-1.4748011909982084,1.4,2.0869565217391304,7
120.54050000039354,-0.34016233113348376,1.6829608961252052,-2.132888662749984e-06,-1.4719817653793816,1.4,2.0869565217391304,7
120.56050000039363,-0.34000359915210837,1.6815057494538392,-3.866560422725667e-06,-1.469162493193039,1.4,2.0869565217391304,7
120.58050000039373,-0.339841840709142,1.6800527851490363,-1.3087725807253723e-06,-1.4663448254543119,1.4,2.0869565217391304,7
120.60050000039382,-0.3396766872948844,1.6785988902499243,-1.7077583636333613e-06,-1.4635236936204652,1.4,2.0869565217391304,7
120.62050000039392,-0.3395071945645895,1.6771455703515108,-2.314460720378721e-06,-1.4607016724959827,1.4,2.0869565217391304,7
120.64050000039401,-0.3393341565596946,1.675693066317215,-2.1911915324038057e-06,-1.4578792640280727,1.4,2.0869565217391304,7
120.66050000039411,-0.33915782088226076,1.6742411116258014,-1.1246468444628206e-06,-1.4550561905633046,1.4,2.0869565217391304,7
120.6805000003942,-0.33897713076376157,1.6727886274476094,-2.7316359295725134e-06,-1.4522300346177786,1.4,2.0869565217391304,7
120.7005000003943,-0.33879282959814544,1.6713380164040035,-1.7692320335148455e-06,-1.449405593369043,1.4,2.0869565217391304,7
120.7205000003944,-0.3386050699140485,1.6698881385599338,-4.587015263506272e-07,-1.4465809207742242,1.4,2.0869565217391304,7
120.74050000039449,-0.33841307359484485,1.6684378384636405,-1.7407730784200937e-06,-1.443753294624174,1.4,2.0869565217391304,7
120.76050000039459,-0.338217361156834,1.6669887387977216,-2.321313875515858e-06,-1.4409260295764512,1.4,2.0869565217391304,7
120.78050000039468,-0.33801838527070455,1.6655413134835455,-2.378933657845095e-06,-1.4381000922123797,1.4,2.0869565217391304,7
120.80050000039478,-0.3378155211108914,1.664094545126453,-2.186407140376872e-06,-1.4352734478735516,1.4,2.0869565217391304,7
120.82050000039487,-0.33760958699638943,1.6626497697242317,-1.917870266094275e-06,-1.4324482579197932,1.4,2.0869565217391304,7
120.84050000039497,-0.33739991998002783,1.6612042841456052,-1.4459931691119586e-06,-1.4296196955142257,1.4,2.0869565217391304,7
120.86050000039506,-0.3371865036796438,1.6597594473810753,-1.591138995855998e-06,-1.4267903352320508,1.4,2.0869565217391304,7
120.88050000039516,-0.33696914677587286,1.6583154150371315,-1.1954568103051676e-06,-1.4239602958866995,1.4,2.0869565217391304,7
120.90050000039525,-0.3367477397648467,1.656872098606377,-5.686932034965105e-07,-1.4211295126991026,1.4,2.0869565217391304,7
120.92050000039535,-0.33652241504408864,1.6554295855770662,-8.357186893335589e-07,-1.4182983687180244,1.4,2.0869565217391304,7
120.94050000039545,-0.33629315502377344,1.653987896668598,-1.007599661925246e-06,-1.4154669255282306,1.4,2.0869565217391304,7
120.96050000039554,-0.33605985302395847,1.652546889264368,-1.2503674907075376e-06,-1.412634853327412,1.4,2.0869565217391304,7
120.98050000039564,-0.3358225418200245,1.651106686029002,-1.3645342839756362e-06,-1.4098022383803115,1.4,2.0869565217391304,7
121.00050000039573,-0.3355812386482004,1.6496674647744725,-1.4481777001060017e-06,-1.4069693335257891,1.4,2.0869565217391304,7
121.02050000039583,-0.3353358774234549,1.6482289070853413,-1.4135976924111134e-06,-1.4041356906274258,1.4,2.0869565217391304,7
121.04050000039592,-0.33508651073094914,1.6467911247192537,-1.9457060029000117e-06,-1.4013013882248906,1.4,2.0869565217391304,7
121.06050000039602,-0.3348329592124343,1.645353889129181,-1.3012880530197108e-06,-1.3984658802590841,1.4,2.0869565217391304,7
121.08050000039611,-0.3345754993582545,1.643917774288974,-1.3988776450447525e-06,-1.395630514844871,1.4,2.0869565217391304,7
121.10050000039621,-0.33431406644038963,1.6424823609146117,-1.1726416255249537e-06,-1.392794276179245,1.4,2.0869565217391304,7
121.1205000003963,-0.3340486980004042,1.6410477418841483,-1.3615090075603874e-06,-1.3899574300467186,1.4,2.0869565217391304,7
121.1405000003964,-0.3337790974966304,1.6396140823477499,-1.1395352497723866e-06,-1.3871201907900566,1.4,2.0869565217391304,7
121.1605000003965,-0.333505485544469,1.6381811575352692,-1.64171239044358e-06,-1.38428226375171,1.4,2.0869565217391304,7
121.18050000039659,-0.33322772987813376,1.6367487358503112,-1.0567633007746235e-06,-1.3814428511329955,1.4,2.0869565217391304,7
121.20050000039669,-0.3329462932632598,1.6353176472502693,-1.2756849817444297e-06,-1.3786038734613475,1.4,2.0869565217391304,7
121.22050000039678,-0.33266054778292115,1.633887233394565,-1.5350151790085443e-06,-1.375763959325052,1.4,2.0869565217391304,7
121.24050000039688,-0.33237062383397475,1.6324574834943781,-1.0006395823175338e-06,-1.3729230802975056,1.4,2.0869565217391304,7
121.26050000039697,-0.3320768082625444,1.6310288436140157,-1.4337847551616785e-06,-1.3700820620324068,1.4,2.0869565217391304,7
121.28050000039707,-0.33177891207733917,1.6296011197823954,-1.5443352447040395e-06,-1.3672404274490424,1.4,2.0869565217391304,7
121.30050000039716,-0.33147722856574974,1.6281745159491097,-1.3250720309726556e-06,-1.364398527835605,1.4,2.0869565217391304,7
121.32050000039726,-0.33117140290004277,1.6267486346276816,-1.2611861869900695e-06,-1.361555772298014,1.4,2.0869565217391304,7
121.34050000039736,-0.3308614094547939,1.6253236843959773,-9.739018694980749e-07,-1.358712506941466,1.4,2.0869565217391304,7
121.36050000039745,-0.3305476468766523,1.623899634954489,-6.685357450150785e-07,-1.355868361149028,1.4,2.0869565217391304,7
121.38050000039755,-0.3302297255629181,1.6224766510384419,-1.0487834863343714e-06,-1.3530238987926577,1.4,2.0869565217391304,7
121.40050000039764,-0.32990759649606566,1.621054375846363,-1.471097025949545e-07,-1.3501785566195805,1.4,2.0869565217391304,7
121.42050000039774,-0.3295815686625809,1.6196332553995947,-6.958334246131687e-07,-1.3473333742846558,1.4,2.0869565217391304,7
121.44050000039783,-0.32925170111618873,1.6182133116060722,-1.2128477625178847e-06,-1.3444876607259935,1.4,2.0869565217391304,7
121.46050000039793,-0.3289177732834358,1.6167939501016033,-1.053615546389805e-06,-1.3416405195345542,1.4,2.0869565217391304,7
121.48050000039802,-0.3285798680366469,1.6153756875147316,-1.221522292810586e-06,-1.3387930231042957,1.4,2.0869565217391304,7
121.50050000039812,-0.32823780723536833,1.6139582508874333,-1.4872181660942317e-06,-1.33594469457774,1.4,2.0869565217391304,7
121.52050000039821,-0.32789154016904787,1.6125418099200948,-9.415538764867982e-07,-1.333095562218549,1.4,2.0869565217391304,7
121.54050000039831,-0.3275413421989163,1.6111267711316382,-3.4358960330852774e-07,-1.3302467501399884,1.4,2.0869565217391304,7
121.5605000003984,-0.3271873314403254,1.6097127783622953,-9.144486988625058e-07,-1.3273979008212813,1.4,2.0869565217391304,7
121.5805000003985,-0.32682946285361136,1.6082996902427666,-1.7831549394723524e-06,-1.3245478815597211,1.4,2.0869565217391304,7
121.6005000003986,-0.32646721249412397,1.6068876304075232,-1.046706338802718e-06,-1.3216971897091556,1.4,2.0869565217391304,7
121.62050000039869,-0.32610117828972757,1.6054764621960569,-7.189847388905547e-07,-1.318845597365147,1.4,2.0869565217391304,7
121.64050000039879,-0.32573095871196667,1.604066460392397,-8.79887399739138e-08,-1.3159935823633404,1.4,2.0869565217391304,7
121.66050000039888,-0.32535697799266666,1.6026581175259071,-9.773521888143425e-07,-1.3131427193529024,1.4,2.0869565217391304,7
121.68050000039898,-0.32497897844635987,1.6012504145449278,-1.2098128640285602e-06,-1.3102901143781776,1.4,2.0869565217391304,7
121.70050000039907,-0.3245969431732691,1.5998439825298831,-1.2660904158531048e-06,-1.3074371691430013,1.4,2.0869565217391304,7
121.72050000039917,-0.32421059171929906,1.5984382331311082,-1.6883176000429905e-08,-1.3045830163524745,1.4,2.0869565217391304,7
121.74050000039927,-0.32382068060966074,1.597034190216777,-9.865156309549815e-07,-1.3017297817461047,1.4,2.0869565217391304,7
121.76050000039936,-0.32342678502619154,1.5956309804127464,-1.3732024824010628e-06,-1.2988752790216966,1.4,2.0869565217391304,7
121.78050000039946,-0.32302867971320515,1.5942284397101665,-6.004295788574596e-07,-1.2960189593845082,1.4,2.0869565217391304,7
121.80050000039955,-0.3226268464591515,1.5928271360061739,-8.658451671353029e-07,-1.2931625541897724,1.4,2.0869565217391304,7
121.82050000039965,-0.3222207729731195,1.591427183549269,-1.206214604244691e-06,-1.2903062497113411,1.4,2.0869565217391304,7
121.84050000039974,-0.32181068952152503,1.5900286778524075,-1.4459649704137273e-06,-1.2874499816332436,1.4,2.0869565217391304,7
121.86050000039984,-0.321396533023207,1.5886305896818924,-1.7088814662596324e-07,-1.2845914293646454,1.4,2.0869565217391304,7
121.88050000039993,-0.3209785736401718,1.5872343162266729,-9.528082830075121e-07,-1.281734070516199,1.4,2.0869565217391304,7
121.90050000040003,-0.3205565296260062,1.5858393791693384,-9.822171019878894e-07,-1.2788763978764084,1.4,2.0869565217391304,7
121.92050000040012,-0.32013054191467805,1.5844451318396395,-3.351165085131943e-07,-1.2760171725359237,1.4,2.0869565217391304,7
121.94050000040022,-0.3197008146894643,1.5830529154986388,-1.1278701234194547e-06,-1.2731592469269963,1.4,2.0869565217391304,7
121.96050000040032,-0.3192668027057807,1.5816617012059704,-6.230317480782611e-07,-1.2703002230628708,1.4,2.0869565217391304,7
121.98050000040041,-0.31882867083120825,1.580271315950191,-6.463120666492242e-08,-1.2674399287486553,1.4,2.0869565217391304,7
122.0005000004005,-0.31838699905206186,1.5788828859440371,-1.1748568542189681e-06,-1.264581066153504,1.4,2.0869565217391304,7
122.0205000004006,-0.3179410299902055,1.5774953543495172,-3.8056474766414046e-07,-1.2617206102822862,1.4,2.0869565217391304,7
122.0405000004007,-0.31749127745824174,1.57610919595904,-9.707504052681076e-07,-1.2588603946269568,1.4,2.0869565217391304,7
122.0605000004008,-0.3170376102117021,1.5747245814690247,-1.3549214814992046e-06,-1.2559998106062402,1.4,2.0869565217391304,7
122.08050000040089,-0.3165796655322067,1.5733407024435275,-2.3306192654872223e-07,-1.253137775338745,1.4,2.0869565217391304,7
122.10050000040098,-0.31611824264976657,1.5719583537269604,-1.0422059703369692e-06,-1.2502760459290654,1.4,2.0869565217391304,7
122.12050000040108,-0.31565278423933196,1.570577308542376,-1.0190460180687214e-06,-1.247413469038239,1.4,2.0869565217391304,7
122.14050000040118,-0.3151831765424628,1.5691973127389078,-1.278715378561572e-06,-1.2445505480692864,1.4,2.0869565217391304,7
122.16050000040127,-0.3147094775822541,1.5678185718832107,-9.182092201330957e-07,-1.2416866857935234,1.4,2.0869565217391304,7
122.18050000040137,-0.3142318734961516,1.5664414244139673,7.218100945146042e-09,-1.2388227951169761,1.4,2.0869565217391304,7
122.20050000040146,-0.31375065893649207,1.5650656454589484,-8.18905547050846e-07,-1.2359590780691376,1.4,2.0869565217391304,7
122.22050000040156,-0.31326526136379645,1.5636906662546497,-4.772685206451504e-07,-1.233093490069271,1.4,2.0869565217391304,7
122.24050000040165,-0.3127760015333283,1.562317383586728,-1.5119961440645408e-06,-1.230228808181919,1.4,2.0869565217391304,7
122.26050000040175,-0.3122827461188608,1.560945267072545,-5.190571360720352e-07,-1.2273624725059897,1.4,2.0869565217391304,7
122.28050000040184,-0.3117857138922726,1.5595748922916177,-8.364544846685986e-07,-1.2244970432629843,1.4,2.0869565217391304,7
122.30050000040194,-0.3112845031184881,1.5582057991357474,-5.38202629331582e-07,-1.2216308894622419,1.4,2.0869565217391304,7
122.32050000040203,-0.3107794335802563,1.5568380538131663,-1.207658528665226e-06,-1.2187647787141578,1.4,2.0869565217391304,7
122.34050000040213,-0.31027023611624954,1.5554715713432374,-6.387273195040304e-07,-1.2158972392569698,1.4,2.0869565217391304,7
122.36050000040223,-0.3097573361586203,1.554106819244325,-8.11521255553495e-07,-1.2130305009195343,1.4,2.0869565217391304,7
122.38050000040232,-0.3092405169250123,1.5527436654553264,-4.529492432443439e-07,-1.210163427623193,1.4,2.0869565217391304,7
122.40050000040242,-0.308719624838266,1.5513814606208522,-6.928400742823273e-07,-1.207295310872461,1.4,2.0869565217391304,7
122.42050000040251,-0.3081950785117678,1.5500205430305813,-1.0113661159399596e-06,-1.2044265443101825,1.4,2.0869565217391304,7
122.44050000040261,-0.30766644212473865,1.5486610339621758,-1.0227286631177224e-06,-1.201557346388643,1.4,2.0869565217391304,7
122.4605000004027,-0.30713388917870127,1.547303377633598,-9.01867497241471e-07,-1.19868830455045,1.4,2.0869565217391304,7
122.4805000004028,-0.3065977667073433,1.5459467466917882,-1.1025145742332834e-06,-1.1958183611961999,1.4,2.0869565217391304,7
122.5005000004029,-0.30605730814203747,1.5445911496608455,-3.8630423275068174e-07,-1.1929469587673545,1.4,2.0869565217391304,7
122.52050000040299,-0.30551277485587314,1.5432371628407726,-7.04392907952215e-07,-1.1900758712919506,1.4,2.0869565217391304,7
122.54050000040309,-0.3049645997923773,1.5418847879580824,-3.3511961455777943e-07,-1.187204284559619,1.4,2.0869565217391304,7
122.56050000040318,-0.3044130506764045,1.5405339667532325,-9.831209396249873e-07,-1.1843328109029827,1.4,2.0869565217391304,7
122.58050000040328,-0.3038568619248811,1.53918434400952,7.006880061533442e-10,-1.1814599974255753,1.4,2.0869565217391304,7
122.60050000040337,-0.3032972406061273,1.537835982789947,-8.455651458230732e-07,-1.178587005048227,1.4,2.0869565217391304,7
122.62050000040347,-0.30273348060986305,1.5364895200943658,-7.298856056538456e-07,-1.1757142430757044,1.4,2.0869565217391304,7
122.64050000040356,-0.30216562047539,1.5351443273715113,-5.349401498664052e-07,-1.172840403458251,1.4,2.0869565217391304,7
122.66050000040366,-0.301593885644349,1.533801005439515,-1.4862280678832842e-06,-1.1699674396611512,1.4,2.0869565217391304,7
122.68050000040375,-0.30101803886480044,1.532459261884137,-4.233108179609543e-07,-1.1670935538493266,1.4,2.0869565217391304,7
122.70050000040385,-0.3004387288492706,1.5311189109005694,-5.270163859739112e-07,-1.1642196950327208,1.4,2.0869565217391304,7
122.72050000040394,-0.2998554083455205,1.529780270582322,-9.649047650056036e-07,-1.1613456062335945,1.4,2.0869565217391304,7
122.74050000040404,-0.29926818971949565,1.5284432339272132,-3.0732148885236176e-07,-1.1584712628888278,1.4,2.0869565217391304,7
122.76050000040414,-0.2986770877000523,1.5271080073617032,-6.525110169405902e-07,-1.155597186911363,1.4,2.0869565217391304,7
122.78050000040423,-0.2980822967265137,1.5257745005141985,-9.609332133970103e-07,-1.1527231580281314,1.4,2.0869565217391304,7
122.80050000040433,-0.2974835043669536,1.524442361161901,-5.395720095345744e-07,-1.1498483147857028,1.4,2.0869565217391304,7
122.82050000040442,-0.2968807777468365,1.5231120441975758,-4.011090834854325e-07,-1.1469734660395137,1.4,2.0869565217391304,7
122.84050000040452,-0.29627435451543266,1.5217836413834136,-8.478663966707611e-07,-1.144099262254339,1.4,2.0869565217391304,7
122.86050000040461,-0.29566376628091495,1.520456459725091,-2.9440328409310823e-07,-1.1412236893326007,1.4,2.0869565217391304,7
122.88050000040471,-0.2950498494493325,1.5191304921213358,-4.927355012590445e-07,-1.1383471529634657,1.4,2.0869565217391304,7
122.9005000004048,-0.2944320840116634,1.5178065719013916,-1.2191671658482655e-06,-1.1354713483507162,1.4,2.0869565217391304,7
122.9205000004049,-0.2938099485017285,1.5164838494211992,-6.992579047964209e-07,-1.1325942738547872,1.4,2.0869565217391304,7
122.940500000405,-0.2931840065686736,1.515162775025213,-1.2547499408613177e-08,-1.129716477795516,1.4,2.0869565217391304,7
122.96050000040509,-0.2925543358377805,1.5138437222587189,-5.214519227999405e-07,-1.1268398282242535,1.4,2.0869565217391304,7
122.98050000040519,-0.29192067403289856,1.5125263694929754,-7.824359682905038e-07,-1.1239627270903267,1.4,2.0869565217391304,7
123.00050000040528,-0.2912831065100708,1.5112102803074634,-8.935808207307286e-08,-1.1210841074954232,1.4,2.0869565217391304,7
123.02050000040538,-0.2906418500790657,1.5098961521859535,-5.419106236445245e-07,-1.1182065427358463,1.4,2.0869565217391304,7
123.04050000040547,-0.2899967996228438,1.5085838383270624,-8.518735298611543e-07,-1.115328618462841,1.4,2.0869565217391304,7
123.06050000040557,-0.2893478568052172,1.5072730715515321,-7.896083333768827e-07,-1.1124503904057939,1.4,2.0869565217391304,7
123.08050000040566,-0.2886948231359427,1.5059641127959538,-1.7729050370244833e-07,-1.1095717792968773,1.4,2.0869565217391304,7
123.10050000040576,-0.2880382771332422,1.5046571162804048,-8.860799349620873e-07,-1.1066934930259529,1.4,2.0869565217391304,7
123.12050000040585,-0.2873778895563232,1.5033514100547125,-8.412191235668259e-07,-1.1038143196697499,1.4,2.0869565217391304,7
123.14050000040595,-0.2867134386351881,1.502047196214074,7.488957585609158e-08,-1.1009338086505494,1.4,2.0869565217391304,7
123.16050000040605,-0.2860452599779143,1.5007449116232066,-9.21189073964026e-07,-1.0980541392704515,1.4,2.0869565217391304,7
123.18050000040614,-0.2853721223932001,1.4994437780359946,-5.4719187717024144e-06,-1.0951723881608886,1.4,2.0869565217391304,7
123.20050000040624,-0.2846924705867823,1.498146524839753,-1.7014298930344254e-05,-1.0922948802113543,1.4,2.0869565217391304,7
123.22050000040633,-0.2840148699911969,1.4968558537540537,-2.5627732624232997e-06,-1.089428146592159,1.4,2.0869565217391304,7
123.24050000040643,-0.2833311502784403,1.4955632375435137,-4.1907358816875363e-07,-1.0865526782917938,1.4,2.0869565217391304,7
123.26050000040652,-0.2826443592256698,1.4942726637047552,-1.0619671153878884e-07,-1.0836777741938655,1.4,2.0869565217391304,7
123.28050000040662,-0.28195280156891045,1.4929836319833494,-1.164244720839645e-06,-1.0808013130012044,1.4,2.0869565217391304,7
123.30050000040671,-0.28125776840662686,1.4916964135284143,-7.649419037973192e-07,-1.07792532843332,1.4,2.0869565217391304,7
123.32050000040681,-0.2805584477553477,1.4904111627183052,-1.7669112189066522e-06,-1.075049106900408,1.4,2.0869565217391304,7
123.3405000004069,-0.27985661580886045,1.4891291173712369,-1.9005291618634278e-06,-1.0721765931311715,1.4,2.0869565217391304,7
123.360500000407,-0.27915142750970284,1.4878496906954595,-6.760583982960986e-07,-1.0693053274699018,1.4,2.0869565217391304,7
123.3805000004071,-0.2784421321957553,1.4865721899299875,-1.6301698584506145e-06,-1.0664336469459619,1.4,2.0869565217391304,7
123.40050000040719,-0.27772974220698887,1.4852972723719664,-9.841117274900512e-07,-1.063563990283337,1.4,2.0869565217391304,7
123.42050000040729,-0.27701380997352687,1.4840245442175397,-6.662867153410503e-07,-1.06069408866985,1.4,2.0869565217391304,7
123.44050000040738,-0.2762934876757339,1.4827529692945807,-9.507716837998237e-07,-1.0578225537117296,1.4,2.0869565217391304,7
123.46050000040748,-0.27556925363754853,1.481483306063683,-1.3371883613816238e-06,-1.0549505806122108,1.4,2.0869565217391304,7
123.48050000040757,-0.27484189013772825,1.4802156584349324,-1.8537516658482705e-06,-1.052079915725674,1.4,2.0869565217391304,7
123.50050000040767,-0.2741116456270894,1.4789512510140872,-1.3491352543381897e-06,-1.049212076422973,1.4,2.0869565217391304,7
123.52050000040776,-0.2733767992339726,1.4776882669535574,-1.6391888201828136e-06,-1.0463417889296711,1.4,2.0869565217391304,7
123.54050000040786,-0.272639061993997,1.476428024575313,-9.91829632104262e-07,-1.043474340607549,1.4,2.0869565217391304,7
123.56050000040796,-0.27189716436902317,1.475169542547295,-2.1542396306812953e-06,-1.0406054455188374,1.4,2.0869565217391304,7
123.58050000040805,-0.27115238647293954,1.4739138222719657,-8.336834960191765e-07,-1.0377387616086875,1.4,2.0869565217391304,7
123.60050000040815,-0.2704040455602957,1.4726601687476744,-1.6994649010021293e-06,-1.034871795108294,1.4,2.0869565217391304,7
123.62050000040824,-0.2696512516166099,1.4714078041030745,-1.0608865982593653e-06,-1.032003516611403,1.4,2.0869565217391304,7
123.64050000040834,-0.2688957213676596,1.4701580652260215,-1.1463771302068708e-06,-1.029137078587664,1.4,2.0869565217391304,7
123.66050000040843,-0.2681353518129335,1.4689095249332498,-1.188111205550782e-06,-1.0262673301620697,1.4,2.0869565217391304,7
123.68050000040853,-0.2673724148406298,1.4676637578085596,-2.1667125614527993e-06,-1.02340061020498,1.4,2.0869565217391304,7
123.70050000040862,-0.26660516303741955,1.4664198100529464,-7.768151376449173e-07,-1.020532355678444,1.4,2.0869565217391304,7
123.72050000040872,-0.2658344677765999,1.4651778856637796,-1.430152450863855e-06,-1.0176651666481815,1.4,2.0869565217391304,7
123.74050000040882,-0.265060060791639,1.4639382816494941,-1.2929492963859665e-06,-1.0147973759281457,1.4,2.0869565217391304,7
123.76050000040891,-0.2642823492777351,1.4627007913788703,-1.9147779296525217e-06,-1.011930707687039,1.4,2.0869565217391304,7
123.780500000409,-0.263500655343374,1.4614652545103044,-1.4760385118461804e-06,-1.0090629144484915,1.4,2.0869565217391304,7
123.8005000004091,-0.26271491457161283,1.460230885787744,-1.7407686873367269e-06,-1.0061938195049696,1.4,2.0869565217391304,7
123.8205000004092,-0.26192587806036044,1.4589991754983853,-1.7052828716928903e-06,-1.0033257128241702,1.4,2.0869565217391304,7
123.84050000040929,-0.26113267462849926,1.4577693984531226,-1.1542303751619549e-06,-1.0004567240118714,1.4,2.0869565217391304,7
123.86050000040939,-0.26033641631268595,1.456541823930244,-2.3209221913263044e-06,-0.997588385398945,1.4,2.0869565217391304,7
123.88050000040948,-0.25953592776021,1.4553160105555196,-7.808046655732365e-07,-0.9947189556158815,1.4,2.0869565217391304,7
123.90050000040958,-0.25873188388668056,1.4540920554581778,-2.607521346870632e-06,-0.9918495082760227,1.4,2.0869565217391304,7
123.92050000040967,-0.2579247210682966,1.4528707742943239,-6.050509286793295e-07,-0.9889808121432426,1.4,2.0869565217391304,7
123.94050000040977,-0.2571138446373415,1.4516516940426165,-2.0706452694645026e-06,-0.9861125120975227,1.4,2.0869565217391304,7
123.96050000040987,-0.2562995046650942,1.4504349236591458,-1.1447733243989058e-06,-0.9832445889692918,1.4,2.0869565217391304,7
123.98050000040996,-0.25547729038421174,1.4492198562706078,-1.7406387793350324e-05,-0.9803740800784121,1.4,2.0869565217391304,7
124.00050000041006,-0.2546584715943864,1.448010780886895,-1.945309765571799e-06,-0.9775142003423882,1.4,2.0869565217391304,7
124.02050000041015,-0.25383241271836854,1.4468004010741664,-7.703850583559596e-07,-0.9746452107196362,1.4,2.0869565217391304,7
124.04050000041025,-0.25300302500154215,1.4455921257476032,-1.3729055833857437e-06,-0.9717760108147402,1.4,2.0869565217391304,7
124.06050000041034,-0.252170754740054,1.4443860609801435,-2.5533452047412926e-06,-0.9689072955428747,1.4,2.0869565217391304,7
124.08050000041044,-0.2513339783046064,1.4431813478802404,-1.2833106355699179e-06,-0.9660362868441351,1.4,2.0869565217391304,7
124.10050000041053,-0.25049439775691423,1.4419794856227484,-6.106960582870972e-07,-0.9631673191929081,1.4,2.0869565217391304,7
124.12050000041063,-0.2496477547387379,1.4407783487297905,-1.6855832303309925e-05,-0.9602948905543724,1.4,2.0869565217391304,7
124.14050000041073,-0.24879995244170955,1.4395825456684657,-1.0271934133294699e-05,-0.9574269143466175,1.4,2.0869565217391304,7
124.16050000041082,-0.24794914881199542,1.4383874840035142,-5.199797032820742e-06,-0.9545581052229811,1.4,2.0869565217391304,7
124.18050000041092,-0.2470956681434563,1.4371951960364497,-1.2538167607507853e-07,-0.9516904852779712,1.4,2.0869565217391304,7
124.20050000041101,-0.24623754991953503,1.4360040353494965,-9.776188391161308e-07,-0.9488198269416895,1.4,2.0869565217391304,7
124.2205000004111,-0.24537632017336627,1.434815462271645,-1.1670563631310036e-06,-0.9459502633278407,1.4,2.0869565217391304,7
124.2405000004112,-0.24451097705282646,1.433628730750018,-1.0126068520181292e-06,-0.9430793396961794,1.4,2.0869565217391304,7
124.2605000004113,-0.24364244543390215,1.4324442784368505,-1.8420521289617836e-06,-0.9402091754876942,1.4,2.0869565217391304,7
124.2805000004114,-0.24277009796332238,1.4312622699948874,-2.161569529650774e-06,-0.9373385006915089,1.4,2.0869565217391304,7
124.30050000041149,-0.2418949533668331,1.43008279609499,-2.2552936310696046e-06,-0.9344687866179339,1.4,2.0869565217391304,7
124.32050000041158,-0.2410164420411933,1.4289055487914444,-1.1402761166191693e-06,-0.9315995555090467,1.4,2.0869565217391304,7
124.34050000041168,-0.24013278044107753,1.4277299335289364,-1.2309260814558803e-06,-0.9287270813683492,1.4,2.0869565217391304,7
124.36050000041178,-0.23924723385541305,1.4265578365777543,-1.915104221787502e-06,-0.9258585640054556,1.4,2.0869565217391304,7
124.38050000041187,-0.23835757325091514,1.4253877543304196,-2.0572568234598478e-06,-0.9229890481221988,1.4,2.0869565217391304,7
124.40050000041197,-0.23746427877517104,1.4242199492366947,-1.935237015032198e-06,-0.9201188515802429,1.4,2.0869565217391304,7
124.42050000041206,-0.23656769699050542,1.423054633126533,-3.28843921822584e-07,-0.917249311321962,1.4,2.0869565217391304,7
124.44050000041216,-0.2356676985145531,1.421891486667589,-2.081209375065493e-06,-0.914379369347485,1.4,2.0869565217391304,7
124.46050000041225,-0.2347640138226707,1.4207306643387985,-1.1045631631407842e-06,-0.911509623587858,1.4,2.0869565217391304,7
124.48050000041235,-0.2338561759608758,1.419571920164027,-1.2840342122486706e-06,-0.9086381710526922,1.4,2.0869565217391304,7
124.50050000041244,-0.23294581037412884,1.4184159526231146,-4.3058792227366954e-07,-0.905768344099837,1.4,2.0869565217391304,7
124.52050000041254,-0.23202959546637242,1.4172616135169338,-1.2383164296741093e-05,-0.9028961849821429,1.4,2.0869565217391304,7
124.54050000041264,-0.23111081248455634,1.4161121863796056,-1.023780311452743e-05,-0.9000278970228085,1.4,2.0869565217391304,7
124.56050000041273,-0.23018984368245085,1.4149641495110468,-3.3168517995092e-06,-0.8971591911634208,1.4,2.0869565217391304,7
124.58050000041283,-0.22926310569768588,1.4138174325220076,-1.5654051136073145e-05,-0.894288899825621,1.4,2.0869565217391304,7
124.60050000041292,-0.2283337329443655,1.4126746374686527,-6.634195037774616e-06,-0.8914184927643106,1.4,2.0869565217391304,7
124.62050000041302,-0.2274009333162823,1.411532344379378,-3.049380413984288e-06,-0.8885457804643511,1.4,2.0869565217391304,7
124.64050000041311,-0.2264667541694013,1.4103938348591425,-1.6829102152107226e-06,-0.8856768248771225,1.4,2.0869565217391304,7
124.66050000041321,-0.22552658344645798,1.4092566341178956,-1.3350452982145413e-05,-0.8828050764064324,1.4,2.0869565217391304,7
124.6805000004133,-0.22458344943741093,1.4081242196148407,-1.192795920557369e-05,-0.8799357665599322,1.4,2.0869565217391304,7
124.7005000004134,-0.22363576229744692,1.4069935571991188,-1.5038123706631235e-05,-0.8770660507030194,1.4,2.0869565217391304,7
124.7205000004135,-0.2226879248548175,1.405867120731284,-1.251614382591848e-06,-0.8742000481647207,1.4,2.0869565217391304,7
124.74050000041359,-0.22173643237018062,1.4047417176741683,-1.4373416677683153e-06,-0.8713324826639085,1.4,2.0869565217391304,7
124.76050000041369,-0.2207816334099468,1.4036188121202782,-1.3348076452090947e-06,-0.8684646377511527,1.4,2.0869565217391304,7
124.78050000041378,-0.21982347241925615,1.4024978022766865,-1.3876510383292901e-06,-0.8655963724747217,1.4,2.0869565217391304,7
124.80050000041388,-0.21886107005315947,1.401378819822498,-9.019089630734713e-07,-0.8627262563132122,1.4,2.0869565217391304,7
124.82050000041397,-0.21789575390766,1.4002625270965479,-1.3179462411478073e-06,-0.8598562539647081,1.4,2.0869565217391304,7
124.84050000041407,-0.2169266188636034,1.3991485596003352,-1.9476064734216452e-06,-0.8569857812133981,1.4,2.0869565217391304,7
124.86050000041416,-0.21595442145885063,1.3980375881985965,-1.6598763742575567e-06,-0.8541157171461228,1.4,2.0869565217391304,7
124.88050000041426,-0.21497895953900986,1.396929233487744,-5.834693479659976e-07,-0.8512464073887788,1.4,2.0869565217391304,7
124.90050000041435,-0.21400000701330446,1.3958232482638395,-1.6724081356519098e-06,-0.8483764400451798,1.4,2.0869565217391304,7
124.92050000041445,-0.21301753425014455,1.3947196066419558,-1.4941970576464552e-06,-0.8455066620080371,1.4,2.0869565217391304,7
124.94050000041454,-0.2120315189104697,1.3936181032259358,-6.485573518738385e-07,-0.8426348018865074,1.4,2.0869565217391304,7
124.96050000041464,-0.21104150744789402,1.392517497299592,-3.024129490470892e-06,-0.8397596920408519,1.4,2.0869565217391304,7
124.98050000041474,-0.21004842636272655,1.3914210696927962,-1.2369095052267666e-06,-0.8368872399285735,1.4,2.0869565217391304,7
125.00050000041483,-0.2090511210879046,1.390326394496649,-1.2075187935194342e-06,-0.8340131562104899,1.4,2.0869565217391304,7
125.02050000041493,-0.20804996318446384,1.389233582504321,7.675925259450502e-08,-0.8311369850356086,1.4,2.0869565217391304,7
125.04050000041502,-0.207043374454054,1.3881418596499007,-1.5882304127686941e-06,-0.8282561242902086,1.4,2.0869565217391304,7
125.06050000041512,-0.20603360595925735,1.3870523703803181,-9.4533204376161e-07,-0.8253751973437382,1.4,2.0869565217391304,7
125.08050000041521,-0.20501973423929595,1.3859649959202192,-1.06056625153992e-06,-0.8224925680895093,1.4,2.0869565217391304,7
125.10050000041531,-0.2040019461435637,1.384879850535923,-7.394821713409511e-07,-0.8196093102399713,1.4,2.0869565217391304,7
125.1205000004154,-0.20298029664678874,1.3837970082433768,-1.3611131219248717e-06,-0.816724737106125,1.4,2.0869565217391304,7
125.1405000004155,-0.20195508729183584,1.382716304099622,-1.5798508018300015e-06,-0.8138394840584762,1.4,2.0869565217391304,7
125.1605000004156,-0.20092400712316688,1.3816393884263112,-1.9749863348659636e-05,-0.8109558364802039,1.4,2.0869565217391304,7
125.18050000041569,-0.19989511664737453,1.3805683481869786,-3.129409812413052e-07,-0.8080795473004981,1.4,2.0869565217391304,7
125.20050000041579,-0.19886169211273935,1.3794977848682022,-9.082247778022266e-07,-0.8052010701034279,1.4,2.0869565217391304,7
125.22050000041588,-0.19782586795390625,1.378430888686098,-1.5486295215289792e-06,-0.802324251254967,1.4,2.0869565217391304,7
125.24050000041598,-0.196788531036805,1.3773680525099854,-1.201758483807905e-06,-0.7994513259526744,1.4,2.0869565217391304,7
125.26050000041607,-0.19574690021376068,1.376307819979012,-1.227040214628168e-06,-0.7965769477127953,1.4,2.0869565217391304,7
125.28050000041617,-0.19470356637981207,1.3752512102525432,-1.6535158199718657e-06,-0.7937058890885852,1.4,2.0869565217391304,7
125.30050000041626,-0.19365604441346854,1.3741970840762658,-5.516750332982828e-07,-0.7908334741520925,1.4,2.0869565217391304,7
125.32050000041636,-0.19260614565570305,1.3731458921807744,-2.0413769278212915e-06,-0.787962706545665,1.4,2.0869565217391304,7
125.34050000041645,-0.19155210379310839,1.372097304730745,-1.5491726176097928e-06,-0.7850901596728503,1.4,2.0869565217391304,7
125.36050000041655,-0.19049244953427827,1.3710527498137564,-1.91569602047999e-05,-0.7822189328302234,1.4,2.0869565217391304,7
125.38050000041665,-0.1894351221304581,1.370013093200007,-4.3879914770333255e-07,-0.7793537949417354,1.4,2.0869565217391304,7
125.40050000041674,-0.1883724462214412,1.3689740125740557,-5.998511150269962e-07,-0.7764848426688461,1.4,2.0869565217391304,7
125.42050000041684,-0.18730721292258704,1.3679376934328353,-6.005051328614963e-07,-0.7736148315774969,1.4,2.0869565217391304,7
125.44050000041693,-0.18623773712562885,1.3669029326543853,-1.2818996480097866e-06,-0.7707432941733894,1.4,2.0869565217391304,7
125.46050000041703,-0.18516438157848605,1.3658707935632284,-2.731609835098209e-07,-0.767870178743623,1.4,2.0869565217391304,7
125.48050000041712,-0.18408635471907267,1.364840637549025,-1.31237883213307e-06,-0.7649937996704971,1.4,2.0869565217391304,7
125.50050000041722,-0.18300542151213917,1.3638132515934724,-8.304100040505352e-08,-0.7621180339831026,1.4,2.0869565217391304,7
125.52050000041731,-0.18191991644208955,1.3627878264761883,-9.113581421204413e-07,-0.7592392528475527,1.4,2.0869565217391304,7
125.54050000041741,-0.18083120243109352,1.3617649942926966,-6.072467070372273e-07,-0.7563603551093007,1.4,2.0869565217391304,7
125.5605000004175,-0.17973811514700697,1.3607441105144678,-1.1287054540512702e-06,-0.7534793140820103,1.4,2.0869565217391304,7
125.5805000004176,-0.17864205827029053,1.3597262607067606,-7.884803311245067e-07,-0.750598365138402,1.4,2.0869565217391304,7
125.6005000004177,-0.17754228836408723,1.3587109217161342,-8.833865210496372e-07,-0.7477171025534777,1.4,2.0869565217391304,7
125.62050000041779,-0.1764392093811433,1.357698429506059,-1.0393606084542659e-06,-0.7448352837382239,1.4,2.0869565217391304,7
125.64050000041789,-0.17533290349995936,1.3566886289943707,-7.780014329032858e-07,-0.7419537688894842,1.4,2.0869565217391304,7
125.66050000041798,-0.17422048729703912,1.355683285077411,-1.85335120219475e-05,-0.7390733517131517,1.4,2.0869565217391304,7
125.68050000041808,-0.17311157657197299,1.3546830790908557,-2.1460604706932156e-06,-0.736200966009882,1.4,2.0869565217391304,7
125.70050000041817,-0.1719985531395673,1.353684514016055,-1.1537519689208378e-06,-0.733327628190584,1.4,2.0869565217391304,7
125.72050000041827,-0.17088222414191043,1.3526893341131947,-1.1521236342740926e-06,-0.730454008991606,1.4,2.0869565217391304,7
125.74050000041836,-0.16976321626713683,1.3516971518724716,-8.842166414812324e-07,-0.7275802162354482,1.4,2.0869565217391304,7
125.76050000041846,-0.16864063553074718,1.3507075993325737,-4.4365023633404866e-07,-0.7247059414904835,1.4,2.0869565217391304,7
125.78050000041856,-0.16751414326103078,1.3497206982005365,-9.270944731730449e-07,-0.7218302446124869,1.4,2.0869565217391304,7
125.80050000041865,-0.16638423637171296,1.3487363802333228,-1.1817710121565975e-06,-0.7189540009989178,1.4,2.0869565217391304,7
125.82050000041875,-0.1652509032449594,1.3477545645156077,-7.678626966479506e-07,-0.7160770775483871,1.4,2.0869565217391304,7
125.84050000041884,-0.16411409787171521,1.3467754999450061,-9.828582185247987e-07,-0.7131989388224884,1.4,2.0869565217391304,7
125.86050000041894,-0.16297432877728502,1.345799522380935,-4.0237650919382927e-07,-0.7103215994072059,1.4,2.0869565217391304,7
125.88050000041903,-0.1618305817258997,1.3448262405147162,-9.257325445542639e-07,-0.7074429647518773,1.4,2.0869565217391304,7
125.90050000041913,-0.16068402034660342,1.3438560156197261,-9.412721454226827e-07,-0.704564722694528,1.4,2.0869565217391304,7
125.92050000041922,-0.15953485867338071,1.342889096084962,-1.7326320895220095e-07,-0.7016875813416027,1.4,2.0869565217391304,7
125.94050000041932,-0.15838132119660545,1.3419244977784053,-1.2321545827428613e-06,-0.6988084842859756,1.4,2.0869565217391304,7
125.96050000041942,-0.15722561720134068,1.3409632879229496,-6.918143062106093e-07,-0.6959304530223914,1.4,2.0869565217391304,7
125.98050000041951,-0.15606641125693874,1.3400049734140747,-6.210889545805514e-07,-0.6930524768779515,1.4,2.0869565217391304,7
126.0005000004196,-0.15490388635848829,1.3390496765746234,-1.0514555053065906e-06,-0.690173814877723,1.4,2.0869565217391304,7
126.0205000004197,-0.153738957225331,1.338097602627781,1.0987197454479738e-07,-0.6872965475711517,1.4,2.0869565217391304,7
126.0405000004198,-0.15257005417451824,1.3371483569365086,-7.975991296282367e-07,-0.6844177789266912,1.4,2.0869565217391304,7
126.06050000041989,-0.15139831462719408,1.3362023392094815,-1.4739121491459075e-06,-0.6815395202121085,1.4,2.0869565217391304,7
126.08050000041999,-0.15022442347428605,1.3352596834890849,1.3128508798170565e-07,-0.6786630192975,1.4,2.0869565217391304,7
126.10050000042008,-0.14904469808193183,1.334320038976889,-1.4578160656322404e-05,-0.6757849487994624,1.4,2.0869565217391304,7
126.12050000042018,-0.14786574880223075,1.3333869602970092,-9.873218389855132e-06,-0.6729145263496825,1.4,2.0869565217391304,7
126.14050000042027,-0.1466861049415678,1.3324567072971005,-5.027346465952181e-06,-0.6700469327805249,1.4,2.0869565217391304,7
126.16050000042037,-0.1455045653400152,1.331529931874969,-2.0832688092899336e-07,-0.6671810505565455,1.4,2.0869565217391304,7
126.18050000042047,-0.1443190229216219,1.3306059357269497,-1.4216718023696205e-06,-0.6643135320382959,1.4,2.0869565217391304,7
126.20050000042056,-0.1431319102208922,1.3296861042181514,-9.884576592554715e-07,-0.6614486162591864,1.4,2.0869565217391304,7
126.22050000042066,-0.1419422843012655,1.328769603995402,-1.2902267159975011e-06,-0.6585846096124229,1.4,2.0869565217391304,7
126.24050000042075,-0.14075081840857442,1.3278566943033732,-9.964658818889853e-07,-0.6557225005502987,1.4,2.0869565217391304,7
126.26050000042085,-0.13955500840137441,1.3269466487330008,-1.6050508096424724e-06,-0.6528586072047131,1.4,2.0869565217391304,7
126.28050000042094,-0.13835839494371616,1.3260404548385483,-1.1019206574033987e-06,-0.6499974888389874,1.4,2.0869565217391304,7
126.30050000042104,-0.13715673697984232,1.3251368244730193,-1.5353414615444303e-06,-0.6471328722146376,1.4,2.0869565217391304,7
126.32050000042113,-0.13595244807131227,1.3242362295428454,-5.43896172348123e-07,-0.6442681496090056,1.4,2.0869565217391304,7
126.34050000042123,-0.13474394273368714,1.323338186926525,-7.910899023353465e-07,-0.6414013086095163,1.4,2.0869565217391304,7
126.36050000042133,-0.1335320327788176,1.3224430302329029,-1.3172897832590229e-06,-0.6385329351202902,1.4,2.0869565217391304,7
126.38050000042142,-0.13231742972111762,1.3215508374248164,-2.868070352916741e-07,-0.6356648964984742,1.4,2.0869565217391304,7
126.40050000042152,-0.13109871798858397,1.3206614804340013,-1.0269179292281149e-06,-0.6327945172122105,1.4,2.0869565217391304,7
126.42050000042161,-0.12987770436519958,1.3197752483182403,-9.447390968636865e-09,-0.6299248525698017,1.4,2.0869565217391304,7
126.44050000042171,-0.12865249784477956,1.3188918353097996,-9.993692103406163e-07,-0.6270528584404506,1.4,2.0869565217391304,7
126.4605000004218,-0.12742499076582886,1.3180118256099864,-7.478617429474923e-07,-0.6241817914608502,1.4,2.0869565217391304,7
126.4805000004219,-0.12619427860878027,1.3171349312372098,-4.6268951443673665e-07,-0.6213105508600848,1.4,2.0869565217391304,7
126.500500000422,-0.12496034567881932,1.3162610144770792,-9.924873802497695e-07,-0.6184380790633771,1.4,2.0869565217391304,7
126.52050000042209,-0.12372402183051952,1.3153906260452413,-9.143677027859773e-09,-0.6155669614418424,1.4,2.0869565217391304,7
126.54050000042218,-0.12248389686193813,1.3145233388846296,-1.3967083806388155e-06,-0.6126941396076986,1.4,2.0869565217391304,7
126.56050000042228,-0.12124194991299543,1.313659664437779,-9.686186470557724e-07,-0.6098229831636893,1.4,2.0869565217391304,7
126.58050000042238,-0.11999679887688464,1.3127990587535934,-8.91368105120662e-07,-0.6069514208684818,1.4,2.0869565217391304,7
126.60050000042247,-0.11874868788269216,1.311941946335302,-1.035785116460882e-06,-0.6040797155610799,1.4,2.0869565217391304,7
126.62050000042257,-0.1174980356233289,1.3110881427171324,-1.0219689759118146e-06,-0.6012085371581439,1.4,2.0869565217391304,7
126.64050000042266,-0.11624515395951114,1.3102378518575064,-3.1120223054832897e-07,-0.5983380837709741,1.4,2.0869565217391304,7
126.66050000042276,-0.11498843240217774,1.3093905883534889,-1.5288679153337897e-06,-0.5954661868118851,1.4,2.0869565217391304,7
126.68050000042285,-0.11372955677446658,1.3085469930304399,-1.1976176220218775e-06,-0.5925951689754438,1.4,2.0869565217391304,7
126.70050000042295,-0.1124681428736123,1.307706790730103,-7.179563212487446e-07,-0.5897247692242226,1.4,2.0869565217391304,7
126.72050000042304,-0.11120350203952173,1.3068700418012087,-5.341556324536448e-06,-0.5868541952583393,1.4,2.0869565217391304,7
126.74050000042314,-0.10993511921955036,1.3060393831085249,-1.552374255536443e-05,-0.5839878262761174,1.4,2.0869565217391304,7
126.76050000042324,-0.10866668844985754,1.3052128790832953,-1.1429485201293192e-05,-0.5811256796135525,1.4,2.0869565217391304,7
126.78050000042333,-0.10739749051225313,1.3043908202114056,-3.9675482720287935e-06,-0.5782668632192459,1.4,2.0869565217391304,7
126.80050000042343,-0.10612889987726831,1.3035714259902327,-1.8410337543734527e-06,-0.5754104089128887,1.4,2.0869565217391304,7
126.82050000042352,-0.1048562221181377,1.302754646394667,-9.295283527781634e-07,-0.5725505138866424,1.4,2.0869565217391304,7
126.84050000042362,-0.10358114714112081,1.3019417904558266,-2.4342944134046227e-06,-0.5696909057613049,1.4,2.0869565217391304,7
126.86050000042371,-0.1023034726264373,1.301132404862291,-1.7678722753303564e-06,-0.5668312992306233,1.4,2.0869565217391304,7
126.88050000042381,-0.10102323656414632,1.300326322119366,-4.987618033540159e-07,-0.5639714137928842,1.4,2.0869565217391304,7
126.9005000004239,-0.09973869774971734,1.2995229669578983,-1.2473178146920758e-06,-0.5611081481281293,1.4,2.0869565217391304,7
126.920500000424,-0.09845121567617812,1.2987228080133224,-1.222677628134095e-06,-0.5582442258013308,1.4,2.0869565217391304,7
126.9405000004241,-0.09716128771710542,1.2979260367435246,-4.928896369367524e-07,-0.5553800276510513,1.4,2.0869565217391304,7
126.96050000042419,-0.09586791868601045,1.2971326995554433,-1.5966787109924168e-06,-0.5525142726891625,1.4,2.0869565217391304,7
126.98050000042429,-0.09457250863721404,1.2963428263148433,-1.3049993917680675e-06,-0.5496493905706433,1.4,2.0869565217391304,7
127.00050000042438,-0.09327456217098708,1.295556409960957,-5.208944119185406e-07,-0.5467841297961985,1.4,2.0869565217391304,7
127.02050000042448,-0.09197289822152853,1.2947730250353908,-1.3996461635406948e-06,-0.5439169382877169,1.4,2.0869565217391304,7
127.04050000042457,-0.09066923079278642,1.2939934533463169,-9.62302012704734e-07,-0.5410506033038999,1.4,2.0869565217391304,7
127.06050000042467,-0.08936329066628525,1.293217386753104,-1.4777897343902014e-07,-0.5381846409369271,1.4,2.0869565217391304,7
127.08050000042476,-0.08805379512163183,1.2924448853139323,-1.6665019219328905e-06,-0.535317031923362,1.4,2.0869565217391304,7
127.10050000042486,-0.08674319617307848,1.2916762845976593,-6.224055363343797e-07,-0.5324519354917054,1.4,2.0869565217391304,7
127.12050000042495,-0.08543057382124272,1.2909115134445908,-1.104344743393792e-06,-0.5295876378703535,1.4,2.0869565217391304,7
127.14050000042505,-0.08411554879913445,1.2901505573771612,-9.503653053217199e-07,-0.5267241304626553,1.4,2.0869565217391304,7
127.16050000042515,-0.08279861676246952,1.289392959792108,-6.914274809655864e-08,-0.523860138210498,1.4,2.0869565217391304,7
127.18050000042524,-0.08147749134327252,1.2886372573881255,-2.662335903999612e-08,-0.5209909949825835,1.4,2.0869565217391304,7
127.20050000042534,-0.08015269854291285,1.2878844027830354,-8.716203691058463e-08,-0.5181189917101893,1.4,2.0869565217391304,7
127.22050000042543,-0.07882453167809496,1.2871346926446827,-2.827392591679981e-07,-0.5152450265263128,1.4,2.0869565217391304,7
127.24050000042553,-0.0774933100186678,1.2863882754639433,-2.2807060267514324e-07,-0.5123695820862553,1.4,2.0869565217391304,7
127.26050000042562,-0.07615900788550484,1.2856451874968975,-1.7023428509389356e-07,-0.509492895379453,1.4,2.0869565217391304,7
127.28050000042572,-0.07482179739923354,1.284905552650557,-1.2384910441565724e-07,-0.5066152147084473,1.4,2.0869565217391304,7
127.30050000042581,-0.07348197317645017,1.2841694579701024,-1.8788475936102063e-07,-0.5037369939800838,1.4,2.0869565217391304,7
127.32050000042591,-0.07213942238062784,1.2834369427353975,-2.543622579575039e-07,-0.5008583146570627,1.4,2.0869565217391304,7
127.340500000426,-0.07079450912445584,1.2827080899037546,-4.061148545188193e-07,-0.49797948910317774,1.4,2.0869565217391304,7
127.3605000004261,-0.06944701229702899,1.281982888101661,-1.915818551091363e-07,-0.4951002562722495,1.4,2.0869565217391304,7
127.3805000004262,-0.06809706138714725,1.2812613851318868,-1.8405763153713396e-07,-0.49222079598884216,1.4,2.0869565217391304,7
127.40050000042629,-0.06674478483954546,1.2805435911479384,-1.1925837773774313e-07,-0.48934146372542153,1.4,2.0869565217391304,7
127.42050000042639,-0.06539012399254183,1.2798296007443548,-1.2886442664265355e-07,-0.48646200787387006,1.4,2.0869565217391304,7
127.44050000042648,-0.0640332698418137,1.2791194044712395,-3.206130862740894e-07,-0.4835828536078699,1.4,2.0869565217391304,7
127.46050000042658,-0.06267414739683706,1.278413018901227,-1.8587834035929704e-07,-0.4807036760852297,1.4,2.0869565217391304,7
127.48050000042667,-0.06131270620997228,1.277710381878754,-3.484133353234118e-07,-0.47782451578679497,1.4,2.0869565217391304,7
127.50050000042677,-0.059949145885533954,1.2770116253545596,-1.402672444108684e-07,-0.47494560005412995,1.4,2.0869565217391304,7
127.52050000042686,-0.058583350081451706,1.2763167232964787,-3.2417527151132794e-07,-0.4720668574280948,1.4,2.0869565217391304,7
127.54050000042696,-0.057215630017653,1.2756257955261812,-1.8900795689117844e-07,-0.46918897018861927,1.4,2.0869565217391304,7
127.56050000042706,-0.055845744833238245,1.2749387482509285,-2.749075315852468e-07,-0.4663110975684835,1.4,2.0869565217391304,7
127.58050000042715,-0.05447403514087741,1.2742556695661615,-2.64086793924299e-07,-0.46343385738968224,1.4,2.0869565217391304,7
127.60050000042725,-0.053100117029034645,1.2735765154800438,-1.7353459371483538e-08,-0.46055693359296046,1.4,2.0869565217391304,7
127.62050000042734,-0.051724136178455206,1.2729011709172093,-2.3151482670882533e-07,-0.45767996835692804,1.4,2.0869565217391304,7
127.64050000042744,-0.05034609272505325,1.2722297393824462,-2.1308830812680418e-07,-0.4548033407864935,1.4,2.0869565217391304,7
127.66050000042753,-0.04896605595263666,1.2715622239555926,-2.1500586463007766e-07,-0.4519268589782184,1.4,2.0869565217391304,7
127.68050000042763,-0.04758385364911005,1.270898654547458,-2.4373420316469796e-07,-0.44905057301516854,1.4,2.0869565217391304,7
127.70050000042772,-0.046199881175460776,1.2702391091872418,-3.1957509185531395e-07,-0.4461750386583988,1.4,2.0869565217391304,7
127.72050000042782,-0.04481401649050385,1.2695835185430064,-1.3549571493240522e-07,-0.44329984354970514,1.4,2.0869565217391304,7
127.74050000042791,-0.043426110984817426,1.2689318583185345,-2.0453985012571334e-07,-0.44042467780978034,1.4,2.0869565217391304,7
127.76050000042801,-0.04203630206922431,1.2682841750981182,-1.2366560414236494e-07,-0.43755002475999244,1.4,2.0869565217391304,7
127.7805000004281,-0.040644343632631336,1.2676403893475374,-4.6661987297536007e-07,-0.43467513049003076,1.4,2.0869565217391304,7
127.8005000004282,-0.03925094368849065,1.2670007976328672,-1.2479626429632964e-07,-0.43180149027500214,1.4,2.0869565217391304,7
127.8205000004283,-0.03785549176697254,1.266365119972169,-3.9441356504951353e-07,-0.4289279195601921,1.4,2.0869565217391304,7
127.84050000042839,-0.036458337675246526,1.2657335102078098,-3.3871698748507325e-07,-0.4260548077410076,1.4,2.0869565217391304,7
127.86050000042849,-0.03505931844830165,1.265105901119767,-3.0597577334910824e-07,-0.423182066015959,1.4,2.0869565217391304,7
127.88050000042858,-0.033658466664334176,1.2644823458306051,-2.371071606147488e-07,-0.42030973431049107,1.4,2.0869565217391304,7
127.90050000042868,-0.032255893749338425,1.2638628127417155,-3.601110631639674e-07,-0.4174377251622263,1.4,2.0869565217391304,7
127.92050000042877,-0.03085147954440576,1.2632473445835888,-1.0895040432297646e-07,-0.41456608288389324,1.4,2.0869565217391304,7
127.94050000042887,-0.029445355752973263,1.2626359079728033,-1.7388097796734124e-07,-0.41169498404982835,1.4,2.0869565217391304,7
127.96050000042896,-0.02803753153258061,1.262028519684011,-3.1426635699232063e-07,-0.40882418752767785,1.4,2.0869565217391304,7
127.98050000042906,-0.026628020978769647,1.2614252206754462,-1.4256792954130267e-07,-0.4059539043592283,1.4,2.0869565217391304,7
128.00050000042913,-0.025216723350967377,1.260825959300227,-1.471023960287747e-07,-0.4030837375272822,1.4,2.0869565217391304,7
128.02050000042865,-0.023803757510253248,1.260230775772484,-2.2309895961597804e-07,-0.400214123909525,1.4,2.0869565217391304,7
128.04050000042818,-0.022389105978734804,1.259639685753865,-3.364017252073709e-07,-0.39734473063017944,1.4,2.0869565217391304,7
128.0605000004277,-0.020972759121782446,1.2590526443460288,-2.64405323478172e-07,-0.3944757442071682,1.4,2.0869565217391304,7
128.08050000042724,-0.019554891419154754,1.258469730065764,-1.1572862701258973e-07,-0.3916074382068572,1.4,2.0869565217391304,7
128.10050000042676,-0.018135297318540182,1.2578908926826382,-2.233762853847246e-07,-0.3887391534653176,1.4,2.0869565217391304,7
128.1205000004263,-0.016714134703424487,1.257316158199106,-1.2741047088953723e-07,-0.38587149140267046,1.4,2.0869565217391304,7
128.14050000042582,-0.015291396073760191,1.2567455889005381,-1.7209816895557393e-07,-0.38300421430096115,1.4,2.0869565217391304,7
128.16050000042534,-0.0138670085279824,1.2561790172307044,-5.371947600062781e-07,-0.38013708486018233,1.4,2.0869565217391304,7
128.18050000042487,-0.012441009846743819,1.255616543770176,-2.891344743260249e-07,-0.3772702043371755,1.4,2.0869565217391304,7
128.2005000004244,-0.011013307738989139,1.25505818467457,-3.6515510865445075e-07,-0.3744035310692588,1.4,2.0869565217391304,7
128.22050000042393,-0.009584330587491311,1.2545040407198993,-1.906613922237099e-07,-0.3715377016260168,1.4,2.0869565217391304,7
128.24050000042345,-0.008153691945721173,1.2539539638313062,-1.914560018934813e-07,-0.3686719843940891,1.4,2.0869565217391304,7
128.26050000042298,-0.006721498013239941,1.2534079945441654,-4.029867727947097e-07,-0.3658065322918075,1.4,2.0869565217391304,7
128.2805000004225,-0.005287983626620321,1.2528663100531332,-8.659931891043826e-08,-0.36294193582919,1.4,2.0869565217391304,7
128.30050000042203,-0.00385283884388642,1.2523286995907288,-3.025620142190566e-07,-0.3600774210505078,1.4,2.0869565217391304,7
128.32050000042156,-0.0024165647117934622,1.2517953166965294,-2.471744246152588e-07,-0.3572139050273495,1.4,2.0869565217391304,7
128.3405000004211,-0.0009788472014843454,1.2512661301900487,-2.1136344345663658e-07,-0.35435075604460936,1.4,2.0869565217391304,7
128.36050000042061,0.00046033713175609964,1.2507410968184252,-4.086392298474814e-07,-0.3514878658434919,1.4,2.0869565217391304,7
128.38050000042014,0.001900861517591281,1.2502202234342077,-2.8035170386159596e-07,-0.34862555743650203,1.4,2.0869565217391304,7
128.40050000041967,0.0033426918838510007,1.249703519459248,-1.207798639079116e-07,-0.3457637604069541,1.4,2.0869565217391304,7
128.4205000004192,0.004786057387592294,1.2491909649611044,-1.967730365680226e-07,-0.34290200234783536,1.4,2.0869565217391304,7
128.44050000041872,0.006230814749992308,1.248682551662155,-3.2583899264186003e-07,-0.34004060910272466,1.4,2.0869565217391304,7
128.46050000041825,0.007676860315949463,1.2481783466249083,-3.4903789184958567e-07,-0.33717967856809267,1.4,2.0869565217391304,7
128.48050000041778,0.009124286893863071,1.247678333239097,-1.0086562485759983e-07,-0.334319027510786,1.4,2.0869565217391304,7
128.5005000004173,0.01057307826550097,1.2471825012648683,-2.8638138754474457e-07,-0.33145879043386733,1.4,2.0869565217391304,7
128.52050000041683,0.012023112324069487,1.2466908717357545,-2.344236931614667e-07,-0.3285990762411751,1.4,2.0869565217391304,7
128.54050000041636,0.013474287623936742,1.2462035013704762,-1.420365993295733e-07,-0.32574002630362364,1.4,2.0869565217391304,7
128.56050000041589,0.014926782723018143,1.245720320450814,-2.0956459057481904e-07,-0.322881206026439,1.4,2.0869565217391304,7
128.5805000004154,0.016380445709839802,1.2452413488270508,-1.6508726741283218e-07,-0.32002296392187396,1.4,2.0869565217391304,7
128.60050000041494,0.01783543346971928,1.244766592170696,-5.2172852744429496e-08,-0.3171649814679748,1.4,2.0869565217391304,7
128.62050000041447,0.019291697908725643,1.2442959890216414,-1.81637368647533e-07,-0.314307260013063,1.4,2.0869565217391304,7
128.640500000414,0.020749121735342078,1.2438296412099494,-2.2629031482754655e-07,-0.31145006140590065,1.4,2.0869565217391304,7
128.66050000041352,0.02220759426358813,1.243367518889682,-7.643984165561108e-08,-0.3085934919928119,1.4,2.0869565217391304,7
128.68050000041305,0.023667563656291853,1.2429095645129835,-3.3734898578543524e-07,-0.3057367782542956,1.4,2.0869565217391304,7
128.70050000041257,0.02512852458463954,1.2424558367713212,-7.226201221020238e-08,-0.30288093404810185,1.4,2.0869565217391304,7
128.7205000004121,0.02659087558765694,1.2420063163023207,-1.347003755933291e-07,-0.3000250766554267,1.4,2.0869565217391304,7
128.74050000041163,0.028054315473173275,1.2415610412297844,-2.3589761197373058e-07,-0.2971698581446823,1.4,2.0869565217391304,7
128.76050000041116,0.029518725307321293,1.2411200432490073,-2.4028932697399623e-07,-0.29431540204982026,1.4,2.0869565217391304,7
128.78050000041068,0.030984250913921322,1.2406832709376516,-2.8909453376419215e-07,-0.29146127063942634,1.4,2.0869565217391304,7
128.8005000004102,0.03245092652234432,1.2402507536287581,-6.744278500278054e-08,-0.2886076130688095,1.4,2.0869565217391304,7
128.82050000040974,0.033918639154306034,1.2398224614897442,-3.5720335869704305e-07,-0.28575438517687607,1.4,2.0869565217391304,7
128.84050000040926,0.03538713503206289,1.2393985226602027,-4.489485114111718e-08,-0.28290211650672803,1.4,2.0869565217391304,7
128.8605000004088,0.03685682247911363,1.2389787458952668,-6.229631052377777e-08,-0.2800498863041872,1.4,2.0869565217391304,7
128.88050000040832,0.038327615218539585,1.2385632006475493,-6.647840152592291e-08,-0.2771978525169273,1.4,2.0869565217391304,7
128.90050000040785,0.03979941430798351,1.2381519224439694,-1.896796682535807e-07,-0.27434614613330427,1.4,2.0869565217391304,7
128.92050000040737,0.041272716209176774,1.237745409983974,-2.444779865428248e-06,-0.27149498104725245,1.4,2.0869565217391304,7
128.9405000004069,0.04274411243816678,1.2373439825071033,-1.617060118335631e-06,-0.2686497789309072,1.4,2.0869565217391304,7
128.96050000040643,0.044215643786821114,1.2369471689479155,-1.6093351743787545e-06,-0.26580674410946276,1.4,2.0869565217391304,7
128.98050000040595,0.045686997276279596,1.2365549524832946,-1.4597632485576228e-06,-0.2629660760361858,1.4,2.0869565217391304,7
129.00050000040548,0.04715847568063116,1.2361671613123717,-1.5722251123766412e-06,-0.260127202245164,1.4,2.0869565217391304,7
129.020500000405,0.04862998672720015,1.2357838674573214,-1.4943303487792413e-06,-0.25729007551461086,1.4,2.0869565217391304,7
129.04050000040453,0.05010223791664577,1.2354048190599443,-2.119427240554793e-06,-0.25445344497231576,1.4,2.0869565217391304,7
129.06050000040406,0.051574266549647925,1.235030139037245,-1.7383197547085206e-06,-0.25161891634619626,1.4,2.0869565217391304,7
129.0805000004036,0.053046826274506194,1.234659916351267,-1.8263034724235682e-06,-0.24878520257810136,1.4,2.0869565217391304,7
129.10050000040312,0.05451968053614584,1.2342940210211577,-1.814474791459497e-06,-0.2459526602373063,1.4,2.0869565217391304,7
129.12050000040264,0.055993061070664735,1.2339324529897548,-1.8178688870090566e-06,-0.24312082413052885,1.4,2.0869565217391304,7
129.14050000040217,0.057466762581714986,1.2335752178678614,-1.9405572344910802e-06,-0.24028989349207763,1.4,2.0869565217391304,7
129.1605000004017,0.05894090620924098,1.2332222715441872,-1.905590928235085e-06,-0.23745971233015556,1.4,2.0869565217391304,7
129.18050000040122,0.060415634968602416,1.2328736447219244,-1.9647554421636063e-06,-0.23462999545899313,1.4,2.0869565217391304,7
129.20050000040075,0.06189067591829849,1.2325293274806508,-1.7741127516887683e-06,-0.23180106271639742,1.4,2.0869565217391304,7
129.22050000040028,0.0633662296048018,1.2321892600578606,-1.4695869627234447e-06,-0.2289726440262058,1.4,2.0869565217391304,7
129.2405000003998,0.06484218600046647,1.2318534812973103,-1.1020995480019076e-06,-0.2261447658158832,1.4,2.0869565217391304,7
129.26050000039933,0.06631843013500041,1.2315219964043496,1.0409416766103751e-08,-0.22331796052393535,1.4,2.0869565217391304,7
129.28050000039886,0.06779632083000955,1.2311946849650506,-1.0288170551718572e-06,-0.2204893260522918,1.4,2.0869565217391304,7
129.3005000003984,0.06927431061633303,1.2308717526692823,-1.1570087203389449e-06,-0.21766172665102568,1.4,2.0869565217391304,7
129.3205000003979,0.07075303316669819,1.2305530546711263,-2.150506259671286e-06,-0.2148339435933515,1.4,2.0869565217391304,7
129.34050000039744,0.07223171012298614,1.2302386479049863,-1.988068953473546e-06,-0.212007488145363,1.4,2.0869565217391304,7
129.36050000039697,0.07371083482080674,1.22992850174892,-2.0824237722935037e-06,-0.2091813635533057,1.4,2.0869565217391304,7
129.3805000003965,0.07519011621488521,1.2296227058949383,-1.4082353617295342e-06,-0.20635601480623952,1.4,2.0869565217391304,7
129.40050000039602,0.07666943950892921,1.2293210614274652,-6.025035571757791e-07,-0.20353156300159211,1.4,2.0869565217391304,7
129.42050000039555,0.07814991385364263,1.2290238107210663,-6.531566308607335e-07,-0.2007066205845068,1.4,2.0869565217391304,7
129.44050000039508,0.07963104691698594,1.2287309630582934,-1.388780039595479e-06,-0.1978813105623411,1.4,2.0869565217391304,7
129.4605000003946,0.08111279756441404,1.228442334448587,-2.4575392177394695e-06,-0.19505572972566124,1.4,2.0869565217391304,7
129.48050000039413,0.08259403487919388,1.2281579166036811,-1.8743024825037232e-06,-0.1922319048860299,1.4,2.0869565217391304,7
129.50050000039366,0.08407558005381281,1.2278777447321247,-1.4267284503833602e-06,-0.18940846334946038,1.4,2.0869565217391304,7
129.52050000039318,0.0855572541320105,1.22760179280119,-2.502705251491426e-07,-0.18658592718170094,1.4,2.0869565217391304,7
129.5405000003927,0.08704045442160066,1.2273301844590034,-1.8787744480812616e-06,-0.18376129267760682,1.4,2.0869565217391304,7
129.56050000039224,0.08852380843785483,1.227062964929829,-2.593065600712315e-06,-0.18093721343668434,1.4,2.0869565217391304,7
129.58050000039177,0.09000650489060225,1.226799859246271,-1.9063883566742956e-06,-0.17811487239216334,1.4,2.0869565217391304,7
129.6005000003913,0.09148981706113087,1.2265410205341722,-7.432394705833076e-07,-0.175292571533367,1.4,2.0869565217391304,7
129.62050000039082,0.092974400154482,1.2262865269999703,-2.1986736177641234e-06,-0.17246856012515333,1.4,2.0869565217391304,7
129.64050000039035,0.09445859639720962,1.2260363088211927,-2.506811848446029e-06,-0.16964582427381703,1.4,2.0869565217391304,7
129.66050000038987,0.09594158641337672,1.2257901529757327,1.2335130547203142e-08,-0.16682592336875118,1.4,2.0869565217391304,7
129.6805000003894,0.09742737920092583,1.2255483891862704,-2.4259018086557815e-06,-0.16400170131357436,1.4,2.0869565217391304,7
129.70050000038893,0.09891235711163586,1.225311048722052,-2.6296885933839783e-06,-0.161179509143084,1.4,2.0869565217391304,7
129.72050000038845,0.1003960407769544,1.225077732145097,-5.521051364143006e-07,-0.15835999161751715,1.4,2.0869565217391304,7
129.74050000038798,0.10188146457376944,1.2248489314466557,-1.3392231299382732e-06,-0.15553859848773482,1.4,2.0869565217391304,7
129.7605000003875,0.10336721796402407,1.2246244519939427,-2.7931471745833806e-06,-0.15271674734933652,1.4,2.0869565217391304,7
129.78050000038704,0.104851624290938,1.224404139563344,-1.5978400543448612e-06,-0.14989760567791124,1.4,2.0869565217391304,7
129.80050000038656,0.1063367638966839,1.2241880921506023,-1.336018697402897e-06,-0.14707802700437814,1.4,2.0869565217391304,7
129.8205000003861,0.10782282068634048,1.2239766102117542,-2.841318745034093e-06,-0.14425717708771998,1.4,2.0869565217391304,7
129.84050000038562,0.10930711791003218,1.2237692068515416,-1.0619843686802689e-06,-0.14143960041944076,1.4,2.0869565217391304,7
129.86050000038514,0.11079309823988473,1.2235662725261631,-1.8465820405182905e-06,-0.13862003252169786,1.4,2.0869565217391304,7
129.88050000038467,0.11227944742235142,1.2233679763377876,-3.250897816248589e-06,-0.1358000353949835,1.4,2.0869565217391304,7
129.9005000003842,0.1137638667217493,1.2231737643904965,-6.066936339897218e-07,-0.1329840313395274,1.4,2.0869565217391304,7
129.92050000038373,0.11525149468091912,1.2229842786060512,-3.558634429507918e-06,-0.13016256213097077,1.4,2.0869565217391304,7
129.94050000038325,0.11673612815238534,1.222799347358198,-7.559854206784883e-07,-0.12734698761556165,1.4,2.0869565217391304,7
129.96050000038278,0.11822313263168722,1.2226189210932072,-1.8128397104497555e-06,-0.12452811469719366,1.4,2.0869565217391304,7
129.9805000003823,0.11971022620320533,1.222443151192745,-3.4137367198484614e-06,-0.12170918562065872,1.4,2.0869565217391304,7
130.00050000038183,0.12119551017493818,1.222271624695833,-8.465309231619907e-07,-0.11889403564850834,1.4,2.0869565217391304,7
130.02050000038136,0.12268341372687806,1.2221049293746153,-3.089261749016761e-06,-0.1160744349062792,1.4,2.0869565217391304,7
130.0405000003809,0.1241690444359429,1.2219428108548318,-1.262133513948417e-06,-0.11325935965138703,1.4,2.0869565217391304,7
130.06050000038042,0.1256562220111141,1.22178510831759,-1.7505921110542562e-06,-0.11044212832050168,1.4,2.0869565217391304,7
130.08050000037994,0.127142949780854,1.2216317170678523,-6.486766202045171e-07,-0.10762525766961031,1.4,2.0869565217391304,7
130.10050000037947,0.12863098750616905,1.221482396579095,-9.07137744398637e-08,-0.10480597008013773,1.4,2.0869565217391304,7
130.120500000379,0.13012007323158756,1.22133756053213,-1.1380628698383814e-07,-0.10198486446947791,1.4,2.0869565217391304,7
130.14050000037852,0.13160994173650595,1.2211973750763594,-2.148762005313574e-07,-0.09916273887504935,1.4,2.0869565217391304,7
130.16050000037805,0.13310021701107067,1.2210614890130314,-1.971790843664655e-07,-0.09633996807876245,1.4,2.0869565217391304,7
130.18050000037758,0.13459089476244906,1.2209300147211422,-2.1789390680900136e-07,-0.09351659893685833,1.4,2.0869565217391304,7
130.2005000003771,0.1360819663155382,1.2208033929849091,-1.6481119033705453e-07,-0.09069292776555991,1.4,2.0869565217391304,7
130.22050000037663,0.13757334758977244,1.2206812764816233,-2.0976330653812032e-07,-0.08786883191683206,1.4,2.0869565217391304,7
130.24050000037616,0.13906498899456113,1.2205633461701235,-2.9693747511415226e-07,-0.08504410554434563,1.4,2.0869565217391304,7
130.26050000037569,0.14055671045114781,1.2204499330777974,-3.1217573449920307e-07,-0.08221937954304658,1.4,2.0869565217391304,7
130.2805000003752,0.14204836170492763,1.220341178135699,-2.6306050649619075e-07,-0.07939498572477116,1.4,2.0869565217391304,7
130.30050000037474,0.14354032355694055,1.220237044582891,-5.537949630449117e-07,-0.07657013293644635,1.4,2.0869565217391304,7
130.32050000037427,0.1450325089295683,1.220137663395753,-6.486775595349793e-07,-0.0737450201754835,1.4,2.0869565217391304,7
130.3405000003738,0.1465245736215511,1.220042936186804,-3.9793763059264927e-07,-0.07092031473156916,1.4,2.0869565217391304,7
130.36050000037332,0.1480165314247202,1.2199523413813527,-2.4019869167899877e-07,-0.0680955085665999,1.4,2.0869565217391304,7
130.38050000037285,0.14950853419686522,1.219866017276458,-3.4667365137107177e-07,-0.06527030011692775,1.4,2.0869565217391304,7
130.40050000037238,0.1510003615049115,1.2197842446047886,-2.349500826421057e-07,-0.06244539970672619,1.4,2.0869565217391304,7
130.4205000003719,0.1524919778793204,1.2197069609287505,-1.2903445624682943e-07,-0.05962074060680551,1.4,2.0869565217391304,7
130.44050000037143,0.15398365139484813,1.2196345786951006,-2.0120127328562418e-07,-0.05679609451396536,1.4,2.0869565217391304,7
130.46050000037096,0.1554751464701347,1.2195663777033485,-2.4678044454811884e-07,-0.05397133260004008,1.4,2.0869565217391304,7
130.48050000037048,0.15696659420036438,1.2195023630271642,-4.061744814472169e-07,-0.05114621656113779,1.4,2.0869565217391304,7
130.50050000037,0.15845776060095482,1.2194427620798325,-2.3558493249929203e-07,-0.048321433467371375,1.4,2.0869565217391304,7
130.52050000036954,0.15994893901415963,1.2193873438888496,-3.724937542964554e-07,-0.045496012640351476,1.4,2.0869565217391304,7
130.54050000036906,0.16143993239536533,1.2193369589376426,-2.985462836976657e-07,-0.042671070653499885,1.4,2.0869565217391304,7
130.5605000003686,0.1629308720715763,1.2192904602042856,-2.446878313377767e-07,-0.03984540653943602,1.4,2.0869565217391304,7
130.58050000036812,0.16442156757726187,1.2192478999136858,-2.3046531662661764e-07,-0.0370194679790867,1.4,2.0869565217391304,7
130.60050000036765,0.16591204956579964,1.2192092934955678,-3.8132627028848053e-07,-0.03419316981735157,1.4,2.0869565217391304,7
130.62050000036717,0.16740209631855718,1.21917500540981,-1.7669968198561068e-07,-0.03136722755149505,1.4,2.0869565217391304,7
130.6405000003667,0.16889188993838108,1.2191450490414673,-1.7050411047044954e-07,-0.028541195256346807,1.4,2.0869565217391304,7
130.66050000036623,0.17038146902731013,1.2191194284826428,-1.57329466743824e-07,-0.025715047584662372,1.4,2.0869565217391304,7
130.68050000036575,0.1718708054761828,1.2190980088308663,-3.068750011878278e-07,-0.022888580066408093,1.4,2.0869565217391304,7
130.70050000036528,0.1733598028728799,1.2190809231425914,-2.252409490731632e-07,-0.02006225716194787,1.4,2.0869565217391304,7
130.7205000003648,0.17484853701005934,1.2190681364722447,-3.555287156559868e-07,-0.017235688204109104,1.4,2.0869565217391304,7
130.74050000036434,0.1763370845438164,1.2190596881190503,-2.654074219106155e-07,-0.01440888716416387,1.4,2.0869565217391304,7
130.76050000036386,0.17782520548140324,1.219055157963641,-1.959151947796551e-07,-0.011581915244438521,1.4,2.0869565217391304,7
130.7805000003634,0.17931303488441794,1.219054737741109,-5.097748911645488e-07,-0.008754666538817601,1.4,2.0869565217391304,7
130.80050000036292,0.1808004137529508,1.2190587033702198,-1.8182705704390188e-07,-0.005927554091728627,1.4,2.0869565217391304,7
130.82050000036244,0.1822874908531538,1.2190670997399813,-2.9130318554323673e-07,-0.0031003201634044377,1.4,2.0869565217391304,7
130.84050000036197,0.18377415091089255,1.2190795445335256,-1.8877006727701555e-07,-0.0002730134455854843,1.4,2.0869565217391304,7
130.8605000003615,0.18526045632343008,1.2190959794587954,-2.4071905962908033e-07,0.0025546205441879747,1.4,2.0869565217391304,7
130.88050000036102,0.1867463387230435,1.2191170707590637,-2.3714718474321437e-07,0.00538210253807376,1.4,2.0869565217391304,7
130.90050000036055,0.1882318677304992,1.2191424053527196,-2.0636290967339383e-07,0.00820986327029332,1.4,2.0869565217391304,7
130.92050000036008,0.18971709726171174,1.2191718367519842,-2.77909412221074e-07,0.011037978620630934,1.4,2.0869565217391304,7
130.9405000003596,0.19120176812366005,1.2192053221332548,-1.8364300860541262e-07,0.013866101092608997,1.4,2.0869565217391304,7
130.96050000035913,0.192685951986039,1.2192428755039124,-2.0080240947071334e-07,0.01669429935340307,1.4,2.0869565217391304,7
130.98050000035866,0.19416963611006866,1.2192845083342632,-3.019823351620035e-07,0.019522666402893473,1.4,2.0869565217391304,7
131.0005000003582,0.19565278287378796,1.2193304706508006,-1.8062484279005587e-07,0.022351021023041092,1.4,2.0869565217391304,7
131.0205000003577,0.1971355138076205,1.2193808213520716,-1.8854592378395526e-07,0.025179395818567457,1.4,2.0869565217391304,7
131.04050000035724,0.19861766620529459,1.219435278467902,-1.7838746345537098e-07,0.028007837502810103,1.4,2.0869565217391304,7
131.06050000035677,0.20009931647969742,1.2194938049503623,-2.7646894913036063e-07,0.030836481450979256,1.4,2.0869565217391304,7
131.0805000003563,0.20158043107401213,1.2195564806500936,-2.580825377370032e-07,0.03366525857482577,1.4,2.0869565217391304,7
131.10050000035582,0.20306095697307586,1.219623257906512,-1.809072672607391e-07,0.0364941038686406,1.4,2.0869565217391304,7
131.12050000035535,0.204540880120948,1.2196941740816534,-1.54589622157643e-07,0.039322892390893746,1.4,2.0869565217391304,7
131.14050000035488,0.20602019031746124,1.2197692305887122,-1.901432540603396e-07,0.04215178235193966,1.4,2.0869565217391304,7
131.1605000003544,0.2074989557441546,1.2198486500049237,-2.4549260007862315e-07,0.04498077155915446,1.4,2.0869565217391304,7
131.18050000035393,0.20897718143075852,1.219932231939583,-3.189343797233318e-07,0.04780985539527448,1.4,2.0869565217391304,7
131.20050000035346,0.21045493112969954,1.22001997074549,-2.719852453697893e-07,0.05063937983325189,1.4,2.0869565217391304,7
131.22050000035298,0.2119320223196067,1.220111733802608,-2.7623475444172426e-07,0.05346896574771819,1.4,2.0869565217391304,7
131.2405000003525,0.2134084474200718,1.2202077994114335,-2.0684519157375884e-07,0.05629854986871518,1.4,2.0869565217391304,7
131.26050000035204,0.21488448713984337,1.22030755295362,-3.2364412141298073e-07,0.059128985059125914,1.4,2.0869565217391304,7
131.28050000035157,0.21635978192644767,1.2204116181796325,-4.0705364975759483e-07,0.061959121114288265,1.4,2.0869565217391304,7
131.3005000003511,0.2178346004560058,1.2205198032641087,-2.970820388720849e-07,0.06478985939047884,1.4,2.0869565217391304,7
131.32050000035062,0.21930886741910066,1.2206316974516411,-1.3223534855082953e-07,0.0676212209932451,1.4,2.0869565217391304,7
131.34050000035015,0.2207825286645298,1.2207473114753795,-1.4701476084572648e-07,0.07045299172346901,1.4,2.0869565217391304,7
131.36050000034967,0.22225554947225598,1.22086650484733,-2.4289922585661605e-07,0.07328526271524159,1.4,2.0869565217391304,7
131.3805000003492,0.22372794135107638,1.2209897687061453,-2.3333428091274306e-07,0.07611786053407181,1.4,2.0869565217391304,7
131.40050000034873,0.2251998786603816,1.2211168324674901,-2.2085177329512629e-07,0.07895131369458155,1.4,2.0869565217391304,7
131.42050000034826,0.22667106424073144,1.2212479027158685,-3.155475734557262e-07,0.08178486278479939,1.4,2.0869565217391304,7
131.44050000034778,0.2281414258825365,1.2213825792309962,-2.981481679990891e-07,0.08461873208862457,1.4,2.0869565217391304,7
131.4605000003473,0.22961122797236833,1.2215211478214436,-6.109716435859412e-08,0.0874531210226373,1.4,2.0869565217391304,7
131.48050000034684,0.2310805263522558,1.2216640185322303,-2.1128819848171694e-07,0.0902881692681334,1.4,2.0869565217391304,7
131.50050000034636,0.23254899764798906,1.2218104132025678,-1.2222771957743857e-07,0.0931233966644188,1.4,2.0869565217391304,7
131.5205000003459,0.23401677686196656,1.2219604821070915,-2.1326727989832707e-07,0.09595926936948912,1.4,2.0869565217391304,7
131.54050000034542,0.2354838151258583,1.2221144912730955,-1.7097143747566337e-07,0.09879537877649933,1.4,2.0869565217391304,7
131.56050000034494,0.236950143045924,1.2222722775817532,-2.407133217815882e-07,0.10163207869708196,1.4,2.0869565217391304,7
131.58050000034447,0.23841571214477889,1.2224340032426388,-1.6830288070947947e-07,0.10446913800708987,1.4,2.0869565217391304,7
131.600500000344,0.23988057599010137,1.222599411145345,-1.29226171796616e-07,0.10730668174556014,1.4,2.0869565217391304,7
131.62050000034353,0.24134466757345668,1.222768471907396,-2.9256473868614015e-07,0.11014473871651985,1.4,2.0869565217391304,7
131.64050000034305,0.24280785191958182,1.2229416256904797,-2.2570535895456634e-07,0.11298289374818068,1.4,2.0869565217391304,7
131.66050000034258,0.24427032039032792,1.2231185295077978,-1.6561413799429286e-07,0.11582160123475407,1.4,2.0869565217391304,7
131.6805000003421,0.2457320696065285,1.223299228115448,-2.8932169624633117e-07,0.1186609501466871,1.4,2.0869565217391304,7
131.70050000034163,0.2471929631835466,1.2234837353299157,-1.543843533056884e-07,0.12150054198547706,1.4,2.0869565217391304,7
131.72050000034116,0.24865299049478673,1.2236719703983157,-1.7478240976475874e-07,0.12434060599511948,1.4,2.0869565217391304,7
131.7405000003407,0.25011351116589836,1.2238647088603174,-3.6391499278757016e-06,0.12718317451437086,1.4,2.0869565217391304,7
131.76050000034022,0.25156845298879654,1.2240607804168069,2.9611760542483433e-09,0.1300164881047092,1.4,2.0869565217391304,7
131.78050000033974,0.2530242248596797,1.2242615227771017,-1.602306666223431e-06,0.13285347441386938,1.4,2.0869565217391304,7
131.80050000033927,0.2544778079818274,1.2244659242504898,-2.2767681818879464e-06,0.1356882908843593,1.4,2.0869565217391304,7
131.8205000003388,0.2559293165692093,1.2246737449416556,-2.027290065085093e-06,0.13852134564008553,1.4,2.0869565217391304,7
131.84050000033832,0.257378826455305,1.2248847335021564,-1.9987573430193688e-07,0.14135249800733846,1.4,2.0869565217391304,7
131.86050000033785,0.25882832367387204,1.2251001131924109,-1.5181633355618732e-06,0.14418590448744892,1.4,2.0869565217391304,7
131.88050000033738,0.2602763385853488,1.2253193936379596,-2.297712964878965e-06,0.1470186256388262,1.4,2.0869565217391304,7
131.9005000003369,0.2617225238368127,1.225542251579203,-1.82529464487194e-06,0.14985004901008944,1.4,2.0869565217391304,7
131.92050000033643,0.263167168092028,1.2257687036118294,-1.617911144097985e-07,0.15268039530978814,1.4,2.0869565217391304,7
131.94050000033596,0.2646119137333526,1.2259996970798164,-1.6179440322137774e-06,0.1555132391368834,1.4,2.0869565217391304,7
131.9605000003355,0.2660558113585006,1.2262346863751126,-2.782265365625263e-06,0.15834678804471905,1.4,2.0869565217391304,7
131.980500000335,0.26749777457842877,1.2264732903284408,-1.9082436960803897e-06,0.1611788737231911,1.4,2.0869565217391304,7
132.00050000033454,0.2689388341420516,1.2267158036532864,-6.559274920380388e-07,0.1640110894656882,1.4,2.0869565217391304,7
132.02050000033407,0.2703797006638981,1.2269628714933656,-1.5153555469716967e-06,0.16684523768049028,1.4,2.0869565217391304,7
132.0405000003336,0.2718194445784921,1.2272139364011512,-2.1006420565768438e-06,0.1696795056215841,1.4,2.0869565217391304,7
132.06050000033312,0.27325784419787963,1.2274688712909632,-2.060412204472696e-06,0.17251344875616612,1.4,2.0869565217391304,7
132.08050000033265,0.2746948969733362,1.2277276132402473,-1.3113920172759826e-06,0.17534708208346894,1.4,2.0869565217391304,7
132.10050000033218,0.2761311178442168,1.22799038631073,-4.058205532905983e-07,0.1781810745720703,1.4,2.0869565217391304,7
132.1205000003317,0.27756758103291296,1.2282575941724039,-1.756264249191331e-06,0.18101818976999162,1.4,2.0869565217391304,7
132.14050000033123,0.2790023680837565,1.2285286874411363,-1.9444681798170705e-06,0.18385431845800745,1.4,2.0869565217391304,7
132.16050000033076,0.2804363014322107,1.2288038365041314,-2.1071517297776585e-06,0.1866911047550191,1.4,2.0869565217391304,7
132.18050000033028,0.28186890746971716,1.2290828612639026,-1.7804013779933138e-06,0.1895277307560083,1.4,2.0869565217391304,7
132.2005000003298,0.2833004276778511,1.2293657759051453,-1.2000464967802826e-06,0.19236457852770214,1.4,2.0869565217391304,7
132.22050000032934,0.2847311107414498,1.229652741051381,-1.8040735575401894e-07,0.1952018736905819,1.4,2.0869565217391304,7
132.24050000032886,0.286161798671456,1.2299440273514828,-1.4105733304474722e-06,0.1980419735942333,1.4,2.0869565217391304,7
132.2605000003284,0.2875914193470339,1.230239307256834,-2.1816615840905815e-06,0.20088238809949155,1.4,2.0869565217391304,7
132.28050000032792,0.28901995152179255,1.2305385284924186,-2.6423224831638856e-06,0.203723150170375,1.4,2.0869565217391304,7
132.30050000032745,0.29044722293653463,1.230841646658778,-2.0732376393816503e-06,0.206563965906004,1.4,2.0869565217391304,7
132.32050000032697,0.29187322857541265,1.231148582671212,-5.814735279795664e-07,0.2094047732357115,1.4,2.0869565217391304,7
132.3405000003265,0.2932993223095977,1.2314601330610893,-8.692729080116087e-07,0.21224776341868343,1.4,2.0869565217391304,7
132.36050000032603,0.29472475944584303,1.231775890562418,-1.5976950620256904e-06,0.21509229965036103,1.4,2.0869565217391304,7
132.38050000032555,0.29614901887873224,1.2320954264899997,-1.9832071622460977e-06,0.21793711894443393,1.4,2.0869565217391304,7
132.40050000032508,0.29757261779024946,1.2324191079156426,-2.825613724655709e-06,0.22078317848479248,1.4,2.0869565217391304,7
132.4205000003246,0.2989941003905639,1.232746311238448,-1.3620391775061365e-06,0.22362758984287856,1.4,2.0869565217391304,7
132.44050000032414,0.30041559128224077,1.233077998769707,-1.9337934612545503e-06,0.22647459383954827,1.4,2.0869565217391304,7
132.46050000032366,0.30183526052443693,1.233413033195397,-4.060670149941508e-07,0.22932018936178447,1.4,2.0869565217391304,7
132.4805000003232,0.30325505549907006,1.2337526485485695,-1.5069731576999305e-06,0.23216903133827943,1.4,2.0869565217391304,7
132.50050000032272,0.30467337154247887,1.2340962279126615,-1.736210896840002e-06,0.2350174687479549,1.4,2.0869565217391304,7
132.52050000032224,0.3060905981206281,1.2344438126797135,-1.9482066308725676e-06,0.23786639347958893,1.4,2.0869565217391304,7
132.54050000032177,0.3075069303318718,1.2347953423010505,-2.8547172290254543e-06,0.24071617262531825,1.4,2.0869565217391304,7
132.5605000003213,0.3089215740719271,1.2351506996117818,-1.8221631704387314e-06,0.24356536460246542,1.4,2.0869565217391304,7
132.58050000032082,0.31033532993345203,1.2355102540706775,-1.5613231730650503e-06,0.24641529991590666,1.4,2.0869565217391304,7
132.60050000032035,0.31174795210611106,1.2358738374808957,-8.40594227864025e-07,0.24926563010912145,1.4,2.0869565217391304,7
132.62050000031988,0.3131595734754697,1.2362413211978742,-5.39852375245093e-07,0.25211673165833903,1.4,2.0869565217391304,7
132.6405000003194,0.3145702453117735,1.2366131351306908,-8.993515028532615e-08,0.25496829639321184,1.4,2.0869565217391304,7
132.66050000031893,0.31598055991323665,1.236988818482351,-1.1513809100470259e-06,0.2578221973823981,1.4,2.0869565217391304,7
132.68050000031846,0.31738924284709463,1.2373687456320694,-1.10074775983093e-06,0.26067565897762995,1.4,2.0869565217391304,7
132.700500000318,0.3187973499120841,1.2377524743616328,-2.0295045366023782e-06,0.26353069115486066,1.4,2.0869565217391304,7
132.72050000031751,0.32020367928620164,1.2381400048122524,-1.5974695585150607e-06,0.26638496811567597,1.4,2.0869565217391304,7
132.74050000031704,0.32160904529429196,1.2385315810190851,-1.876109362648939e-06,0.26923997401868804,1.4,2.0869565217391304,7
132.76050000031657,0.3230133466847955,1.2389271099968555,-2.4921747662778033e-06,0.2720958218387337,1.4,2.0869565217391304,7
132.7805000003161,0.32441605633337095,1.2393265101567643,-1.8823995225303906e-06,0.2749511834732787,1.4,2.0869565217391304,7
132.80050000031562,0.32581802885771427,1.2397300547414452,-2.428344259260757e-06,0.27780803166792983,1.4,2.0869565217391304,7
132.82050000031515,0.32721825097447843,1.2401373149036454,-1.6929634030741065e-06,0.2806640572101167,1.4,2.0869565217391304,7
132.84050000031468,0.3286178432159979,1.2405488442513088,-2.368147151903428e-06,0.2835217822986285,1.4,2.0869565217391304,7
132.8605000003142,0.33001573808496387,1.2409640565838154,-1.5935838791450848e-06,0.2863790001454487,1.4,2.0869565217391304,7
132.88050000031373,0.33141263516546765,1.2413834278040492,-1.3652616504241432e-06,0.28923696789738496,1.4,2.0869565217391304,7
132.90050000031326,0.33280856834581835,1.2418072273822294,-1.3488153760001006e-06,0.29209595587212045,1.4,2.0869565217391304,7
132.92050000031279,0.3342032539621721,1.2422347354770553,-1.4321755155989167e-06,0.29495530471713033,1.4,2.0869565217391304,7
132.9405000003123,0.3355963954383182,1.2426657860449957,-4.7124944654127464e-07,0.2978146395404004,1.4,2.0869565217391304,7
132.96050000031184,0.3369902415723712,1.2431007814399808,-4.3186331226109367e-07,0.30067860150894754,1.4,2.0869565217391304,7
132.98050000031137,0.33838419492564586,1.2435401355554536,-2.2788067543457633e-07,0.3035460107420243,1.4,2.0869565217391304,7
133.0005000003109,0.3397779058511407,1.243983745161479,-9.88413350796503e-08,0.30641584980963116,1.4,2.0869565217391304,7
133.02050000031042,0.3411712664540151,1.2444316201140018,-1.820906993225745e-07,0.30928794193954134,1.4,2.0869565217391304,7
133.04050000030995,0.3425640574701719,1.2448837205422816,-2.7150668235514996e-07,0.31216203308823604,1.4,2.0869565217391304,7
133.06050000030947,0.3439561805352402,1.2453400250454028,-4.1375989923202723e-07,0.31503750383017737,1.4,2.0869565217391304,7
133.080500000309,0.34534721247033173,1.245800418352711,-2.263711234702286e-07,0.3179138253237651,1.4,2.0869565217391304,7
133.10050000030853,0.3467375361936079,1.2462649867426234,-3.7751759243232795e-07,0.32079176314481284,1.4,2.0869565217391304,7
133.12050000030806,0.34812695293882584,1.2467336731174152,-4.210109799082243e-07,0.3236709175840088,1.4,2.0869565217391304,7
133.14050000030758,0.3495153082940847,1.247206442923085,-3.2457839061122183e-07,0.3265509324085385,1.4,2.0869565217391304,7
133.1605000003071,0.35090256869260666,1.2476833203136257,-2.592179255458862e-07,0.3294316621391859,1.4,2.0869565217391304,7
133.18050000030664,0.3522886621205992,1.248164243775072,-2.3763653247906275e-07,0.3323131440757263,1.4,2.0869565217391304,7
133.20050000030616,0.3536736505349385,1.2486492471011197,-2.036981205590285e-07,0.3351954795010564,1.4,2.0869565217391304,7
133.2205000003057,0.35505750698126903,1.2491382973907486,-4.152036524664592e-07,0.3380785805570396,1.4,2.0869565217391304,7
133.24050000030522,0.3564401902291012,1.24963143714461,-3.154620494593169e-07,0.3409624447005422,1.4,2.0869565217391304,7
133.26050000030475,0.3578217470605464,1.250128650603957,-3.3790942769644004e-07,0.343847146046519,1.4,2.0869565217391304,7
133.28050000030427,0.3592017906264706,1.2506298383232735,-1.7203765560935395e-07,0.3467319243839281,1.4,2.0869565217391304,7
133.3005000003038,0.36058058144573296,1.2511350488938344,-2.5872416418595035e-07,0.34961717464075676,1.4,2.0869565217391304,7
133.32050000030333,0.36195821835798825,1.2516443217813782,-5.412369939751082e-07,0.3525033953917962,1.4,2.0869565217391304,7
133.34050000030285,0.36333440297834235,1.25215760131808,-2.1745285203032524e-07,0.3553897737131555,1.4,2.0869565217391304,7
133.36050000030238,0.3647092468741334,1.2526748699242898,-2.0114557589916802e-07,0.35827656798650914,1.4,2.0869565217391304,7
133.3805000003019,0.3660827226414858,1.2531961794758213,-2.397113235795537e-07,0.3611639161444856,1.4,2.0869565217391304,7
133.40050000030143,0.36745485164657576,1.253721478813666,-2.856991678145919e-07,0.36405173535352486,1.4,2.0869565217391304,7
133.42050000030096,0.3688254446301145,1.2542507334540165,-1.7294859514723488e-07,0.3669396514818913,1.4,2.0869565217391304,7
133.4405000003005,0.3701947751079844,1.2547840298997477,-1.6301445737067797e-07,0.3698281678108624,1.4,2.0869565217391304,7
133.46050000030002,0.3715626160894952,1.255321309370048,-2.384784994791491e-07,0.37271706363727664,1.4,2.0869565217391304,7
133.48050000029954,0.37292900760822606,1.255862552312057,-2.044996461659608e-07,0.3756062970610323,1.4,2.0869565217391304,7
133.50050000029907,0.37429396896970896,1.2564078058310322,-1.834918430188761e-07,0.37849578836551345,1.4,2.0869565217391304,7
133.5205000002986,0.3756574499241127,1.2569570236533592,-1.7254093523966102e-07,0.3813857318342998,1.4,2.0869565217391304,7
133.54050000029812,0.3770196347513846,1.2575102519056363,-3.60206855796167e-07,0.38427625835048135,1.4,2.0869565217391304,7
133.56050000029765,0.3783802644452967,1.258067449392061,-2.5075606624719076e-07,0.38716708417715545,1.4,2.0869565217391304,7
133.58050000029718,0.3797394844840247,1.2586286704180407,-1.7388114259137726e-07,0.39005841973095584,1.4,2.0869565217391304,7
133.6005000002967,0.3810971882840573,1.2591938529407347,-3.010687938832444e-07,0.39295000685263465,1.4,2.0869565217391304,7
133.62050000029623,0.3824533708397905,1.2597629946893658,-1.9961577598069666e-07,0.39584191174469385,1.4,2.0869565217391304,7
133.64050000029576,0.38380807493229474,1.2603361096050492,-2.775224186196439e-07,0.39873418157135443,1.4,2.0869565217391304,7
133.6605000002953,0.3851612889438624,1.26091321159836,-3.8167506423803887e-07,0.40162694784567476,1.4,2.0869565217391304,7
133.6805000002948,0.38651286845185784,1.261494242727404,-2.4727532733388865e-07,0.4045198048473986,1.4,2.0869565217391304,7
133.70050000029434,0.3878629643144421,1.2620792723734395,-3.0754141174522917e-07,0.4074130716869444,1.4,2.0869565217391304,7
133.72050000029387,0.3892114708166666,1.2626682261570115,-1.347849509875645e-07,0.4103065626762815,1.4,2.0869565217391304,7
133.7405000002934,0.39055846630438135,1.263261159688309,-3.295249890137141e-07,0.41320051334987234,1.4,2.0869565217391304,7
133.76050000029292,0.3919040224497915,1.2638580714501575,-2.9462271899329784e-07,0.41609502278235233,1.4,2.0869565217391304,7
133.78050000029245,0.39324803085689863,1.2644589356056122,-2.548613786542315e-07,0.41898998242691715,1.4,2.0869565217391304,7
133.80050000029198,0.39459051881656493,1.2650638158641876,-1.6470309903801903e-07,0.42188534048648724,1.4,2.0869565217391304,7
133.8205000002915,0.39593145876620867,1.2656726749962501,-3.1918506838633447e-07,0.4247810883897226,1.4,2.0869565217391304,7
133.84050000029103,0.39727080667545317,1.2662854825325804,-3.4908876045817305e-07,0.4276772424985795,1.4,2.0869565217391304,7
133.86050000029056,0.3986084348722504,1.266902172241977,-3.3544225998884287e-07,0.430573425731796,1.4,2.0869565217391304,7
133.88050000029008,0.3999443917512974,1.2675227985901816,-1.2115641472794773e-07,0.4334697044306131,1.4,2.0869565217391304,7
133.9005000002896,0.4012787779396905,1.2681473838844672,-2.62882730246256e-07,0.43636646599783235,1.4,2.0869565217391304,7
133.92050000028914,0.40261156999933834,1.268775941956899,-2.730951768115131e-07,0.43926362769223537,1.4,2.0869565217391304,7
133.94050000028867,0.40394251132370296,1.2694083269947098,-2.3898676519344143e-07,0.4421605001017496,1.4,2.0869565217391304,7
133.9605000002882,0.405271824972692,1.270044671025529,-3.149334912280708e-07,0.4450579341113051,1.4,2.0869565217391304,7
133.98050000028772,0.40659953535606613,1.2706849368759743,-2.105592930181139e-07,0.4479557204440293,1.4,2.0869565217391304,7
134.00050000028725,0.40792566598246316,1.2713291776391087,-2.212806380095235e-07,0.45085391717011475,1.4,2.0869565217391304,7
134.02050000028677,0.40924999798054956,1.2719773394765046,-2.705209913314379e-07,0.4537522612262602,1.4,2.0869565217391304,7
134.0405000002863,0.4105726435400261,1.2726294001540637,-4.985746080748314e-07,0.45665069427139887,1.4,2.0869565217391304,7
134.06050000028583,0.4118934709368767,1.2732853719990562,-1.6135188953102104e-07,0.4595492728995525,1.4,2.0869565217391304,7
134.08050000028535,0.41321255316284083,1.27394517715971,-2.2481576151561648e-07,0.4624480343612584,1.4,2.0869565217391304,7
134.10050000028488,0.4145299292212919,1.2746089085249188,-2.9027654765150825e-07,0.4653471518462579,1.4,2.0869565217391304,7
134.1205000002844,0.4158455294283482,1.2752765469911975,-1.8954971169309663e-07,0.46824635298840545,1.4,2.0869565217391304,7
134.14050000028394,0.41715944666629656,1.2759481204325689,-2.1001656467065687e-07,0.4711458387163826,1.4,2.0869565217391304,7
134.16050000028346,0.4184715451008618,1.2766235699762327,-2.8652873568800153e-07,0.47404557719239215,1.4,2.0869565217391304,7
134.180500000283,0.4197818588059605,1.2773028750557645,-4.423174830901531e-09,0.4769453697976889,1.4,2.0869565217391304,7
134.20050000028252,0.4210905417200893,1.2779861652398654,-1.691862012349778e-07,0.47984581558604156,1.4,2.0869565217391304,7
134.22050000028204,0.42239745301187887,1.2786733182080043,-2.9050252292297586e-07,0.4827463883505792,1.4,2.0869565217391304,7
134.24050000028157,0.423702606828925,1.2793644443746686,-1.335790721770359e-07,0.48564737296575944,1.4,2.0869565217391304,7
134.2605000002811,0.4250059819459002,1.2800594311407525,-1.3881428530307658e-07,0.4885485696010689,1.4,2.0869565217391304,7
134.28050000028063,0.4263075994199884,1.2807583228514396,-3.5440922704595367e-07,0.49145005104564105,1.4,2.0869565217391304,7
134.30050000028015,0.4276071063549056,1.2814609604826779,-1.7328040199163296e-07,0.49435110642752794,1.4,2.0869565217391304,7
134.32050000027968,0.42890485473773654,1.2821674970500765,-9.85527068705128e-08,0.49725257670439094,1.4,2.0869565217391304,7
134.3405000002792,0.43020090557470136,1.2828780134272557,-1.771967644418565e-07,0.5001544863617141,1.4,2.0869565217391304,7
134.36050000027873,0.4314949665974715,1.2835923357168533,-3.69494939430062e-07,0.5030563416791969,1.4,2.0869565217391304,7
134.38050000027826,0.4327869791456407,1.2843103801915423,-2.6498152281888704e-07,0.5059578407055858,1.4,2.0869565217391304,7
134.4005000002778,0.4340771706378573,1.2850323646037827,-2.2559765626276611e-07,0.5088597020458266,1.4,2.0869565217391304,7
134.42050000027731,0.43536549245233386,1.285758174326577,-1.2873592725136555e-07,0.5117617062842004,1.4,2.0869565217391304,7
134.44050000027684,0.4366519408720768,1.2864878363051635,-2.4852613886297155e-07,0.5146640951681121,1.4,2.0869565217391304,7
134.46050000027637,0.4379365888360737,1.2872214112373654,-2.1627369349724097e-07,0.5175666034071322,1.4,2.0869565217391304,7
134.4805000002759,0.4392191635875124,1.287958764611661,-2.1922453590498081e-07,0.5204691293489957,1.4,2.0869565217391304,7
134.50050000027542,0.440499986575134,1.2887000307608865,-2.1950164862002165e-07,0.5233719894398071,1.4,2.0869565217391304,7
134.52050000027495,0.4417787943783649,1.289445097695595,-2.9189793431974465e-07,0.5262749364266499,1.4,2.0869565217391304,7
134.54050000027448,0.44305575395688085,1.2901940600880555,-1.8293018439574895e-07,0.5291782402375365,1.4,2.0869565217391304,7
134.560500000274,0.4443308907662751,1.2909468830558706,-2.0972378787625916e-07,0.5320818280482134,1.4,2.0869565217391304,7
134.58050000027353,0.44560397299292986,1.2917035468122773,-3.940505936013603e-08,0.5349854244983885,1.4,2.0869565217391304,7
134.60050000027306,0.4468737650544864,1.292464511384283,-5.642398413705069e-07,0.5378863247401833,1.4,2.0869565217391304,7
134.62050000027259,0.4481396360986666,1.2932288635835085,-4.968807316877163e-07,0.5407828058801523,1.4,2.0869565217391304,7
134.6405000002721,0.4494025370563422,1.2939963721321204,-1.0708796332367988e-06,0.5436776292239884,1.4,2.0869565217391304,7
134.66050000027164,0.4506617877047784,1.2947664865860558,-5.292071565878899e-08,0.5465683946824109,1.4,2.0869565217391304,7
134.68050000027117,0.4519189043494723,1.29554051600479,-1.0122074042606784e-06,0.5494594617261247,1.4,2.0869565217391304,7
134.7005000002707,0.4531727247615543,1.2963171341475332,-1.799156627721503e-07,0.5523473556149263,1.4,2.0869565217391304,7
134.72050000027022,0.45442439501074516,1.297097959197688,-1.184542148355744e-06,0.5552355951362368,1.4,2.0869565217391304,7
134.74050000026975,0.4556731909318684,1.2978818502141494,-9.402794426053288e-07,0.5581220539977755,1.4,2.0869565217391304,7
134.76050000026927,0.4569194681968414,1.298669073585202,-5.159013716564637e-07,0.5610072032636921,1.4,2.0869565217391304,7
134.7805000002688,0.458163588035714,1.2994601643770634,-1.3664431876739e-06,0.5638925953073882,1.4,2.0869565217391304,7
134.80050000026833,0.45940491025655233,1.3002542017117549,-6.437657807180661e-07,0.5667764029770161,1.4,2.0869565217391304,7
134.82050000026786,0.46064450343072744,1.301052342692436,-9.63287059597301e-07,0.569660954747507,1.4,2.0869565217391304,7
134.84050000026738,0.461881500902486,1.301853802177304,-9.476811849744956e-07,0.5725445614689748,1.4,2.0869565217391304,7
134.8605000002669,0.46311610867200353,1.3026588084331108,-5.890407515594664e-07,0.5754274201422964,1.4,2.0869565217391304,7
134.88050000026644,0.4643487290548697,1.3034677698667145,-1.1767757047007636e-06,0.5783109992728462,1.4,2.0869565217391304,7
134.90050000026596,0.46557865015239663,1.304279766257698,-4.1900016395320926e-07,0.5811933026738008,1.4,2.0869565217391304,7
134.9205000002655,0.46680701645516276,1.305096137454415,-9.520935196184917e-07,0.5840768041854116,1.4,2.0869565217391304,7
134.94050000026502,0.4680328832742584,1.3059158199561958,-1.0038110825392756e-06,0.5869597540446647,1.4,2.0869565217391304,7
134.96050000026455,0.46925629799162055,1.306738757119433,-2.2082470979766884e-07,0.5898416463822779,1.4,2.0869565217391304,7
134.98050000026407,0.4704779462726524,1.3075659618877462,-1.0855391874855487e-06,0.5927249638174917,1.4,2.0869565217391304,7
135.0005000002636,0.4716969669815158,1.308396341036725,-9.493456838458556e-07,0.5956072071985716,1.4,2.0869565217391304,7
135.02050000026313,0.47291407554737297,1.3092305029442595,-1.0690260808928568e-06,0.5984898718420294,1.4,2.0869565217391304,7
135.04050000026265,0.4741291459558049,1.3100685875981197,-1.1324413348295927e-06,0.6013733064727099,1.4,2.0869565217391304,7
135.06050000026218,0.47534176875416034,1.3109098250881617,-4.553055704888967e-07,0.6042557778665699,1.4,2.0869565217391304,7
135.0805000002617,0.4765527609977611,1.311755549626294,-1.3277547483182614e-06,0.6071400515799592,1.4,2.0869565217391304,7
135.10050000026123,0.47776111068691796,1.312604425858163,-1.086189120529553e-06,0.6100233592694426,1.4,2.0869565217391304,7
135.12050000026076,0.47896727943503853,1.3134569306691386,-4.274305104432812e-07,0.6129064032735715,1.4,2.0869565217391304,7
135.1405000002603,0.4801715693672498,1.3143135775700852,-1.1600112754506207e-06,0.6157907878804049,1.4,2.0869565217391304,7
135.16050000025982,0.4813731504956495,1.3151729908657082,-2.1539900055822431e-07,0.6186738977593758,1.4,2.0869565217391304,7
135.18050000025934,0.48257300479899085,1.3160368976037027,-9.397519257156608e-07,0.6215580723222115,1.4,2.0869565217391304,7
135.20050000025887,0.4837704340995624,1.3169040681460273,-8.439796474660437e-07,0.6244422449764744,1.4,2.0869565217391304,7
135.2205000002584,0.48496577355171094,1.3177749682011382,-7.680652119756475e-07,0.6273264933828431,1.4,2.0869565217391304,7
135.24050000025792,0.486158735967431,1.3186495981110415,-1.3837594508076506e-06,0.6302109310591453,1.4,2.0869565217391304,7
135.26050000025745,0.48734914263762724,1.319527228837812,-2.3109463848057423e-07,0.6330945213224386,1.4,2.0869565217391304,7
135.28050000025698,0.4885376003175846,1.3204092284584321,-8.825192459688753e-07,0.6359789262486164,1.4,2.0869565217391304,7
135.3005000002565,0.4897236833116837,1.3212944970391263,-7.517273436865961e-07,0.6388634054890393,1.4,2.0869565217391304,7
135.32050000025603,0.4909074064320208,1.3221833165492545,-6.348054577142693e-07,0.6417474777999524,1.4,2.0869565217391304,7
135.34050000025556,0.49208893695380773,1.3230758699924479,-1.1716213817877746e-06,0.6446321508148005,1.4,2.0869565217391304,7
135.3605000002551,0.49326776662123556,1.323971516698095,-1.7803848707815633e-07,0.6475155502787351,1.4,2.0869565217391304,7
135.3805000002546,0.49444465165553175,1.3248714768874288,-1.403068169554696e-06,0.6504005178847343,1.4,2.0869565217391304,7
135.40050000025414,0.49561876069125915,1.3257741693836518,-4.030865050611635e-07,0.6532842512693295,1.4,2.0869565217391304,7
135.42050000025367,0.49679133587401464,1.3266814276347736,-1.2836214667395602e-06,0.6561698803994963,1.4,2.0869565217391304,7
135.4405000002532,0.49796099472485095,1.3275915360192152,-5.887274573922136e-07,0.6590542963416537,1.4,2.0869565217391304,7
135.46050000025272,0.4991286212127401,1.328505825461628,-1.2617623075711711e-06,0.6619393305918667,1.4,2.0869565217391304,7
135.48050000025225,0.5002936970501523,1.3294233282662369,-1.1428582408701002e-06,0.6648244235046014,1.4,2.0869565217391304,7
135.50050000025178,0.5014565564712079,1.3303445122823985,-5.023624570289545e-07,0.6677094701220715,1.4,2.0869565217391304,7
135.5205000002513,0.502617217922065,1.3312696084669613,-1.0083867345076162e-06,0.6705955300537638,1.4,2.0869565217391304,7
135.54050000025083,0.5037750991047911,1.3321977508370306,-5.5325919957350544e-08,0.67348025362216,1.4,2.0869565217391304,7
135.56050000025036,0.5049312838816528,1.3331301496201478,-1.1732365484365104e-06,0.6763672917905541,1.4,2.0869565217391304,7
135.58050000024988,0.50608444300878,1.3340653168687209,-3.146614972079859e-07,0.6792521994983421,1.4,2.0869565217391304,7
135.6005000002494,0.507235689569554,1.3350048848401639,-1.3244154889342348e-06,0.6821391123553434,1.4,2.0869565217391304,7
135.62050000024894,0.5083838022945907,1.335946965548108,1.7331365999485443e-08,0.6850236545628375,1.4,2.0869565217391304,7
135.64050000024847,0.509530059105961,1.3368936464682666,-1.2777103792434332e-06,0.6879104246747864,1.4,2.0869565217391304,7
135.660500000248,0.510673390541744,1.3378433004515289,-1.2904823170257918e-06,0.6907959728112899,1.4,2.0869565217391304,7
135.68050000024752,0.5118141736715561,1.3387961232143222,-7.061576625912915e-07,0.6936807833588868,1.4,2.0869565217391304,7
135.70050000024705,0.5129526958588358,1.3397526820578123,-8.15699579389601e-07,0.6965666763718569,1.4,2.0869565217391304,7
135.72050000024657,0.5140886857366004,1.3407128058923208,-9.031271799991633e-07,0.6994520507800567,1.4,2.0869565217391304,7
135.7405000002461,0.5152220294753073,1.3416765482929032,-1.3527351660252357e-06,0.7023376707690795,1.4,2.0869565217391304,7
135.76050000024563,0.5163528504193764,1.342643281807006,-7.934014273291584e-07,0.7052226059998862,1.4,2.0869565217391304,7
135.78050000024515,0.5174813439431735,1.3436137992789854,-8.971461653201491e-07,0.7081086101890177,1.4,2.0869565217391304,7
135.80050000024468,0.5186073541153453,1.3445879132806928,-7.79876949927157e-07,0.7109942593133506,1.4,2.0869565217391304,7
135.8205000002442,0.5197308973273254,1.3455654438151134,-8.498213374300258e-07,0.7138806467765745,1.4,2.0869565217391304,7
135.84050000024374,0.5208519395471315,1.3465466889335727,-7.950805226635977e-07,0.7167666733565061,1.4,2.0869565217391304,7
135.86050000024326,0.5219702445627865,1.3475313175047445,-1.2013831444722083e-06,0.7196527516645054,1.4,2.0869565217391304,7
135.8805000002428,0.523085679176578,1.348518957687263,-6.103976483023191e-07,0.7225375313898516,1.4,2.0869565217391304,7
135.90050000024232,0.5241988796807351,1.3495106177877427,-1.2892775941138638e-06,0.7254239053153042,1.4,2.0869565217391304,7
135.92050000024184,0.525309362966943,1.3505052432300886,-7.802691308896525e-07,0.7283092588516138,1.4,2.0869565217391304,7
135.94050000024137,0.526417334147984,1.3515035241067481,-1.010673716608216e-06,0.7311953951167942,1.4,2.0869565217391304,7
135.9605000002409,0.5275227112885531,1.3525052177434473,-8.62977299827544e-07,0.7340811042277686,1.4,2.0869565217391304,7
135.98050000024043,0.5286253511164141,1.3535101174810373,-6.603936170127174e-07,0.7369668457349243,1.4,2.0869565217391304,7
136.00050000023995,0.5297258497770102,1.354519124289889,-1.2514220798686155e-06,0.7398536331052387,1.4,2.0869565217391304,7
136.02050000023948,0.530823284380054,1.3555307881498688,2.0173920487070818e-08,0.7427391129915784,1.4,2.0869565217391304,7
136.040500000239,0.5319186291971875,1.3565470494788103,-1.6884833519353269e-06,0.7456268007326223,1.4,2.0869565217391304,7
136.06050000023853,0.5330105732716515,1.3575653440355593,-4.0726445514259505e-07,0.748511700491368,1.4,2.0869565217391304,7
136.08050000023806,0.5341003140414041,1.3585881409558793,-1.5518047787001302e-06,0.7513986578736636,1.4,2.0869565217391304,7
136.1005000002376,0.5351868723609944,1.3596133183789467,-6.604371906591675e-07,0.7542835212461216,1.4,2.0869565217391304,7
136.12050000023712,0.5362711153414698,1.3606423634501208,-1.1355197040847498e-06,0.7571699238986964,1.4,2.0869565217391304,7
136.14050000023664,0.5373526820254392,1.361674845973047,-8.114152672028652e-07,0.7600559357987611,1.4,2.0869565217391304,7
136.16050000023617,0.538431306790829,1.3627106681036938,-1.3121234079138344e-06,0.7629417537715527,1.4,2.0869565217391304,7
136.1805000002357,0.5395070941973397,1.3637496658539205,-5.569058074762764e-07,0.7658268763619821,1.4,2.0869565217391304,7
136.20050000023522,0.5405801611902996,1.3647920834006655,-9.754104082112789e-07,0.7687124812917513,1.4,2.0869565217391304,7
136.22050000023475,0.5416505963591833,1.365837864831345,-1.3225968134369286e-06,0.771597820225693,1.4,2.0869565217391304,7
136.24050000023428,0.5427178191618353,1.3668861665025178,-9.57330484606858e-08,0.7744820161498853,1.4,2.0869565217391304,7
136.2605000002338,0.5437830652688349,1.3679391961687322,-1.54839690058113e-06,0.777368437385903,1.4,2.0869565217391304,7
136.28050000023333,0.5448450034452342,1.36899451227448,-6.828445881705019e-07,0.7802529952664193,1.4,2.0869565217391304,7
136.30050000023286,0.5459044238151833,1.3700537296053061,-1.2974490841928908e-06,0.7831388181791692,1.4,2.0869565217391304,7
136.32050000023239,0.5469607696133787,1.3711159084280848,-8.301885542399789e-07,0.786023317681565,1.4,2.0869565217391304,7
136.3405000002319,0.5480142523477342,1.372181589360599,-1.2819204985637788e-06,0.7889082078661385,1.4,2.0869565217391304,7
136.36050000023144,0.5490647755378028,1.373250139959711,-5.827141175474564e-07,0.7917920751501135,1.4,2.0869565217391304,7
136.38050000023097,0.5501127518630954,1.3743225592126438,-1.2427513951706563e-06,0.7946772431782044,1.4,2.0869565217391304,7
136.4005000002305,0.5511576801483491,1.3753976686937206,-8.943057219967884e-07,0.797561114740203,1.4,2.0869565217391304,7
136.42050000023002,0.5521998346567789,1.3764764954568653,-1.3033960683460757e-06,0.8004458184180184,1.4,2.0869565217391304,7
136.44050000022955,0.5532391630490212,1.3775581912407449,-9.49174424035949e-07,0.8033297688956837,1.4,2.0869565217391304,7
136.46050000022908,0.5542756915699169,1.378643377000895,-9.993674630252953e-07,0.8062145041891507,1.4,2.0869565217391304,7
136.4805000002286,0.5553091866282861,1.379731795279392,-7.455105545710447e-07,0.8090982231474945,1.4,2.0869565217391304,7
136.50050000022813,0.5563398163265226,1.38082361592062,-1.2669855739418915e-06,0.811982497676089,1.4,2.0869565217391304,7
136.52050000022766,0.5573671356400897,1.3819179776503725,-4.659518720472125e-07,0.8148648779683297,1.4,2.0869565217391304,7
136.54050000022718,0.5583919203637014,1.383016210920391,-1.3432940672843023e-06,0.8177489923719868,1.4,2.0869565217391304,7
136.5605000002267,0.5594138609854217,1.384117352090862,-1.1452751037940268e-06,0.8206324890369963,1.4,2.0869565217391304,7
136.58050000022624,0.5604325913811065,1.3852212486505817,-3.928921075143662e-07,0.8235153553441372,1.4,2.0869565217391304,7
136.60050000022576,0.5614489902235342,1.3863295047863773,-1.1899557757623093e-06,0.8263998130881729,1.4,2.0869565217391304,7
136.6205000002253,0.5624619440388535,1.3874399541731994,-1.7038024532074563e-07,0.8292823659555272,1.4,2.0869565217391304,7
136.64050000022482,0.5634722434576438,1.3885546477587105,-1.6983511152273944e-06,0.8321666669668776,1.4,2.0869565217391304,7
136.66050000022435,0.5644791600683121,1.389671315050751,-5.583356564280502e-07,0.8350487031825452,1.4,2.0869565217391304,7
136.68050000022387,0.5654836006625544,1.3907920145021297,-1.1717701031079518e-06,0.8379327803108867,1.4,2.0869565217391304,7
136.7005000002234,0.5664848175555446,1.3919155468135969,-8.544621523820357e-07,0.8408154949342983,1.4,2.0869565217391304,7
136.72050000022293,0.567482791362712,1.3930424975141755,-1.441140608811781e-06,0.8436981179132984,1.4,2.0869565217391304,7
136.74050000022245,0.5684774342276551,1.3941716572281067,-2.731032595133099e-07,0.8465788693435455,1.4,2.0869565217391304,7
136.76050000022198,0.5694692930929168,1.39530473898551,-1.3488751747684722e-06,0.8494610405704283,1.4,2.0869565217391304,7
136.7805000002215,0.5704577210863722,1.3964398779916878,-1.9394575381116024e-07,0.8523410522641619,1.4,2.0869565217391304,7
136.80050000022104,0.571443656584021,1.3975793066861075,-1.5042377818757684e-06,0.8552234329659275,1.4,2.0869565217391304,7
136.82050000022056,0.5724261151622139,1.398720890425253,-4.473955349432543e-07,0.8581035699570078,1.4,2.0869565217391304,7
136.8405000002201,0.5734056546228148,1.3998660283769915,-1.104596259952406e-06,0.8609846396350244,1.4,2.0869565217391304,7
136.86050000021962,0.5743818883974794,1.401013930432964,-5.936367113371647e-07,0.8638644170318583,1.4,2.0869565217391304,7
136.88050000021914,0.5753551436385007,1.4021650339144343,-1.1987280071308476e-06,0.8667447856413427,1.4,2.0869565217391304,7
136.90050000021867,0.5763251076526972,1.4033189011333607,-4.38130891156617e-07,0.8696238854591035,1.4,2.0869565217391304,7
136.9205000002182,0.5772920189421239,1.4044761872048537,-1.1592375622525208e-06,0.8725036459263525,1.4,2.0869565217391304,7
136.94050000021772,0.5782556200021003,1.4056360631472933,-5.14578274297038e-07,0.8753820761518725,1.4,2.0869565217391304,7
136.96050000021725,0.5792161441648266,1.4067992523068635,-1.2510291876881417e-06,0.878260952746694,1.4,2.0869565217391304,7
136.98050000021678,0.5801731446646339,1.4079645964292116,-1.475649620824769e-07,0.8811379054572326,1.4,2.0869565217391304,7
137.0005000002163,0.5811275656831969,1.4091342033361491,-1.3534182671255018e-06,0.8840171539949396,1.4,2.0869565217391304,7
137.02050000021583,0.5820784969449279,1.410305877367642,-1.0155395522778941e-06,0.8868948716374746,1.4,2.0869565217391304,7
137.04050000021536,0.583026416879371,1.4114808108969017,-8.199154068326381e-07,0.8897725475022988,1.4,2.0869565217391304,7
137.0605000002149,0.5839711673314334,1.4126587755809725,-8.92439443235222e-07,0.8926502924288061,1.4,2.0869565217391304,7
137.0805000002144,0.5849125490063638,1.4138396972697524,-6.567426072686833e-07,0.8955273274982427,1.4,2.0869565217391304,7
137.10050000021394,0.5858508545270539,1.4150237603409448,-1.2664639444295397e-06,0.8984049221409783,1.4,2.0869565217391304,7
137.12050000021347,0.5867858855976832,1.4162103108576847,-7.445539242953242e-07,0.9012813400299697,1.4,2.0869565217391304,7
137.140500000213,0.5877177033676729,1.417400169929168,-1.0490388218368776e-06,0.9041584519636839,1.4,2.0869565217391304,7
137.16050000021252,0.5886462334832566,1.4185926032473797,-7.074313491206191e-07,0.9070343244585285,1.4,2.0869565217391304,7
137.18050000021205,0.5895715274573226,1.4197882679245504,-1.2100817688218532e-06,0.9099109550301026,1.4,2.0869565217391304,7
137.20050000021158,0.5904934860485067,1.4209863367341384,-5.627931860998576e-07,0.9127861326848439,1.4,2.0869565217391304,7
137.2205000002111,0.5914123441556477,1.422187840412374,-1.3409058900159288e-06,0.9156624371813603,1.4,2.0869565217391304,7
137.24050000021063,0.5923279360714879,1.423391780320278,-6.150387924049202e-07,0.9185377253252479,1.4,2.0869565217391304,7
137.26050000021016,0.5932403860217992,1.4245993056584427,-1.4672430412341702e-06,0.9214140649720333,1.4,2.0869565217391304,7
137.28050000020968,0.594149071781539,1.4258086654548898,-5.418294930084657e-07,0.9242882826599844,1.4,2.0869565217391304,7
137.3005000002092,0.5950546890852471,1.4270216836912597,-8.390160273400859e-07,0.9271631495465846,1.4,2.0869565217391304,7
137.32050000020874,0.5959568215649003,1.4282371394634858,-1.0067702450199326e-06,0.9300374821662549,1.4,2.0869565217391304,7
137.34050000020827,0.5968557066693339,1.4294554152823955,-9.841933909843016e-07,0.9329113750806087,1.4,2.0869565217391304,7
137.3605000002078,0.5977512698804596,1.4306766424892217,-1.4139359869467383e-06,0.9357855600600505,1.4,2.0869565217391304,7
137.38050000020732,0.5986432832829366,1.431899969473154,-1.9232982805870763e-07,0.938658024373433,1.4,2.0869565217391304,7
137.40050000020685,0.5995321830606644,1.4331269264831714,-1.0118436285214973e-06,0.9415319267936674,1.4,2.0869565217391304,7
137.42050000020637,0.6004176037217629,1.4343560489464153,-2.7221780929311885e-07,0.9444043966734385,1.4,2.0869565217391304,7
137.4405000002059,0.6012997851811808,1.4355888122895502,-1.5245585218321647e-06,0.9472781276715933,1.4,2.0869565217391304,7
137.46050000020543,0.602178172706792,1.4368232442686988,-9.328160784746149e-07,0.9501496824239387,1.4,2.0869565217391304,7
137.48050000020496,0.6030533531960285,1.438060920187163,-1.1075304572918094e-06,0.9530215679086795,1.4,2.0869565217391304,7
137.50050000020448,0.6039250544288973,1.4393010502163337,-1.1931225869971512e-06,0.955893054675267,1.4,2.0869565217391304,7
137.520500000204,0.604793345889569,1.4405438587699326,-7.770886765188225e-07,0.9587639680117207,1.4,2.0869565217391304,7
137.54050000020354,0.6056582694443076,1.4417896908384267,-1.2553181541007837e-06,0.9616353498553226,1.4,2.0869565217391304,7
137.56050000020306,0.6065195810360621,1.4430375294110644,-3.216504884935622e-07,0.9645053914393675,1.4,2.0869565217391304,7
137.5805000002026,0.6073776025087989,1.4442888553517412,-1.0389299975591906e-06,0.9673758887831948,1.4,2.0869565217391304,7
137.60050000020212,0.608232068727429,1.4455425823352375,-1.3009295366657176e-06,0.9702461747381024,1.4,2.0869565217391304,7
137.62050000020164,0.609083206000666,1.4467985828195107,-4.814851885452158e-07,0.9731155076797328,1.4,2.0869565217391304,7
137.64050000020117,0.6099308363009333,1.4480577969622364,-1.1642258673330624e-06,0.9759854316315114,1.4,2.0869565217391304,7
137.6605000002007,0.6107747777551188,1.4493187467375148,-1.6869768450530813e-07,0.978853765105268,1.4,2.0869565217391304,7
137.68050000020023,0.6116153463914208,1.4505832957412101,-9.551488672502733e-07,0.9817228481814502,1.4,2.0869565217391304,7
137.70050000019975,0.6124522224573427,1.4518498018554007,-9.701101557585956e-07,0.9845909817033595,1.4,2.0869565217391304,7
137.72050000019928,0.6132854737090124,1.4531185720178434,-3.8188303467484404e-07,0.9874580204846545,1.4,2.0869565217391304,7
137.7405000001988,0.6141153297532269,1.4543905101341046,-1.0918476801935767e-06,0.9903260182511695,1.4,2.0869565217391304,7
137.76050000019833,0.614941479374491,1.4556641347396917,-3.3008232935443393e-07,0.9931925820705088,1.4,2.0869565217391304,7
137.78050000019786,0.6157644720614512,1.4569413073270046,-8.913636615187726e-07,0.9960602267284917,1.4,2.0869565217391304,7
137.8005000001974,0.6165837395708114,1.458220437735451,-1.0589721498159865e-06,0.9989271692367594,1.4,2.0869565217391304,7
137.82050000019692,0.6173996469420211,1.4595024190222707,-9.1569119396578e-07,1.0017942066043526,1.4,2.0869565217391304,7
137.84050000019644,0.6182119294550711,1.4607866159569176,-5.839148512422742e-07,1.004660940969313,1.4,2.0869565217391304,7
137.86050000019597,0.6190206512525487,1.4620738231954817,-8.734081471051467e-07,1.007527761397651,1.4,2.0869565217391304,7
137.8805000001955,0.6198257661210486,1.4633633351535322,-1.205715967485503e-06,1.010394410309141,1.4,2.0869565217391304,7
137.90050000019502,0.6206271723182866,1.46465491673361,-4.368283173525424e-07,1.013259896441798,1.4,2.0869565217391304,7
137.92050000019455,0.6214250136957864,1.465949455779592,-1.181320654770202e-06,1.0161261072757024,1.4,2.0869565217391304,7
137.94050000019408,0.6222189854667353,1.4672455166252594,-3.22130693296763e-08,1.0189902716395691,1.4,2.0869565217391304,7
137.9605000001936,0.6230094708133754,1.468544976344467,-1.1126282263091243e-06,1.0218559982958606,1.4,2.0869565217391304,7
137.98050000019313,0.6237960844955948,1.4698457839948271,-7.008623647725907e-07,1.0247198868793885,1.4,2.0869565217391304,7
138.00050000019266,0.6245794199925743,1.4711498889582,-1.3087248757448625e-06,1.0275849608577186,1.4,2.0869565217391304,7
138.0205000001922,0.6253590391649212,1.4724556951335634,-5.957858514852386e-07,1.0304488590676262,1.4,2.0869565217391304,7
138.0405000001917,0.6261350559474982,1.4737646326650107,-1.6424231924674798e-06,1.0333139289973725,1.4,2.0869565217391304,7
138.06050000019124,0.626907355246,1.475075094324388,-4.6823694757816246e-07,1.0361773490898856,1.4,2.0869565217391304,7
138.08050000019077,0.6276760828070826,1.4763884799794527,-8.988918858017951e-07,1.0390418538122075,1.4,2.0869565217391304,7
138.1005000001903,0.6284413627087346,1.4777046679182713,-1.543664955637367e-06,1.0419066933056162,1.4,2.0869565217391304,7
138.12050000018982,0.6292025023604143,1.479022122465489,-6.153015391310437e-07,1.0447696991144728,1.4,2.0869565217391304,7
138.14050000018935,0.6299600387548797,1.4803426957825103,-1.029904271738158e-06,1.0476332111761948,1.4,2.0869565217391304,7
138.16050000018888,0.6307137089484124,1.4816645755994788,-7.133573546360092e-08,1.0504952187250747,1.4,2.0869565217391304,7
138.1805000001884,0.6314641030820088,1.4829900072389022,-1.4438811164962626e-06,1.0533596904003848,1.4,2.0869565217391304,7
138.20050000018793,0.6322106687469865,1.4843169888701158,-1.117588375394083e-06,1.056222638643753,1.4,2.0869565217391304,7
138.22050000018746,0.6329533585739154,1.4856463207715522,-1.0352455163875584e-06,1.0590853849384454,1.4,2.0869565217391304,7
138.24050000018698,0.6336922584653032,1.4869780490094267,-1.2723735360086395e-06,1.061947908851256,1.4,2.0869565217391304,7
138.2605000001865,0.6344273201144371,1.4883111364702597,-2.2872440345834685e-07,1.0648089570755235,1.4,2.0869565217391304,7
138.28050000018604,0.6351588852266138,1.4896475061546708,-1.3047639935151014e-06,1.0676720865609626,1.4,2.0869565217391304,7
138.30050000018556,0.6358868066285367,1.490985985524616,-1.8444964299793413e-06,1.0705347087437258,1.4,2.0869565217391304,7
138.3205000001851,0.636610777938241,1.4923259493237855,-6.332061303001724e-07,1.0733960158308284,1.4,2.0869565217391304,7
138.34050000018462,0.6373310680493558,1.493668281381122,1.2411639547671208e-07,1.0762576182668362,1.4,2.0869565217391304,7
138.36050000018415,0.6380477676625289,1.4950138721250763,-1.8061465040339735e-06,1.0791209536761937,1.4,2.0869565217391304,7
138.38050000018367,0.638760523169367,1.4963608652377243,-1.313790448262687e-06,1.0819826221538282,1.4,2.0869565217391304,7
138.4005000001832,0.6394695385573929,1.4977098386551078,-8.771863565746166e-07,1.0848441248198641,1.4,2.0869565217391304,7
138.42050000018273,0.6401746730660706,1.4990607711090669,-2.7283858836844505e-07,1.0877055097406934,1.4,2.0869565217391304,7
138.44050000018225,0.640876173339884,1.5004149806354397,-1.3288198859049674e-06,1.090568136127731,1.4,2.0869565217391304,7
138.46050000018178,0.6415737760372896,1.5017707625537258,-1.813616485578107e-06,1.0934297750302493,1.4,2.0869565217391304,7
138.4805000001813,0.6422674646782641,1.5031282963196064,-1.7349882213582914e-06,1.0962906847867404,1.4,2.0869565217391304,7
138.50050000018084,0.6429573102895281,1.504487666350748,-1.2997415383936238e-06,1.0991511439382562,1.4,2.0869565217391304,7
138.52050000018036,0.6436432204407064,1.5058489914834179,-3.361850272989616e-07,1.1020111977293574,1.4,2.0869565217391304,7
138.5405000001799,0.6443252973754469,1.5072130843612126,-1.658995344581584e-06,1.104872404759778,1.4,2.0869565217391304,7
138.56050000017942,0.645003543167483,1.5085788566378302,-1.7617582954839813e-06,1.107732664870924,1.4,2.0869565217391304,7
138.58050000017894,0.645677902997495,1.5099465822039124,-1.973465871883798e-06,1.1105927046570938,1.4,2.0869565217391304,7
138.60050000017847,0.6463482181973851,1.5113159202073947,-1.4892863349398132e-06,1.1134518213688942,1.4,2.0869565217391304,7
138.620500000178,0.6470146010953315,1.5126867333285638,-5.329491568482936e-07,1.1163098247687901,1.4,2.0869565217391304,7
138.64050000017752,0.6476772359012724,1.514060163633811,-4.823379631110519e-07,1.119169043601401,1.4,2.0869565217391304,7
138.66050000017705,0.648335866142458,1.5154354869171103,-6.975197767079078e-07,1.1220281498432527,1.4,2.0869565217391304,7
138.68050000017658,0.648990743286094,1.516813093729237,-1.5122424344663847e-06,1.124887351015798,1.4,2.0869565217391304,7
138.7005000001761,0.6496416339101346,1.5181925632746571,-1.8400942657732683e-06,1.1277462551026651,1.4,2.0869565217391304,7
138.72050000017563,0.6502885350137722,1.519573582903967,-1.9188735042147114e-06,1.130604272446158,1.4,2.0869565217391304,7
138.74050000017516,0.6509314671948769,1.5209563341317867,-1.626824675858254e-06,1.1334619470194387,1.4,2.0869565217391304,7
138.7605000001747,0.6515703458770176,1.522340520807451,-6.145985055598211e-07,1.1363185435557155,1.4,2.0869565217391304,7
138.78050000017421,0.6522054835639212,1.523727184539096,-8.470543682666512e-07,1.1391762097397207,1.4,2.0869565217391304,7
138.80050000017374,0.652836440495096,1.525115015320581,3.3596828044747657e-09,1.1420324877384431,1.4,2.0869565217391304,7
138.82050000017327,0.6534635124512569,1.5265052639168424,-8.241664718135326e-07,1.144889725076914,1.4,2.0869565217391304,7
138.8405000001728,0.654086674824599,1.527897204173228,-1.0030781766836206e-06,1.147746307088427,1.4,2.0869565217391304,7
138.86050000017232,0.6547058286544943,1.5292914131838402,-1.6013217642472068e-06,1.1506033921289014,1.4,2.0869565217391304,7
138.88050000017185,0.6553209510320864,1.530686900210823,-1.6943056206850539e-06,1.153459405022492,1.4,2.0869565217391304,7
138.90050000017138,0.6559320388418948,1.5320839764606553,-1.96278809317726e-06,1.1563148628634066,1.4,2.0869565217391304,7
138.9205000001709,0.6565391040817292,1.5334826527401266,-1.91217776390639e-06,1.1591698008786908,1.4,2.0869565217391304,7
138.94050000017043,0.6571420535075114,1.5348827739574125,-1.638239371513945e-06,1.1620240843624465,1.4,2.0869565217391304,7
138.96050000016996,0.6577409903970283,1.5362845869762949,-1.3239634201277912e-06,1.1648779784378682,1.4,2.0869565217391304,7
138.98050000016949,0.6583357041531298,1.5376874759563997,-3.62481187316213e-07,1.167730503131108,1.4,2.0869565217391304,7
139.000500000169,0.6589265511804353,1.5390925002830935,-1.2027072102863432e-07,1.1705836130259677,1.4,2.0869565217391304,7
139.02050000016854,0.6595132975291558,1.5404991827727805,-4.976292932264003e-07,1.1734369462952214,1.4,2.0869565217391304,7
139.04050000016807,0.6600960642690762,1.5419078111947986,-1.0589446278698153e-06,1.1762899315082358,1.4,2.0869565217391304,7
139.0605000001676,0.6606747575296564,1.5433182604849713,-1.907341797194664e-06,1.179143027029067,1.4,2.0869565217391304,7
139.08050000016712,0.6612493973851062,1.5447297184744377,-2.0105728484333095e-06,1.1819949381121782,1.4,2.0869565217391304,7
139.10050000016665,0.6618199720354714,1.546142828191793,-1.9608384169664154e-06,1.1848467059151797,1.4,2.0869565217391304,7
139.12050000016617,0.662386501895992,1.5475574397415344,-2.0096844516847766e-06,1.1876980468054545,1.4,2.0869565217391304,7
139.1405000001657,0.6629489839682219,1.5489736386379072,-2.0839809540086766e-06,1.1905492061360368,1.4,2.0869565217391304,7
139.16050000016523,0.6635074055411162,1.5503912977505396,-2.009913075122941e-06,1.193399999987741,1.4,2.0869565217391304,7
139.18050000016476,0.6640616237717629,1.5518101862964118,-1.3426567861156344e-06,1.1962498252084255,1.4,2.0869565217391304,7
139.20050000016428,0.6646117243014922,1.5532305973216105,-8.19603259089184e-07,1.1990992830229572,1.4,2.0869565217391304,7
139.2205000001638,0.6651577967119153,1.5546525679354495,-9.677970290782023e-07,1.2019487160674822,1.4,2.0869565217391304,7
139.24050000016334,0.6656997822029396,1.5560760189946043,-7.726724313019194e-07,1.204797803195366,1.4,2.0869565217391304,7
139.26050000016286,0.6662378253671533,1.5575012960732062,-1.3669699233001627e-06,1.207647487482796,1.4,2.0869565217391304,7
139.2805000001624,0.6667716781077094,1.558927680516842,-1.1080653588456709e-06,1.2104960749690599,1.4,2.0869565217391304,7
139.30050000016192,0.6673015810798101,1.5603560939129082,-1.850751686336731e-06,1.2133456856973546,1.4,2.0869565217391304,7
139.32050000016145,0.6678272497412989,1.5617854141541558,-1.4337143088189978e-06,1.2161938622235031,1.4,2.0869565217391304,7
139.34050000016097,0.6683486680306249,1.5632158942710763,-7.919479689951029e-07,1.2190411763835702,1.4,2.0869565217391304,7
139.3605000001605,0.668866121846192,1.5646482516481766,-1.121547610406594e-06,1.2218891202772955,1.4,2.0869565217391304,7
139.38050000016003,0.6693792438905767,1.566081162983483,-4.436542775600016e-07,1.2247352605846606,1.4,2.0869565217391304,7
139.40050000015955,0.6698882840992559,1.5675156294688422,-2.5966778645149573e-07,1.2275813515918594,1.4,2.0869565217391304,7
139.42050000015908,0.6703932060804642,1.5689516671503487,-2.7372796919525364e-07,1.230427607259499,1.4,2.0869565217391304,7
139.4405000001586,0.6708940134874256,1.570388979798598,-2.9090753462048086e-07,1.2332734798093665,1.4,2.0869565217391304,7
139.46050000015813,0.6713907353301843,1.5718276021910547,-6.196493011219176e-07,1.2361190847386432,1.4,2.0869565217391304,7
139.48050000015766,0.6718832667139921,1.5732676685427307,-5.730268496854175e-07,1.2389645955479804,1.4,2.0869565217391304,7
139.5005000001572,0.6723715298469332,1.574708379765929,-1.5983328924216885e-07,1.241808572740215,1.4,2.0869565217391304,7
139.52050000015672,0.6728558481383995,1.5761511006711633,-8.078104620210975e-07,1.244653590872255,1.4,2.0869565217391304,7
139.54050000015624,0.6733358262231013,1.5775944239467623,-5.531456386307308e-07,1.2474971395870011,1.4,2.0869565217391304,7
139.56050000015577,0.673811758254561,1.5790396239011704,-7.992843414845221e-07,1.2503414761843794,1.4,2.0869565217391304,7
139.5805000001553,0.6742835912737206,1.580485986919332,-1.1028376943572004e-06,1.2531854637646034,1.4,2.0869565217391304,7
139.60050000015482,0.6747511024629057,1.581933007061111,-8.022270971228216e-07,1.2560280403497492,1.4,2.0869565217391304,7
139.62050000015435,0.6752145908114915,1.5833819925541757,-1.3433186663957673e-06,1.2588716849706463,1.4,2.0869565217391304,7
139.64050000015388,0.6756737287603224,1.5848313105478307,-9.376531266507362e-07,1.2617134470268028,1.4,2.0869565217391304,7
139.6605000001534,0.6761287668765956,1.586281967980172,-1.1102087440405933e-06,1.264555094259688,1.4,2.0869565217391304,7
139.68050000015293,0.6765795323473988,1.5877336261719384,-8.504993584949682e-07,1.2673960448928605,1.4,2.0869565217391304,7
139.70050000015246,0.677026134251244,1.5891864393113435,-8.951104154022425e-07,1.2702365772138464,1.4,2.0869565217391304,7
139.720500000152,0.6774686541337072,1.5906406510422644,-1.631054192094358e-06,1.2730773513330094,1.4,2.0869565217391304,7
139.7405000001515,0.677906884338285,1.5920955333269005,-1.4130542547950511e-06,1.2759168608452962,1.4,2.0869565217391304,7
139.76050000015104,0.6783410134797205,1.5935520805105605,-2.0506963727249858e-06,1.2787570596453497,1.4,2.0869565217391304,7
139.78050000015057,0.678770868341135,1.5950090861598507,-1.7332587955211225e-06,1.281595718235446,1.4,2.0869565217391304,7
139.8005000001501,0.6791965256148104,1.596467423644177,-1.910878065138425e-06,1.2844344649911887,1.4,2.0869565217391304,7
139.82050000014962,0.6796180536180497,1.5979270034932544,-2.4629788766699827e-06,1.2872733346206156,1.4,2.0869565217391304,7
139.84050000014915,0.6800353565691639,1.599386973923685,-1.8251799057629748e-06,1.290110727747196,1.4,2.0869565217391304,7
139.86050000014868,0.6804484331205588,1.60084833825752,-2.153549932654591e-06,1.292948358292862,1.4,2.0869565217391304,7
139.8805000001482,0.6808573848443747,1.602310763141756,-2.602484468675269e-06,1.295785990560159,1.4,2.0869565217391304,7
139.90050000014773,0.6812621734048538,1.6037727812633864,-2.1868507910998881e-07,1.298621120083593,1.4,2.0869565217391304,7
139.92050000014726,0.68166262635348,1.6052371128096845,-7.542103182403094e-08,1.3014575768684509,1.4,2.0869565217391304,7
139.94050000014678,0.6820588678437882,1.6067024433645876,-4.4098724365355864e-07,1.3042940742640685,1.4,2.0869565217391304,7
139.9605000001463,0.6824509441380602,1.6081691053427598,-1.4027071712089855e-06,1.3071311961766687,1.4,2.0869565217391304,7
139.98050000014584,0.682838793038198,1.609636541802178,-2.2335031371765074e-06,1.3099678389536504,1.4,2.0869565217391304,7
140.00050000014537,0.6832224493222333,1.6111046822273682,-2.6317419935275142e-06,1.3128038414688075,1.4,2.0869565217391304,7
140.0205000001449,0.6836017354700914,1.6125728588297243,-1.6711313753415347e-06,1.315638040386932,1.4,2.0869565217391304,7
140.04050000014442,0.6839767480720681,1.6140424930875978,-2.24015958419387e-06,1.3184728830858508,1.4,2.0869565217391304,7
140.06050000014395,0.6843475655772004,1.6155121717479104,-1.5003048786111033e-06,1.3213062247509006,1.4,2.0869565217391304,7
140.08050000014347,0.6847141095468009,1.616982409754185,-8.829869069243464e-07,1.3241388374454008,1.4,2.0869565217391304,7
140.100500000143,0.6850762828406634,1.6184535051171587,-5.988314491203169e-07,1.326971251557348,1.4,2.0869565217391304,7
140.12050000014253,0.685434391674583,1.6199260819925423,-1.0474300383221186e-06,1.3298043698553792,1.4,2.0869565217391304,7
140.14050000014205,0.6857881455116913,1.6213990234503022,-1.4952016391329552e-06,1.3326368161193038,1.4,2.0869565217391304,7
140.16050000014158,0.6861376086783925,1.6228727688478137,-2.2092696200027305e-06,1.335469109587753,1.4,2.0869565217391304,7
140.1805000001411,0.6864828152176053,1.6243469389612764,-2.331185148020359e-06,1.3383007155411422,1.4,2.0869565217391304,7
140.20050000014064,0.6868237682446507,1.6258213615680044,-2.0430986001158084e-06,1.3411313291449012,1.4,2.0869565217391304,7
140.22050000014016,0.6871605079305937,1.627296114880678,-1.188393011692969e-06,1.3439611383199037,1.4,2.0869565217391304,7
140.2405000001397,0.6874929571925713,1.628771700405632,-3.566513589887893e-07,1.3467906511641357,1.4,2.0869565217391304,7
140.26050000013922,0.687821160881816,1.630248579383966,-1.472078642217658e-06,1.3496213070636716,1.4,2.0869565217391304,7
140.28050000013874,0.6881449418528908,1.631725493730227,-1.472748622152642e-06,1.3524506057024548,1.4,2.0869565217391304,7
140.30050000013827,0.6884645345967242,1.633203250966443,-2.5558648139958025e-06,1.35528016356503,1.4,2.0869565217391304,7
140.3205000001378,0.6887798142583248,1.6346810759234678,-2.4774910081995283e-06,1.3581086504683846,1.4,2.0869565217391304,7
140.34050000013733,0.6890909065842938,1.6361587388837124,-1.391262736410769e-06,1.360935808621441,1.4,2.0869565217391304,7
140.36050000013685,0.6893977797652272,1.637637452483941,-8.638336698986894e-07,1.3637631701440003,1.4,2.0869565217391304,7
140.38050000013638,0.689700257800611,1.6391174617205106,-1.8203256994449203e-06,1.366591861028723,1.4,2.0869565217391304,7
140.4005000001359,0.6899984343730022,1.6405975189468442,-2.357996180950992e-06,1.3694196172451145,1.4,2.0869565217391304,7
140.42050000013543,0.6902924138917813,1.6420775693741296,-2.3863992297910748e-06,1.3722462814449046,1.4,2.0869565217391304,7
140.44050000013496,0.6905822170881023,1.643556947054922,-3.2802139576020574e-07,1.3750709516349386,1.4,2.0869565217391304,7
140.4605000001345,0.6908675790712266,1.6450385944398414,-1.2986130633196963e-06,1.3778978869800462,1.4,2.0869565217391304,7
140.48050000013401,0.6911485529499926,1.6465201028542615,-1.8894235703164666e-06,1.3807238449440902,1.4,2.0869565217391304,7
140.50050000013354,0.6914253097111767,1.648002005876694,-2.728789629221263e-06,1.3835497098807101,1.4,2.0869565217391304,7
140.52050000013307,0.6916978636978722,1.6494830728818086,-1.1376786273772505e-06,1.3863732662518256,1.4,2.0869565217391304,7
140.5405000001326,0.6919661943249443,1.650964738397191,-5.035400296308034e-07,1.3891966822445632,1.4,2.0869565217391304,7
140.56050000013212,0.6922301132420869,1.6524480074058698,-2.0415138309490105e-06,1.3920222339364865,1.4,2.0869565217391304,7
140.58050000013165,0.6924897040785873,1.6539306251703665,-2.1307230471195346e-06,1.3948457496067397,1.4,2.0869565217391304,7
140.60050000013118,0.6927450550412245,1.6554131351119639,-1.9447437439976047e-06,1.3976683824106766,1.4,2.0869565217391304,7
140.6205000001307,0.6929962506585384,1.6568951458579046,-1.8624530166134556e-07,1.4004892099240176,1.4,2.0869565217391304,7
140.64050000013023,0.693242949194672,1.6583788135071649,-1.3305764731467274e-06,1.4033122720321878,1.4,2.0869565217391304,7
140.66050000012976,0.6934853865824896,1.6598624071568835,-2.2817855147298905e-06,1.406134541880817,1.4,2.0869565217391304,7
140.68050000012929,0.693723538736857,1.6613456923150516,-2.1436011149784655e-06,1.4089556533902767,1.4,2.0869565217391304,7
140.7005000001288,0.6939576483306049,1.6628280603367105,-4.63975581711919e-08,1.4117744656785898,1.4,2.0869565217391304,7
140.72050000012834,0.694187234874757,1.6643123355864604,-1.5770109385426652e-06,1.4145959859984591,1.4,2.0869565217391304,7
140.74050000012787,0.6944125015342788,1.6657964840566575,-2.360757596132642e-06,1.4174167677413412,1.4,2.0869565217391304,7
140.7605000001274,0.6946336004238652,1.6672799738790174,-1.935509729102217e-06,1.4202360088458024,1.4,2.0869565217391304,7
140.78050000012692,0.69485054080961,1.668763269687076,-7.904547895288759e-07,1.4230541582255443,1.4,2.0869565217391304,7
140.80050000012645,0.6950629467028996,1.6702479157408239,-2.2485690520236656e-06,1.4258742387653718,1.4,2.0869565217391304,7
140.82050000012597,0.6952710427566774,1.6717320571813814,-2.3735581643661007e-06,1.4286930460494436,1.4,2.0869565217391304,7
140.8405000001255,0.6954750785137226,1.6732150531522065,-4.992642212475288e-07,1.4315092507357248,1.4,2.0869565217391304,7
140.86050000012503,0.695674246243828,1.6747000964729302,-1.9808490236684333e-06,1.4343284569883106,1.4,2.0869565217391304,7
140.88050000012456,0.6958689461077725,1.676184936834916,-2.846233346344958e-06,1.4371468535329466,1.4,2.0869565217391304,7
140.90050000012408,0.6960595813570523,1.67766827659388,-5.528880959922637e-07,1.4399620552264558,1.4,2.0869565217391304,7
140.9205000001236,0.6962451377031968,1.6791538603545257,-2.1345185379416934e-06,1.4427805300124648,1.4,2.0869565217391304,7
140.94050000012314,0.6964262384611105,1.6806388103603167,-2.580623559839141e-06,1.4455974555678344,1.4,2.0869565217391304,7
140.96050000012266,0.6966031598628187,1.6821226363926498,-4.515117516670021e-07,1.4484118845102185,1.4,2.0869565217391304,7
140.9805000001222,0.6967753024132872,1.683608504006678,-2.1719670788116167e-06,1.4512295958860644,1.4,2.0869565217391304,7
141.00050000012172,0.69694271999946,1.685093872743402,-2.703810240458572e-06,1.4540458817475057,1.4,2.0869565217391304,7
141.02050000012125,0.6971059387976047,1.68657786323958,-2.6821350534701574e-07,1.456859256763296,1.4,2.0869565217391304,7
141.04050000012077,0.6972643715076942,1.6880640666554343,-2.0064985864971274e-06,1.4596763005479705,1.4,2.0869565217391304,7
141.0605000001203,0.6974181079909157,1.6895500208323255,-2.9456307065619225e-06,1.462492594145648,1.4,2.0869565217391304,7
141.08050000011983,0.6975677434699494,1.6910343278744713,-4.6468239166706216e-07,1.4653055499601586,1.4,2.0869565217391304,7
141.10050000011935,0.6977126284382156,1.692521148604337,-2.598691668919956e-06,1.468122921228525,1.4,2.0869565217391304,7
141.12050000011888,0.697852676296565,1.6940067197567656,-2.1894027342194897e-06,1.4709375509085494,1.4,2.0869565217391304,7
141.1405000001184,0.6979885307741078,1.695491743429731,-6.809746433911618e-07,1.4737509050460462,1.4,2.0869565217391304,7
141.16050000011793,0.6981195884122555,1.6969787608572848,-2.7033358946554036e-06,1.4765678251827496,1.4,2.0869565217391304,7
141.18050000011746,0.6982461714363506,1.698464410322113,-2.1458644776280473e-06,1.4793822683063989,1.4,2.0869565217391304,7
141.200500000117,0.6983687704699316,1.6999505053313253,-1.942031355903921e-06,1.482197361855244,1.4,2.0869565217391304,7
141.22050000011652,0.6984862041972589,1.7014370928561369,-2.9441276390144867e-06,1.4850131061160405,1.4,2.0869565217391304,7
141.24050000011604,0.6985994029613036,1.7029219245092815,-3.795777682094838e-07,1.4878254575394756,1.4,2.0869565217391304,7
141.26050000011557,0.6987079648770133,1.7044091717886762,-2.599811523449642e-06,1.4906424131504827,1.4,2.0869565217391304,7
141.2805000001151,0.6988115983826063,1.705895303431295,-2.52838227482038e-06,1.4934570322035818,1.4,2.0869565217391304,7
141.30050000011462,0.6989112460118315,1.707380595168711,-9.983784276038193e-07,1.4962701143815276,1.4,2.0869565217391304,7
141.32050000011415,0.69900608489339,1.7088674265438701,-2.9229281739965538e-06,1.49908623133283,1.4,2.0869565217391304,7
141.34050000011368,0.6990963350922699,1.7103524942377344,-1.5393132529438795e-06,1.501899322107923,1.4,2.0869565217391304,7
141.3605000001132,0.699182902888925,1.711839269849343,-2.9383293608189154e-06,1.5047157189973785,1.4,2.0869565217391304,7
141.38050000011273,0.699263907981708,1.7133247894587493,-2.4365338130675014e-06,1.5075295803668332,1.4,2.0869565217391304,7
141.40050000011226,0.6993408740646728,1.7148098555703126,-1.095935373912987e-06,1.5103426403935314,1.4,2.0869565217391304,7
141.4205000001118,0.6994134505513107,1.7162966987697048,-3.5106527700353286e-06,1.5131597203417204,1.4,2.0869565217391304,7
141.4405000001113,0.6994813999966056,1.7177805765682737,-7.089445121795128e-07,1.515971433343128,1.4,2.0869565217391304,7
141.46050000011084,0.6995450646232269,1.71926670367444,-1.963327475005033e-06,1.5187873121672968,1.4,2.0869565217391304,7
141.48050000011037,0.6996044913165328,1.720752372793515,-3.334464085692457e-06,1.521603247542706,1.4,2.0869565217391304,7
141.5005000001099,0.6996599554568302,1.7222361054820767,-9.606630768099654e-07,1.5244158311705645,1.4,2.0869565217391304,7
141.52050000010942,0.6997108128847959,1.7237219756686553,-3.152332635476377e-06,1.527233101735258,1.4,2.0869565217391304,7
141.54050000010895,0.6997573475612858,1.7252054108062727,-1.2931228468100918e-06,1.5300462658070713,1.4,2.0869565217391304,7
141.56050000010848,0.6997998308547753,1.7266899684992665,-1.6559872401169507e-06,1.532861813268891,1.4,2.0869565217391304,7
141.580500000108,0.6998378112280689,1.7281744720858836,-2.8891013495047615e-06,1.535678045138584,1.4,2.0869565217391304,7
141.60050000010753,0.6998718345309993,1.7296565906375336,-4.1231729301655105e-09,1.538490364545762,1.4,2.0869565217391304,7
141.62050000010706,0.6999019613555225,1.7311413351772347,-2.7033724738091395e-06,1.5413086627523982,1.4,2.0869565217391304,7
141.64050000010658,0.6999275671348744,1.732624495451198,-2.8931625003150226e-06,1.544124683101109,1.4,2.0869565217391304,7
141.6605000001061,0.69994952927831,1.7341070495232913,-2.0040135943977885e-06,1.5469400973600365,1.4,2.0869565217391304,7
141.68050000010564,0.6999665987875433,1.7355903528350332,-3.1682025804214006e-06,1.5497576528162407,1.4,2.0869565217391304,7
141.70050000010517,0.6999796671454981,1.7370712584361732,-3.154029289926498e-07,1.5525711107657842,1.4,2.0869565217391304,7
141.7205000001047,0.6999886713125065,1.738554556191523,-2.8898859553161115e-06,1.5553903147362842,1.4,2.0869565217391304,7
141.74050000010422,0.6999931037118978,1.74003585073308,-2.3638655198459224e-06,1.5582063418168985,1.4,2.0869565217391304,7
141.76050000010375,0.6999937916423218,1.7415169079967787,-1.6903959449403055e-06,1.561022524704786,1.4,2.0869565217391304,7
141.78050000010327,0.6999899539985021,1.7429989244827393,-3.696521954801211e-06,1.5638416770999894,1.4,2.0869565217391304,7
141.8005000001028,0.6999820983330314,1.744478130440351,-6.55312232508425e-07,1.5666559748277018,1.4,2.0869565217391304,7
141.82050000010233,0.6999697059910276,1.7459591923509454,-2.5094461998600942e-06,1.5694747635251287,1.4,2.0869565217391304,7
141.84050000010185,0.6999537744164154,1.747438270850509,-6.357952099902761e-07,1.5722913109618082,1.4,2.0869565217391304,7
141.86050000010138,0.6999344353837694,1.7489185806080196,-2.1415870309343542e-07,1.5751116701209296,1.4,2.0869565217391304,7
141.8805000001009,0.6999112403563872,1.7503995263010903,-4.1815256679934596e-07,1.577934372053765,1.4,2.0869565217391304,7
141.90050000010044,0.699883795638011,1.751880523400023,-2.0207849615385262e-07,1.5807581205445143,1.4,2.0869565217391304,7
141.92050000009996,0.6998522782406016,1.7533615074147488,-1.9679038053577894e-07,1.583582843594694,1.4,2.0869565217391304,7
141.9405000000995,0.6998166610926938,1.7548423482012048,-3.909508426238033e-07,1.5864081350585366,1.4,2.0869565217391304,7
141.96050000009902,0.6997766967751038,1.756323080432026,-3.7963149022534493e-07,1.589234321956642,1.4,2.0869565217391304,7
141.98050000009854,0.6997326405088212,1.757803739137601,-4.6614110598151293e-07,1.592061311264622,1.4,2.0869565217391304,7
142.00050000009807,0.699684236450034,1.7592838147710896,-1.7722575411330623e-07,1.5948879984898974,1.4,2.0869565217391304,7
142.0205000000976,0.6996316281598226,1.760763737982754,-2.883003714980537e-07,1.5977154704502978,1.4,2.0869565217391304,7
142.04050000009713,0.6995740993925577,1.762243455979187,-2.9204300932788055e-07,1.6005432284807193,1.4,2.0869565217391304,7
142.06050000009665,0.6995128924552435,1.7637230281314131,-3.925371653230476e-07,1.6033719939962823,1.4,2.0869565217391304,7
142.08050000009618,0.6994474198000041,1.7652021268192895,-2.8294156690116744e-07,1.606200914767471,1.4,2.0869565217391304,7
142.1005000000957,0.6993778673559463,1.7666807662836215,-2.381776506738745e-07,1.6090300538479037,1.4,2.0869565217391304,7
142.12050000009523,0.6993044162678593,1.7681588906990522,-3.0547518849932875e-07,1.6118595889174954,1.4,2.0869565217391304,7
142.14050000009476,0.6992268348411753,1.769636482576758,-1.776081003409514e-07,1.6146892300367865,1.4,2.0869565217391304,7
142.1605000000943,0.6991452195589706,1.7711135179699546,-4.1998812267872073e-07,1.6175189467095625,1.4,2.0869565217391304,7
142.18050000009382,0.6990588399354566,1.7725901387507388,-2.2084748863226405e-07,1.620348914831545,1.4,2.0869565217391304,7
142.20050000009334,0.6989688258746191,1.7740661881399642,-3.311972318424011e-07,1.623179173237486,1.4,2.0869565217391304,7
142.22050000009287,0.6988747582764899,1.7755416278085911,-3.1434394347460236e-07,1.6260095141754065,1.4,2.0869565217391304,7
142.2405000000924,0.6987761722987403,1.7770164165110396,-2.607379926950533e-07,1.6288397603041245,1.4,2.0869565217391304,7
142.26050000009192,0.6986735472322108,1.7784908519087648,-2.7950903102063227e-07,1.6316706525446745,1.4,2.0869565217391304,7
142.28050000009145,0.6985668738754619,1.7799647898280462,-1.8168016280846447e-07,1.6345019807167747,1.4,2.0869565217391304,7
142.30050000009098,0.6984568653461156,1.7814382853827349,-3.2784405673090166e-07,1.6373342478716095,1.4,2.0869565217391304,7
142.3205000000905,0.698342924874838,1.782910932089289,-2.9042028706817727e-07,1.6401662868299243,1.4,2.0869565217391304,7
142.34050000009003,0.698225213737364,1.7843831817522229,-4.1911789215267963e-07,1.6429991765530823,1.4,2.0869565217391304,7
142.36050000008956,0.698103630985906,1.7858547793333566,-4.4192428660063457e-07,1.6458323442134395,1.4,2.0869565217391304,7
142.38050000008909,0.6979782633462649,1.787325711247861,-3.119918977783985e-07,1.648665944689617,1.4,2.0869565217391304,7
142.4005000000886,0.6978492494173885,1.7887960230937658,-4.22324138470532e-07,1.6514998358754074,1.4,2.0869565217391304,7
142.42050000008814,0.6977160566951651,1.7902655771793201,-1.863517322930353e-07,1.6543337393666553,1.4,2.0869565217391304,7
142.44050000008767,0.6975791190014072,1.7917345434797642,-1.3217218097159946e-07,1.6571682995167,1.4,2.0869565217391304,7
142.4605000000872,0.6974381199622371,1.7932029342011784,-2.2161650622072236e-07,1.660003261341847,1.4,2.0869565217391304,7
142.48050000008672,0.6972935069014055,1.7946706637469023,-1.9334934931015391e-07,1.6628387644764397,1.4,2.0869565217391304,7
142.50050000008625,0.6971450697878112,1.7961377088487414,-2.587114203877994e-07,1.6656747328078794,1.4,2.0869565217391304,7
142.52050000008578,0.6969928127454843,1.7976039855836763,-1.6036909306403682e-07,1.6685109451588873,1.4,2.0869565217391304,7
142.5405000000853,0.6968366616482018,1.7990696197866471,-2.0173711600324345e-07,1.6713475473293853,1.4,2.0869565217391304,7
142.56050000008483,0.6966768447632895,1.800534545482727,-3.335241042772492e-07,1.674184738919141,1.4,2.0869565217391304,7
142.58050000008436,0.6965128738949838,1.8019987556286359,-1.894110522744201e-07,1.6770221563812968,1.4,2.0869565217391304,7
142.60050000008388,0.6963453055755242,1.803462252820807,-2.2092536235244413e-07,1.6798602002383796,1.4,2.0869565217391304,7
142.6205000000834,0.6961739473506438,1.804925028486079,-3.213633909668289e-07,1.6826986742054482,1.4,2.0869565217391304,7
142.64050000008294,0.6959986225924716,1.8063870174176377,-2.921438384131893e-07,1.685537503121598,1.4,2.0869565217391304,7
142.66050000008246,0.6958194768431667,1.807848256155399,-2.476614909683264e-07,1.6883767880849392,1.4,2.0869565217391304,7
142.680500000082,0.6956364286377487,1.809308811888868,-1.711280120820517e-07,1.6912165629164757,1.4,2.0869565217391304,7
142.70050000008152,0.6954496682072796,1.8107685396705522,-2.1324850527059125e-07,1.6940567300888754,1.4,2.0869565217391304,7
142.72050000008105,0.695259099427259,1.812227574077598,-2.476193624428242e-07,1.6968976210589768,1.4,2.0869565217391304,7
142.74050000008057,0.6950646981233394,1.8136857332444123,-1.6060987820589175e-07,1.6997387315305506,1.4,2.0869565217391304,7
142.7605000000801,0.6948665061455631,1.8151432178493998,-5.425340787337856e-07,1.7025805435586476,1.4,2.0869565217391304,7
142.78050000007963,0.6946643794951458,1.8165997397673566,-1.5126676089180264e-07,1.7054225971500447,1.4,2.0869565217391304,7
142.80050000007915,0.694458558415581,1.81805554625074,-1.5654744218880327e-07,1.7082651287740087,1.4,2.0869565217391304,7
142.82050000007868,0.6942489070036888,1.81951046352481,-2.0071195409974495e-07,1.71110814226889,1.4,2.0869565217391304,7
142.8405000000782,0.6940354540127633,1.8209645541725288,-2.620256080284929e-07,1.7139516282698295,1.4,2.0869565217391304,7
142.86050000007774,0.6938181813912541,1.8224177766033873,-1.5633087067987857e-07,1.7167955547423188,1.4,2.0869565217391304,7
142.88050000007726,0.6935969533457874,1.8238702608247366,-1.9488248528068662e-07,1.7196400340901847,1.4,2.0869565217391304,7
142.9005000000768,0.6933716947835731,1.8253218356421228,-2.1133181245440987e-07,1.7224848822011123,1.4,2.0869565217391304,7
142.92050000007632,0.6931424105920324,1.8267725040026457,-5.9077560872405515e-08,1.7253299401656077,1.4,2.0869565217391304,7
142.94050000007584,0.692909087507478,1.8282224440594574,-1.0124848962275408e-07,1.7281758319937288,1.4,2.0869565217391304,7
142.96050000007537,0.6926717030542133,1.829671584045339,-1.7831837957758702e-07,1.7310221638384073,1.4,2.0869565217391304,7
142.9805000000749,0.6924301878724575,1.8311200388781301,-3.000529961147082e-07,1.7338693533435758,1.4,2.0869565217391304,7
143.00050000007442,0.6921846346735324,1.8325674509347982,-3.580885149026891e-07,1.736716591822846,1.4,2.0869565217391304,7
143.02050000007395,0.6919349156592773,1.8340142477255679,-1.2929671320727988e-07,1.7395648567385749,1.4,2.0869565217391304,7
143.04050000007348,0.6916811440545887,1.8354602550025123,-2.8874250581528013e-07,1.7424137244654143,1.4,2.0869565217391304,7
143.060500000073,0.6914232704034197,1.8369053710199843,-1.2980844883899318e-07,1.7452630280230859,1.4,2.0869565217391304,7
143.08050000007253,0.6911613238302198,1.838349709719976,-1.9688186633797802e-07,1.7481131005343395,1.4,2.0869565217391304,7
143.10050000007206,0.6908952470363082,1.8397932906737486,-1.0689756602840178e-07,1.75096383730255,1.4,2.0869565217391304,7
143.1205000000716,0.6906251079709422,1.8412360438060826,-1.7404288666784337e-07,1.7538152781185554,1.4,2.0869565217391304,7
143.1405000000711,0.6903508616409264,1.8426779705478518,-1.4753144164507113e-07,1.7566673585104295,1.4,2.0869565217391304,7
143.16050000007064,0.6900725126557706,1.844119054093793,-1.863736321496824e-07,1.7595201227191197,1.4,2.0869565217391304,7
143.18050000007017,0.6897901042726535,1.8455592954201079,-2.112796601749325e-07,1.762373507061876,1.4,2.0869565217391304,7
143.2005000000697,0.6895035998542068,1.846998699997976,-2.172244799826722e-07,1.7652276333796844,1.4,2.0869565217391304,7
143.22050000006922,0.6892130267764354,1.8484372402163955,-1.1595733288097149e-07,1.76808245862631,1.4,2.0869565217391304,7
143.24050000006875,0.6889183380677552,1.849875023371984,-1.8580340166376084e-07,1.7709380500665624,1.4,2.0869565217391304,7
143.26050000006828,0.6886195607808921,1.8513118670456143,-1.3527618553105036e-07,1.7737942260409592,1.4,2.0869565217391304,7
143.2805000000678,0.6883166918434099,1.8527478449642663,-1.2550743708312107e-07,1.7766511279169261,1.4,2.0869565217391304,7
143.30050000006733,0.68800913096251,1.8541838994136293,-2.8856277952348044e-06,1.7795104524100749,1.4,2.0869565217391304,7
143.32050000006686,0.6876981970739621,1.855615318787792,-3.550915437413761e-08,1.78236236099388,1.4,2.0869565217391304,7
143.34050000006638,0.6873825647013075,1.8570456256825427,-2.3976735447683867e-08,1.7852145746372636,1.4,2.0869565217391304,7
143.3605000000659,0.6870630872506993,1.8584744397872384,-9.394219735076481e-07,1.7880663433481596,1.4,2.0869565217391304,7
143.38050000006544,0.6867397880055973,1.859901003477842,-9.051371766775859e-07,1.7909161643719274,1.4,2.0869565217391304,7
143.40050000006497,0.6864123466260248,1.8613260502144682,-1.2333420630151e-06,1.7937655334980105,1.4,2.0869565217391304,7
143.4205000000645,0.6860811891703013,1.8627494677860608,-1.1996988924853661e-06,1.796614237342208,1.4,2.0869565217391304,7
143.44050000006402,0.6857461890462078,1.864171323384569,-1.3329367987801286e-06,1.799462554128439,1.4,2.0869565217391304,7
143.46050000006355,0.6854072671401051,1.865591812826455,-1.3377363489532423e-06,1.8023106672367701,1.4,2.0869565217391304,7
143.48050000006307,0.6850644258508536,1.8670108971540562,-1.3579846832752696e-06,1.8051586739480854,1.4,2.0869565217391304,7
143.5005000000626,0.6847176514467718,1.8684286211823058,-1.4395254017326912e-06,1.8080066466215996,1.4,2.0869565217391304,7
143.52050000006213,0.6843668729166125,1.86984547230138,-1.9372653000484697e-06,1.8108556263772788,1.4,2.0869565217391304,7
143.54050000006166,0.6840120268984805,1.871260669430489,-1.6732375796321373e-06,1.8137039653866498,1.4,2.0869565217391304,7
143.56050000006118,0.6836531867282116,1.8726752561316529,-2.1614031616015443e-06,1.8165538145003635,1.4,2.0869565217391304,7
143.5805000000607,0.6832905555590248,1.8740884950457073,-2.161327138839962e-06,1.8194038026368275,1.4,2.0869565217391304,7
143.60050000006024,0.6829239705659741,1.87550043476623,-1.7860246314764482e-06,1.8222538225140625,1.4,2.0869565217391304,7
143.62050000005976,0.6825532975286785,1.8769113079017012,-1.7547479824930048e-06,1.8251043997069907,1.4,2.0869565217391304,7
143.6405000000593,0.6821786706963331,1.8783211252653678,-2.233904568771825e-06,1.827955750055329,1.4,2.0869565217391304,7
143.66050000005882,0.6817999525158205,1.8797296899417455,-2.0924282490136575e-06,1.830807379256171,1.4,2.0869565217391304,7
143.68050000005834,0.6814172403306922,1.8811372998400557,-2.02732852239931e-06,1.8336598783983227,1.4,2.0869565217391304,7
143.70050000005787,0.6810305408368783,1.8825435528851824,-1.6950657011446943e-06,1.8365124351075557,1.4,2.0869565217391304,7
143.7205000000574,0.6806397166438273,1.8839488092086836,-1.7081374558100155e-06,1.8393657444681788,1.4,2.0869565217391304,7
143.74050000005693,0.6802451038666606,1.8853530284297288,-2.010779208905619e-06,1.8422198656626718,1.4,2.0869565217391304,7
143.76050000005645,0.6798466639839892,1.8867558802848454,-2.063745559686068e-06,1.8450741857571085,1.4,2.0869565217391304,7
143.78050000005598,0.6794439687539594,1.8881576439116636,-2.0166035884071147e-06,1.8479291061618486,1.4,2.0869565217391304,7
143.8005000000555,0.6790373286071907,1.8895583374535767,-1.8708079074762287e-06,1.85078478044418,1.4,2.0869565217391304,7
143.82050000005503,0.6786268694876199,1.8909576338719412,-1.571184173397464e-06,1.8536404663902923,1.4,2.0869565217391304,7
143.84050000005456,0.678212387222295,1.892355724356368,-1.4852728920616398e-06,1.8564965473742052,1.4,2.0869565217391304,7
143.8605000000541,0.6777940597919778,1.8937522188354188,-1.1915335739875895e-06,1.8593523995605725,1.4,2.0869565217391304,7
143.88050000005362,0.6773717024839785,1.8951478586196289,-1.3459103719260176e-06,1.8622094740234236,1.4,2.0869565217391304,7
143.90050000005314,0.6769454570762046,1.8965420922604368,-1.2034613375755894e-06,1.8650667476481042,1.4,2.0869565217391304,7
143.92050000005267,0.6765151947821324,1.8979352367947786,-1.0661893570924762e-06,1.867924696449645,1.4,2.0869565217391304,7
143.9405000000522,0.67608064876936,1.8993271295305543,-1.0015088847726227e-06,1.8707831819894185,1.4,2.0869565217391304,7
143.96050000005172,0.6756423107366959,1.9007179591318328,-7.859648607839995e-07,1.8736424472469366,1.4,2.0869565217391304,7
143.98050000005125,0.675200085710106,1.9021074848157984,-5.305061271126207e-07,1.8765021261977317,1.4,2.0869565217391304,7
144.00050000005078,0.6747538840331132,1.9034958092468977,-1.4446315297302927e-07,1.8793623211884143,1.4,2.0869565217391304,7
144.0205000000503,0.6743037584088515,1.9048827650206335,-1.4493588147498875e-08,1.8822229419344552,1.4,2.0869565217391304,7
144.04050000004983,0.6738495529993865,1.906268997768487,-2.268024898400749e-07,1.885084918516486,1.4,2.0869565217391304,7
144.06050000004936,0.6733910153841856,1.9076536601054475,-5.488318865839103e-07,1.8879472802168655,1.4,2.0869565217391304,7
144.0805000000489,0.6729286063523241,1.9090375042414252,-9.457634082680418e-07,1.8908106817121533,1.4,2.0869565217391304,7
144.1005000000484,0.6724625631783293,1.910419668198144,-6.199941608140736e-07,1.8936737155198788,1.4,2.0869565217391304,7
144.12050000004794,0.6719917786029858,1.9118010337902147,-1.3192361093029255e-06,1.896538220509399,1.4,2.0869565217391304,7
144.14050000004747,0.6715172433432567,1.913180987232172,-1.567732545779933e-06,1.89940295561696,1.4,2.0869565217391304,7
144.160500000047,0.6710390347070994,1.9145595656252037,-1.8367801968883424e-06,1.90226798299847,1.4,2.0869565217391304,7
144.18050000004652,0.6705567152029058,1.9159369218399387,-2.3248210601985847e-06,1.9051337243806405,1.4,2.0869565217391304,7
144.20050000004605,0.6700706733554738,1.9173125502250599,-1.58062397771666e-06,1.90799917004455,1.4,2.0869565217391304,7
144.22050000004558,0.6695803061216319,1.9186874857367953,-2.0511728788862663e-06,1.9108663020722514,1.4,2.0869565217391304,7
144.2405000000451,0.6690863281250123,1.9200607468267537,-1.8768844293697885e-06,1.913733284987577,1.4,2.0869565217391304,7
144.26050000004463,0.6685884918960967,1.9214324936064109,-1.2945391009487265e-06,1.9166002237448478,1.4,2.0869565217391304,7
144.28050000004416,0.6680863135281209,1.9228032667675692,-1.6717948419621098e-06,1.9194684813937724,1.4,2.0869565217391304,7
144.30050000004368,0.6675806243099623,1.924172037240166,-8.88715348496762e-07,1.922335784104071,1.4,2.0869565217391304,7
144.3205000000432,0.6670705197502251,1.925540055725301,-8.877948505423193e-07,1.9252048953974983,1.4,2.0869565217391304,7
144.34050000004274,0.6665566121329224,1.92690608549969,-2.2737553517878713e-07,1.9280735906097144,1.4,2.0869565217391304,7
144.36050000004226,0.6660382531754565,1.9282715286202319,-9.198886506922804e-07,1.930943891694234,1.4,2.0869565217391304,7
144.3805000000418,0.6655163677820718,1.9296353863728601,-1.659424814724739e-06,1.9338141686664843,1.4,2.0869565217391304,7
144.40050000004132,0.6649907175614379,1.9309977700251044,-2.1336034971955592e-06,1.9366847903787392,1.4,2.0869565217391304,7
144.42050000004085,0.6644614621020654,1.9323581118958049,-1.4391735133291257e-06,1.9395544760237882,1.4,2.0869565217391304,7
144.44050000004037,0.6639278171863046,1.9337174923967955,-1.7129932821192205e-06,1.9424256361776007,1.4,2.0869565217391304,7
144.4605000000399,0.6633905430233219,1.9350752176712147,-1.2785472625568336e-06,1.9452967310645937,1.4,2.0869565217391304,7
144.48050000003943,0.6628494086117822,1.9364315665429113,-1.1785708112869298e-06,1.9481682964439018,1.4,2.0869565217391304,7
144.50050000003895,0.6623040026897328,1.9377865291661174,-5.304559098879033e-07,1.9510405536135713,1.4,2.0869565217391304,7
144.52050000003848,0.6617549075040122,1.9391400767974825,-7.50248889604605e-08,1.9539131443931534,1.4,2.0869565217391304,7
144.540500000038,0.6612018405066721,1.9404922926699475,-5.976260039240895e-07,1.9567868673044864,1.4,2.0869565217391304,7
144.56050000003754,0.6606445418482927,1.9418433825970467,-1.1151934136302966e-06,1.959661223751104,1.4,2.0869565217391304,7
144.58050000003706,0.6600832808900587,1.943192701378537,-1.4000110423648503e-06,1.9625354079079458,1.4,2.0869565217391304,7
144.6005000000366,0.6595182755140316,1.9445403870708333,-1.6107122729323316e-06,1.9654095669811635,1.4,2.0869565217391304,7
144.62050000003612,0.6589494287046046,1.9458861362353392,-1.0792348699785472e-06,1.9682831794787676,1.4,2.0869565217391304,7
144.64050000003564,0.6583770105404958,1.9472300163319909,-2.776548868852457e-07,1.9711564165301843,1.4,2.0869565217391304,7
144.66050000003517,0.6578005048592468,1.9485731659625307,-4.1291193912528883e-07,1.9740317421562004,1.4,2.0869565217391304,7
144.6805000000347,0.6572201140197361,1.949914434945693,-5.790740571141271e-07,1.9769071410881014,1.4,2.0869565217391304,7
144.70050000003422,0.6566354489643874,1.9512545744114538,-1.6179005040848087e-06,1.9797831166759363,1.4,2.0869565217391304,7
144.72050000003375,0.6560471984901092,1.9525927704141295,-2.000831953403036e-06,1.9826587483706244,1.4,2.0869565217391304,7
144.74050000003328,0.6554552955016576,1.9539291291542658,-1.5233603419515866e-06,1.9855341419445582,1.4,2.0869565217391304,7
144.7605000000328,0.654859277716005,1.9552640004134165,-1.1613311854413261e-06,1.9884100313657727,1.4,2.0869565217391304,7
144.78050000003233,0.6542596190103506,1.9565969183207528,6.766386910174048e-08,1.991285612679771,1.4,2.0869565217391304,7
144.80050000003186,0.6536556158656451,1.9579290430344156,1.8535574350194567e-07,1.9941630027949362,1.4,2.0869565217391304,7
144.8205000000314,0.6530471533398677,1.9592601879758247,-1.5546179852627518e-06,1.9970425931275506,1.4,2.0869565217391304,7
144.84050000003091,0.6524354191029604,1.9605893138572998,-1.3016347543065036e-06,1.9999210702501504,1.4,2.0869565217391304,7
144.86050000003044,0.6518193500084075,1.9619169495992446,-1.6193635386925445e-06,2.0028000676422066,1.4,2.0869565217391304,7
144.88050000002997,0.6511994111263926,1.9632429033652674,-1.6022957026037828e-06,2.005679403410662,1.4,2.0869565217391304,7
144.9005000000295,0.65057587562227,1.964567056602661,-1.0396974651041454e-06,2.008558488222653,1.4,2.0869565217391304,7
144.92050000002902,0.6499484222675196,1.9658895123380695,-9.67683110909639e-08,2.0114379475372592,1.4,2.0869565217391304,7
144.94050000002855,0.649316876332985,1.9672109646590112,-1.1290939450771061e-06,2.014319246952712,1.4,2.0869565217391304,7
144.96050000002808,0.6486814810646423,1.9685306309953101,-1.6722003297586795e-06,2.0172002247010785,1.4,2.0869565217391304,7
144.9805000000276,0.6480422442237243,1.9698486581880355,-2.209751460946551e-06,2.020081582464374,1.4,2.0869565217391304,7
145.00050000002713,0.6473996027226554,1.9711644800326427,-1.6026939728215314e-06,2.0229619068346976,1.4,2.0869565217391304,7
145.02050000002666,0.6467530805618212,1.9724786305469333,-1.3298896786212502e-06,2.0258424885794053,1.4,2.0869565217391304,7
145.04050000002619,0.6461026707042642,1.9737908006455447,-4.215761830310188e-07,2.028722826572901,1.4,2.0869565217391304,7
145.0605000000257,0.645448356504864,1.9751016698486636,1.2305326370772717e-07,2.03160440366572,1.4,2.0869565217391304,7
145.08050000002524,0.6447894619737882,1.976411370172148,-1.3310285614754066e-06,2.034487765535591,1.4,2.0869565217391304,7
145.10050000002477,0.6441271027906117,1.977719114855487,-1.761539230910073e-06,2.0373702773750892,1.4,2.0869565217391304,7
145.1205000000243,0.6434612427187283,1.9790246832797906,-1.4791471442615158e-06,2.0402521126095343,1.4,2.0869565217391304,7
145.14050000002382,0.642791723323191,1.9803282772059183,-7.019009435638055e-07,2.0431336095333887,1.4,2.0869565217391304,7
145.16050000002335,0.6421184321401113,1.9816299976794547,-3.1568064936059246e-07,2.0460155815910688,1.4,2.0869565217391304,7
145.18050000002287,0.6414407075654505,1.9829307761291848,-9.818994608392074e-07,2.0488990597358163,1.4,2.0869565217391304,7
145.2005000000224,0.6407591671067673,1.984229630033302,-2.0264859061822314e-06,2.0517825247878023,1.4,2.0869565217391304,7
145.22050000002193,0.6400741115061469,1.9855262842341148,-1.477588338557877e-06,2.054665216215986,1.4,2.0869565217391304,7
145.24050000002146,0.6393853141877853,1.9868208672958516,-7.486543796649509e-07,2.057547506589075,1.4,2.0869565217391304,7
145.26050000002098,0.6386928510092974,1.988113586539881,-2.003538943831253e-07,2.0604302171366555,1.4,2.0869565217391304,7
145.2805000000205,0.6379957415681837,1.98940527424801,-1.3211676337949495e-06,2.063314468077149,1.4,2.0869565217391304,7
145.30050000002004,0.6372952214385063,1.9906945087570043,-1.0504546247639239e-06,2.0661974646173538,1.4,2.0869565217391304,7
145.32050000001956,0.6365913640295857,1.9919815897402062,-4.157799633669692e-07,2.0690798874100533,1.4,2.0869565217391304,7
145.3405000000191,0.6358833113639264,1.9932672626029606,-1.0440057136385292e-06,2.0719638852584685,1.4,2.0869565217391304,7
145.36050000001862,0.6351713375115701,1.994551071966165,-1.3857241022628709e-06,2.07484765903245,1.4,2.0869565217391304,7
145.38050000001815,0.6344557569262295,1.9958328472332554,-1.2872363827510387e-06,2.0777311547015826,1.4,2.0869565217391304,7
145.40050000001767,0.6337365105251924,1.9971123499919954,-6.531929720464091e-07,2.0806143093318283,1.4,2.0869565217391304,7
145.4205000000172,0.6330127749615914,1.9983908163264743,-1.8446463527425526e-06,2.0834992331921143,1.4,2.0869565217391304,7
145.44050000001673,0.6322859289890599,1.9996668589437814,-1.5555603349048814e-06,2.086382898077063,1.4,2.0869565217391304,7
145.46050000001625,0.6315553245471973,2.0009409260805597,-4.399819966967746e-07,2.0892666949509135,1.4,2.0869565217391304,7
145.48050000001578,0.6308206005452042,2.0022135895486106,-8.879173027413186e-07,2.092152076177436,1.4,2.0869565217391304,7
145.5005000000153,0.6300817618061987,2.0034845920985753,-1.725996111268708e-06,2.0950378810795214,1.4,2.0869565217391304,7
145.52050000001483,0.6293397581466722,2.004753093170973,-1.0101806834778126e-06,2.0979221490885527,1.4,2.0869565217391304,7
145.54050000001436,0.6285939535020413,2.0060195493062922,4.046382222903623e-08,2.100806680810859,1.4,2.0869565217391304,7
145.5605000000139,0.6278435626963795,2.0072849822465937,-1.4898778681797888e-06,2.103693692622447,1.4,2.0869565217391304,7
145.58050000001342,0.6270898444613847,2.008548123509528,-1.6238982203319271e-06,2.1065795839977812,1.4,2.0869565217391304,7
145.60050000001294,0.6263328078725637,2.009808609936618,-8.419556790190667e-08,2.1094640096283332,1.4,2.0869565217391304,7
145.62050000001247,0.6255713312500611,2.0110680254774085,-1.1218340568867015e-06,2.1123509778622673,1.4,2.0869565217391304,7
145.640500000012,0.6248063993879963,2.0123249212822496,-8.23060786380064e-07,2.1152363703291828,1.4,2.0869565217391304,7
145.66050000001152,0.6240379395724741,2.0135795230472033,-4.3438151971607166e-07,2.118121544232021,1.4,2.0869565217391304,7
145.68050000001105,0.6232651975534715,2.0148327201221403,-1.5959411638974998e-06,2.121007875837271,1.4,2.0869565217391304,7
145.70050000001058,0.6224890982451112,2.0160834109746273,-8.092786985161445e-07,2.123893064290704,1.4,2.0869565217391304,7
145.7205000000101,0.6217090052321058,2.017332130143414,-9.101970454033015e-07,2.126779025782988,1.4,2.0869565217391304,7
145.74050000000963,0.620925138868893,2.0185788644796108,-9.626031253279753e-07,2.12966468382235,1.4,2.0869565217391304,7
145.76050000000916,0.6201379159975663,2.019823561670325,-4.0666162819056367e-07,2.132550705764922,1.4,2.0869565217391304,7
145.7805000000087,0.6193463241943651,2.0210666242819557,-1.2614992776088953e-06,2.1354375529284817,1.4,2.0869565217391304,7
145.8005000000082,0.6185518654646807,2.0223068896244647,-2.088016171816424e-07,2.1383223904670445,1.4,2.0869565217391304,7
145.82050000000774,0.6177530238036167,2.023545794660534,-9.149270373572976e-07,2.141209587508479,1.4,2.0869565217391304,7
145.84050000000727,0.6169509472493383,2.0247818354097125,-3.7494111497778674e-07,2.144094553698575,1.4,2.0869565217391304,7
145.8605000000068,0.6161448576618933,2.0260161846318727,-1.1909510349231447e-06,2.1469806911187543,1.4,2.0869565217391304,7
145.88050000000632,0.6153351721338608,2.0272483683944444,-1.032808975105549e-06,2.149866457252416,1.4,2.0869565217391304,7
145.90050000000585,0.6145217866106379,2.0284781782754435,-1.4246001281722286e-06,2.152752068462308,1.4,2.0869565217391304,7
145.92050000000538,0.6137049942401178,2.029705787635263,-8.140697848451428e-07,2.1556370350785543,1.4,2.0869565217391304,7
145.9405000000049,0.6128844363613886,2.0309313165118392,-9.250958736305061e-07,2.158522512671833,1.4,2.0869565217391304,7
145.96050000000443,0.6120600706807112,2.032154865968188,-1.4615196125943057e-06,2.161407976861099,1.4,2.0869565217391304,7
145.98050000000396,0.6112322958375068,2.0333759563200506,-7.212677651322924e-07,2.1642931854461627,1.4,2.0869565217391304,7
146.00050000000348,0.6104002062549794,2.0345954601925347,-1.2535528438905652e-06,2.167179546297801,1.4,2.0869565217391304,7
146.020500000003,0.6095652874800086,2.035812173151263,1.1650849740141024e-07,2.170064121576722,1.4,2.0869565217391304,7
146.04050000000254,0.6087256008753997,2.0370275363636123,-1.424712841581361e-06,2.172951348503901,1.4,2.0869565217391304,7
146.06050000000207,0.6078830709746483,2.0382399586521105,-5.799329554845746e-07,2.1758364814701787,1.4,2.0869565217391304,7
146.0805000000016,0.6070365995923585,2.03945017847621,-7.808141659669011e-07,2.1787214371341017,1.4,2.0869565217391304,7
146.10050000000112,0.6061865880278448,2.0406582799177237,-8.352456584564258e-07,2.181606967375104,1.4,2.0869565217391304,7
146.12050000000065,0.6053330349667524,2.0418640260014636,-4.591653118967838e-07,2.184491813237401,1.4,2.0869565217391304,7
146.14050000000017,0.6044755166750612,2.043067591268645,-9.838014946382331e-07,2.1873772125942463,1.4,2.0869565217391304,7
146.1604999999997,0.6036148741038132,2.04426879043676,-2.5281003689986554e-07,2.19026179183768,1.4,2.0869565217391304,7
146.18049999999923,0.6027498258375547,2.045468208265804,-1.3926455443029164e-06,2.193148065181453,1.4,2.0869565217391304,7
146.20049999999875,0.601882283471039,2.0466646822871795,-1.2823314773625942e-07,2.1960323647724342,1.4,2.0869565217391304,7
146.22049999999828,0.6010099112074825,2.04785962469772,-9.841253732158785e-07,2.1989183932216227,1.4,2.0869565217391304,7
146.2404999999978,0.6001341343493566,2.0490521555693197,-1.5997894795560316e-06,2.2018044115392845,1.4,2.0869565217391304,7
146.26049999999734,0.5992554464598578,2.0502419305100967,-1.1854736155964782e-07,2.204688720206278,1.4,2.0869565217391304,7
146.28049999999686,0.5983725694532911,2.051429613089358,-9.568192508856357e-07,2.2075740106811117,1.4,2.0869565217391304,7
146.3004999999964,0.5974864239778583,2.052614667268662,-1.0110608814935032e-06,2.2104584970218073,1.4,2.0869565217391304,7
146.32049999999592,0.5965970348782441,2.053797176332349,-1.3084581185575504e-07,2.2133419978738655,1.4,2.0869565217391304,7
146.34049999999544,0.5957034719140314,2.054977712711712,-1.151413581812115e-06,2.216226837868225,1.4,2.0869565217391304,7
146.36049999999497,0.5948066393599358,2.0561556755616355,-1.064046877216583e-06,2.219111052933945,1.4,2.0869565217391304,7
146.3804999999945,0.593906413622523,2.0573313533171413,-5.996991752704873e-07,2.221994985949469,1.4,2.0869565217391304,7
146.40049999999403,0.5930022529528397,2.058504779563155,-1.1707967853082378e-06,2.2248795758466016,1.4,2.0869565217391304,7
146.42049999999355,0.592094960010856,2.0596754784669304,-8.687437436292157e-07,2.2277631534929716,1.4,2.0869565217391304,7
146.44049999999308,0.5911842069638953,2.0608437192368214,-2.0805443516297555e-07,2.230646115343626,1.4,2.0869565217391304,7
146.4604999999926,0.5902694446714173,2.0620098240293823,-1.1309920580172331e-06,2.2335302204934235,1.4,2.0869565217391304,7
146.48049999999213,0.5893512352110235,2.0631735675757357,-1.2127210054421551e-06,2.2364142942697494,1.4,2.0869565217391304,7
146.50049999999166,0.5884299442953218,2.064334575413918,7.966623834497054e-08,2.2392972176535975,1.4,2.0869565217391304,7
146.5204999999912,0.5875041526834235,2.0654939188495107,-9.591927376531711e-07,2.242182259317784,1.4,2.0869565217391304,7
146.54049999999071,0.5865752720020089,2.0666504896681235,-1.1156692963608597e-06,2.245066474360272,1.4,2.0869565217391304,7
146.56049999999024,0.585643169153627,2.067804448241457,-3.9050847186449827e-07,2.2479500938479497,1.4,2.0869565217391304,7
146.58049999998977,0.5847068023234232,2.068956517559922,-1.0581752515270868e-06,2.2508348687198874,1.4,2.0869565217391304,7
146.6004999999893,0.5837673830284948,2.070105798644224,-1.131790318622092e-06,2.2537190489045007,1.4,2.0869565217391304,7
146.62049999998882,0.5828246086472462,2.0712527018854834,-2.5961786901974803e-07,2.256602922470941,1.4,2.0869565217391304,7
146.64049999998835,0.5818777234578172,2.0723973701783533,-9.537813770566557e-07,2.259487891122615,1.4,2.0869565217391304,7
146.66049999998788,0.5809276117069049,2.073539328694039,-1.2351450702186589e-06,2.2623721033962747,1.4,2.0869565217391304,7
146.6804999999874,0.5799744754384646,2.0746786134074293,-4.586421308147063e-07,2.2652553664585566,1.4,2.0869565217391304,7
146.70049999998693,0.5790171747145045,2.075815643997936,-1.0083293768416464e-06,2.268139801797585,1.4,2.0869565217391304,7
146.72049999998646,0.5780569372901224,2.0769499481263556,-9.54103904182485e-07,2.2710235456958117,1.4,2.0869565217391304,7
146.74049999998599,0.5770929159917435,2.078082086104759,-1.0450047939560623e-06,2.2739077884050767,1.4,2.0869565217391304,7
146.7604999999855,0.5761252796284105,2.079211622457767,-1.2701588950476301e-06,2.2767922248556864,1.4,2.0869565217391304,7
146.78049999998504,0.57515470500963,2.0803384680604307,-7.685803513407328e-08,2.2796757286551257,1.4,2.0869565217391304,7
146.80049999998457,0.5741796737997473,2.0814632770591808,-1.2818677530553017e-06,2.282561093361475,1.4,2.0869565217391304,7
146.8204999999841,0.5732019607299036,2.082585086676224,-8.338311990101349e-07,2.2854450530500974,1.4,2.0869565217391304,7
146.84049999998362,0.5722207718173702,2.083704180661862,-2.5768751318036604e-07,2.288328333588864,1.4,2.0869565217391304,7
146.86049999998315,0.5712356989285595,2.0848210366342137,-1.0717414137513373e-06,2.291212833174726,1.4,2.0869565217391304,7
146.88049999998267,0.5702475961698977,2.0859348911507807,-9.319795043760063e-07,2.294096274605488,1.4,2.0869565217391304,7
146.9004999999822,0.5692561027177294,2.0870463002905257,-7.729849289344222e-07,2.296979597970886,1.4,2.0869565217391304,7
146.92049999998173,0.5682607322624448,2.0881552625142668,-1.3393530791915476e-06,2.2998638966795584,1.4,2.0869565217391304,7
146.94049999998126,0.5672629695685799,2.089261163003308,-2.42281457259125e-07,2.3027464854405415,1.4,2.0869565217391304,7
146.96049999998078,0.5662605464062391,2.0903650930822084,-1.2869923916958477e-06,2.305630935714888,1.4,2.0869565217391304,7
146.9804999999803,0.565255138142887,2.0914661095698523,-1.396265665901282e-06,2.3085148312875945,1.4,2.0869565217391304,7
147.00049999997984,0.5642467956171113,2.092564320093395,-4.230976637867754e-07,2.3113976747212814,1.4,2.0869565217391304,7
147.02049999997936,0.5632343476107308,2.093660156918101,-1.3236905269683694e-06,2.3142818186224003,1.4,2.0869565217391304,7
147.0404999999789,0.562219102912933,2.0947530017081273,-9.681734329471979e-07,2.3171649256402334,1.4,2.0869565217391304,7
147.06049999997842,0.5611999610027261,2.0958438419388936,-1.2844807071339163e-06,2.3200494148128565,1.4,2.0869565217391304,7
147.08049999997795,0.5601780358759645,2.0969317058886836,1.473148813756558e-07,2.3229328972058334,1.4,2.0869565217391304,7
147.10049999997747,0.5591513716942972,2.098017707371396,-1.212619553211379e-06,2.325819147270829,1.4,2.0869565217391304,7
147.120499999977,0.5581222889998706,2.0991005195627945,-5.064675525257944e-07,2.3287036785137003,1.4,2.0869565217391304,7
147.14049999997653,0.5570889678554969,2.1001809706397094,-1.2470162658345042e-06,2.3315890960096617,1.4,2.0869565217391304,7
147.16049999997605,0.5560533005884207,2.1012582533664776,-3.465165499215428e-07,2.3344732912790125,1.4,2.0869565217391304,7
147.18049999997558,0.5550130055030508,2.1023333960098385,-1.2359880855482056e-06,2.3373591804887304,1.4,2.0869565217391304,7
147.2004999999751,0.5539706559029505,2.1034052870174356,-2.4087387097802026e-07,2.340243434258674,1.4,2.0869565217391304,7
147.22049999997463,0.5529236185623088,2.1044751343438683,-1.3885856151347944e-06,2.3431295040290294,1.4,2.0869565217391304,7
147.24049999997416,0.5518740681908477,2.1055416991783606,-8.042308561868043e-07,2.346014355018348,1.4,2.0869565217391304,7
147.2604999999737,0.5508206346262225,2.1066058079498258,-1.3662216530518956e-06,2.3488998086614323,1.4,2.0869565217391304,7
147.28049999997322,0.5497646309170023,2.10766674138369,-7.586901442284659e-07,2.351784205158299,1.4,2.0869565217391304,7
147.30049999997274,0.5487046689358694,2.1087252159494994,-1.0238635334800752e-06,2.3546692178181736,1.4,2.0869565217391304,7
147.32049999997227,0.5476417923183897,2.109780626294075,-1.0971276221922376e-06,2.357553763451159,1.4,2.0869565217391304,7
147.3404999999718,0.5465753475987902,2.110833451630831,-1.3947427753843997e-06,2.360438567031368,1.4,2.0869565217391304,7
147.36049999997132,0.5455062303451503,2.1118831676237946,-7.152670926595699e-07,2.3633226527934226,1.4,2.0869565217391304,7
147.38049999997085,0.5444328484632942,2.112930465660841,-1.3982980229171396e-06,2.3662078451734523,1.4,2.0869565217391304,7
147.40049999997038,0.5433573927192195,2.113974446615849,2.0539090428846142e-08,2.369091142320006,1.4,2.0869565217391304,7
147.4204999999699,0.5422772989248044,2.1150161548128006,-1.585302584465017e-06,2.371976803828328,1.4,2.0869565217391304,7
147.44049999996943,0.5411951754039376,2.116054409114776,-2.8433559501746484e-07,2.3748599434966877,1.4,2.0869565217391304,7
147.46049999996896,0.5401089398430493,2.117090219250993,-1.2153882230870786e-06,2.377744853120843,1.4,2.0869565217391304,7
147.4804999999685,0.5390198431517524,2.118123068821845,-8.904759528194171e-07,2.3806288891792793,1.4,2.0869565217391304,7
147.500499999968,0.5379272012617252,2.1191529823957356,-1.5580326230957338e-06,2.3835133880198223,1.4,2.0869565217391304,7
147.52049999996754,0.5368317281567808,2.1201799682537756,-1.0741488242134575e-06,2.386397000597658,1.4,2.0869565217391304,7
147.54049999996707,0.5357333094892832,2.121203911093105,-4.354305037754323e-07,2.3892804295931844,1.4,2.0869565217391304,7
147.5604999999666,0.5346306094643002,2.1222253822950896,-1.6919204897049675e-06,2.392165093172333,1.4,2.0869565217391304,7
147.58049999996612,0.5335258232996158,2.1232433647033826,-3.642730525864613e-07,2.3950476643111283,1.4,2.0869565217391304,7
147.60049999996565,0.5324169501463873,2.1242589121824005,-1.270508877128173e-06,2.3979323406450956,1.4,2.0869565217391304,7
147.62049999996518,0.5313054431477076,2.125271247043475,-6.622285411497821e-07,2.400815422685412,1.4,2.0869565217391304,7
147.6404999999647,0.5301905237895258,2.1262806487147694,-9.67924442745209e-07,2.4036990654892403,1.4,2.0869565217391304,7
147.66049999996423,0.5290721150738736,2.1272872974303145,-1.3903919421632294e-06,2.4065829022214977,1.4,2.0869565217391304,7
147.68049999996376,0.5279514553520496,2.1282906007605638,-1.4219723755501288e-08,2.4094651712314255,1.4,2.0869565217391304,7
147.70049999996328,0.5268263677380713,2.1292914031035526,-1.5157698672657354e-06,2.4123497308390878,1.4,2.0869565217391304,7
147.7204999999628,0.5256990455030169,2.130288781770549,-7.805808495874218e-07,2.415232080678731,1.4,2.0869565217391304,7
147.74049999996234,0.5245684577244464,2.1312830895936914,-8.46930101616073e-07,2.4181147664702363,1.4,2.0869565217391304,7
147.76049999996187,0.5234344383357276,2.1322745116651456,-1.3513861962199473e-06,2.4209974752409407,1.4,2.0869565217391304,7
147.7804999999614,0.5222982718445527,2.133262496514816,4.577709988644588e-08,2.423878334949748,1.4,2.0869565217391304,7
147.80049999996092,0.5211577013065221,2.134247926101347,-1.6186255079853532e-06,2.426761609735153,1.4,2.0869565217391304,7
147.82049999996045,0.520014892551616,2.135230063684335,-9.507846394839234e-07,2.429643061591384,1.4,2.0869565217391304,7
147.84049999995997,0.5188689722979858,2.1362089815005723,-9.979473886069041e-07,2.4325245867628915,1.4,2.0869565217391304,7
147.8604999999595,0.5177195494010159,2.137185069707979,-1.4116699617993303e-06,2.4354063096079424,1.4,2.0869565217391304,7
147.88049999995903,0.5165679656354785,2.1381576304255567,-6.247017156741108e-08,2.438286188325988,1.4,2.0869565217391304,7
147.90049999995856,0.5154123267600826,2.139127417456864,-1.106953453431717e-06,2.4411678451362695,1.4,2.0869565217391304,7
147.92049999995808,0.5142543348110964,2.1400938012836255,-7.506538366866816e-07,2.444047739313384,1.4,2.0869565217391304,7
147.9404999999576,0.5130929683582254,2.1410572690213847,-1.1021328578431153e-06,2.446928542969667,1.4,2.0869565217391304,7
147.96049999995714,0.5119286421997756,2.1420175057787056,-1.253626467030013e-06,2.449808474001244,1.4,2.0869565217391304,7
147.98049999995666,0.5107618160695886,2.1429743660617855,-6.863292162321854e-07,2.4526877568471015,1.4,2.0869565217391304,7
148.0004999999562,0.5095910527101027,2.143928466757377,-1.478197923590983e-06,2.4555680660345156,1.4,2.0869565217391304,7
148.02049999995572,0.5084183456657617,2.144878981405732,-5.072717894045158e-07,2.4584463745221905,1.4,2.0869565217391304,7
148.04049999995524,0.5072418563120592,2.1458267169511465,-1.1881100246032245e-06,2.4613264285945604,1.4,2.0869565217391304,7
148.06049999995477,0.50606227387763,2.1467713901504037,-1.8346198118175813e-06,2.464206220991071,1.4,2.0869565217391304,7
148.0804999999543,0.5048807598650265,2.1477123846585777,-2.8734884090401e-07,2.467083893816255,1.4,2.0869565217391304,7
148.10049999995383,0.5036950065768546,2.1486505993998057,-1.3418420224770356e-06,2.4699638801812545,1.4,2.0869565217391304,7
148.12049999995335,0.5025069574157869,2.149585419490457,-1.143846697931651e-06,2.472842181079115,1.4,2.0869565217391304,7
148.14049999995288,0.5013163682302093,2.150516793538083,-4.579953476334648e-07,2.4757199495244335,1.4,2.0869565217391304,7
148.1604999999524,0.5001218660505587,2.1514453561635163,-1.1765384032377805e-06,2.4785988505838166,1.4,2.0869565217391304,7
148.18049999995193,0.49892529521669193,2.1523703190164287,-4.396047332884164e-07,2.4814760092619674,1.4,2.0869565217391304,7
148.20049999995146,0.49772495606717815,2.1532923424436765,-1.689264368967489e-06,2.484354880393686,1.4,2.0869565217391304,7
148.220499999951,0.4965226309804713,2.1542108668799296,-6.29311032172151e-07,2.4872317194353575,1.4,2.0869565217391304,7
148.24049999995052,0.4953169485602729,2.1551261956453267,-9.997435377754074e-07,2.4901094815050437,1.4,2.0869565217391304,7
148.26049999995004,0.4941080568976309,2.156038457143077,-1.5894610447489314e-06,2.492987299326467,1.4,2.0869565217391304,7
148.28049999994957,0.4928974752994842,2.1569468447896885,-1.8416904461612027e-07,2.49586305479969,1.4,2.0869565217391304,7
148.3004999999491,0.49168267477349603,2.1578522736827206,-1.3038712389914753e-06,2.4987401487572036,1.4,2.0869565217391304,7
148.32049999994862,0.49046629790164714,2.1587537265479773,-7.423187291924233e-07,2.5016150053984187,1.4,2.0869565217391304,7
148.34049999994815,0.489246337984838,2.159652246666502,-1.4307696285653827e-06,2.5044907110864103,1.4,2.0869565217391304,7
148.36049999994768,0.4880246292360614,2.160547235543885,-4.411989038626636e-07,2.507364861124347,1.4,2.0869565217391304,7
148.3804999999472,0.4867989758971872,2.161439167658338,-1.536332702743827e-06,2.5102407890021916,1.4,2.0869565217391304,7
148.40049999994673,0.4855714139382042,2.1623275110096483,-6.846431724967293e-07,2.5131147570023358,1.4,2.0869565217391304,7
148.42049999994626,0.4843405595877762,2.16321252603158,-1.0949520234738743e-06,2.5159894768114146,1.4,2.0869565217391304,7
148.44049999994579,0.48310721580828137,2.164094050821771,-8.667681792303566e-07,2.5188630599323014,1.4,2.0869565217391304,7
148.4604999999453,0.4818711159940573,2.1649721665012764,-1.2448356894348787e-06,2.5217366782241055,1.4,2.0869565217391304,7
148.48049999994484,0.4806320616097762,2.1658470380193675,-1.4280601994524008e-06,2.524610416743065,1.4,2.0869565217391304,7
148.50049999994437,0.47939104007362293,2.1667182335775372,-3.977126011479381e-07,2.527482736994577,1.4,2.0869565217391304,7
148.5204999999439,0.47814635431469854,2.16758616203758,-1.1758705989693385e-06,2.5303558641278574,1.4,2.0869565217391304,7
148.54049999994342,0.4768998147614286,2.168450371309924,-7.7020634391014e-07,2.533227512050837,1.4,2.0869565217391304,7
148.56049999994295,0.4756498441978567,2.1693116197842532,-1.5632983247072316e-06,2.5361003035787597,1.4,2.0869565217391304,7
148.58049999994248,0.47439800839271146,2.1701689938766657,2.4262191935085927e-08,2.5389711049307144,1.4,2.0869565217391304,7
148.600499999942,0.4731425328110982,2.171023292855872,-1.304383928252929e-06,2.541843702408442,1.4,2.0869565217391304,7
148.62049999994153,0.47188542840095526,2.171873661458911,-1.1246966723424213e-07,2.5447136703105593,1.4,2.0869565217391304,7
148.64049999994106,0.4706247372879695,2.1727208100148636,-1.502040652705419e-06,2.547585293698961,1.4,2.0869565217391304,7
148.66049999994058,0.46936261841452237,2.1735640582966953,5.2044660042345584e-08,2.5504541883536627,1.4,2.0869565217391304,7
148.6804999999401,0.46809700723234837,2.1744040932774142,-1.0412814432060372e-06,2.5533245966402394,1.4,2.0869565217391304,7
148.70049999993964,0.4668296164797771,2.175240234071519,-4.1853375596193513e-07,2.5561931838048984,1.4,2.0869565217391304,7
148.72049999993916,0.465559032285766,2.1760730704862734,-1.032641155050214e-06,2.5590622788809037,1.4,2.0869565217391304,7
148.7404999999387,0.46428635954931635,2.17690232694637,-8.707812376350637e-07,2.5619307964145164,1.4,2.0869565217391304,7
148.76049999993822,0.46301086769978755,2.17772808603942,-9.396317041410581e-07,2.5647991482638317,1.4,2.0869565217391304,7
148.78049999993775,0.4617329334310365,2.1785501873229247,-1.1291618445675722e-06,2.5676672715795945,1.4,2.0869565217391304,7
148.80049999993727,0.4604525281823881,2.1793687845365244,-1.1694229819882253e-06,2.5705349072507135,1.4,2.0869565217391304,7
148.8204999999368,0.45916974890024737,2.1801836891723987,-1.0472578377975467e-06,2.573402162831535,1.4,2.0869565217391304,7
148.84049999993633,0.4578843521791843,2.180995137181758,-1.2703042589286627e-06,2.5762692481621046,1.4,2.0869565217391304,7
148.86049999993585,0.45659685914543746,2.1818028660909867,-5.846357841275247e-07,2.579135876994966,1.4,2.0869565217391304,7
148.88049999993538,0.45530628117202326,2.1826071210120452,-8.519929942231112e-07,2.582002733003691,1.4,2.0869565217391304,7
148.9004999999349,0.4540138097963051,2.1834075108304587,-8.00441305583973e-07,2.584868558992676,1.4,2.0869565217391304,7
148.92049999993444,0.45271878554006517,2.18420425094009,-6.575401197235964e-07,2.587733954968473,1.4,2.0869565217391304,7
148.94049999993396,0.4514215586187017,2.18499739249146,-6.717343966121635e-07,2.590599243252603,1.4,2.0869565217391304,7
148.9604999999335,0.4501218090888486,2.1857868441973523,-7.05329726068102e-07,2.593463944988131,1.4,2.0869565217391304,7
148.98049999993302,0.4488196996479963,2.186572552373268,-1.0678241796908025e-06,2.5963285678811117,1.4,2.0869565217391304,7
149.00049999993254,0.4475156843304753,2.1873545829586534,-3.405257723835441e-07,2.5991920501790933,1.4,2.0869565217391304,7
149.02049999993207,0.44620874016699175,2.1881331399812627,-9.296994641006554e-07,2.6020566696802088,1.4,2.0869565217391304,7
149.0404999999316,0.4448998171224469,2.1889079553300355,-4.849063323133593e-07,2.6049200505125873,1.4,2.0869565217391304,7
149.06049999993112,0.44358807163106767,2.189679119630926,-1.2270608766173498e-06,2.607784191147681,1.4,2.0869565217391304,7
149.08049999993065,0.44227482778711846,2.1904463818607725,-1.1362406049603761e-07,2.6106464670382836,1.4,2.0869565217391304,7
149.10049999993018,0.44095836948117434,2.1912100676536324,-1.2174972834735448e-06,2.6135100895969194,1.4,2.0869565217391304,7
149.1204999999297,0.4396409338248195,2.1919698659059152,-2.8851140010430335e-07,2.616371568507242,1.4,2.0869565217391304,7
149.14049999992923,0.4383198805877477,2.1927260917371325,-1.112560751565407e-06,2.619234463455184,1.4,2.0869565217391304,7
149.16049999992876,0.43699776608235813,2.1934784087863313,-5.047227511424867e-07,2.6220955903010106,1.4,2.0869565217391304,7
149.1804999999283,0.43567236360226747,2.1942272829782556,-1.1800686753296533e-06,2.6249580229439853,1.4,2.0869565217391304,7
149.2004999999278,0.4343457671292076,2.1949721819117336,5.127014560278138e-08,2.627818447834303,1.4,2.0869565217391304,7
149.22049999992734,0.4330158999764921,2.195713431434814,-1.2073216752462069e-06,2.630680449517806,1.4,2.0869565217391304,7
149.24049999992687,0.4316850552837433,2.196450695343835,-2.3460035498523864e-07,2.6335403133857596,1.4,2.0869565217391304,7
149.2604999999264,0.43035083873258934,2.19718433568213,-1.169817296586451e-06,2.636401379091687,1.4,2.0869565217391304,7
149.28049999992592,0.4290156762349051,2.197914014693413,-5.405815140193145e-07,2.639260612120348,1.4,2.0869565217391304,7
149.30049999992545,0.42767737320186355,2.1986401193211753,-1.0860856956930084e-06,2.6421209240794443,1.4,2.0869565217391304,7
149.32049999992498,0.4263375634918603,2.1993624919452617,-6.531369335014613e-07,2.644980374831218,1.4,2.0869565217391304,7
149.3404999999245,0.4249948971562063,2.200081023053803,-1.41889250104876e-06,2.64784072001135,1.4,2.0869565217391304,7
149.36049999992403,0.4236506958749726,2.2007957611941626,-8.904787156518096e-07,2.650699791679901,1.4,2.0869565217391304,7
149.38049999992356,0.4223042912656199,2.2015065875526885,-1.0637379307242977e-06,2.6535588541015067,1.3999714841820508,2.0869565217391304,7
149.40049999992308,0.42095580803840643,2.2022136160639763,-8.986054324507013e-07,2.6564174612505704,1.3995981690745878,2.0869565217391304,7
149.4204999999226,0.4196052572143403,2.2029168324726394,-1.0156542055562627e-06,2.6592761138736956,1.399232455653035,2.0869565217391304,7
149.44049999992214,0.4182522185469118,2.2036164707398695,-1.521302733705731e-06,2.662135219809054,1.3988740280399625,2.0869565217391304,7
149.46049999992167,0.4168976659352055,2.20431222967934,-4.4420046794836246e-07,2.664993235108083,1.3985235809896115,2.0869565217391304,7
149.4804999999212,0.41554035902072584,2.205004390380052,-6.239807817010603e-07,2.667852563726763,1.3981806370230467,2.0869565217391304,7
149.50049999992072,0.41418059357384085,2.205692675042151,-1.20239438246374e-06,2.670711612882155,1.3978453156209802,2.0869565217391304,7
149.52049999992025,0.4128193106612084,2.2063772282668497,-3.857528720439152e-07,2.6735698798809477,1.3975183323561104,2.0869565217391304,7
149.54049999991977,0.41145512966832487,2.207058166626344,-1.1551020709347613e-06,2.6764296566412837,1.3971989425833051,2.0869565217391304,7
149.5604999999193,0.41008863159067704,2.207735333553365,-1.5188893542441703e-06,2.679289153636404,1.396887632220742,2.0869565217391304,7
149.58049999991883,0.40872088367214343,2.2084085265196842,-3.659953107532897e-07,2.6821469205928636,1.3965850483697109,2.0869565217391304,7
149.60049999991836,0.40735000616504635,2.209078020787033,-1.3665925856527082e-06,2.6850063851933665,1.3962901507795662,2.0869565217391304,7
149.62049999991788,0.4059774784190725,2.209743708806251,-1.0359583335602107e-06,2.6878645543362065,1.3960040562114782,2.0869565217391304,7
149.6404999999174,0.4046029911419311,2.2104055797818125,-6.688540720851072e-07,2.6907223975917325,1.3957264078924316,2.0869565217391304,7
149.66049999991694,0.4032256659588295,2.2110636275341915,-1.4932789365285765e-06,2.693581246666865,1.3954569644143278,2.0869565217391304,7
149.68049999991646,0.4018468783701432,2.2117178713266985,-1.0267227939326157e-06,2.6964386164611605,1.395196561619671,2.0869565217391304,7
149.700499999916,0.4004659078484448,2.2123683155657776,-6.819266730960653e-07,2.6992958874893014,1.3949448901143633,2.0869565217391304,7
149.72049999991552,0.3990826550191303,2.2130149304196407,-8.20306504353646e-07,2.7021536063928577,1.3947017970281559,2.0869565217391304,7
149.74049999991504,0.3976967812977861,2.2136578887184557,-1.521563128256257e-06,2.7050115479195447,1.3944675833231521,2.0869565217391304,7
149.76049999991457,0.3963094873316219,2.2142968066035076,-9.013073779333628e-07,2.7078680288414843,1.394242471119938,2.0869565217391304,7
149.7804999999141,0.394919709620176,2.214932170980682,-8.061213012796135e-07,2.7107252197755303,1.3940265226069637,2.0869565217391304,7
149.80049999991363,0.39352805890005427,2.2155635935228686,-7.018821284555019e-07,2.7135821259858632,1.3938196056963248,2.0869565217391304,7
149.82049999991315,0.39213339302053674,2.216191303328688,-1.4678642541813801e-06,2.7164397848011177,1.3936215796452371,2.0869565217391304,7
149.84049999991268,0.39073749231578203,2.2168149731024385,-9.769168095503618e-07,2.719295698823239,1.3934331657401313,2.0869565217391304,7
149.8604999999122,0.38933908963026054,2.217435020822617,-1.2766175925303617e-06,2.7221523029719776,1.3932541070787159,2.0869565217391304,7
149.88049999991173,0.38793953530338426,2.2180509625225757,-2.0797185173553656e-08,2.7250071492579417,1.393084616337711,2.0869565217391304,7
149.90049999991126,0.3865363905174057,2.2186632874641696,-1.3201395303866349e-06,2.7278644169564292,1.392924140039561,2.0869565217391304,7
149.9204999999108,0.3851318842202007,2.219271710715362,-1.2459246984086312e-06,2.7307201357970565,1.392773440671546,2.0869565217391304,7
149.94049999991032,0.3837247317818138,2.219876386320618,-2.1536918443802766e-06,2.733576560475028,1.392632331817142,2.0869565217391304,7
149.96049999990984,0.3823161112490724,2.2204771749050467,-1.8235660118344459e-06,2.736432017573538,1.3925010869814214,2.0869565217391304,7
149.98049999990937,0.3809055759099608,2.2210740056351588,-1.0867273838214496e-06,2.739286864310632,1.3923796690363366,2.0869565217391304,7
