time,base_x,base_y,base_z,base_roll,base_pitch,base_yaw,pallet_x,pallet_y,pallet_z,pallet_roll,pallet_pitch,pallet_yaw
0.002,0.0,0.0,0.11,0,0,0.0,-1.3499999999821484,0.45046611620657173,-5.206435569167882e-05,1.998908745714515e-11,-0.0008253428377434133,1.570796301598749
0.022000000000000006,0.0,0.0,0.11,0,0,0.0,-1.34999999991626,0.4525742954696501,0.002865262031159544,5.837737340644481e-11,-0.009413726648984409,1.570796307063737
0.04200000000000002,0.0,0.0,0.11,0,0,0.0,-1.349999999913786,0.4525405288443609,0.005311948433104422,2.378318125119873e-11,-0.01312603503038043,1.570796307566318
0.06200000000000004,0.0,0.0,0.11,0,0,0.0,-1.3499999999238752,0.45136031952850925,0.004898287800348326,-4.5701383072059546e-11,-0.009571077532360651,1.5707963075466522
0.08200000000000006,0.0,0.0,0.11,0,0,0.0,-1.3499999999399286,0.44898866225195044,0.0008155652645177701,-1.2751653037618444e-10,-0.0017962997418437807,1.5707963074394666
0.10200000000000008,0.0,0.0,0.11,0,0,0.0,-1.3499999999422654,0.44787788908860027,-0.0016496930771821585,-1.1535375636626945e-10,0.002474291746888409,1.570796307378854
0.1220000000000001,0.0,0.0,0.11,0,0,0.0,-1.3499999999423595,0.44778440447107315,-0.0011045148380127174,-6.356912387705678e-11,0.0020496397272013285,1.5707963073722335
0.1420000000000001,0.0,0.0,0.11,0,0,0.0,-1.3499999999395893,0.44799149083270584,0.001697985104177077,-3.089311645845879e-11,0.00609378669039061,1.57079630737428
0.16200000000000012,0.0,0.0,0.11,0,0,0.0,-1.3499999999375665,0.448132955367416,0.005584636145158523,-1.466058281564573e-11,0.013238819882908473,1.5707963073757132
0.18200000000000013,0.0,0.0,0.11,0,0,0.0,-1.3499999999366117,0.4481828604819237,0.009560063429936868,-6.6480601876699836e-12,0.02115816452899926,1.5707963073757774
0.20200000000000015,0.0,0.0,0.11,0,0,0.0,-1.3499999999365864,0.4481461235072292,0.01351332978389555,-2.9040216181897207e-12,0.029319539997126973,1.570796307374623
0.22200000000000017,0.0,0.0,0.11,0,0,0.0,-1.3499999999372585,0.44802700902937553,0.017564394989634448,-1.1006590489610421e-12,0.03777944819853016,1.5707963073720315
0.2420000000000002,0.0,0.0,0.11,0,0,0.0,-1.3499999999383945,0.4478520921699356,0.021816222705770227,-3.7730435018053556e-13,0.04670193151850338,1.5707963073677744
0.2620000000000002,0.0,0.0,0.11,0,0,0.0,-1.349999999949084,0.4476095700476458,0.026382594005021142,-1.9953820848530086e-13,0.05625295539884595,1.5707963073805882
0.2820000000000002,0.0,0.0,0.11,0,0,0.0,-1.349999999966721,0.4472450233005223,0.031179866640446578,5.26727218044124e-14,0.06681817385800344,1.5707963074022862
0.3020000000000002,0.0,0.0,0.11,0,0,0.0,-1.3499999999881767,0.44678195156021966,0.03667557414530741,-1.7644001658143268e-14,0.0781887148659673,1.5707963074292657
0.32200000000000023,0.0,0.0,0.11,0,0,0.0,-1.3500000000146755,0.4461454526673842,0.04261496306603533,-1.2679068038802082e-13,0.09091433117721398,1.57079630746059
0.34200000000000025,0.0,0.0,0.11,0,0,0.0,-1.3500000000457715,0.44536293807288785,0.04915053877991705,5.815625857947672e-13,0.10493304994257895,1.5707963074947642
0.36200000000000027,0.0,0.0,0.11,0,0,0.0,-1.350000000076881,0.4444684254505025,0.0566395286119482,1.0519992151647083e-12,0.12070258896250187,1.5707963075343367
0.3820000000000003,0.0,0.0,0.11,0,0,0.0,-1.3500000000318526,0.4480040556988607,0.06153688356794673,1.8914761320165465e-09,0.12934702458733496,1.5707963106138276
0.4020000000000003,0.0,0.0,0.11,0,0,0.0,-1.349999999995464,0.452390125435441,0.06236564681761286,4.466035277235708e-09,0.1335277954364212,1.5707963141822592
0.4220000000000003,0.0,0.0,0.11,0,0,0.0,-1.3499999998787888,0.45719723273367885,0.05943479936777517,5.508215818616577e-09,0.1263789282815359,1.5707963151599373
0.44200000000000034,0.0,0.0,0.11,0,0,0.0,-1.3499999997230832,0.46235269535366136,0.05272208342149372,5.848621350505629e-09,0.10998049069495734,1.5707963149104591
0.46200000000000035,0.0,0.0,0.11,0,0,0.0,-1.3499999995522578,0.46764597353005044,0.04216030474708875,5.9479740881466165e-09,0.08998195400054425,1.5707963142080397
0.4820000000000004,0.0,0.0,0.11,0,0,0.0,-1.3499999993514709,0.47344878127013623,0.027915562036767094,5.701220691690037e-09,0.05702196018534643,1.5707963127116513
0.5020000000000003,0.0,1.749361972793625e-05,0.11,0,0,-1.3779927494091842e-05,-1.349999999143303,0.47936640971435224,0.00986204301933813,5.470776531445763e-09,0.02130087396351664,1.5707963110946348
0.5220000000000004,2.755000877518771e-07,0.0010906172271295056,0.11,0,0,-0.0008549220971862692,-1.3499999989668872,0.48424892774629713,-0.0058243150358419215,4.48198582817118e-09,-0.01389511419436001,1.5707963095516788
0.5420000000000004,3.1312268469426676e-06,0.0036104047854313855,0.11,0,0,-0.0028158545948959017,-1.3499999989378173,0.4849141332420753,-0.005608975274346725,2.5384270195309632e-09,-0.012791997191593395,1.5707963093648343
0.5620000000000004,1.2910692126884285e-05,0.0073416276333552865,0.11,0,0,-0.005695876544516749,-1.3499999989328735,0.4849664009114652,-0.003278774810790159,1.2948538988391748e-09,-0.007378727752230248,1.570796309353897
0.5820000000000004,3.4503053983964256e-05,0.012084088877546107,0.11,0,0,-0.00932419116967024,-1.3499999989318785,0.48496836580043456,-0.0017120258799610277,6.377109290302186e-10,-0.003799263634203474,1.5707963093545254
0.6020000000000004,7.240439964820217e-05,0.01766721555511459,0.11,0,0,-0.013555376852795061,-1.3499999989317433,0.4849680923073196,-0.0008667556454471353,3.117684214416476e-10,-0.001871400661413057,1.5707963093552928
0.6220000000000004,0.00013022998524034158,0.023945457199584585,0.11,0,0,-0.018265538480699034,-1.349999998931742,0.48496809380249867,-0.00044047879671798223,1.5097476821297043e-10,-0.0008983588553946149,1.570796309355545
0.6420000000000005,0.00021051032001184554,0.030794398332167315,0.11,0,0,-0.023349052360487108,-1.3499999989317546,0.4849681827944671,-0.0002320334184095518,7.258992734613885e-11,-0.0004287623969974413,1.5707963093556037
0.6620000000000005,0.00031465959664537927,0.038107492556414956,0.11,0,0,-0.028715823162719704,-1.349999998931767,0.48496826669698184,-0.00013282942992278262,3.543865574398821e-11,-0.00020935032875300823,1.570796309355617
0.6820000000000005,0.00044304352886932903,0.04579333043029704,0.11,0,0,-0.03428897808179972,-1.3499999989317744,0.48496831559149073,-8.484704468463351e-05,1.7739544976993704e-11,-0.00010487680573011506,1.5707963093556199
0.7020000000000005,0.0005950998432916973,0.0537733602663861,0.11,0,0,-0.04000293097006156,-1.3499999989317781,0.4849683404515708,-6.1019574957621796e-05,9.02173031237484e-12,-5.335788715520147e-05,1.5707963093556203
0.7220000000000005,0.0007694821395655399,0.061979989281592374,0.11,0,0,-0.04580175708358168,-1.3499999989317804,0.4849683528986418,-4.898149984842962e-05,4.625912141173593e-12,-2.736265119850304e-05,1.5707963093556199
0.7420000000000005,0.0009642092812420979,0.07035500128545388,0.11,0,0,-0.051637826883863716,-1.3499999989317808,0.4849683591949892,-4.2843194623757746e-05,2.381405811241041e-12,-1.4086067482572156e-05,1.5707963093556214
0.7620000000000006,0.0011768098501979067,0.0788482358114623,0.11,0,0,-0.05747065477965312,-1.3499999989317808,0.4849683624115435,-3.9698709710109534e-05,1.2282737756999228e-12,-7.26479785795641e-06,1.5707963093556214
0.7820000000000006,0.0014044558574899213,0.08741648188579029,0.11,0,0,-0.06326592556486088,-1.3499999989317808,0.4849683640642724,-3.808421969126695e-05,6.340919068613745e-13,-3.7501068053402657e-06,1.5707963093556212
0.8020000000000006,0.001644082796477485,0.09602254725123867,0.11,0,0,-0.06899466748788576,-1.3499999989317808,0.48496836491594586,-3.725436366560159e-05,3.274906586799079e-13,-1.936652523072747e-06,1.5707963093556212
0.8220000000000006,0.0018924948878294003,0.10463447068327664,0.11,0,0,-0.07463254631655186,-1.3499999989317808,0.48496836535542837,-3.6827580797209146e-05,1.6917673477872952e-13,-1.000350728318286e-06,1.5707963093556212
0.8420000000000006,0.0021464554222289855,0.1132248509907598,0.11,0,0,-0.08015925943552239,-1.3499999989317808,0.484968365582356,-3.660803320323494e-05,8.740473785703191e-14,-5.167719150211882e-07,1.5707963093556212
0.8620000000000007,0.0024027627273311785,0.12177027138607639,0.11,0,0,-0.08555801296146365,-1.3499999989317808,0.4849683656995655,-3.649507724195391e-05,4.515879356220949e-14,-2.669737803646433e-07,1.5707963093556203
0.8820000000000007,0.0026583126419593038,0.13025080217930274,0.11,0,0,-0.09081506814259738,-1.3499999989317808,0.4849683657601134,-3.643695809252831e-05,2.333251129750206e-14,-1.3792722275451786e-07,1.570796309355621
0.9020000000000007,0.002910148577336254,0.1386495682666634,0.11,0,0,-0.09591934599522804,-1.3499999989317808,0.48496836579139324,-3.640705305422789e-05,1.2057203467328155e-14,-7.125860252095753e-08,1.5707963093556212
0.9220000000000007,0.0031555003445503894,0.1469523707288247,0.11,0,0,-0.1008620812981251,-1.3499999989317808,0.48496836580755326,-3.6391665233149454e-05,6.228661982254916e-15,-3.6815239804798914e-08,1.5707963093556205
0.9420000000000007,0.003391812965505129,0.15514735411943054,0.11,0,0,-0.10563651879413423,-1.3499999989317808,0.4849683658159022,-3.638374726400409e-05,3.2182451419891245e-15,-1.9020394142585464e-08,1.5707963093556203
0.9620000000000007,0.0036167666818707166,0.16322471279884704,0.11,0,0,-0.1102376458109268,-1.3499999989317808,0.4849683658202156,-3.63796729688463e-05,1.6619348163483357e-15,-9.826801482821835e-09,1.57079630935562
0.9820000000000008,0.0038282893449614786,0.1711764310377065,0.11,0,0,-0.11466195657667227,-1.3499999989317808,0.48496836582244407,-3.637757648171653e-05,8.583965708754578e-16,-5.076977742267018e-09,1.57079630935562
1.0020000000000007,0.0040245623163797884,0.17899605265731489,0.11,0,0,-0.11890724433103875,-1.3499999989317808,0.48496836582359537,-3.63764977028168e-05,4.431349263189459e-16,-2.623001531860238e-09,1.57079630935562
1.0220000000000007,0.004204020939892309,0.18667847675790547,0.11,0,0,-0.12297241796832432,-1.3499999989317808,0.4849683658241901,-3.637594260060375e-05,2.300918232424473e-16,-1.3551642483951714e-09,1.57079630935562
1.0420000000000007,0.004365350563565601,0.19421977666980922,0.11,0,0,-0.12685734044048702,-1.3499999989317808,0.48496836582449737,-3.637565696416117e-05,1.187621490980046e-16,-7.001407943255986e-10,1.57079630935562
1.0620000000000007,0.004507479001494583,0.2016170396958334,0.11,0,0,-0.13056268652841732,-1.3499999989317808,0.4849683658246561,-3.6375509985480735e-05,5.996339245869374e-17,-3.6172527803144897e-10,1.57079630935562
1.0820000000000007,0.0046295662300539,0.20886822553526202,0.11,0,0,-0.13408981788806576,-1.3499999989317808,0.484968365824738,-3.637543435530522e-05,2.7228820526281913e-17,-1.86884092440252e-10,1.57079630935562
1.1020000000000008,0.004730992017747717,0.21597204152237193,0.11,0,0,-0.13744067351596606,-1.3499999989317808,0.4849683658247805,-3.6375395438615544e-05,1.3216470879675845e-17,-9.6553008833127e-11,1.57079630935562
1.1220000000000008,0.004811342093310586,0.2229278329994146,0.11,0,0,-0.14061767397306738,-1.3499999989317808,0.4849683658248024,-3.6375375413423435e-05,6.079835379058238e-18,-4.988377000400078e-11,1.57079630935562
1.1420000000000008,0.004870393366138946,0.22973548729372434,0.11,0,0,-0.14362363786909632,-1.3499999989317808,0.48496836582481373,-3.6375365109147556e-05,3.4087296719443257e-18,-2.5772275147662725e-11,1.57079630935562
1.1620000000000008,0.004908098628306101,0.23639534989402727,0.11,0,0,-0.1464617092509315,-1.3499999989317808,0.48496836582481956,-3.637535980692073e-05,1.1809140520601502e-18,-1.3315152207953676e-11,1.57079630935562
1.1820000000000008,0.004924571089693277,0.24290815153117004,0.11,0,0,-0.14913529466398975,-1.3499999989317808,0.48496836582438796,-3.637535688547332e-05,5.895535687915318e-17,3.272578272462215e-13,1.57079630935562
1.2020000000000008,0.004920069028002247,0.24927494496929176,0.11,0,0,-0.15164800876961776,-1.3499999989317808,0.48496836582374026,-3.6375355293173276e-05,1.1364689732809217e-16,1.0572889287124497e-11,1.57079630935562
1.2220000000000009,0.004894980773987782,0.25549705040852566,0.11,0,0,-0.15400362750664134,-1.3499999989317808,0.48496836582128444,-3.6375354551187986e-05,7.590826349024589e-16,4.560073658253578e-11,1.57079630935562
1.2420000000000009,0.004849810199159782,0.26157600849158186,0.11,0,0,-0.1562060478831487,-1.3499999989317808,0.48496836581990643,-3.637535426445417e-05,8.375205761003649e-16,4.8645466232426754e-11,1.57079630935562
1.262000000000001,0.00478516282814802,0.26751353999482524,0.11,0,0,-0.1582592535761314,-1.3499999989317808,0.4849683658182537,-3.6375354189310995e-05,7.269251558544589e-16,5.443675452206968e-11,1.57079630935562
1.282000000000001,0.004701732660364093,0.2733115113698062,0.11,0,0,-0.16016728560217544,-1.3499999989317808,0.48496836581596303,-3.637535415961982e-05,6.994173668474423e-16,6.46589325344829e-11,1.57079630935562
1.302000000000001,0.004600289754854071,0.2789719053832777,0.11,0,0,-0.16193421740210923,-1.3499999989317808,0.48496836581574665,-3.637535416736415e-05,4.19567198233471e-16,4.00695293966647e-11,1.57079630935562
1.322000000000001,0.004481668607546409,0.2844967961820352,0.11,0,0,-0.16356413375638723,-1.3499999989317808,0.48496836581268105,-3.637535417217667e-05,8.502275537154363e-16,6.343779681858655e-11,1.5707963093556205
1.342000000000001,0.004346757330669788,0.28988832818286836,0.11,0,0,-0.16506111301598964,-1.3499999989317808,0.484968365812392,-3.637535417829246e-05,5.547425090511088e-16,4.0569365517214204e-11,1.5707963093556205
1.362000000000001,0.004196487629164439,0.29514869825704493,0.11,0,0,-0.1664292121957685,-1.3499999989317808,0.484968365809284,-3.63753541822677e-05,7.676121271435334e-16,6.574387525662887e-11,1.5707963093556214
1.382000000000001,0.0040318255577025276,0.30028014074267834,0.11,0,0,-0.16767245453353508,-1.3499999989317808,0.48496836580890407,-3.6375354184326314e-05,4.991342287601354e-16,4.356100126756952e-11,1.5707963093556214
1.402000000000001,0.003853763033796258,0.3052849148768437,0.11,0,0,-0.16879481916892197,-1.3499999989317808,0.48496836580568314,-3.6375354185609664e-05,1.2650722875592954e-16,7.045824560101493e-11,1.570796309355623
1.422000000000001,0.0036633100768101636,0.3101652942923311,0.11,0,0,-0.16980023264138505,-1.3499999989317808,0.48496836580516817,-3.6375354186102786e-05,3.051952098569318e-17,4.8598965922353464e-11,1.570796309355623
1.442000000000001,0.003461487738989985,0.3149235582715229,0.11,0,0,-0.17069256194692856,-1.3499999989317808,0.4849683658018028,-3.637535418637164e-05,-5.4960956609236247e-17,7.675148073257559e-11,1.5707963093556259
1.462000000000001,0.0032493216924371986,0.3195619844922325,0.11,0,0,-0.17147560892858368,-1.3499999989317808,0.48496836580109026,-3.637535418645735e-05,-5.1636583010030535e-17,5.545722283379566e-11,1.5707963093556259
1.482000000000001,0.0030278364349326015,0.32408284303772017,0.11,0,0,-0.172153105806721,-1.3499999989317808,0.48496836579758856,-3.637535418650977e-05,-7.771047595773172e-16,8.391411319396673e-11,1.5707963093556299
1.5020000000000011,0.002798050077349244,0.3284883914758456,0.11,0,0,-0.17272871168232967,-1.3499999989317808,0.4849683657965914,-3.6375354186517304e-05,-6.884463575763955e-16,6.405523032338324e-11,1.570796309355631
1.5220000000000011,0.0025609696758588075,0.332780870840807,0.11,0,0,-0.17320600986984883,-1.3499999989317808,0.48496836579435365,-3.6375354186510805e-05,-8.528099582928385e-16,7.063345553920034e-11,1.5707963093556347
1.5420000000000011,0.002317587073041669,0.3369625023755598,0.11,0,0,-0.17358850593638647,-1.3499999989317808,0.48496836579311386,-3.637535418650637e-05,-7.360699875948839e-16,5.902460280102992e-11,1.5707963093556365
1.5620000000000012,0.0020688752132174996,0.3410354849142103,0.11,0,0,-0.17387962634158757,-1.3499999989317808,0.48496836579123564,-3.637535418650446e-05,-1.3430596143766195e-15,6.27081862794598e-11,1.5707963093556412
1.5820000000000012,0.0018157848987132668,0.3450019928018434,0.11,0,0,-0.1740827175873645,-1.3499999989317808,0.48496836578968266,-3.637535418650302e-05,-1.534124196089752e-15,5.876573515917689e-11,1.5707963093556454
1.6020000000000012,0.0015592419552997192,0.34886417426474653,0.11,0,0,-0.1742010457995156,-1.3499999989317808,0.48496836578817965,-3.637535418650232e-05,-1.656359082072882e-15,5.7048962316187315e-11,1.5707963093556503
1.6220000000000012,0.001300144776598449,0.35262415015718757,0.11,0,0,-0.17423779667421793,-1.3499999989317808,0.48496836578613695,-3.6375354186501874e-05,-1.906994418038838e-15,6.193652724923509e-11,1.5707963093556585
1.6420000000000012,0.0010393622188486626,0.35628401302211504,0.11,0,0,-0.17419607573175908,-1.3499999989317808,0.48496836578513125,-3.6375354186500546e-05,-1.7406800663495175e-15,5.111654966209922e-11,1.5707963093556632
1.6620000000000013,0.0007777318189976411,0.35984582641266294,0.11,0,0,-0.1740789088278971,-1.3499999989317808,0.4849683657823563,-3.6375354186499746e-05,-2.651117687462909e-15,6.768177237741529e-11,1.5707963093556783
1.6820000000000013,0.0005160583106224902,0.36331162442941195,0.11,0,0,-0.17388924288011526,-1.3499999989317808,0.48496836578209424,-3.637535418650156e-05,-1.6878701557324095e-15,4.249529793648716e-11,1.5707963093556796
1.7020000000000013,0.0002551124136906321,0.3666834114352074,0.11,0,0,-0.17362994677193888,-1.3499999989317808,0.4849683657782517,-3.6375354186506286e-05,-4.26727600671312e-15,7.543733800492507e-11,1.5707963093557087
1.7220000000000013,-4.370124385196232e-06,0.3699631619151559,0.11,0,0,-0.17330381240355555,-1.3499999989317808,0.48496836577789015,-3.6375354186505784e-05,-2.8245237862041044e-15,4.872885110771256e-11,1.5707963093557114
1.7420000000000013,-0.0002616892575496835,0.3731528204543697,0.11,0,0,-0.17291355586135565,-1.3499999989317808,0.4849683657737536,-3.6375354186504795e-05,-5.881362825704335e-15,8.479829685900926e-11,1.5707963093557542
1.7620000000000013,-0.0005161811595845078,0.37625430181025254,0.11,0,0,-0.1724618186827907,-1.3499999989317808,0.4849683657732485,-3.6375354186504036e-05,-3.9866893333807725e-15,5.658826905518072e-11,1.5707963093557595
1.7820000000000014,-0.0007672185508106829,0.37926949105972485,0.11,0,0,-0.1719511691962226,-1.3499999989317808,0.4849683657702869,-3.6375354186504625e-05,-7.148589189476837e-15,7.483737357353307e-11,1.5707963093558064
1.8020000000000014,-0.0010142108503468084,0.38220024380487533,0.11,0,0,-0.1713841039182828,-1.3499999989317808,0.4849683657696594,-3.637535418650405e-05,-5.25548838876532e-15,5.257209625232776e-11,1.5707963093558164
1.8220000000000014,-0.0012566041701034582,0.38504838642317407,0.11,0,0,-0.1707630489937352,-1.3499999989317806,0.4849683657668994,-3.637535418650231e-05,-9.73853011850828e-15,7.075061288035024e-11,1.5707963093558837
1.8420000000000014,-0.0014938811656002634,0.387815716350661,0.11,0,0,-0.17009036166499908,-1.3499999989317806,0.484968365766114,-3.637535418650117e-05,-7.67871476756771e-15,5.2828328801140034e-11,1.5707963093559028
1.8620000000000014,-0.0017255607576567617,0.39050400238847827,0.11,0,0,-0.16936833176036994,-1.34999999893178,0.48496836576347385,-3.637535418650293e-05,-1.5555697809755316e-14,7.010338108728554e-11,1.5707963093559965
1.8820000000000014,-0.0019511977380295116,0.3931149850248075,0.11,0,0,-0.16859918319162623,-1.34999999893178,0.48496836576244146,-3.6375354186502796e-05,-1.3558343881651215e-14,5.6255319477246824e-11,1.570796309356033
1.9020000000000015,-0.0021703822711449097,0.39565037676571857,0.11,0,0,-0.1677850754531475,-1.3499999989317788,0.4849683657599166,-3.6375354186501454e-05,-2.4050674065754498e-14,7.106295148269875e-11,1.570796309356159
1.9220000000000015,-0.002382739303207933,0.39811186246968855,0.11,0,0,-0.16692810511592854,-1.3499999989317786,0.4849683657585143,-3.637535418650146e-05,-2.2984196070963954e-14,6.218779763705954e-11,1.5707963093562296
1.9420000000000015,-0.002587927889149946,0.4005010996816209,0.11,0,0,-0.16603030731097035,-1.349999998931777,0.484968365756178,-3.6375354186498195e-05,-3.6644841934505266e-14,7.205642501856318e-11,1.5707963093563901
1.9620000000000015,-0.0027856404471117914,0.4028197189631112,0.11,0,0,-0.16509365719748648,-1.349999998931776,0.4849683657542361,-3.637535418649745e-05,-4.010509763040534e-14,7.023608818951442e-11,1.5707963093565251
1.9820000000000015,-0.002975601949439683,0.40506932421648845,0.11,0,0,-0.1641200714121953,-1.3499999989317752,0.4849683657533516,-3.637535418649947e-05,-3.602768101407407e-14,5.364861429486239e-11,1.5707963093566137
2.002000000000001,-0.0031575690584987083,0.4072514930008265,0.11,0,0,-0.1631114094966903,-1.349999998931773,0.4849683657509577,-3.6375354186501705e-05,-5.417158157857151e-14,6.335640956733909e-11,1.570796309356874
2.021999999999999,-0.0033313292149799124,0.4093677768386789,0.11,0,0,-0.16206947530050494,-1.3499999989317715,0.4849683657497579,-3.63753541865016e-05,-5.890376152439967e-14,5.5053568983276985e-11,1.570796309357044
2.0419999999999967,-0.0034966996857896796,0.4114197015127596,0.11,0,0,-0.1609960183580279,-1.3499999989317664,0.4849683657464341,-3.6375354186501915e-05,-1.0601475022862031e-13,7.781407446021167e-11,1.5707963093575414
2.0619999999999945,-0.00365352657806215,0.4134087673521828,0.11,0,0,-0.15989273523788622,-1.3499999989317664,0.48496836574612096,-3.637535418650122e-05,-6.85546904628907e-14,4.9207155474412596e-11,1.570796309357588
2.0819999999999923,-0.0038016838253245254,0.4153364495081938,0.11,0,0,-0.1587612708638081,-1.3499999989317586,0.48496836574282376,-3.63753541864718e-05,-1.4714075831379175e-13,7.30241477570831e-11,1.570796309358321
2.10199999999999,-0.003941072151368944,0.4172041982195804,0.11,0,0,-0.15760321980631406,-1.349999998931758,0.48496836574242036,-3.637535418648029e-05,-9.99853241140011e-14,4.7921666749988725e-11,1.5707963093584105
2.121999999999988,-0.004071618016941098,0.4190134390681612,0.11,0,0,-0.15642012754486873,-1.3499999989317462,0.48496836573917723,-3.63753541864941e-05,-2.2851985713504573e-13,7.303846463642134e-11,1.5707963093594808
2.1419999999999857,-0.004193272553942627,0.42076557322490754,0.11,0,0,-0.15521349170036242,-1.3499999989317444,0.4849683657386584,-3.637535418649908e-05,-1.6319455523834745e-13,5.000799727828471e-11,1.5707963093596522
2.1619999999999835,-0.0043060104914596775,0.42246197768737337,0.11,0,0,-0.15398476323799182,-1.349999998931726,0.48496836573537944,-3.637535418650213e-05,-3.6885720911173746e-13,7.6154788575304e-11,1.570796309361199
2.1819999999999813,-0.004409829077571708,0.4241040055091978,0.11,0,0,-0.15273534764077135,-1.349999998931722,0.4849683657346851,-3.637535418650189e-05,-2.781415054814427e-13,5.4734400264781866e-11,1.5707963093615287
2.201999999999979,-0.004504747000561007,0.42569298602250044,0.11,0,0,-0.15146660605404066,-1.3499999989316933,0.48496836573133756,-3.637535418650296e-05,-5.965554735697395e-13,8.111332355098639e-11,1.57079630936373
2.221999999999977,-0.004590803312832551,0.42723022505402414,0.11,0,0,-0.15017985640144155,-1.349999998931685,0.4849683657303844,-3.6375354186502694e-05,-4.793594866235296e-13,6.16885819663494e-11,1.5707963093643615
2.2419999999999747,-0.004668056360564177,0.42871700513589384,0.11,0,0,-0.14887637447292126,-1.3499999989316567,0.48496836572827484,-3.637535418650224e-05,-7.146968835923657e-13,6.727401841567604e-11,1.570796309366513
2.2619999999999725,-0.004736582721837147,0.4301545857118558,0.11,0,0,-0.14755739498538667,-1.3499999989316411,0.4849683657271066,-3.637535418650155e-05,-6.568380121480014e-13,5.59845389261994e-11,1.570796309367723
2.2819999999999703,-0.004803674144930948,0.4315043850811084,0.11,0,0,-0.14619239481352608,-1.3499999989315814,0.4849683657241999,-3.637535418647566e-05,-1.3198341911155596e-12,7.699832230480783e-11,1.5707963093718469
2.301999999999968,-0.004873652149432852,0.432746621392772,0.11,0,0,-0.1447663324486229,-1.3499999989315479,0.48496836572258495,-3.637535418647182e-05,-1.2917167018827101e-12,6.908378832948803e-11,1.5707963093741664
2.321999999999966,-0.0049446034752370915,0.433896775599236,0.11,0,0,-0.14329233219596904,-1.3499999989315004,0.48496836572105195,-3.637535418647042e-05,-1.49829604027523e-12,6.328642028632658e-11,1.570796309377336
2.3419999999999637,-0.00501502198200012,0.4349678037448533,0.11,0,0,-0.14178134364072945,-1.3499999989314342,0.4849683657189725,-3.637535418646574e-05,-1.833219246728989e-12,6.579265325267135e-11,1.5707963093817807
2.3619999999999615,-0.005083735338394068,0.43597056706950954,0.11,0,0,-0.1402425077635996,-1.3499999989313887,0.48496836571799223,-3.637535418648097e-05,-1.7828671676556387e-12,5.272753068244433e-11,1.570796309384694
2.3819999999999593,-0.005149843840234072,0.4369141898847835,0.11,0,0,-0.13868346128514195,-1.3499999989312548,0.48496836571531626,-3.6375354186493926e-05,-2.913206659706545e-12,6.702189161265107e-11,1.5707963093932122
2.401999999999957,-0.005212669582894421,0.4378063561393458,0.11,0,0,-0.1371105890019032,-1.3499999989312423,0.48496836571506335,-3.6375354186498486e-05,-1.868359894057847e-12,4.188221097245789e-11,1.5707963093940143
2.421999999999955,-0.00527171448677151,0.4386535543519447,0.11,0,0,-0.1355292325942193,-1.3499999989309657,0.4849683657114823,-3.637535418650293e-05,-4.823984807450153e-12,7.146770994950999e-11,1.5707963094103377
2.4419999999999527,-0.005326625810777676,0.43946127937548946,0.11,0,0,-0.13394386320285792,-1.34999999893094,0.4849683657111451,-3.637535418650267e-05,-3.195896154887814e-12,4.601171996309734e-11,1.5707963094118746
2.4619999999999505,-0.005377167929830272,0.4402341983097547,0.11,0,0,-0.13235822399708472,-1.3499999989304958,0.48496836570736485,-3.637535418650136e-05,-8.063509845149546e-12,7.82528601369607e-11,1.570796309435923
2.4819999999999482,-0.005423199303144619,0.44097628682195167,0.11,0,0,-0.13077544799416904,-1.3499999989304414,0.4849683657069031,-3.637535418650126e-05,-5.5419289127438965e-12,5.21036527964699e-11,1.5707963094388677
2.501999999999946,-0.005464653710898989,0.44169094117426966,0.11,0,0,-0.12919815553971722,-1.3499999989299516,0.48496836570423596,-3.637535418653021e-05,-1.0394474569816897e-11,6.798907966985689e-11,1.5707963094653652
2.521999999999944,-0.005501524979441129,0.4423810704004654,0.11,0,0,-0.12762853511622152,-1.349999998929848,0.48496836570367086,-3.637535418652551e-05,-7.68395744284931e-12,4.764803501871864e-11,1.5707963094710091
2.5419999999999416,-0.005533854544814187,0.44304917232024965,0.11,0,0,-0.12606841050795523,-1.3499999989291254,0.4849683657012128,-3.637535418654223e-05,-1.5349728573268388e-11,6.3441400657145e-11,1.570796309508712
2.5619999999999394,-0.005561721318691437,0.4436973964276058,0.11,0,0,-0.12451929680608771,-1.3499999989289189,0.48496836570051344,-3.6375354186534224e-05,-1.2227112353965935e-11,4.726786008351044e-11,1.5707963095195263
2.5819999999999372,-0.005585233419260913,0.4443275961315822,0.11,0,0,-0.12298244727973515,-1.3499999989282274,0.48496836569909313,-3.637535418651795e-05,-1.779691546373974e-11,4.831768288567318e-11,1.5707963095563748
2.601999999999935,-0.005604521412752849,0.44494137235795594,0.11,0,0,-0.12145889275710517,-1.3499999989278404,0.484968365698309,-3.637535418650883e-05,-1.6256129248465416e-11,3.919534876711576e-11,1.5707963095771005
2.621999999999933,-0.0056197327803821666,0.4455401101287388,0.11,0,0,-0.11994947484634882,-1.3499999989269365,0.48496836569721213,-3.6375354186503555e-05,-2.3682173947543337e-11,3.912008218994687e-11,1.5707963096240802
2.6419999999999306,-0.005631027382059086,0.44612500941453026,0.11,0,0,-0.11845487406888955,-1.3499999989261735,0.4849683656963094,-3.6375354186500946e-05,-2.5225705950305812e-11,3.551953391074287e-11,1.5707963096637976
2.6619999999999284,-0.00563857373400177,0.44669711129293765,0.11,0,0,-0.11697563377010882,-1.3499999989261011,0.4849683656962229,-3.637535418650122e-05,-1.5401883639930937e-11,2.1143274917180933e-11,1.5707963096675364
2.681999999999926,-0.0056425459540432035,0.447257320235738,0.11,0,0,-0.11551218050532258,-1.3499999989248737,0.48496836569551965,-3.6375354186498134e-05,-2.510575450267929e-11,2.0709290949905806e-11,1.5707963097436513
2.701999999999924,-0.00564312125752566,0.44780642317984676,0.11,0,0,-0.11406484146582554,-1.3499999989247582,0.48496836569545226,-3.6375354186500024e-05,-1.6097789142656197e-11,1.2484158775964505e-11,1.5707963097508166
2.721999999999922,-0.005640477909623621,0.44834510590494997,0.11,0,0,-0.11263385940414596,-1.3499999989236566,0.48496836569533264,-3.637535418650196e-05,-2.474693114740934e-11,8.233566958747339e-12,1.5707963098363171
2.7419999999999196,-0.005634793557949048,0.44887396713720407,0.11,0,0,-0.11121940543416302,-1.3499999989234803,0.4849683656953129,-3.637535418650136e-05,-1.696576426217184e-11,4.688072473008415e-12,1.5707963098500484
2.7619999999999174,-0.005626243883403137,0.44939353071797244,0.11,0,0,-0.10982159001585358,-1.349999998922929,0.4849683656954824,-3.6375354186476206e-05,-1.780951439523123e-11,-2.689735873543777e-13,1.5707963099166664
2.781999999999915,-0.0059979818037396845,0.44982825377719665,0.11,0,0,-0.10834843124211084,-1.3499999989227132,0.48496836569555013,-3.6375354186476646e-05,-1.3391946376361473e-11,-1.4800746806953393e-12,1.5707963099429805
2.801999999999913,-0.007039863350502917,0.45013807019557417,0.11,0,0,-0.10674580288735205,-1.3499999989224125,0.4849683656957562,-3.637535418648787e-05,-1.2132144003033638e-11,-4.250984625944991e-12,1.5707963100026279
2.821999999999911,-0.008720247301517223,0.4503503057883245,0.11,0,0,-0.10504030750766218,-1.3499999989221656,0.4849683656959316,-3.637535418649546e-05,-1.0462159193632048e-11,-5.195886982502281e-12,1.5707963100530555
2.8419999999999086,-0.011009487027587616,0.4504876285823837,0.11,0,0,-0.10325440848098391,-1.349999998922142,0.48496836569594814,-3.637535418649873e-05,-6.170211612414386e-12,-3.231570668154499e-12,1.5707963100578028
2.8619999999999064,-0.01387965063836447,0.45056875399172114,0.11,0,0,-0.10140703324887376,-1.3499999989219578,0.4849683656962069,-3.637535418650174e-05,-5.753727085206096e-12,-5.284469693247062e-12,1.570796310154441
2.881999999999904,-0.017304365418231864,0.450609064111615,0.11,0,0,-0.09951409534980867,-1.3499999989219402,0.4849683656962313,-3.63753541865013e-05,-3.4405948799259954e-12,-3.3895063118586927e-12,1.5707963101635383
2.901999999999902,-0.021258691696473448,0.4506211396861614,0.11,0,0,-0.09758894343819588,-1.3499999989219755,0.48496836569633783,-3.637535418647073e-05,-1.2492205327682796e-12,-3.401614180371359e-12,1.5707963102453955
2.9219999999999,-0.025719011498821685,0.4506152128133166,0.11,0,0,-0.09564274558898021,-1.3499999989219829,0.4849683656963604,-3.637535418647638e-05,-4.698427852938418e-13,-2.2561465939348984e-12,1.570796310262829
2.9419999999998976,-0.030662929110522128,0.4505995498394841,0.11,0,0,-0.09368481697407621,-1.3499999989220886,0.4849683656963711,-3.637535418648924e-05,1.4918302238136455e-12,-1.370268949191539e-12,1.570796310322229
2.9619999999998954,-0.036069182253112855,0.4505807737358737,0.11,0,0,-0.09172289852510748,-1.3499999989221483,0.4849683656963762,-3.6375354186496684e-05,1.877819553806477e-12,-7.980704720080578e-13,1.5707963103556388
2.981999999999893,-0.04191756273274129,0.450564134640306,0.11,0,0,-0.08976339355857582,-1.3499999989222544,0.4849683656963619,-3.6375354186500126e-05,2.815125623876382e-12,-1.8034546949421894e-13,1.5707963104012874
3.001999999999891,-0.048188845446059086,0.4505537364456927,0.11,0,0,-0.0878115686128338,-1.3499999989224052,0.4849683656963399,-3.637535418650202e-05,3.862859708303308e-12,2.62458704026121e-13,1.5707963104653127
3.0219999999998888,-0.054864724690934605,0.45055272642862937,0.11,0,0,-0.0858717239913206,-1.3499999989224196,0.48496836569633783,-3.6375354186501224e-05,2.434934969749197e-12,2.004661847465208e-13,1.5707963104713398
3.0419999999998866,-0.06192775682287853,0.45056345400708797,0.11,0,0,-0.08394733876696055,-1.349999998922625,0.48496836569629553,-3.6375354186470676e-05,4.230214128156207e-12,7.159127967938598e-13,1.5707963105656615
3.0619999999998844,-0.06936130840744238,0.45058760384235275,0.11,0,0,-0.08204119430781097,-1.3499999989226499,0.48496836569629037,-3.63753541864795e-05,2.8226298213451626e-12,5.013155782088533e-13,1.5707963105772114
3.081999999999882,-0.07714950913079383,0.4506263076883151,0.11,0,0,-0.08015547975197267,-1.3499999989227671,0.48496836569626484,-3.6375354186490897e-05,3.3277053608086494e-12,6.646766795851809e-13,1.5707963106543767
3.10199999999988,-0.08527720883696396,0.4506802386595944,0.11,0,0,-0.07829188229960035,-1.3499999989228006,0.48496836569625756,-3.6375354186496955e-05,2.4155992589390306e-12,4.947984149242797e-13,1.5707963106765113
3.1219999999998778,-0.09372993815642071,0.45074969094743894,0.11,0,0,-0.07645166470417061,-1.3499999989228382,0.4849683656962497,-3.637535418650111e-05,1.917905253521435e-12,3.959514172511186e-13,1.5707963107266842
3.1419999999998756,-0.10249387227473662,0.45083464746052676,0.11,0,0,-0.07463573193193802,-1.3499999989228688,0.48496836569624335,-3.637535418650274e-05,1.5088309648242066e-12,3.123402936375696e-13,1.5707963107691016
3.1619999999998734,-0.11155579746191857,0.45093483740303375,0.11,0,0,-0.0728446886126514,-1.3499999989228773,0.4849683656962418,-3.637535418650176e-05,9.558882237604554e-13,1.9449596193443608e-13,1.5707963107969034
3.181999999999871,-0.120903080043167,0.451049785417805,0.11,0,0,-0.0710788886192255,-1.3499999989228955,0.48496836569623875,-3.637535418650136e-05,7.604497112263057e-13,1.4510230005676716e-13,1.570796310878192
3.201999999999869,-0.13052363754166146,0.4511788536093413,0.11,0,0,-0.06933847788144414,-1.349999998922897,0.4849683656962385,-3.637535418650125e-05,4.4151111036082727e-13,8.310063118317973e-14,1.5707963108858436
3.2219999999998667,-0.14040591176486675,0.4513212775100024,0.11,0,0,-0.06762343135104024,-1.3499999989228864,0.4849683656962409,-3.6375354186502674e-05,6.956559954390522e-14,7.496233800219968e-15,1.5707963109771552
3.2419999999998645,-0.150538843639273,0.4514761968536649,0.11,0,0,-0.0659335848851221,-1.3499999989228848,0.48496836569624124,-3.637535418650212e-05,-5.460638249240099e-15,-5.3431287280873325e-15,1.5707963109918195
3.2619999999998623,-0.16091184962577065,0.45164268186490936,0.11,0,0,-0.06426866269500398,-1.3499999989228637,0.4849683656962445,-3.6375354186501874e-05,-3.4522466829970344e-13,-5.5387106216355246e-14,1.570796311062965
3.28199999999986,-0.17151479957021054,0.4518197556503372,0.11,0,0,-0.06262830091196948,-1.3499999989228553,0.4849683656962458,-3.637535418650119e-05,-3.4354649828115997e-13,-5.385305920953118e-14,1.5707963110910679
3.301999999999858,-0.18233799586211236,0.4520064131845437,0.11,0,0,-0.06101206774514857,-1.3499999989228424,0.48496836569624724,-3.6375354186486946e-05,-4.067503837494032e-13,-5.462435935835106e-14,1.5707963111294654
3.3219999999998557,-0.19337215378979353,0.4522016373104047,0.11,0,0,-0.05941948064518932,-1.3499999989228242,0.4849683656962493,-3.6375354186473394e-05,-5.030696441414265e-13,-6.11115536290242e-14,1.5707963111833205
3.3419999999998535,-0.20460838299305129,0.4524044121165468,0.11,0,0,-0.05785002083724672,-1.3499999989228226,0.48496836569624946,-3.6375354186483836e-05,-3.1332849205507757e-13,-3.7574515177262485e-14,1.57079631118839
3.3619999999998513,-0.21603816992546304,0.4526137340100356,0.11,0,0,-0.05630314554521108,-1.3499999989227889,0.484968365696252,-3.6375354186494115e-05,-6.339379449990669e-13,-5.495045063466022e-14,1.570796311291597
3.381999999999849,-0.22765336124777363,0.4528286207662148,0.11,0,0,-0.054778298193919855,-1.3499999989227855,0.4849683656962522,-3.637535418649871e-05,-4.135997526057566e-13,-3.4872327659440686e-14,1.5707963113013121
3.401999999999847,-0.2394461480820093,0.45304811880778495,0.11,0,0,-0.05327491684572755,-1.3499999989227638,0.48496836569625307,-3.637535418650184e-05,-5.513786309372432e-13,-3.185837030569272e-14,1.5707963113887333
3.4219999999998447,-0.25140905106312755,0.45327130893981143,0.11,0,0,-0.051792441101074026,-1.3499999989227591,0.4849683656962532,-3.637535418650188e-05,-3.8803847178039905e-13,-2.0612161170338454e-14,1.5707963114073518
3.4419999999998425,-0.2635349061313455,0.45349731074510125,0.11,0,0,-0.05033031766875831,-1.3499999989227505,0.4849683656962532,-3.637535418650171e-05,-3.5318417270334606e-13,-1.1166163453863796e-14,1.5707963114707888
3.4619999999998403,-0.27581685101391523,0.4537252858243827,0.11,0,0,-0.04888800478991728,-1.3499999989227454,0.4849683656962532,-3.6375354186501325e-05,-2.7250688119913065e-13,-5.750436735398146e-15,1.5707963115064687
3.481999999999838,-0.28824831235012194,0.4539544400473895,0.11,0,0,-0.047464975679849385,-1.3499999989227447,0.48496836569625307,-3.637535418649311e-05,-1.6767891666460228e-13,-1.0792916872320448e-15,1.5707963115298547
3.501999999999836,-0.30082299341775626,0.45418402496392823,0.11,0,0,-0.046060721133566566,-1.3499999989227425,0.48496836569625273,-3.6375354186472364e-05,-1.2149743715241753e-13,5.188579044144061e-15,1.570796311598232
3.5219999999998337,-0.31353486242329653,0.454413338508096,0.11,0,0,-0.04467475142415345,-1.3499999989227425,0.48496836569625273,-3.637535418648244e-05,-6.913100004387605e-14,3.731002794116527e-15,1.570796311604669
3.5419999999998315,-0.3263781413215956,0.4546417251139244,0.11,0,0,-0.043306597607567957,-1.3499999989227451,0.4849683656962521,-3.63753541864949e-05,4.87122646300839e-16,1.0703949369985889e-14,1.5707963117054022
3.5619999999998293,-0.33934729513403283,0.45486857534681635,0.11,0,0,-0.041955812333373046,-1.3499999989227451,0.4849683656962521,-3.6375354186499035e-05,8.07945033224506e-15,7.414126407851063e-15,1.5707963117177377
3.581999999999827,-0.3524370217369017,0.45509332514222656,0.11,0,0,-0.04062197024799953,-1.3499999989227496,0.48496836569625174,-3.637535418650186e-05,7.483624843878953e-14,9.850529831983756e-15,1.5707963118001493
3.601999999999825,-0.3656422420943001,0.4553154547311158,0.11,0,0,-0.03930466806546609,-1.3499999989227507,0.48496836569625174,-3.637535418650163e-05,6.558700726791846e-14,7.339809966429424e-15,1.570796311823788
3.6219999999998227,-0.3789580909119944,0.45553448732080454,0.11,0,0,-0.03800352436997958,-1.349999998922754,0.48496836569625157,-3.637535418649936e-05,8.80596879005295e-14,6.189009356496989e-15,1.5707963118773713
3.6419999999998205,-0.39237990769067943,0.4557499875899594,0.11,0,0,-0.03671817920545562,-1.3499999989227567,0.48496836569625157,-3.637535418649939e-05,9.128831140066716e-14,5.080705059220017e-15,1.5707963119226718
3.6619999999998183,-0.4059032281587742,0.45596156004755106,0.11,0,0,-0.03544829349867843,-1.3499999989227567,0.48496836569625157,-3.637535418650156e-05,5.551496963077844e-14,2.968052430357683e-15,1.5707963119269357
3.681999999999816,-0.41952375347101123,0.4561688488441335,0.11,0,0,-0.03419355018366071,-1.349999998922761,0.48496836569625157,-3.637535418650778e-05,8.576384299672158e-14,2.2305113925302664e-15,1.5707963120137496
3.701999999999814,-0.43323231285030744,0.4563718580384648,0.11,0,0,-0.03295403892702548,-1.349999998922761,0.48496836569625157,-3.637535418650764e-05,5.471810111516589e-14,1.2786010734568923e-15,1.570796312021922
3.7219999999998117,-0.44700917580153404,0.4565711880398979,0.11,0,0,-0.031730568982160576,-1.3499999989227645,0.48496836569625157,-3.637535418650805e-05,8.014332106894696e-14,4.520430330189521e-16,1.5707963121194402
3.7419999999998095,-0.46083399167226574,0.45676728270135186,0.11,0,0,-0.030523792835060282,-1.3499999989227647,0.48496836569625157,-3.637535418650705e-05,5.459611036334692e-14,1.8003126437066773e-16,1.5707963121351014
3.7619999999998073,-0.47468722643869166,0.4569603755501397,0.11,0,0,-0.02933413022966096,-1.3499999989227662,0.48496836569625157,-3.6375354186505906e-05,5.537098064776979e-14,-1.9171231583121849e-16,1.5707963122110835
3.781999999999805,-0.48855014918342554,0.4571505341933369,0.11,0,0,-0.02816180927644489,-1.3499999989227667,0.48496836569625157,-3.6375354186504795e-05,4.1158492142164276e-14,-2.3430193497059e-16,1.5707963122410966
3.801999999999803,-0.5024048196510584,0.45733769736792756,0.11,0,0,-0.02700690125675605,-1.3499999989227671,0.48496836569625157,-3.637535418650396e-05,2.7778420557248904e-14,4.18324752039775e-16,1.5707963122821043
3.8219999999998007,-0.516234075854894,0.45752170570292106,0.11,0,0,-0.025869350037222173,-1.3499999989227671,0.48496836569625157,-3.637535418650331e-05,2.0870341215715023e-14,1.020684602630111e-15,1.5707963123396202
3.8419999999997985,-0.5300215215440887,0.45770232715658754,0.11,0,0,-0.024748996893093005,-1.3499999989227671,0.48496836569625157,-3.6375354186502376e-05,1.1972959638464456e-14,6.713823377040817e-16,1.5707963123450348
3.8619999999997963,-0.5437515134775975,0.45787927796950617,0.11,0,0,-0.02364560143206002,-1.3499999989227671,0.4849683656962515,-3.637535418650134e-05,1.4648222050645718e-15,2.1567653390123207e-15,1.570796312429768
3.881999999999794,-0.557409148480865,0.45805223985672755,0.11,0,0,-0.02255885921238355,-1.3499999989227671,0.4849683656962515,-3.637535418650129e-05,-2.6683773110515284e-16,1.506034746872382e-15,1.5707963124401434
3.901999999999792,-0.5709802502730585,0.45822087405507156,0.11,0,0,-0.021488416561714917,-1.3499999989227662,0.48496836569625146,-3.637535418650256e-05,-1.3945222876816023e-14,2.4999085318304227e-15,1.5707963125335065
3.9219999999997897,-0.5844513560605444,0.45838483274590186,0.11,0,0,-0.020433883026046915,-1.3499999989227662,0.48496836569625146,-3.637535418650223e-05,-1.1481722922381242e-14,1.8173795613665584e-15,1.570796312553391
3.9419999999997875,-0.5978097028984949,0.45854376828993476,0.11,0,0,-0.019394841811449178,-1.3499999989227653,0.48496836569625146,-3.637535418650116e-05,-1.809060930587894e-14,2.209132346603923e-15,1.5707963126211395
3.9619999999997852,-0.6110432138274327,0.45869734063841,0.11,0,0,-0.01837085852399718,-1.3499999989227653,0.48496836569625146,-3.637535418650133e-05,-1.6849810344870842e-14,1.918076335587002e-15,1.5707963126592455
3.981999999999783,-0.6241404837953846,0.45884522322351295,0.11,0,0,-0.01736148846472902,-1.3499999989227651,0.48496836569625146,-3.6375354186492414e-05,-1.317378129206547e-14,1.0734916016600573e-15,1.5707963126842208
4.001999999999781,-0.6370907653792949,0.45898710757929484,0.11,0,0,-0.016366282695599546,-1.3499999989227647,0.48496836569625146,-3.6375354186470066e-05,-1.6491873785825493e-14,3.976553147274157e-16,1.5707963127572455
4.021999999999779,-0.649883954321587,0.4591227069013641,0.11,0,0,-0.01538479305825596,-1.3499999989227647,0.48496836569625146,-3.6375354186480814e-05,-1.0286149402034392e-14,1.7968826028504767e-16,1.5707963127641194
4.041999999999777,-0.6625105748993869,0.4592517587181568,0.11,0,0,-0.014416576299070071,-1.3499999989227647,0.48496836569625146,-3.637535418649407e-05,-1.1482505861035871e-14,-9.6060535850465e-16,1.5707963128461488
4.061999999999775,-0.674961765145065,0.45937402681752704,0.11,0,0,-0.01346119743033127,-1.3499999989227647,0.48496836569625146,-3.6375354186499e-05,-7.492936791447304e-15,-7.646455597501949e-16,1.5707963128593225
4.0819999999997725,-0.6872292619374804,0.45948930254867026,0.11,0,0,-0.01251823243802134,-1.3499999989227647,0.48496836569625146,-3.637535418650193e-05,-7.202126354030452e-15,-1.419951242914437e-15,1.5707963129473361
4.10199999999977,-0.6993053859837367,0.45959740560008744,0.11,0,0,-0.0115872704304443,-1.3499999989227647,0.48496836569625146,-3.637535418650156e-05,-4.945552777304752e-15,-1.1151685025326618e-15,1.570796312972582
4.121999999999768,-0.7111830267114275,0.4596981843385696,0.11,0,0,-0.010667915308560835,-1.3499999989227647,0.48496836569625146,-3.637535418649914e-05,-2.725233459728776e-15,-2.7668461539846464e-16,1.5707963130298068
4.141999999999766,-0.722855627091315,0.459791515781355,0.11,0,0,-0.009759787027662593,-1.3499999989227647,0.48496836569625146,-3.6375354186498994e-05,-1.3996586894390384e-15,1.8405533679727899e-16,1.5707963130781866
4.161999999999764,-0.7343171684102043,0.45987730526307785,0.11,0,0,-0.008862522510591955,-1.3499999989227647,0.48496836569625146,-3.637535418650101e-05,-7.204734105151778e-16,1.534211218981028e-16,1.5707963130827405
4.1819999999997615,-0.7455621550134651,0.45995548585042423,0.11,0,0,-0.007975776264722359,-1.3499999989227647,0.48496836569625146,-3.637535418649995e-05,1.278608236445043e-15,1.4904702998919143e-15,1.570796313175455
4.201999999999759,-0.7565855990362554,0.4600260175501395,0.11,0,0,-0.007099220748086809,-1.3499999989227647,0.48496836569625146,-3.637535418650182e-05,9.601311137702624e-16,1.0269904518064044e-15,1.5707963131841822
4.221999999999757,-0.767383005142016,0.46008888634989686,0.11,0,0,-0.006232546524159071,-1.3499999989227647,0.48496836569625146,-3.637535418650296e-05,2.385168123682482e-15,2.0968121495021387e-15,1.5707963132627154
4.241999999999755,-0.7779503552862784,0.46014410312629245,0.11,0,0,-0.005375462239683135,-1.3499999989227647,0.48496836569625146,-3.6375354186502315e-05,1.8143329821045743e-15,1.5684945117100094e-15,1.5707963132794416
4.261999999999753,-0.7882840935232449,0.46019170244970836,0.11,0,0,-0.004527694455479348,-1.3499999989227647,0.48496836569625146,-3.6375354186500546e-05,3.0742301471490798e-15,1.929311329156915e-15,1.5707963133605878
4.2819999999997505,-0.7983811108719838,0.4602317413118306,0.11,0,0,-0.0036889873562284316,-1.3499999989227647,0.48496836569625146,-3.637535418650169e-05,2.6008468880274314e-15,1.522212641544122e-15,1.5707963133926404
4.301999999999748,-0.8082387302584464,0.4602642977981361,0.11,0,0,-0.0028591023617686607,-1.3499999989227647,0.48496836569625146,-3.637535418650099e-05,2.2980128336655557e-15,1.5194336136505217e-15,1.5707963134364358
4.321999999999746,-0.8178546915488462,0.4602894697245847,0.11,0,0,-0.00203781765937583,-1.3499999989227647,0.48496836569625146,-3.637535418650153e-05,2.331187332600338e-15,1.7222307059495494e-15,1.570796313497861
4.341999999999744,-0.8272271366892765,0.4603073732550171,0.11,0,0,-0.0012249276737820367,-1.3499999989227647,0.48496836569625146,-3.6375354186501264e-05,1.4140353170974765e-15,1.0641926031981056e-15,1.5707963135036433
4.361999999999742,-0.8363545949657484,0.46031814151332784,0.11,0,0,-0.00042024248928912455,-1.3499999989227647,0.48496836569625146,-3.637535418650509e-05,1.4000908852868902e-15,7.876967042040774e-16,1.5707963135941359
4.381999999999739,-0.8452359683981511,0.4603219232023136,0.11,0,0,0.0003764127637862114,-1.3499999989227647,0.48496836569625146,-3.637535418650479e-05,8.661397794584038e-16,4.557682865124663e-16,1.5707963136052168
4.401999999999737,-0.8538705172809455,0.4603188812391743,0.11,0,0,0.0011651985479635863,-1.3499999989227647,0.48496836569625146,-3.637535418650397e-05,7.708822597215939e-16,-2.3221422234004584e-16,1.5707963136792498
4.421999999999735,-0.8622578458827126,0.46030919141594284,0.11,0,0,0.0019462615740093447,-1.3499999989227647,0.48496836569625146,-3.6375354186502836e-05,5.178560694094345e-16,-2.998507645210063e-16,1.5707963137004852
4.441999999999733,-0.8703978883159943,0.46029304109161473,0.11,0,0,0.0027197354655962873,-1.3499999989227647,0.48496836569625146,-3.637535418650152e-05,3.9200518683841614e-16,-7.310339520465115e-16,1.5707963137486214
4.461999999999731,-0.878290894588191,0.4602706279214382,0.11,0,0,0.003485741427141899,-1.3499999989227647,0.48496836569625146,-3.6375354186501386e-05,2.9894774775807226e-16,-8.769150468555972e-16,1.5707963137893173
4.481999999999728,-0.8859374168436016,0.4602421586276747,0.11,0,0,0.004244388909824274,-1.3499999989227647,0.48496836569625146,-3.63753541865019e-05,9.130747718385562e-17,-5.784850059246504e-16,1.5707963138159906
4.501999999999726,-0.8933382958060461,0.46020784781515256,0.11,0,0,0.004995776271693464,-1.3499999989227647,0.48496836569625146,-3.637535418650327e-05,-1.908227782086368e-16,-4.211978260815091e-16,1.5707963138939784
4.521999999999724,-0.9004946474308493,0.46016791683407926,0.11,0,0,0.0057399914285795614,-1.3499999989227647,0.48496836569625146,-3.6375354186502376e-05,-1.412129466978723e-16,-2.4223459324620493e-16,1.5707963139013204
4.541999999999722,-0.9074078497743396,0.46012259269185707,0.11,0,0,0.006477112493163124,-1.3499999989227647,0.48496836569625146,-3.637535418650359e-05,3.3936236989783726e-16,-1.8911582083967786e-16,1.5707963139889254
4.56199999999972,-0.9140795300883903,0.4600721070150268,0.11,0,0,0.0072072084001328085,-1.3499999989227647,0.48496836569625146,-3.637535418650281e-05,2.802823732301291e-16,-1.1091465212970348e-16,1.5707963140029946
4.581999999999717,-0.9205115521469242,0.4600166950619519,0.11,0,0,0.007930339515822952,-1.3499999989227647,0.48496836569625146,-3.637535418650255e-05,1.1680439146587297e-15,6.076890330038802e-16,1.5707963140712522
4.601999999999715,-0.9267060038107171,0.45995659478642387,0.11,0,0,0.008646558231112357,-1.3499999989227647,0.48496836569625146,-3.6375354186501894e-05,1.099304324122111e-15,6.412238887476257e-16,1.5707963140982137
4.621999999999713,-0.9326637500971996,0.4598943040401682,0.11,0,0,0.009354142967522008,-1.3499999989227647,0.48496836569625146,-3.637535418650102e-05,1.1861364070882054e-15,3.2495174630403546e-16,1.5707963141350532
4.641999999999711,-0.9383724207241666,0.45985563190383794,0.11,0,0,0.01003324536942358,-1.3499999989227647,0.48496836569625146,-3.6375354186501495e-05,1.3882287069133773e-15,7.493818827582204e-17,1.5707963141867218
4.661999999999709,-0.9438372823986633,0.4598433804441381,0.11,0,0,0.010682216413327103,-1.3499999989227647,0.48496836569625146,-3.637535418650135e-05,8.573433584194722e-16,2.0551730030360537e-17,1.5707963141915853
4.681999999999706,-0.9490687544830377,0.4598529463785123,0.11,0,0,0.011305157060481193,-1.3499999989227647,0.48496836569625146,-3.637535418650406e-05,1.021034377763997e-15,-7.049144539172728e-16,1.5707963142906018
4.701999999999704,-0.9540768050344657,0.4598805333862072,0.11,0,0,0.01190547500214734,-1.3499999989227647,0.48496836569625146,-3.637535418650346e-05,6.342965996134749e-16,-4.959121356336917e-16,1.570796314299923
4.721999999999702,-0.9588709743326141,0.45992300814338616,0.11,0,0,0.012486006254288664,-1.3499999989227647,0.48496836569625146,-3.637535418650269e-05,-2.7044156237705022e-17,-3.357172720462504e-17,1.5707963143837949
4.7419999999997,-0.9634603943752442,0.4599777811665488,0.11,0,0,0.013049115595916946,-1.3499999989227647,0.48496836569625146,-3.637535418650201e-05,-1.2689035849581581e-16,5.163219474520597e-17,1.5707963144016577
4.761999999999698,-0.9678538068665823,0.4600427086708731,0.11,0,0,0.013596779262147782,-1.3499999989227647,0.48496836569625146,-3.637535418650208e-05,-7.369924579245957e-16,4.0250283448174157e-16,1.570796314462519
4.781999999999695,-0.9720595801914134,0.4601160120972192,0.11,0,0,0.014130652846017928,-1.3499999989227647,0.48496836569625146,-3.6375354186501705e-05,-8.060804507123701e-16,4.46979806788826e-16,1.5707963144967507
4.801999999999693,-0.976085725532505,0.4601962123779728,0.11,0,0,0.014652126945384052,-1.3499999989227647,0.48496836569625146,-3.637535418650015e-05,-8.332883443782405e-16,4.167071501528575e-16,1.5707963145191868
4.821999999999691,-0.9799399122190752,0.46028207640396934,0.11,0,0,0.015162372713230135,-1.3499999989227647,0.48496836569625146,-3.637535418649834e-05,-1.480470828689147e-15,6.56318814926361e-16,1.5707963145847874
4.841999999999689,-0.9836294823697415,0.46037257351875494,0.11,0,0,0.015662379131846513,-1.3499999989227647,0.48496836569625146,-3.637535418650036e-05,-9.55567833024138e-16,4.1898737174042586e-16,1.570796314590963
4.861999999999687,-0.9871614648798694,0.460466840198644,0.11,0,0,0.016152983533107096,-1.3499999989227647,0.48496836569625146,-3.637535418650159e-05,-2.108883171322144e-15,-1.26279556424514e-16,1.570796314687606
4.881999999999684,-0.9905425887941033,0.46056415137512235,0.11,0,0,0.01663489662705884,-1.3499999989227647,0.48496836569625146,-3.637535418650123e-05,-1.4351191023405137e-15,-1.3700708153040333e-16,1.5707963146994401
4.901999999999682,-0.9937792960983858,0.46066389711935896,0.11,0,0,0.01710872307709015,-1.3499999989227647,0.48496836569625146,-3.637535418650338e-05,-2.042451269714913e-15,-6.63710677506031e-17,1.5707963147785062
4.92199999999968,-0.9968777539611313,0.4607655636374689,0.11,0,0,0.017574978469335947,-1.3499999989227647,0.48496836569625146,-3.637535418650307e-05,-1.542576192836607e-15,-3.088228891205767e-17,1.5707963148011856
4.941999999999678,-0.9998438664498539,0.46086871772131666,0.11,0,0,0.01803410336360894,-1.3499999989227647,0.48496836569625146,-3.637535418650209e-05,-1.919738462549817e-15,2.8994268980286567e-16,1.5707963148525945
4.961999999999676,-1.0026832857471142,0.4609729939653862,0.11,0,0,0.018486474979728062,-1.3499999989227647,0.48496836569625146,-3.63753541865012e-05,-1.9502304849949573e-15,4.2913352203693124e-16,1.5707963148960566
4.981999999999673,-1.0054014228878312,0.4610780841984049,0.11,0,0,0.01893241696331762,-1.3499999989227647,0.48496836569625146,-3.6375354186501244e-05,-1.1836908522167804e-15,2.743207173239179e-16,1.570796314900148
5.001999999999671,-1.0080034580386106,0.46118372869207713,0.11,0,0,0.01937220758573342,-1.3499999989227647,0.48496836569625146,-3.637535418653168e-05,-1.490169516859269e-15,1.1649297365992881e-15,1.5707963149834376
5.021999999999669,-1.0104943503386516,0.461289708801604,0.11,0,0,0.019806086660674946,-1.3499999989227647,0.48496836569625146,-3.637535418652284e-05,-9.299122848613206e-16,7.896180546065082e-16,1.570796314991278
5.041999999999667,-1.0128788473208765,0.46139584076673446,0.11,0,0,0.020234261402453563,-1.3499999989227647,0.48496836569625146,-3.637535418650949e-05,-6.961833087975867e-16,5.394315283870058e-16,1.5707963150848372
5.0619999999996645,-1.015161493931119,0.4615019704608054,0.11,0,0,0.020656911405278214,-1.3499999989227647,0.48496836569625146,-3.637535418650547e-05,-4.1390815785950156e-16,3.133178947945772e-16,1.5707963150998627
5.081999999999662,-1.0173466411625027,0.46160796892123895,0.11,0,0,0.02107419288707149,-1.3499999989227647,0.48496836569625146,-3.637535418650197e-05,-7.152600198790508e-16,4.946606711472599e-16,1.5707963151727602
5.10199999999966,-1.0194384543214376,0.46171372853064224,0.11,0,0,0.021486242313323377,-1.3499999989227647,0.48496836569625146,-3.63753541865014e-05,-6.131560062435803e-16,4.173415551033953e-16,1.5707963152015547
5.121999999999658,-1.0214409212446,0.46181915973839216,0.11,0,0,0.021893179494762917,-1.3499999989227647,0.48496836569625146,-3.6375354186514675e-05,-1.0229537431695046e-15,4.552727078393586e-16,1.5707963152408975
5.141999999999656,-1.0233727580500251,0.4619237332990153,0.11,0,0,0.022295257998964084,-1.3491608450123733,0.4849934116920139,0.0019220248159489894,-0.00443981730132556,-7.99125760128343e-05,1.570867745707513
5.1619999999996535,-1.0252636069306296,0.46202603463857866,0.11,0,0,0.02269351564120083,-1.3455251134019746,0.48508877840822917,0.013600211749253736,-0.021965137744116014,-0.0004619331724901692,1.5712203083453333
5.181999999999651,-1.0270719223111495,0.4621280928231502,0.11,0,0,0.023086769135857117,-1.3419980617350786,0.4851844053144017,0.03494383994783175,-0.038845766155497626,-0.0008389899836385742,1.571619960766941
5.201999999999649,-1.0287884123142435,0.4622305430044161,0.11,0,0,0.02347460059542115,-1.3395927341206022,0.4852570918446567,0.0649217187901053,-0.05151527081290133,-0.0011236983163842968,1.5720194165672274
5.221999999999647,-1.030413505087053,0.4623334680136228,0.11,0,0,0.02385698256915491,-1.3386289267539588,0.48529868819496663,0.101880638078171,-0.05929046751675922,-0.0012999142377104296,1.5724106449037367
5.241999999999645,-1.031951385829149,0.46243673028870025,0.11,0,0,0.02423405212355014,-1.3391109803216703,0.48530645415569323,0.14382505649092375,-0.06245711564928734,-0.0013488664545777864,1.5728108019404974
5.2619999999996425,-1.0334081796885017,0.4625400696245829,0.11,0,0,0.02460604653023876,-1.3408582615177937,0.4852866537962389,0.18868203268538938,-0.061657966371691277,-0.0013357160592337807,1.573186010248219
5.28199999999964,-1.034790837958718,0.46264320083677385,0.11,0,0,0.024973217920116045,-1.343582634330767,0.4852436348434418,0.23448640499265758,-0.05778302404092572,-0.0012596661662881352,1.573548316155443
5.301999999999638,-1.036106333611132,0.46274585077315955,0.11,0,0,0.02533581076140584,-1.346962359894313,0.48518374442910955,0.27948780845040516,-0.05175001855441782,-0.0011341213520185255,1.573903598311134
5.321999999999636,-1.037361152397679,0.46284779018795214,0.11,0,0,0.025694035249387875,-1.350690062409833,0.48511335216201407,0.3222132308686323,-0.04442452251580287,-0.0009711019238051815,1.5742593141047596
5.341999999999634,-1.0385610147055888,0.46294884633433603,0.11,0,0,0.02604805717248451,-1.3545122617297694,0.48503891950533423,0.36151264760184404,-0.03657123992118192,-0.0007925180940393094,1.5746174272006983
5.3619999999996315,-1.0397109550903827,0.46304893412952197,0.11,0,0,0.026397951514310434,-1.3583359059267046,0.48496416131194414,0.3969078923840325,-0.028686330105101025,-0.0006155352987858158,1.5749796694958842
5.381999999999629,-1.0408139528663718,0.4631480631901166,0.11,0,0,0.026743733953500128,-1.3621596542539451,0.4848892843716814,0.42838286779317847,-0.020801337430993105,-0.00044238072654154717,1.5753433198972557
5.401999999999627,-1.0418717704038858,0.4632462656733248,0.11,0,0,0.02708542429922798,-1.3659834772662776,0.4848142894257524,0.4559375745584153,-0.012916262910390984,-0.00027306555242955806,1.5757083405799825
5.421999999999625,-1.042885989288241,0.46334357015993693,0.11,0,0,0.027423046844219992,-1.3698073455138409,0.48473917722271087,0.47957201317655174,-0.0050311075940321385,-0.0001076005926217575,1.5760746936297816
5.441999999999623,-1.0438581701036238,0.4634399992463359,0.11,0,0,0.02775662916107446,-1.373631229543955,0.4846639485184115,0.49928618391204016,0.0028541274290281604,5.400369638680124e-05,1.5764423410462203
5.4619999999996205,-1.0447898635207826,0.46353557063693307,0.11,0,0,0.02808620117619218,-1.3774550999029593,0.4845886040759624,0.5150800867969608,0.010739441032316454,0.0002117372184733871,1.5768112447460325
5.481999999999618,-1.0456826021334396,0.46363029840345144,0.11,0,0,0.028411794493199066,-1.3812789271380432,0.48451314466567796,0.5269537216310196,0.01862483205285315,0.0003655902385527385,1.577181366566446
5.501999999999616,-1.0465378919427049,0.4637241939772599,0.11,0,0,0.02873344191322797,-1.3851026817990815,0.4844375710650309,0.5349070879815606,0.026510299292076524,0.000515553383211798,1.5775526682685062
5.521999999999614,-1.047357205771814,0.46381726687488,0.11,0,0,0.02905117710396125,-1.3889263344404663,0.4843618840586036,0.5389401851835928,0.03439584151677836,0.0006616176413139651,1.5779251115404171
5.541999999999612,-1.0481419785045702,0.46390952521196954,0.11,0,0,0.0293650343776046,-1.3927498556229432,0.4842860844380396,0.5390530123398314,0.04228145746005092,0.000803774364572798,1.5782986580008824
5.5619999999996095,-1.0488936037821666,0.4640009760590742,0.11,0,0,0.029675048545984725,-1.3965732159154416,0.4842101730019941,0.5352455683207543,0.05016714582224462,0.0009420152680950836,1.5786732692024597
5.581999999999607,-1.0496134318337358,0.46409162568285667,0.11,0,0,0.02998125482806068,-1.4003963858969093,0.484134150556084,0.5275178517646718,0.058052905271936316,0.0010763324308932618,1.579048906634913
5.601999999999605,-1.05030276818339,0.4641814797070509,0.11,0,0,0.030283688791192805,-1.4042193361581419,0.48405801791283837,0.5158698610778117,0.06593873444690729,0.001206718296367019,1.5794255317285737
5.621999999999603,-1.0509628730335323,0.4642705432192145,0.11,0,0,0.03058238631253692,-1.4080420373036167,0.48398177589164715,0.5003015944344186,0.07382463195513148,0.0013331656727542677,1.5798031058577107
5.641999999999601,-1.0515974409001405,0.46435845501606937,0.11,0,0,0.030877720610735893,-1.4103387577796005,0.4840508074428094,0.48112636688514543,0.06000240570317866,-0.0005160582832513782,1.580294561426282
5.6619999999995985,-1.0522078586916872,0.4644455482731117,0.11,0,0,0.031169333301983827,-1.410421938334477,0.4840780671804672,0.4585636671593729,0.015069448579661531,-0.00129623485490463,1.5819551543882742
5.681999999999596,-1.0528157744787503,0.46453092749218117,0.11,0,0,0.031457620201383124,-1.4090826233119023,0.48409279642131947,0.435131253786665,-0.025946451333562874,-0.0015885202257848977,1.5836958006214583
5.701999999999594,-1.0534361924190039,0.46461318387585726,0.11,0,0,0.03174399128926849,-1.4067049256450994,0.4841246208976677,0.41784683355968105,-0.03377489008971377,-0.001261583053777602,1.5842784371154042
5.721999999999592,-1.0540209451206684,0.4646956038230661,0.11,0,0,0.032026371547670206,-1.4049674170889155,0.484153520180493,0.40471859344705935,-0.03713636315976323,-0.0010062597038070105,1.5845915126597683
5.74199999999959,-1.0545680484917639,0.464778419705703,0.11,0,0,0.032304542449925935,-1.4040483073100918,0.4841684914345067,0.3943589307602953,-0.039248888367351915,-0.0008755173599745995,1.5848694970468051
5.7619999999995875,-1.0550833183059618,0.4648612180936117,0.11,0,0,0.0325787867665395,-1.403684538458403,0.48417206144466995,0.38607038296094504,-0.04067498580758809,-0.0008165524176109088,1.5851417947694648
5.781999999999585,-1.0555715305959898,0.4649436716954716,0.11,0,0,0.03284934726863281,-1.4036602822211202,0.4841677618096507,0.3794689125873024,-0.04161509172586065,-0.0007909143668888302,1.585411349064526
5.801999999999583,-1.0560359205122551,0.46502558054041243,0.11,0,0,0.03311638855714944,-1.4038406875292009,0.48415835669269913,0.3743194874041264,-0.04219436541896295,-0.0007792212478255679,1.5856781018208683
5.821999999999581,-1.056478705605738,0.4651068304206131,0.11,0,0,0.033380020693513056,-1.4041472495993426,0.48414577177190987,0.3704627326999052,-0.042484586374254535,-0.0007730487391194184,1.5859418574402964
5.841999999999579,-1.056901468514087,0.465187361002744,0.11,0,0,0.03364031892773322,-1.4045354429450954,0.4841311752010694,0.3677714606093565,-0.04253985647829449,-0.0007682032637115221,1.5862024512166122
5.861999999999576,-1.05730542928221,0.4652671427491482,0.11,0,0,0.03389733847952292,-1.4049796131844579,0.48411527717846053,0.36612857485534445,-0.04240349429742589,-0.0007628010470979943,1.5864598046381846
5.881999999999574,-1.057691604958532,0.4653461630255601,0.11,0,0,0.03415112352612272,-1.4054642592215463,0.48409851456520675,0.36541810102319655,-0.04210778686481764,-0.0007560380604561096,1.5867138954584161
5.901999999999572,-1.0580608932655944,0.4654244183315428,0.11,0,0,0.03440171231311152,-1.4059791414871847,0.4840811683440503,0.365521932595483,-0.041677640869008756,-0.0007476373137577021,1.5869647329604226
5.92199999999957,-1.058414117468613,0.46550190985883005,0.11,0,0,0.03464914009441294,-1.4065165315090453,0.4840634374030866,0.36631961165426635,-0.04113431563454397,-0.000737601223336982,1.5872123445133737
5.941999999999568,-1.0587520504690828,0.4655786409250414,0.11,0,0,0.03489344083380025,-1.4070697124651124,0.48404547495572203,0.36768978729956536,-0.040498111779171314,-0.000725957266608466,1.587456637039427
5.961999999999565,-1.0590754269517701,0.46565461541288405,0.11,0,0,0.03513464830354199,-1.407632215811966,0.48402735863241264,0.3695125315433951,-0.03979064973709444,-0.0007117568288859847,1.5876963955308558
5.981999999999563,-1.0593849482674131,0.46572983672124296,0.11,0,0,0.03537279691887767,-1.4081978920793539,0.48400938174553154,0.3716717924414558,-0.03903044920717973,-0.0006970602164063228,1.587932247106888
6.001999999999561,-1.0596812857832645,0.46580430829640823,0.11,0,0,0.035607920733458684,-1.4087604859661316,0.4839917892871796,0.3740579731210054,-0.038237275078503566,-0.0006835368726955628,1.5881654184563263
6.021999999999559,-1.0599650808544636,0.4658780342304159,0.11,0,0,0.03584005298303616,-1.40931362887025,0.48397455320899674,0.37657022753544067,-0.03743345983439271,-0.0006693591265592235,1.5883951525651931
6.041999999999557,-1.0602369419776194,0.4659510177670422,0.11,0,0,0.036069227844042206,-1.4098516058729167,0.4839578402271285,0.3791180056227456,-0.03663725585934762,-0.0006553613990701788,1.5886214752178138
6.061999999999554,-1.0604974448541395,0.4660232618611172,0.11,0,0,0.0362954797307426,-1.4103691538418763,0.48394177156938,0.38162247771574637,-0.0358671717548824,-0.0006416183525141758,1.5888443682171909
6.081999999999552,-1.0607471316799084,0.4660947693443392,0.11,0,0,0.03651884309718813,-1.4108617978706404,0.48392648457362786,0.38401720761149544,-0.03513860390664157,-0.0006286384621861468,1.5890641056060282
6.10199999999955,-1.060986511292656,0.46616554311571606,0.11,0,0,0.036739352273160275,-1.4113258937967335,0.483912086581383,0.3862484590653551,-0.03446448418351658,-0.0006167404833943671,1.5892807394026596
6.121999999999548,-1.0612160599663036,0.46623558634104284,0.11,0,0,0.036957041263445865,-1.411758647086783,0.48389862064901185,0.3882750489013104,-0.033855499905697146,-0.0006056931427769316,1.5894934392861595
6.141999999999546,-1.061436222237532,0.46630490222865256,0.11,0,0,0.03717194402085337,-1.4121582393388412,0.48388619214085943,0.39006777909987567,-0.03331863265665943,-0.0005959445870318806,1.5897055603999957
6.161999999999543,-1.0616474129113906,0.46637349441969317,0.11,0,0,0.03738409396451622,-1.4125236701253583,0.48387475930402885,0.3916086575949995,-0.03285900861858098,-0.0005866820819052846,1.5899153736044653
6.181999999999541,-1.0618500183300492,0.4664413663035586,0.11,0,0,0.03759352484123033,-1.412854855841922,0.48386451678759,0.39288978065709707,-0.032478542443705107,-0.0005806289522010097,1.590122539233067
6.201999999999539,-1.0620443985332235,0.46650852198244264,0.11,0,0,0.0378002695771577,-1.4131525529185143,0.48385541280473193,0.39391211269892173,-0.03217604056181369,-0.0005767746384143744,1.5903290751398982
6.221999999999537,-1.0622308911160137,0.46657496592446335,0.11,0,0,0.038004360428477414,-1.4134180533000373,0.4838473380201786,0.39468421043064783,-0.03194811319686312,-0.0005740838138176528,1.5905341318125983
6.241999999999535,-1.0624098152884083,0.4666407046796611,0.11,0,0,0.03820582736652159,-1.413652893791391,0.48384005989129325,0.3952207978899317,-0.03178904707176285,-0.0005712710091219108,1.5907358907923166
6.261999999999532,-1.0625814675112233,0.46670574241314144,0.11,0,0,0.03840470326397678,-1.413859278525144,0.4838336408915175,0.39554145857570827,-0.03169581406841825,-0.0005692152669415138,1.5909351640724947
6.28199999999953,-1.0627461279533064,0.466770083686172,0.11,0,0,0.03860102014313545,-1.4140398465125579,0.48382806644644466,0.3956692762475153,-0.031661210901403475,-0.0005682910816510021,1.5911319168513485
6.301999999999528,-1.0629040628167548,0.4668337335939182,0.11,0,0,0.03879480914270398,-1.4141973692856349,0.48382325937459253,0.39562964536566936,-0.03167732750548252,-0.0005683760223453638,1.5913261691289533
6.321999999999526,-1.0630555257506173,0.4668966973784152,0.11,0,0,0.03898610100912692,-1.4143346991096644,0.4838191317387603,0.3954491515226522,-0.03173598892786497,-0.0005692897891292616,1.5915179457932747
6.341999999999524,-1.0632007594304216,0.4669589803470262,0.11,0,0,0.039174926169116726,-1.4144546888519403,0.48381559380263583,0.3951545911251478,-0.03182901767585503,-0.0005708602885367188,1.5917072724634869
6.361999999999521,-1.0633399969671407,0.46702058783003814,0.11,0,0,0.039361314751785684,-1.414560118280739,0.4838125567759175,0.3947721320313693,-0.031948456301018106,-0.0005729300447771935,1.5918941750252378
6.381999999999519,-1.063473463110218,0.4670815251456858,0.11,0,0,0.039545296604707146,-1.4146536310856603,0.48380993467728856,0.39432661945496145,-0.0320867605216983,-0.0005753555988973215,1.5920786795083797
6.401999999999517,-1.063601375243906,0.46714179756993246,0.11,0,0,0.03972690130834018,-1.414737683789125,0.4838076459803088,0.39384102666116644,-0.03223695817104034,-0.0005780073061543344,1.5922608120486543
6.421999999999515,-1.0637239441857052,0.46720141031169665,0.11,0,0,0.03990615818841313,-1.4148145068278863,0.4838056150422374,0.3933360454747413,-0.03239277090149415,-0.000580769783019135,1.5924405988894565
6.441999999999513,-1.063841374801346,0.46726036849419633,0.11,0,0,0.04008309632559046,-1.4148860775002117,0.4838037732594584,0.39282980797741057,-0.03254869846321549,-0.0005835425086176526,1.5926180663999583
6.46199999999951,-1.0639538664546027,0.46731867714267883,0.11,0,0,0.0402577445620277,-1.414954104052825,0.48380205991734304,0.3923377279920348,-0.0327000674884118,-0.0005862402416714591,1.5927932410950887
6.481999999999508,-1.064061613312655,0.46737634117842664,0.11,0,0,0.04043013150470599,-1.415020019883331,0.48380042272793405,0.39187244897578793,-0.03284304806868546,-0.0005887930964917361,1.5929661496491474
6.501999999999506,-1.064164804528993,0.46743336541861763,0.11,0,0,0.04060028552566749,-1.4150849866325148,0.4837988180672983,0.39144388370524436,-0.032974642216700864,-0.000591146235709796,1.593136818898785
6.521999999999504,-1.0642636243261916,0.4674897545813919,0.11,0,0,0.04076823475944506,-1.4151499048188851,0.48379721093698447,0.3910593305515549,-0.03309264871687775,-0.000593259199822817,1.5933052758336896
6.5419999999995015,-1.0643582520003922,0.4675455132953117,0.11,0,0,0.04093400709810201,-1.415215430612552,0.48379557468235534,0.3907236511260929,-0.033195608999284684,-0.0005951049251230883,1.5934715475749661
6.561999999999499,-1.064448861868224,0.4676006461123048,0.11,0,0,0.04109763018437384,-1.4152819973470292,0.4837938905057229,0.3904394945351487,-0.033282738590435235,-0.0005966685154282155,1.5936356613423819
6.581999999999497,-1.0645356231752694,0.46765515752314324,0.11,0,0,0.04125913140344198,-1.4153498404166442,0.48379214681484384,0.39020755432567,-0.03335384845901683,-0.0005979458368022925,1.5937976444123978
6.601999999999495,-1.0646186999831733,0.46770905197451695,0.11,0,0,0.04141853787387212,-1.4154190242950817,0.4837903384479109,0.3900268453448581,-0.03340926022683183,-0.0005989420024089622,1.593957524069367
6.621999999999493,-1.0646982510502587,0.4677623338868162,0.11,0,0,0.041575876438225697,-1.415489470528316,0.48378846581506485,0.3898949890919648,-0.03344971879075868,-0.0005996698092222905,1.594115327552464
6.6419999999994905,-1.0647744297181225,0.4678150076718177,0.11,0,0,0.04173117365380699,-1.4155609856942046,0.48378653399398674,0.38980849763511605,-0.03347630542986363,-0.0006001481810143098,1.5942710820008974
6.661999999999488,-1.0648473838142698,0.46786707774957886,0.11,0,0,0.041884455783946735,-1.4156332884731453,0.4837845518136379,0.389763047731627,-0.03349035397757152,-0.0006004006637781072,1.5944248143997495
6.681999999999486,-1.064917255578494,0.4679185485639618,0.11,0,0,0.04203574879015194,-1.4157060351319426,0.48378253095598106,0.389753738368096,-0.03349337214240001,-0.0006004540111512501,1.594576551528489
6.701999999999484,-1.0649841816184684,0.4679694245963395,0.11,0,0,0.04218507832537656,-1.4157788428799076,0.4837804851008324,0.38977532647664986,-0.03348696957864408,-0.0006003368889080633,1.5947263199138049
6.721999999999482,-1.0650482928979648,0.4680197103771611,0.11,0,0,0.04233246972859162,-1.4158513107066855,0.4837784291341035,0.3898224370452894,-0.03347279385347651,-0.0006000787194932604,1.5948741457879805
6.7419999999994795,-1.0651097147592998,0.46806941049517764,0.11,0,0,0.042477948020761706,-1.4159230374511105,0.48377637843481314,0.38988974519136943,-0.03345247503889882,-0.0005997086800846825,1.5950200550536275
6.761999999999477,-1.0651685669800137,0.4681185296042377,0.11,0,0,0.042621537902269045,-1.415993636976304,0.4837743482515598,0.38997212898425787,-0.033427579282659145,-0.0005992548609441305,1.5951640732551595
6.781999999999475,-1.0652249638624762,0.4681670724276649,0.11,0,0,0.04276326375176857,-1.416062750436199,0.4837723531747919,0.3900647928702478,-0.03339957138594721,-0.0005987435849292604,1.5953062255570993
6.801999999999473,-1.0652790143540567,0.4682150437603104,0.11,0,0,0.04290314962640905,-1.4161300557115133,0.4837704067072876,0.3901633624609092,-0.03336978613950599,-0.0005981988840444292,1.595446536728972
6.821999999999471,-1.0653308221946833,0.4682624484684432,0.11,0,0,0.043041219263316915,-1.4161952741686978,0.4837685209318388,0.39026395219243976,-0.03333940794404716,-0.0005976421248108531,1.5955850311363509
6.8419999999994685,-1.0653804860880522,0.4683092914876936,0.11,0,0,0.043177496082209804,-1.4162581749538639,0.4837667062722556,0.3903632079506298,-0.033309458064280935,-0.0005970917710197917,1.5957217327374433
6.861999999999466,-1.065428099892392,0.4683555778193024,0.11,0,0,0.04331200318898746,-1.4163185770761375,0.483764971341483,0.3904583271905741,-0.03328078873600523,-0.0005965632700533634,1.5958566650845136
6.881999999999464,-1.065473752826524,0.46840131252495165,0.11,0,0,0.04344476338013617,-1.4163763495626047,0.48376332286883666,0.39054705937252404,-0.03325408325911816,-0.0005960690473564845,1.5959898513293862
6.901999999999462,-1.0655175296869674,0.4684465007204621,0.11,0,0,0.04357579914777866,-1.4164314099815736,0.483761765697098,0.39062768969819955,-0.033229861161998275,-0.0005956185927488159,1.596121314232256
6.92199999999946,-1.0655595110719696,0.46849114756864496,0.11,0,0,0.04370513268520426,-1.4164837216340214,0.4837603028394169,0.3906990091802944,-0.033208487509823845,-0.0005952186219933092,1.5962510761730597
6.9419999999994575,-1.0655997736086034,0.4685352582715803,0.11,0,0,0.043832785892721576,-1.4165332897066363,0.48375893558560423,0.39076027402775615,-0.03319018544618366,-0.0005948732973038326,1.5963791591647243
6.961999999999455,-1.0656383901793962,0.46857883806258177,0.11,0,0,0.04395878038368816,-1.416580156665533,0.4837576636474067,0.39081115719720755,-0.03317505109876065,-0.0005945844911860077,1.5965055848676333
6.981999999999453,-1.065675430145367,0.4686218921980808,0.11,0,0,0.044083137490586496,-1.4166243971492793,0.4837564853326785,0.39085169476300874,-0.0331630700409929,-0.0005943520790767118,1.5966303746047683
7.001999999999451,-1.065710959562767,0.46866442594963537,0.11,0,0,0.044205878271032874,-1.4166661125948767,0.4837553977389529,0.3908822295108659,-0.033154134577641485,-0.0005941742475906939,1.5967535493770293
7.021999999999449,-1.0657450413912914,0.46870644459623934,0.11,0,0,0.04432702351362406,-1.41670542580228,0.4837543969576966,0.39090335387754716,-0.03314806120862351,-0.0005940478067179018,1.5968751298783164
7.0419999999994465,-1.0657777356919758,0.4687479534170766,0.11,0,0,0.044446593743545426,-1.4167424756132172,0.483753478281475,0.39091585405594104,-0.03314460771815838,-0.0005939684959667375,1.59699513651005
7.061999999999444,-1.0658090998134466,0.46878895768482864,0.11,0,0,0.044564609227882676,-1.4167774118496324,0.4837526364072824,0.3909206567726945,-0.03314348943152372,-0.0005939312761510729,1.5971135893948636
7.081999999999442,-1.0658391885656098,0.46882946265962017,0.11,0,0,0.04468108998059691,-1.4168103906270022,0.48375186563038924,0.3909187799357089,-0.03314439427628817,-0.0005939306002119475,1.597230508389265
7.10199999999944,-1.0658680543802632,0.46886947358365094,0.11,0,0,0.04479605576713909,-1.4168415701288926,0.48375116002415713,0.39091128804987335,-0.03314699637605529,-0.0005939606581012125,1.5973459130951322
7.121999999999438,-1.0658544642779035,0.46890102927606325,0.11,0,0,0.04491722315113813,-1.4168372146457402,0.48374742950884336,0.3909128057089868,-0.03313329117422579,-0.000593710634730447,1.5974673372077415
7.1419999999994355,-1.0653056144382063,0.4688350961889345,0.11,0,0,0.04513121098053789,-1.4163717191645928,0.48369767953859755,0.39105438296441497,-0.032927016918462754,-0.0005892786151504689,1.5976813128091145
7.161999999999433,-1.0641050784466202,0.46866594458527244,0.11,0,0,0.0454451628383953,-1.415302412602548,0.4835773560128255,0.3912942581017291,-0.03259045055154525,-0.0005833307140919924,1.5979943237972327
7.181999999999431,-1.062281457373894,0.46841368338271233,0.11,0,0,0.04584105252389858,-1.4136242608087672,0.48337621687882754,0.3915668583363472,-0.03221953444659045,-0.0005761499539509096,1.5983861921200135
7.201999999999429,-1.0598618665932416,0.4680950216681673,0.11,0,0,0.04630383066064477,-1.4113448600507137,0.4830890344786197,0.39183174317521746,-0.031865995220566386,-0.000571040339923006,1.5988462931102128
7.221999999999427,-1.0568720753782908,0.46772381848547917,0.11,0,0,0.046820937829042016,-1.408479030125895,0.4827143536846924,0.39206655533487733,-0.03156607606594501,-0.0005644847222837376,1.5993538669833927
7.2419999999994245,-1.0533366215754998,0.4673115549304504,0.11,0,0,0.04738188972245608,-1.40504667072527,0.4822547891003834,0.3922607641564871,-0.031327926783349405,-0.0005591072875208277,1.5999038453426873
7.261999999999422,-1.049278899485477,0.46686773726533054,0.11,0,0,0.04797792779144731,-1.4010707261611666,0.4817160413809149,0.39241143937750084,-0.031147046051681542,-0.0005590290914623823,1.6004915799126445
7.28199999999942,-1.0447212515361979,0.46640024640574085,0.11,0,0,0.048601712564886775,-1.3965731255587337,0.4811049244864807,0.3925206818067327,-0.031028975567501765,-0.0005565571944913476,1.601115423484844
7.301999999999418,-1.0396850092004015,0.4659156107260844,0.11,0,0,0.049247096487525,-1.3915785383575898,0.4804308492210338,0.392592504020598,-0.030961047565584127,-0.0005552634556201737,1.6017604512528785
7.321999999999416,-1.0341905700872047,0.4654192551022876,0.11,0,0,0.04990890477282539,-1.3861102536268526,0.47970381412676066,0.3926321864948818,-0.03093636307759796,-0.0005533359624406662,1.6024243961356883
7.341999999999413,-1.0282574447557207,0.4649157002732665,0.11,0,0,0.05058276545308327,-1.3801909487786035,0.47893433233858285,0.3926450805558144,-0.03094188906007934,-0.0005545434346890048,1.6030973361076162
7.361999999999411,-1.0219043027639454,0.4644087233305757,0.11,0,0,0.05126497322576013,-1.3738414507642658,0.4781324154862654,0.3926364500490685,-0.03097621133433488,-0.00055335919965464,1.6037814016973622
7.381999999999409,-1.0151490076202367,0.46390148832264333,0.11,0,0,0.05195237818758979,-1.367082718494277,0.47730831736397417,0.3926106031652372,-0.03102501517937042,-0.0005555839643491715,1.604467889437992
7.401999999999407,-1.008008664119281,0.46339665886167225,0.11,0,0,0.05264228704282303,-1.359933178308007,0.4764708660674624,0.39257156095306883,-0.031087563862927776,-0.0005568516570021127,1.6051576599223398
7.421999999999405,-1.0004996415798306,0.4628964762056916,0.11,0,0,0.05333239882974265,-1.3524110903608597,0.4756285028191917,0.3925224819861076,-0.031158913129337874,-0.0005578479840318624,1.6058480505332915
7.441999999999402,-0.9926376122605072,0.4624028319091735,0.11,0,0,0.05402073951087276,-1.3445335823537277,0.47478862193913524,0.39246597491283114,-0.031235177911955563,-0.0005590016840014363,1.606536796272371
7.4619999999994,-0.9844375817403745,0.46191732258962886,0.11,0,0,0.05470561389165558,-1.3363166989369921,0.47395750491154026,0.3924041734528676,-0.03131374348250803,-0.0005602857972019123,1.6072221552493793
7.481999999999398,-0.9759139168676458,0.4614412926717569,0.11,0,0,0.055385567660894516,-1.3277755838023768,0.4731403721055579,0.39233879906494895,-0.031392776147695076,-0.0005616388027805056,1.607902657659931
7.501999999999396,-0.9670803728434219,0.46097586877596836,0.11,0,0,0.05605935612938575,-1.3189245737245916,0.4723414246059065,0.3922712389350545,-0.03147101571838275,-0.0005630266554482792,1.6085770694672146
7.521999999999394,-0.9579501193294635,0.46052198718916454,0.11,0,0,0.056725918752465875,-1.3097772476764797,0.47156391402541287,0.3922026180664991,-0.03154759104748446,-0.0005644152816340578,1.6092443193555874
7.541999999999391,-0.9485357651677594,0.460080416238004,0.11,0,0,0.057384357925896835,-1.3003464925113668,0.4708102290888613,0.39213385245701954,-0.031621930761576496,-0.0005657794386970593,1.6099034927209626
7.561999999999389,-0.9388493820356408,0.4596517747389241,0.11,0,0,0.058033921150514776,-1.2906445603234777,0.4700819947958715,0.3920656910827506,-0.03169368682415457,-0.0005671047762036377,1.6105538227306815
7.581999999999387,-0.9289025270838079,0.45923654754774845,0.11,0,0,0.05867398574483803,-1.2806831210347271,0.4693801773239503,0.39199874703949833,-0.03176267596977339,-0.0005683872647310664,1.6111946822423675
7.601999999999385,-0.9187062647712763,0.4588350989458875,0.11,0,0,0.05930404552251904,-1.2704732934174408,0.46870519088856094,0.39193352247687585,-0.03182880761692266,-0.0005696227360700877,1.6118255576690492
7.621999999999383,-0.9082711877143775,0.4584476845157319,0.11,0,0,0.059923698901619485,-1.2600256810543473,0.46805700009009016,0.3918704239835638,-0.03189205536253789,-0.0005708075575280317,1.612446038373472
7.64199999999938,-0.8976074366668566,0.4580744619048407,0.11,0,0,0.06053263813063128,-1.249350406314086,0.46743521500260365,0.3918097735906375,-0.031952439820500285,-0.0005719401964883948,1.6130558091376916
7.661999999999378,-0.886724719707751,0.4577155007579049,0.11,0,0,0.06113063940639233,-1.2384571386858279,0.4668391772721569,0.3917518172957776,-0.032010012311344725,-0.0005730206104478957,1.613654640418806
7.681999999999376,-0.8756323306525903,0.4573707920119291,0.11,0,0,0.06171755372039796,-1.2273551199737693,0.4662680358377509,0.3916967318071214,-0.03206484367885769,-0.0005740496348633114,1.6142423789992162
7.701999999999374,-0.8643391667160115,0.45704025666965054,0.11,0,0,0.06229329833229386,-1.2160531870584257,0.46572081172082347,0.391644630384255,-0.03211701729426755,-0.000575028600863951,1.6148189392326746
7.721999999999372,-0.8528537454531485,0.4567237541109263,0.11,0,0,0.06285784881102723,-1.2045597926629552,0.4651964519108575,0.39159556839342996,-0.03216662485910388,-0.0005759591206615539,1.6153842948622996
7.741999999999369,-0.8411842210054837,0.45642108996421205,0.11,0,0,0.06341123161209283,-1.192883024455176,0.46469387281782004,0.3915495489443516,-0.03221376392009663,-0.0005768429714317489,1.6159384713877663
7.761999999999367,-0.8293383996754818,0.456132023536521,0.11,0,0,0.06395351717672708,-1.1810306227380414,0.4642119940819744,0.3915065287804321,-0.03225853634393981,-0.0005776820327068577,1.6164815389723362
7.781999999999365,-0.8173237548532758,0.4558562747872979,0.11,0,0,0.06448481354828269,-1.1690099969220373,0.4637497637424459,0.3914664244521907,-0.032301047264320155,-0.0005784782510838028,1.6170136058880813
7.801999999999363,-0.8051474413178928,0.45559353082675763,0.11,0,0,0.06500526050449752,-1.156828240928884,0.46330617588425915,0.39142911870765634,-0.03234140420719617,-0.0005792336176618193,1.6175348124996944
7.821999999999361,-0.7928163089349222,0.4553434519201102,0.11,0,0,0.06551502420374491,-1.1444921476438266,0.4628802819262102,0.39139446697601754,-0.032379716236016806,-0.0005799501504722791,1.6180453257854335
7.841999999999358,-0.7803369157720956,0.4551056769838057,0.11,0,0,0.06601429234008922,-1.1320082225108516,0.46247119669506126,0.39136230379320286,-0.032416093049529145,-0.0005806298781427148,1.6185453343894842
7.861999999999356,-0.7677155406539203,0.4548798285669141,0.11,0,0,0.06650326979723553,-1.1193826963488358,0.462078100370039,0.39133244901295894,-0.032450644022192755,-0.0005812748233120786,1.6190350441944767
7.881999999999354,-0.7549581951762223,0.4546655173187798,0.11,0,0,0.06698217478615236,-1.106621537455013,0.46170023728878934,0.39130471365773006,-0.032483477210103376,-0.0005818869855657647,1.619514674397116
7.901999999999352,-0.7420706352012088,0.4544623459522384,0.11,0,0,0.06745123544592342,-1.0937304630536646,0.4613369124932695,0.39127890528468257,-0.03251469836097523,-0.0005824683242903145,1.6199844540641875
7.92199999999935,-0.7290583718533954,0.4542699127192864,0.11,0,0,0.06791068688270245,-1.0807149501415259,0.4609874867711618,0.39125483276913786,-0.03254440997080491,-0.0005830207421059637,1.6204446191414608
7.941999999999347,-0.7159266820364514,0.4540878144227073,0.11,0,0,0.06836076861779553,-1.067580245776299,0.46065137082301705,0.3912323104370344,-0.03257271042661105,-0.0005835460695720547,1.6208954098840491
7.961999999999345,-0.7026806184906874,0.4539156489925289,0.11,0,0,0.06880172241303219,-1.0543313768503138,0.4603280190635018,0.3912111615072957,-0.032599693267282015,-0.0005840460517742143,1.6213370686740205
7.981999999999343,-0.6893250194105159,0.4537530176601917,0.11,0,0,0.06923379043975493,-1.0409731593875413,0.46001692345122774,0.3911912208323369,-0.032625446585306306,-0.0005845223372550396,1.6217698381893797
8.001999999999342,-0.6758645176407767,0.4535995267659522,0.11,0,0,0.06965721375692975,-1.027510207398607,0.4597176076387088,0.3911723369492196,-0.03265005258254037,-0.0005849764695818372,1.622193959887926
8.021999999999348,-0.6623035494703134,0.45345478923640237,0.11,0,0,0.07007223106396962,-1.0139469413251427,0.45942962164381507,0.3911543734744714,-0.032673587284163766,-0.0005854098816799229,1.6226096727698145
8.041999999999355,-0.6486463630406442,0.4533184257691928,0.11,0,0,0.07047907769474632,-1.0002875961016997,0.45915253716749826,0.3911372098920068,-0.032696120407162056,-0.0005858238929124005,1.623017212383819
8.061999999999362,-0.6348970263869637,0.45319006576126997,0.11,0,0,0.07087798482080429,-0.9865362288605575,0.45888594361957286,0.3911207417958996,-0.03271771537334039,-0.000586219708764633,1.6234168100440693
8.081999999999368,-0.6210594351269334,0.4530693480148825,0.11,0,0,0.07126917883449217,-0.9726967264269324,0.4586294448789104,0.3911048806329516,-0.03273842970721144,-0.0005865982450018545,1.6238086919527477
8.101999999999375,-0.6071373198017345,0.4529559212485094,0.11,0,0,0.07165288089128845,-0.9587728138903117,0.45838265693644886,0.3910895528356658,-0.032758317856512474,-0.0005869583184208381,1.6241930755974114
8.121999999999382,-0.5931342529318182,0.45284944446230047,0.11,0,0,0.07202930655961011,-0.9447680592084227,0.45814520578796664,0.39107469938882056,-0.03277742604753088,-0.0005873005142765699,1.6245701744168777
8.141999999999388,-0.5790536557507585,0.45274958716720015,0.11,0,0,0.07239866558331302,-0.930685879183822,0.4579167259526358,0.3910602745264519,-0.03279579328528201,-0.0005876268386458154,1.6249401981899096
8.161999999999395,-0.56489880463571,0.4526560294999199,0.11,0,0,0.0727611617366457,-0.9165295464913105,0.45769685965457885,0.39104624414019323,-0.032813454361428046,-0.0005879388932189146,1.6253033509327952
8.181999999999402,-0.5506728372666809,0.4525684622526603,0.11,0,0,0.07311699274422997,-0.902302195765885,0.45748525637732734,0.39103258428690885,-0.032830440444423084,-0.0005882378088726769,1.625659830606832
8.201999999999408,-0.5363787585212623,0.45248658683374565,0.11,0,0,0.07346635025487822,-0.8880068293628802,0.4572815727358932,0.3910192796630153,-0.03284677939002206,-0.0005885244027452677,1.6260098290827698
8.221999999999415,-0.5220194461160454,0.4524101151742149,0.11,0,0,0.07380941985767372,-0.87364632287017,0.45708547258553395,0.39100632207874114,-0.032862496098625966,-0.0005887992983116647,1.6263535321635956
8.241999999999422,-0.5075976560060125,0.45233876959303765,0.11,0,0,0.07414638113053679,-0.8592234303917208,0.4568966272961913,0.3909937089762573,-0.032877612919024905,-0.0005890629979788712,1.6266911196386662
8.261999999999428,-0.49311602755266803,0.4522722826313216,0.11,0,0,0.07447740771334405,-0.8447407896152574,0.4567147161311038,0.39098144202889523,-0.032892150065096576,-0.0005893159256499238,1.6270227653604046
8.281999999999435,-0.47857708847115304,0.4522103968638339,0.11,0,0,0.07480266739929238,-0.830200926674674,0.45653942667738734,0.39096952585067307,-0.03290612601964657,-0.0005895584524346882,1.627348637337685
8.301999999999442,-0.46398325956607034,0.45215286469438976,0.11,0,0,0.07512232223958452,-0.8156062608164552,0.45637045528584247,0.3909579668375794,-0.032919557908886836,-0.0005897909130559435,1.6276688978414273
8.321999999999449,-0.4493368592652676,0.4520994481401582,0.11,0,0,0.07543652865767388,-0.8009591088784047,0.4562075074865199,0.3909467721547985,-0.03293246183769373,-0.0005900136169757406,1.6279837035189246
8.341999999999455,-0.4346401079603765,0.45204991860869376,0.11,0,0,0.07574543757025423,-0.7862616895882898,0.45605029835526234,0.3909359488774699,-0.03294485318030503,-0.0005902268563448989,1.6282932055143415
8.361999999999462,-0.4198951321624811,0.45200405667048704,0.11,0,0,0.07604919451294051,-0.7715161276894605,0.45589855281426284,0.3909255032867593,-0.032956746824266143,-0.0005904309118776828,1.6285975495935001
8.381999999999469,-0.4051039684808929,0.4519616518290272,0.11,0,0,0.07634793976917821,-0.7567244579000931,0.45575200585646763,0.39091544031804304,-0.032968157367714336,-0.0005906260572431932,1.6288968762716614
8.401999999999475,-0.3902685674326371,0.45192250228975234,0.11,0,0,0.07664180850136912,-0.7418886287123292,0.4556104026893352,0.3909057631538996,-0.03297909927176651,-0.0005908125623098515,1.6291913209433793
8.421999999999482,-0.3753907970899073,0.45188641472880337,0.11,0,0,0.07693093088352813,-0.7270105060372831,0.4554734987980422,0.39089647295134494,-0.03298958697100728,-0.0005909906954538496,1.6294810140138605
8.441999999999489,-0.3604724465724203,0.4518532040621651,0.11,0,0,0.07721543223501626,-0.7120918767016057,0.45534105993176316,0.39088756869031943,-0.032999634945950373,-0.0005911607250821499,1.6297660810314318
8.461999999999495,-0.3455152293912915,0.4518226932155585,0.11,0,0,0.0774954331550448,-0.6971344518010508,0.455212862019215,0.390879047128769,-0.03300925776192833,-0.000591322920491892,1.630046642820871
8.481999999999502,-0.330520786650765,0.45179471289530587,0.11,0,0,0.07777104965773599,-0.6821398699162668,0.4550886910213847,0.39087090284870285,-0.033018470079199856,-0.0005914775521742853,1.630322815617416
8.501999999999509,-0.315490690113855,0.4517691013603164,0.11,0,0,0.07804239330756989,-0.6671097001958286,0.4549683427303462,0.3908631283772679,-0.03302728663918833,-0.0005916248916631984,1.6305947112013068
8.521999999999515,-0.30042644513769706,0.45174570419530946,0.11,0,0,0.07830957135506074,-0.6520454453113518,0.4548516225234707,0.39085571436707367,-0.03303572223171353,-0.0005917652110220905,1.6308624370327136
8.541999999999522,-0.28532949348416,0.4517243740853953,0.11,0,0,0.07857268687249791,-0.6369485442893569,0.4547383450822482,0.39084864982064343,-0.033043791647884076,-0.0005918987820577304,1.6311260963868934
8.561999999999529,-0.2702012160110331,0.4517049705921549,0.11,0,0,0.078831838889567,-0.6218203752244068,0.4546283340844907,0.39084192234486725,-0.03305150962300884,-0.0005920258753411532,1.6313857884893674
8.581999999999535,-0.25504293524888016,0.4516873599313936,0.11,0,0,0.07908712252864232,-0.606662257877902,0.4545214218779809,0.3908355184226057,-0.033058890773494526,-0.0005921467591099304,1.63164160865092
8.601999999999542,-0.2398559178684347,0.4516714147527771,0.11,0,0,0.07933862913951648,-0.5914754561667982,0.4544174491427555,0.3908294236900585,-0.033065949531240445,-0.0005922616981160774,1.6318936484021596
8.621999999999549,-0.22464137704320716,0.45165701392159474,0.11,0,0,0.0795864464333121,-0.5762611805463931,0.454316264548242,0.39082362321009934,-0.03307270007855482,-0.0005923709524759213,1.6321419956273737
8.641999999999555,-0.20940047471177536,0.45164404230291777,0.11,0,0,0.07983065861530438,-0.5610205902912326,0.45421772441047187,0.3908181017334147,-0.033079156286110856,-0.0005924747765680413,1.6323867346973897
8.661999999999562,-0.19413432374404255,0.4516323905484452,0.11,0,0,0.08007134651637499,-0.5457547956780819,0.4541216923536129,0.39081284394091986,-0.033085331655958075,-0.0005925734180173692,1.6326279466011389
8.681999999999569,-0.1788439900155627,0.4516219548863364,0.11,0,0,0.08030858772281617,-0.5304648600748187,0.45402803897913663,0.3908078346625059,-0.03309123927111921,-0.0005926671167936257,1.632865709075638
8.701999999999575,-0.163530494393861,0.45161263691433495,0.11,0,0,0.08054245670420891,-0.5151518019390151,0.4539366415450975,0.39080305906865637,-0.03309689175284575,-0.0005927561044444479,1.6331000967340887
8.721999999999582,-0.14819481463780879,0.4516043433933063,0.11,0,0,0.08077302494313736,-0.49981659512294263,0.4538473821994864,0.3907985035151241,-0.033102335791916994,-0.0005928145639897791,1.6333311562622863
8.741999999999589,-0.13283788715350187,0.45159698600355197,0.11,0,0,0.08100036111566403,-0.4844601719543052,0.45376014098827877,0.3907941591514889,-0.03310775568046825,-0.0005926563701264446,1.6335587105959122
8.761999999999595,-0.11746422920137899,0.4515910374674713,0.11,0,0,0.08122386743565747,-0.46908647740976445,0.4536750232934431,0.39078890196793054,-0.033114152333654695,-0.0005928247769466248,1.6337826761591532
8.781999999999602,-0.10209121735803556,0.45158876388547586,0.11,0,0,0.08144074599997966,-0.4537107911934136,0.4535929059599601,0.3907786924907563,-0.03312726636776693,-0.0005931409091174167,1.634000052620089
8.801999999999609,-0.08673835673705871,0.4515923081956519,0.11,0,0,0.08164819791677698,-0.4383514064752369,0.4535151873218803,0.3907609907091724,-0.03315035443793292,-0.0005936026317739262,1.6342080049515624
8.821999999999615,-0.07142425735586884,0.45160327944625656,0.11,0,0,0.08184393225275555,-0.4230266382516747,0.4534435417859927,0.3907350385896866,-0.03318412286127577,-0.0005942290926576842,1.6344042443490334
8.841999999999622,-0.05616665784053361,0.4516228425973772,0.11,0,0,0.08202608860445479,-0.407754473660329,0.45337979040291326,0.3907011727246433,-0.03322780174073589,-0.0005950175175425486,1.6345869135978188
8.861999999999629,-0.04098244706700299,0.4516517945703297,0.11,0,0,0.08219317163297193,-0.3925523467371101,0.4533257854893377,0.39066034033964747,-0.03327985166829825,-0.0005959478550225479,1.6347545184473655
8.881999999999636,-0.025887684352725676,0.45169062831686085,0.11,0,0,0.08234399589982919,-0.3774369934462187,0.45328331147886897,0.390613774020325,-0.03333842548775323,-0.0005969914635260747,1.634905872606253
8.901999999999642,-0.010897618588892653,0.4517395865464102,0.11,0,0,0.08247763951054884,-0.36242436452076393,0.4532540040971738,0.39056278373791803,-0.03340165599787809,-0.0005981173889267571,1.6350400518310246
8.921999999999649,0.0039732933862655535,0.4517987066033668,0.11,0,0,0.08259340523210049,-0.3475295797236423,0.4532392886449335,0.390508632393964,-0.033467821146375976,-0.0005992961239807487,1.6351563554705335
8.941999999999656,0.018711368938887793,0.4518678578373053,0.11,0,0,0.08269078790342617,-0.33276691095029676,0.45324033693178595,0.3904524686306311,-0.033535425832323905,-0.0006005015629893665,1.635254274254038
8.961999999999662,0.033303682136467415,0.4519467726609296,0.11,0,0,0.08276944710422499,-0.3181497846761483,0.45325804147176024,0.39039529722361166,-0.033603229540709476,-0.0006017117859362234,1.6353334632849885
8.981999999999669,0.0477380464570059,0.45203507234571844,0.11,0,0,0.08282918418478821,-0.3036907967706756,0.4532930049293939,0.3903379728001733,-0.033670240992719404,-0.0006029091317222996,1.6353937193432164
9.001999999999676,0.06200299761411984,0.4521322884666387,0.11,0,0,0.08286992288765581,-0.28940173470318364,0.4533455424523034,0.3902812069251661,-0.03373569462614531,-0.0006040798746065016,1.6354349617275175
9.021999999999682,0.07608777643156259,0.452237880776917,0.11,0,0,0.08289169290922248,-0.27529360370945566,0.4534156943891081,0.39022558188510337,-0.0337990188366141,-0.0006052137106166165,1.63545721598918
9.041999999999689,0.08998231172389155,0.45235125217341776,0.11,0,0,0.08289461585550931,-0.2613766546435923,0.4535032469215382,0.39017156692757604,-0.03385980228927909,-0.0006063031842217905,1.6354606000142449
9.061999999999696,0.10367720315796249,0.45247176130380673,0.11,0,0,0.08287889314083716,-0.24766041207786965,0.4536077582910894,0.39011953444186165,-0.033917762017854035,-0.0006073431323171515,1.635445312007724
9.081999999999702,0.11716370408355757,0.45259873326903394,0.11,0,0,0.08284479546112641,-0.23415370180323122,0.4537285885343492,0.3900697747492143,-0.033972715241790616,-0.0006083301864970223,1.6354116200166362
9.101999999999709,0.13043370433161472,0.4527314687889511,0.11,0,0,0.08279265354531967,-0.2208646772834788,0.4538649309239714,0.3900225089420857,-0.034024555657584894,-0.0006092623510371436,1.6353598527008146
9.121999999999716,0.1434797129859509,0.45286925212489537,0.11,0,0,0.08272284994954548,-0.20780084487690986,0.4540158436173347,0.38997789968243907,-0.03407323423304678,-0.0006101386594036401,1.6352903911216232
9.141999999999722,0.15629484113965317,0.45301135799031517,0.11,0,0,0.08263581170984999,-0.1949690877998104,0.45418028032122776,0.3899360601300985,-0.034118744122458494,-0.0006109589037514584,1.6352036613697716
9.161999999999729,0.16887278465093203,0.453157057628247,0.11,0,0,0.0825320037114948,-0.18237568889765737,0.45435711907289006,0.3898970612920315,-0.03416110912406998,-0.0006117234277344001,1.6351001278951993
9.181999999999736,0.18120780691557078,0.45330562419175074,0.11,0,0,0.08241192266690787,-0.17002635233522873,0.45454518850456715,0.38986093811425554,-0.034200375043087566,-0.0006124329715264136,1.6349802874356554
9.201999999999742,0.1932947216744652,0.45345633752926195,0.11,0,0,0.0822760916213653,-0.1579262243328698,0.4547432911936005,0.38982769461687206,-0.03423660334803991,-0.0006130885581794439,1.634844663466969
9.221999999999749,0.20512887587536544,0.45360848845013946,0.11,0,0,0.0821250549263633,-0.14607991307474485,0.4549502238994545,0.38979730832523396,-0.034269866577699044,-0.0006136914115685537,1.6346938011183196
9.241999999999756,0.21670613260776636,0.4537613825255801,0.11,0,0,0.08195937363614754,-0.13449150787485645,0.4551647946406822,0.3897697341996479,-0.03430024507661683,-0.0006142428458670332,1.634528262580137
9.261999999999762,0.22802285412243734,0.45391434347060855,0.11,0,0,0.08177962128754548,-0.12316459677001258,0.45538583634000523,0.38974490837751186,-0.034327825657752956,-0.0006147426162635466,1.6343486251660846
9.281999999999769,0.23907588497879897,0.4540667161191327,0.11,0,0,0.0815863800615376,-0.11210228581386779,0.4556122184764508,0.3897227511291796,-0.03435269815806726,-0.0006151916171961735,1.634155474509827
9.301999999999776,0.24986253531718935,0.4542178690259596,0.11,0,0,0.08138023728924514,-0.10130721750330746,0.45584285594900664,0.3897031698358323,-0.03437495357644473,-0.0006155927289226413,1.633949399086348
9.321999999999782,0.26038056426116674,0.45436719672538484,0.11,0,0,0.08116178227418389,-0.09078158702323831,0.45607671491972424,0.3896860620819075,-0.03439468455110237,-0.0006159485880060357,1.6337309891212508
9.34199999999979,0.27062816348528074,0.45451412164809313,0.11,0,0,0.08093160343493307,-0.08052715893172709,0.4563128169765856,0.38967131832198937,-0.03441198470826233,-0.000616261407485812,1.6335008339997947
9.361999999999796,0.2806039409574427,0.45465809571442256,0.11,0,0,0.0806902857497298,-0.0705452836421436,0.45655024165005825,0.38965882430839055,-0.034426947921479455,-0.0006165331246923215,1.6332595197138065
9.381999999999802,0.29030690486815597,0.4547986016198367,0.11,0,0,0.08043840848810781,-0.06083691360828411,0.4567881275335105,0.3896484632948794,-0.034439667689223144,-0.0006167655181184677,1.6330076265734383
9.40199999999981,0.2997364477585875,0.4549351538286746,0.11,0,0,0.0801765432149436,-0.05140261921969922,0.4570256722851018,0.38964011800280945,-0.03445023662268275,-0.0006169602723475312,1.6327457271923689
9.421999999999816,0.30889233085852663,0.4550672992931682,0.11,0,0,0.07990525205170854,-0.04224260442070545,0.4572621317668607,0.3896336723358869,-0.03445874601852563,-0.0006171190099068641,1.632474384733679
9.441999999999823,0.31777466864432335,0.45519461791573207,0.11,0,0,0.07962508617908454,-0.03335672206311472,0.4574968185456889,0.38962901283479945,-0.0344652855009785,-0.0006172433052456502,1.6321941514006977
9.46199999999983,0.32638391362599306,0.45531672277343127,0.11,0,0,0.07933658456456201,-0.024744488999169357,0.45772909994810834,0.38962602986927997,-0.03446994272576249,-0.0006173346897212666,1.6319055671561487
9.481999999999836,0.33472084137183816,0.455433260124215,0.11,0,0,0.07904027289828157,-0.016405100918396365,0.4579583958279962,0.3896246185718118,-0.03447280314258554,-0.0006173946523947412,1.631609158652387
9.501999999999843,0.34278653577816315,0.4555439092149075,0.11,0,0,0.07873666272024099,-0.00833744692999578,0.45818417617563917,0.3896246795234421,-0.034473949814287724,-0.0006174246391560907,1.6313054383553476
9.52199999999985,0.3505823745909456,0.4556483819110422,0.11,0,0,0.07842625072208072,-0.0005401238907955091,0.4584059586680694,0.38962611920768686,-0.03447346329057594,-0.0006174260514742475,1.6309949038449334
9.541999999999856,0.3581100151856718,0.4557464221684212,0.11,0,0,0.07810951820697555,0.006988549522377298,0.45862330623537545,0.3896288502530115,-0.03447142153339347,-0.0006174002454102684,1.6306780372749023
9.561999999999863,0.3653713806063473,0.45583780536921836,0.11,0,0,0.07778693068734518,0.014250519582817386,0.4588358244652531,0.3896327916039066,-0.03446790051928404,-0.0006173475421457035,1.6303553063644312
9.58199999999987,0.3723686458772393,0.45592233753601386,0.11,0,0,0.07745893761274954,0.0212479840346535,0.459043159314351,0.3896378683640529,-0.034462974042874336,-0.0006172675830759486,1.6300271643118713
9.601999999999876,0.37910422460085497,0.45599985443253094,0.11,0,0,0.07712597222288635,0.027983377260099286,0.4592449955752937,0.38964401126640036,-0.034456712049040536,-0.0006171619736880711,1.6296940460441305
9.621999999999883,0.38557408155107364,0.45607741772255406,0.11,0,0,0.07678243703211472,0.03445446870984603,0.45944420818583004,0.38964942703919736,-0.03445654503909914,-0.0006120306236200565,1.629355094491979
9.64199999999989,0.3917694554981492,0.4561698947060418,0.11,0,0,0.07641652113660975,0.04065317464862822,0.4596510882762324,0.3896521486014841,-0.034452625443357275,-0.000614325390951155,1.6289912324505693
9.661999999999896,0.39770155192411505,0.45627327614000157,0.11,0,0,0.07603243664258458,0.04658852620259968,0.4598672703728538,0.3896561664422314,-0.034448108820035885,-0.0006154064058351006,1.6286080953628996
9.681999999999903,0.40338180615667096,0.4563836621040829,0.11,0,0,0.07563425602834606,0.05227048593589441,0.4600935652192296,0.3896637593035199,-0.03443900753144256,-0.000615837486241218,1.628210174807805
9.70199999999991,0.40882111050646064,0.4564979322211697,0.11,0,0,0.0752253506733728,0.057709303177158174,0.46032991370403586,0.38967588865252173,-0.03442404547892387,-0.0006158871441587473,1.6278014495995785
9.721999999999916,0.41402984947142835,0.4566136082532501,0.11,0,0,0.07480850942112868,0.06291515930390601,0.46057556829541507,0.38969266717253964,-0.03440313873464589,-0.0006156744996520385,1.627384773815518
9.741999999999923,0.419017930187291,0.456728738569638,0.11,0,0,0.07438603785673167,0.06789806403301933,0.46082924876570525,0.38971371949659406,-0.0343768747328213,-0.0006152837454951479,1.6269624530372584
9.76199999999993,0.42379481025115606,0.4568418009335489,0.11,0,0,0.07395984193967833,0.07266775506485311,0.4610892958455594,0.38973842043753515,-0.034346183040812134,-0.0006147715021064006,1.626536388657559
9.781999999999936,0.42836952293170644,0.45695162138851453,0.11,0,0,0.07353149787599472,0.07723363057897852,0.4613538142339183,0.3897660494710943,-0.03431210440108544,-0.0006141773152514474,1.626108153650245
9.801999999999943,0.43275070008171707,0.4570573070756173,0.11,0,0,0.07310231013818258,0.08160471081034078,0.46162079875982615,0.3897958859601316,-0.03427564947816528,-0.00061353003691605,1.6256790510747225
9.82199999999995,0.43694659306570327,0.45715819099177907,0.11,0,0,0.07267335937393728,0.08578962091371799,0.4618882407876127,0.3898272631564633,-0.03423772217000788,-0.0006128513020234857,1.625250161819453
9.841999999999956,0.44096509197616757,0.45725378689235424,0.11,0,0,0.07224554176042368,0.08979658852503886,0.46215421382095784,0.3898595945583,-0.03419908584261622,-0.0006121574797722104,1.6248223836653037
9.861999999999963,0.44481374337152546,0.45734375273281624,0.11,0,0,0.0718196011813679,0.09363345101009139,0.4624169386147178,0.38989238260921577,-0.034160356455614965,-0.0006114608845319698,1.624396463141827
9.88199999999997,0.4484997667322979,0.45742786123043405,0.11,0,0,0.07139615543331777,0.09730766873863392,0.46267482908808044,0.389925216849134,-0.0341220113058659,-0.0006107706270548639,1.6239730214196895
9.901999999999976,0.4520300698003108,0.4575059763048376,0.11,0,0,0.07097571750702768,0.10082634178398008,0.4629265210018237,0.38995776639407165,-0.03408440575549712,-0.0006100932757261446,1.6235525753049664
9.921999999999983,0.4554112629383518,0.4575780343240902,0.11,0,0,0.07055871284138457,0.1041962282571849,0.46317088576366233,0.38998976994173673,-0.03404779299102665,-0.0006094333986428753,1.623135554243341
9.94199999999999,0.45864967262465517,0.45764402923857983,0.11,0,0,0.07014549331155068,0.1074237630851247,0.4634070319073127,0.3900210252788763,-0.034012343780534894,-0.0006087940150021879,1.622722314100822
9.961999999999996,0.461751354177255,0.45770400082747204,0.11,0,0,0.06973634859058601,0.1105150764756741,0.463634296800092,0.3900513794101778,-0.03397816453102337,-0.0006081769684170058,1.6223131483611888
9.982000000000003,0.46472210378719186,0.45775802541090244,0.11,0,0,0.06933151541487928,0.1134760116185924,0.46385223101417883,0.3900807198532173,-0.03394531284305965,-0.0006075832302145431,1.621908297268856
10.00200000000001,0.46756746992630416,0.45780620849523745,0.11,0,0,0.06893118518806632,0.11631214137948596,0.46406057758673436,0.39010896727737543,-0.03391381033156851,-0.0006070131403528503,1.6215079553483926
10.022000000000016,0.470292764184468,0.457848678918738,0.11,0,0,0.06853551027525899,0.11902878388216946,0.4642592481269968,0.39013606944788093,-0.03388365282271096,-0.0006064665941672903,1.621112277648021
10.042000000000023,0.4729030715822762,0.4578855841513036,0.11,0,0,0.06814460926862742,0.12163101696223083,0.46444829743150234,0.3901619963227425,-0.03385481821864836,-0.0006059431835349548,1.6207213849830586
10.06200000000003,0.47540326039794706,0.4579170864754036,0.11,0,0,0.06775857144577366,0.12412369152710138,0.46462789796352255,0.39018673610494564,-0.033827272398399416,-0.0006054423008973282,1.6203353683954875
10.082000000000036,0.4777979915414369,0.4579433598367839,0.11,0,0,0.06737746059289,0.12651144388691873,0.4647983152562356,0.39021029204890006,-0.03380097353333237,-0.0006049632139594928,1.6199542929965094
10.102000000000043,0.4800917275040518,0.45796458720417244,0.11,0,0,0.0670013183243292,0.1287987071342011,0.46495988502305635,0.39023267984027676,-0.03377587516800735,-0.0006045051179449015,1.619578201318938
10.12200000000005,0.48228401977970525,0.4574303277478768,0.11,0,0,0.06705956598306803,0.13096124079909202,0.46483810344964394,0.3902387844692225,-0.033774302278618225,-0.0006048925482427157,1.6196304046137429
10.142000000000056,0.48435900935738685,0.455150247560094,0.11,0,0,0.06846842568272916,0.13293742944534925,0.4636415127923562,0.39020519703914464,-0.033830872634746455,-0.0006061987693218015,1.6210271873274893
10.162000000000063,0.4863084995806692,0.45135308205617664,0.11,0,0,0.07102863133878833,0.13473680453525516,0.46117308963367737,0.3901509676142197,-0.03390373484915255,-0.0006124798899302156,1.6235735316219804
10.18200000000007,0.48813033950845647,0.4462792134698598,0.11,0,0,0.0745355964295103,0.13638811677619325,0.45745587731273224,0.38991992970701717,-0.03445658103477549,-0.0015460993245529303,1.6269615810965543
10.202000000000076,0.4898218733280269,0.4401300980708346,0.11,0,0,0.07881645418918519,0.13797726801289703,0.45223593616441293,0.38968835893123954,-0.03493184718664011,-0.0015412890199680432,1.6311538210999261
10.222000000000083,0.4913862147125159,0.4330714605248622,0.11,0,0,0.08372972725868214,0.13938174499590117,0.4455492279906607,0.3896257687556967,-0.03483123388609561,-0.0011523031518170818,1.6360410780653183
10.24200000000009,0.49282615821061215,0.4252394402812464,0.11,0,0,0.08915902096121285,0.14063041380861793,0.4375120387548755,0.3896344415492988,-0.03468286130685189,-0.0008924353079867453,1.6414520477780463
10.262000000000096,0.49414392721065287,0.41674700563739664,0.11,0,0,0.0950073213965824,0.1417602096480327,0.42821084772111695,0.389670055771403,-0.03455187984667429,-0.000756048608494441,1.6472828125393826
10.282000000000103,0.49534188856496186,0.4076878468566504,0.11,0,0,0.10119399214795158,0.14279882219275877,0.4177489949861807,0.3897150357592657,-0.03444227002877539,-0.0006854872407706405,1.6534478749350001
10.30200000000011,0.4964225186764314,0.39813987263867057,0.11,0,0,0.10765187798243508,0.14376413282158448,0.4062467200316536,0.3897621087749086,-0.034352334301761996,-0.0006553024834182683,1.6598858103251946
10.322000000000116,0.4973882912375002,0.38816812415382784,0.11,0,0,0.11432487118517225,0.1446668525289009,0.393832253594078,0.3898087564312,-0.0342699957052392,-0.0006398477187324373,1.666544697086251
10.342000000000123,0.4982416239190432,0.37782717738068494,0.11,0,0,0.12116590430183592,0.1455141405506182,0.3806366932869679,0.3898546718395002,-0.034196641434115334,-0.0006319853366103999,1.6733734172271773
10.36200000000013,0.4989848602335326,0.36716309970275046,0.11,0,0,0.12813531555863147,0.14630925470542586,0.36678787607345326,0.38989986430540374,-0.034129980108233496,-0.0006276755838131535,1.6803319474239138
10.382000000000136,0.49962026454811276,0.35621502388563225,0.11,0,0,0.13519953326629905,0.1470528132945172,0.3524066322618867,0.3899443645759711,-0.03407017104995972,-0.0006246882133169892,1.687386690313512
10.402000000000143,0.5001500270935864,0.3450164124673088,0.11,0,0,0.14233001407658935,0.14774313681652781,0.3376039857626845,0.3899879824002965,-0.03401517687305925,-0.0006229347265729983,1.6945110736368385
10.42200000000015,0.5005762708279997,0.3335960655269914,0.11,0,0,0.14950239106911717,0.14837723207583658,0.32247905544340644,0.3900303934362176,-0.033964667495754296,-0.0006214950123312399,1.7016774506801535
10.442000000000156,0.500901061556228,0.3219789184115548,0.11,0,0,0.1566957944437208,0.14895121077184528,0.3071182892706301,0.39007118595437024,-0.03391683352539154,-0.0006212718705869847,1.7088659519239557
10.462000000000163,0.5011264206808353,0.3101866687416859,0.11,0,0,0.16389231192594403,0.14946096943242249,0.2915950532521172,0.39010993884284856,-0.03387279407986001,-0.0006211844962738059,1.716059805607655
10.48200000000017,0.5012543418698867,0.29823827012672305,0.11,0,0,0.17107655878333153,0.1499021142624847,0.2759701270901309,0.3901462890896499,-0.03383405373688829,-0.000620307050171416,1.7232426195669581
10.502000000000177,0.5012868046209626,0.28615032448459066,0.11,0,0,0.17823532870595274,0.15027024504118391,0.26029246392588423,0.39017990606236624,-0.03379989668517164,-0.0006194127100612797,1.7304008766180627
10.522000000000183,0.501225787194567,0.2739373961711113,0.11,0,0,0.18535730887492616,0.1505615936729134,0.24459997682958207,0.3902105863720055,-0.03376996809633181,-0.0006186248656540984,1.737523054324556
10.54200000000019,0.5010732823120607,0.2616122626852646,0.11,0,0,0.1924328491905435,0.15077311335946145,0.2289208115779618,0.3902382387942893,-0.033743951673775606,-0.0006179457817828968,1.7445993222868361
10.562000000000197,0.5008313117833949,0.24918612049628316,0.11,0,0,0.19945376898115846,0.15090258546324478,0.21327465822555522,0.3902628772172322,-0.033721488987507264,-0.0006173626459787336,1.7516213439627297
10.582000000000203,0.5005019400602606,0.23666875726767805,0.11,0,0,0.20641319265286767,0.1509486778491291,0.1976740774636963,0.3902846080804246,-0.033702173182809075,-0.00061686291292864,1.7585821122024399
10.60200000000021,0.500087286293808,0.2240686993488345,0.11,0,0,0.21330540730885764,0.15091095130749432,0.1821257913636273,0.3903036133921296,-0.033685563508384544,-0.0006164352768923436,1.7654758061359985
10.622000000000217,0.49958953448394855,0.21139334113575264,0.11,0,0,0.22012573709546818,0.1507898222123995,0.166631895458694,0.3903201318685617,-0.033671205614313415,-0.0006160691391271685,1.7722976640456838
10.642000000000223,0.4990109414012874,0.19864906103480484,0.11,0,0,0.2268704304759199,0.15058649157831894,0.15119096150524733,0.3903344402330667,-0.03365865177950225,-0.0006157543456284259,1.7790438686395456
10.66200000000023,0.4983538420792221,0.18584132729321468,0.11,0,0,0.23353655776480456,0.15030285073413066,0.13579901182949888,0.39034683605413845,-0.03364747833150102,-0.0006154812129002627,1.7857114422586096
10.682000000000237,0.49762065279466133,0.17297479583705846,0.11,0,0,0.24012191711666017,0.14994137309695063,0.12045035599097101,0.390357622932688,-0.03363729904007669,-0.0006152406846856321,1.7922981503790134
10.702000000000243,0.496813871570275,0.16005340142800248,0.11,0,0,0.24662494779500763,0.14950500034098949,0.1051382884464811,0.3903670984060606,-0.0336277741671404,-0.0006150245108756188,1.7988024123725506
10.72200000000025,0.4959360763316202,0.14708044286233604,0.11,0,0,0.253044649995982,0.14899702982062568,0.08985565204970103,0.3903755446152028,-0.033618615407854026,-0.0006148253927639085,1.8052232189069828
10.742000000000257,0.49498992093407507,0.13405866254296106,0.11,0,0,0.2593805108007959,0.14842100857745577,0.07459527671765508,0.39038322156658345,-0.03360958727485992,-0.00061463707257678,1.8115600556396527
10.762000000000263,0.49397812933490254,0.12099032051459649,0.11,0,0,0.26563243601681114,0.1477806377581024,0.05935030562751908,0.3903903626923485,-0.03360050562908932,-0.0006144543641484719,1.8178128330183636
10.78200000000027,0.4929034882246468,0.10787726292760944,0.11,0,0,0.27180068776647814,0.14707968988067532,0.044114423087140545,0.390397172350668,-0.03359123409708679,-0.0006142731313389059,1.823981822081211
10.802000000000277,0.49176883845068037,0.09472098485502249,0.11,0,0,0.2778858277208666,0.1463219401713364,0.028881998969534226,0.39040382489476466,-0.03358167907521091,-0.0006140902250644556,1.8300675961664234
10.822000000000283,0.490577062188767,0.08152270527586691,0.11,0,0,0.2838886516686133,0.14551111164730093,0.013648172922842372,0.39041046564648596,-0.033571782977514904,-0.0006139033382960559,1.8360709645637214
10.84200000000029,0.48932894024629836,0.0682946544136713,0.11,0,0,0.28980124891859094,0.14465037684404589,-0.0015852717046207032,0.39041761117949436,-0.03356096986953455,-0.0006136862190413094,1.841984183417265
10.862000000000297,0.4880201291504993,0.055075827521922346,0.11,0,0,0.29559475810305325,0.14374088309365055,-0.01679806269897883,0.3904264926346665,-0.03354770533714562,-0.00061338689024474,1.8477787116239937
10.882000000000303,0.48664662233873557,0.04190325961440306,0.11,0,0,0.30124237244850277,0.14278202925349878,-0.031962913338934716,0.39043784673268844,-0.033531165260993354,-0.0006129905827459989,1.8534278635106032
10.90200000000031,0.48520562978610654,0.028807790088142778,0.11,0,0,0.3067226491188441,0.14177188858949966,-0.04704962831903149,0.3904519057956309,-0.033511212765217686,-0.0006124985576999493,1.8589102509773918
10.922000000000317,0.4836954477214883,0.015815061198416667,0.11,0,0,0.3120186531012361,0.140707545894331,-0.062026701880171786,0.39046857091725445,-0.033488140606354126,-0.000611919483349703,1.8642089615932662
10.942000000000323,0.4821153365100373,0.002946364649705986,0.11,0,0,0.3171172299939521,0.1395854491828629,-0.07686268498774014,0.3904875447687809,-0.03346247856225178,-0.0006112663616343571,1.8693108382480816
10.96200000000033,0.4804654069754754,-0.009780645161035611,0.11,0,0,0.32200839116648927,0.1384017555966902,-0.09152730853334955,0.3905084295594142,-0.033434854449668094,-0.0006105543761802895,1.8742058688900354
10.982000000000337,0.47874651532845164,-0.02235135361643164,0.11,0,0,0.32668479588263977,0.1371528904505203,-0.10599243437248455,0.39053087630712335,-0.03340950397724822,-0.0006081060821067634,1.8788829470027022
11.002000000000344,0.47696016946490805,-0.03475368699980025,0.11,0,0,0.3311413167215283,0.13583467974152816,-0.12023250978498133,0.39055435157897994,-0.033380423315887336,-0.0006082631509313553,1.8833388320140607
11.02200000000035,0.475108435504193,-0.04697770469046709,0.11,0,0,0.33537467903123797,0.13444467690895967,-0.13422517478754592,0.3905785169162519,-0.033351070692042024,-0.0006072423353413476,1.8875699130439727
11.042000000000357,0.47319386619644555,-0.05901525473114787,0.11,0,0,0.33938315658849144,0.13298045956946966,-0.14795114211870636,0.3906030045434206,-0.03331934085632148,-0.0006074220563106017,1.8915814806777465
11.062000000000364,0.47121942848594134,-0.07085969043634781,0.11,0,0,0.34316631524201013,0.13144091669449495,-0.16139502307612405,0.3906276600820131,-0.03329190180651891,-0.0006059907573393369,1.8953573294821535
11.08200000000037,0.46918843881903755,-0.08250564564792671,0.11,0,0,0.34672480846248516,0.12982537207865671,-0.17454421775076628,0.39065220160264746,-0.03326465132513265,-0.0006047409879632747,1.8989092875886286
11.102000000000377,0.46710450939366,-0.09394883904955038,0.11,0,0,0.3500601959656992,0.12813389521632987,-0.18738938775794592,0.39067639146983796,-0.033233547882636674,-0.0006064965509862254,1.902243258141451
11.122000000000384,0.4649714931148912,-0.10518592200378432,0.11,0,0,0.35317479885810327,0.12636871188355073,-0.19992414728209543,0.39070027675313734,-0.033206649754603516,-0.0006061537651421662,1.9053583693543787
11.14200000000039,0.4627934454105025,-0.11621434154133252,0.11,0,0,0.3560715706810385,0.12453163554739213,-0.21214472180356758,0.3907236680775528,-0.03317951929029781,-0.0006059610874536337,1.9082603892231136
11.162000000000397,0.46057457887462205,-0.12703223614149806,0.11,0,0,0.35875399431302446,0.12262579140799991,-0.22404961366419596,0.39074654496721206,-0.03315411379708016,-0.0006057051950396219,1.910949342071287
11.182000000000404,0.45831922738306574,-0.13763834418155904,0.11,0,0,0.36122599155386864,0.12065487888359004,-0.23563925473807282,0.390768856847004,-0.03312973901338487,-0.0006053792276618183,1.9134280479784262
11.20200000000041,0.45603181275493604,-0.1480319270226065,0.11,0,0,0.36349184563963494,0.11862320336960622,-0.24691566217630015,0.3907905573253218,-0.03310569488955604,-0.0006049402861853578,1.9157004696400473
11.222000000000417,0.4537168149159848,-0.1582127012479022,0.11,0,0,0.36555613243681956,0.11653580692424441,-0.2578824868160463,0.390811717868613,-0.033086034295040576,-0.0006007756845061234,1.9177552460601723
11.242000000000424,0.4513787442486548,-0.1681807867950475,0.11,0,0,0.36742366739600335,0.11439684699047689,-0.2685434119084515,0.39083202752690266,-0.03305811104223965,-0.000603328508165156,1.9196236837104677
11.26200000000043,0.4490221097532955,-0.17793665631471864,0.11,0,0,0.36909944985111315,0.11221343989697262,-0.2789039438603261,0.3908518197957063,-0.03303654381329502,-0.0005974582392434464,1.9212960481568564
11.282000000000437,0.44665140869383063,-0.18748108675844108,0.11,0,0,0.37058861900736206,0.10999010651151196,-0.2889690439842601,0.3908708533716675,-0.033012769238717016,-0.0005972385236329626,1.9227863401554581
11.302000000000444,0.4442710937429378,-0.1968151251985336,0.11,0,0,0.37189641347316776,0.10773326982389905,-0.29874487143056905,0.3908893251976434,-0.032996113433820515,-0.0005969785145212113,1.924086397999683
11.32200000000045,0.44188555959222686,-0.2059400546993454,0.11,0,0,0.3730281393972404,0.10544773111474805,-0.30823748187715394,0.39090695071685777,-0.03297413713794631,-0.0005997295123963109,1.9252165656968245
11.342000000000457,0.4394991191701013,-0.2148573649394118,0.11,0,0,0.37398913778789106,0.10313994788404397,-0.3174531385530507,0.3909239201192847,-0.03295527143806742,-0.0006001607273852616,1.926171584566562
11.362000000000464,0.4371159922307439,-0.2235687252380905,0.11,0,0,0.37478475950402146,0.10081545210303354,-0.32639776168965556,0.39094017171036805,-0.03293769200147366,-0.0005995173115279463,1.9269605486289831
11.38200000000047,0.43474029107897283,-0.2320759593811571,0.11,0,0,0.3754203406193484,0.09847941260248926,-0.33507718029529365,0.3909556254108943,-0.032919164638543434,-0.0005996877987363748,1.927593964732952
11.402000000000477,0.4323760054693455,-0.24038102485667556,0.11,0,0,0.37590118161802405,0.09613722245389794,-0.34349721764202684,0.39097033058992003,-0.032901876211029385,-0.0005994405114058611,1.9280726824072039
11.422000000000484,0.43002699274042355,-0.2484859947758347,0.11,0,0,0.3762325310680851,0.09379388815170119,-0.3516634452058045,0.3909842553528172,-0.03288630539431084,-0.0005987220266418508,1.928401056066206
11.44200000000049,0.42769696786119715,-0.25639304121116463,0.11,0,0,0.376419570919744,0.09145393077036733,-0.3595811156492069,0.3909973473272387,-0.03286917708258535,-0.0005994409084228466,1.928589444501891
11.462000000000497,0.42538949417343797,-0.2641044203310475,0.11,0,0,0.37646740277135116,0.08912225929664756,-0.3672555140920616,0.3910096970484231,-0.032855403804342743,-0.0005987389279870688,1.9286337713778017
11.482000000000504,0.42310797821444524,-0.2716224612181483,0.11,0,0,0.37638104006295464,0.08680292183859002,-0.3746914420366089,0.39102123282342244,-0.032841584749055505,-0.000598591534032175,1.9285453861255748
11.50200000000051,0.4208556632695124,-0.27894955388127335,0.11,0,0,0.3761653980922578,0.0845000114438773,-0.3818936344673735,0.3910319717577054,-0.03282827317179995,-0.0005986807634686217,1.9283282139244973
11.522000000000517,0.41863562548736705,-0.2860881405080298,0.11,0,0,0.3758252882589704,0.0822173806879996,-0.3888666535496651,0.39104192745655764,-0.03281594580116318,-0.0005987190456771084,1.9279853377728202
11.542000000000524,0.416450770820043,-0.2930407076199273,0.11,0,0,0.37536541332691226,0.07995870234012474,-0.3956149542491405,0.39105113098949157,-0.032805483506703606,-0.0005974660603258924,1.9275185119203357
11.56200000000053,0.41430383393130904,-0.29980978066481906,0.11,0,0,0.37479036546457456,0.07772706340973792,-0.40214252569442416,0.39105951953374796,-0.03279426876900388,-0.0005981494087487885,1.9269430645369536
11.582000000000537,0.41219737549694757,-0.3063979158877695,0.11,0,0,0.3741046207454362,0.07552590049669773,-0.4084537103930711,0.39106718217852066,-0.03278546451570634,-0.0005978083311813921,1.9262525873007297
11.602000000000544,0.41013378449688553,-0.3128076986883541,0.11,0,0,0.373312542217148,0.07335791925763228,-0.41455242023109234,0.3910740698281469,-0.0327767404270131,-0.0005975985810871405,1.9254603912371684
11.62200000000055,0.40811527709753076,-0.319041737911752,0.11,0,0,0.37241837676584705,0.07122591805819935,-0.42044264624685107,0.39108021679466076,-0.03276890841447806,-0.000597451380417039,1.9245638564618834
11.642000000000557,0.4061438990558626,-0.3251026636001136,0.11,0,0,0.37142625726610623,0.06913243727108631,-0.4261282349971661,0.39108564610828234,-0.03276232006547741,-0.0005972596632676276,1.9235703678922629
11.662000000000564,0.40422152889850754,-0.33099312419818944,0.11,0,0,0.37034020362570236,0.06707966470386359,-0.431613099970041,0.39109033758127026,-0.03275632138795432,-0.0005961493701370724,1.92248639180151
11.68200000000057,0.40234987835260044,-0.33671578509964606,0.11,0,0,0.36916412460669945,0.0650696914020482,-0.4369009593479045,0.391094302666435,-0.032750130866104725,-0.0005957736415968843,1.9213131673089157
11.702000000000577,0.40053049395137114,-0.3422733269125338,0.11,0,0,0.36790181924694637,0.06310485632309266,-0.4419953990476688,0.39109762336336423,-0.03274493728209585,-0.0005971777264685332,1.9200543822399416
11.722000000000584,0.39876476677992667,-0.3476684416212508,0.11,0,0,0.36655697956121347,0.06118691120050261,-0.4469003759578824,0.3911002870446249,-0.03274114573402196,-0.0005978966846166255,1.9187132962643212
11.74200000000059,0.39705393255454224,-0.35290383384889235,0.11,0,0,0.36513319426794005,0.05931739020790478,-0.45161964218043127,0.3911022952041347,-0.03273835587674483,-0.0005982148532140897,1.9172932090715922
11.762000000000597,0.395399075368095,-0.3579822190809167,0.11,0,0,0.36363395078835925,0.05749775636346926,-0.45615691843882705,0.39110366749710784,-0.03273641987271387,-0.0005983227558665535,1.915797587058683
11.782000000000604,0.39380113253367816,-0.36290632236092624,0.11,0,0,0.3620626381710779,0.05572933687529235,-0.4605159190562488,0.391104424117987,-0.032735263690254916,-0.0005983272017476174,1.9142298209469235
11.80200000000061,0.3922608991719593,-0.367678877139921,0.11,0,0,0.3604225499967056,0.05401331703701588,-0.46470035406387106,0.39110458451341157,-0.0327348403803791,-0.0005982848633728228,1.912593206707946
11.822000000000617,0.39077903287967874,-0.37230262412931514,0.11,0,0,0.3587168872593302,0.052350741852258985,-0.4687139283961934,0.39110416766658757,-0.032735114857237985,-0.0005982251665878641,1.9108909470372097
11.842000000000624,0.3893560584865471,-0.3767803101194512,0.11,0,0,0.356948761196725,0.05074251915607873,-0.4725603404958689,0.39110319240962893,-0.03273605768018329,-0.000598163182748154,1.9091261544129574
11.86200000000063,0.3879923728770265,-0.3811146867448336,0.11,0,0,0.3551211960462597,0.04918942321510913,-0.47624328058305204,0.3911016776371319,-0.03273764212760455,-0.0005981064996545843,1.907301854066544
11.882000000000637,0.38668824985330996,-0.38530850918511667,0.11,0,0,0.35323713170942145,0.04769209854795765,-0.4797664286486791,0.3910996424380835,-0.03273984273604532,-0.0005980588168930046,1.9054209867694714
11.902000000000644,0.3854438450187134,-0.38936453479638194,0.11,0,0,0.35129942631301364,0.0462510638753219,-0.48313345223853926,0.3910971061691922,-0.03274263456459559,-0.0005980218155023686,1.9034864114602719
11.92200000000065,0.384259200663693,-0.39328552167164815,0.11,0,0,0.3493108586594825,0.044866716164797274,-0.48634800410480733,0.39109408848654637,-0.03274599283555201,-0.0005979961284133437,1.9015009077294203
11.942000000000657,0.38313425063939055,-0.39707422713307133,0.11,0,0,0.34727413056245404,0.043539334756642754,-0.489413719798646,0.3910906093473956,-0.032749892774189944,-0.0005979818440926049,1.899467178172686
11.962000000000664,0.38206882520595387,-0.4007334061610367,0.11,0,0,0.3451918690665077,0.04226908556400127,-0.4923342152667104,0.3910866889904044,-0.03275430955466153,-0.0005979787681866305,1.897387850619629
11.98200000000067,0.3810626559332546,-0.40426580912806653,0.11,0,0,0.3430666279806417,0.04105607548963223,-0.49511328002054106,0.3910823472006613,-0.03275958001490001,-0.000596023439389881,1.8952579092865376
12.002000000000677,0.3801153803139607,-0.40767418247085435,0.11,0,0,0.34090089218762315,0.03990017332045509,-0.49775414785398536,0.39107762165509363,-0.032765521488010846,-0.000595455202462842,1.89309140322342
12.022000000000684,0.379226547384504,-0.4109612636364323,0.11,0,0,0.3386970763441498,0.038801159759487766,-0.50026060886932,0.3910724991214261,-0.03277167303648015,-0.0005940790580572218,1.890881779653431
12.04200000000069,0.3783956208488736,-0.41412978175465587,0.11,0,0,0.3364575285461607,0.03775867069656459,-0.502636144375797,0.39106696942409813,-0.03277645823123586,-0.0005927745162952379,1.8886325942067836
12.062000000000697,0.37762198738943964,-0.41718245675219456,0.11,0,0,0.3341845345628269,0.03677243639648527,-0.5048841238471569,0.39106124739389414,-0.0327873861626615,-0.0005896422727480808,1.8863518453254204
12.082000000000704,0.3769049505437925,-0.42012199238140213,0.11,0,0,0.33188030930615375,0.03584161901234329,-0.5070075989501874,0.39105504079807135,-0.03279084005026471,-0.000595773546980133,1.884047673506664
12.10200000000071,0.37624374352588075,-0.4229510797852449,0.11,0,0,0.32954700843524387,0.034967053759317204,-0.5090105388776031,0.3910486947792089,-0.032799994361677694,-0.0005971872067921833,1.881715812203185
12.122000000000718,0.3756375409920771,-0.4256723931065762,0.11,0,0,0.3271867289663181,0.03414725413581149,-0.5108963246308424,0.3910419913887416,-0.032809017337646414,-0.0005980656702976011,1.8793541247783674
12.142000000000724,0.3750854486807441,-0.4282885899361202,0.11,0,0,0.3248015073672087,0.03338168347605969,-0.5126682080283299,0.3910350321224326,-0.0328162819907283,-0.0005987490605483953,1.8769697490944
12.162000000000731,0.37458651671503584,-0.43080230778005835,0.11,0,0,0.32239332234940227,0.03266970494401964,-0.5143294753463633,0.39102785290128006,-0.0328245914523357,-0.0005992140111373469,1.8745626047398642
12.182000000000738,0.3741397406388369,-0.4332161628901982,0.11,0,0,0.31996409555161487,0.03201048847130806,-0.5158834268710206,0.39102045998341006,-0.032833524803088904,-0.000599224243906538,1.8721341726417617
12.202000000000744,0.37374406582980163,-0.435532748730771,0.11,0,0,0.3175156929704922,0.03140313155100553,-0.5173332749644276,0.39101285966045096,-0.032842526283691664,-0.0005992512371419571,1.8696865490502492
12.222000000000751,0.37339839279174863,-0.43775463398069153,0.11,0,0,0.3150499261360143,0.03084647798996755,-0.518682319196835,0.3910049747259561,-0.03284977836903661,-0.0005991342561294541,1.8672174566880437
12.242000000000758,0.3731015756083835,-0.4398843624731182,0.11,0,0,0.31256855289007945,0.030340131316903947,-0.5199334458788176,0.39099705708384586,-0.03286076770705827,-0.0005995247267664809,1.8647355113750699
12.262000000000764,0.3728524335912582,-0.4419244498061604,0.11,0,0,0.310073278998315,0.029882667605191312,-0.5210899104169564,0.3909889634662277,-0.03286966883357272,-0.0006000585401101978,1.86224102904569
12.282000000000771,0.37264975174887816,-0.4438773823711624,0.11,0,0,0.3075657587118089,0.029472988827275066,-0.5221547332308009,0.3909807065521185,-0.032879751597996505,-0.0006018575064428942,1.8597321514222513
12.302000000000778,0.3724922788688496,-0.4457456170581554,0.11,0,0,0.30504759487313676,0.029110221789232112,-0.5231311778427704,0.3909723395986149,-0.03288744995283879,-0.0006004542503764538,1.8572120304448954
12.322000000000784,0.3723787434963233,-0.4475315806070307,0.11,0,0,0.30252034516594595,0.028793143892386425,-0.5240223172991133,0.39096396203029676,-0.032899958096471754,-0.0005926701439637436,1.854673976152043
12.342000000000791,0.372307842334485,-0.44923766585114683,0.11,0,0,0.29998551402425766,0.02851993328253316,-0.5248299421097455,0.3909553786652951,-0.03290535517596029,-0.0005983169819042559,1.8521382886291655
12.362000000000798,0.37227824990022235,-0.4508662310921921,0.11,0,0,0.2974445576732662,0.028290768204599262,-0.525557884426625,0.3909469069395998,-0.03291670384212091,-0.0005988134528484801,1.8495926112641465
12.382000000000804,0.3722886277090983,-0.4524195994819233,0.11,0,0,0.29489888705935097,0.028103648992536413,-0.5262087154477988,0.39093834612113587,-0.032925607309565064,-0.0006007385341739144,1.8470463501062018
12.402000000000811,0.37233761878001687,-0.45390005910722897,0.11,0,0,0.292349866836193,0.027957665623031324,-0.5267853040952784,0.3909297563722006,-0.03293496448601293,-0.0006017101340292175,1.8444987001216404
12.422000000000818,0.3724238567499883,-0.4553098618291705,0.11,0,0,0.2897988180509928,0.027851350886808488,-0.5272903417745789,0.3909211248761676,-0.032944372281742185,-0.0006024413749574338,1.8419493046409052
12.442000000000824,0.3725459647297528,-0.45665122176578576,0.11,0,0,0.28724701673183217,0.027783386011945233,-0.5277264905177672,0.39091247915888133,-0.03295399986482578,-0.0006029287569554279,1.8393991402342493
12.462000000000831,0.37270255879475506,-0.4579263146261605,0.11,0,0,0.28469569515383236,0.027752453912829624,-0.5280963575785528,0.3909038421174897,-0.032963774482748946,-0.0006032566011329326,1.8368494098260408
12.482000000000838,0.37289225079774097,-0.45913727706957264,0.11,0,0,0.2821460427703283,0.02775723175981944,-0.5284024977209835,0.390895230941241,-0.03297361057065029,-0.0006034957351620533,1.8343013029418436
12.502000000000844,0.3731136509067015,-0.4602862060762684,0.11,0,0,0.27959920699237334,0.027796393023019946,-0.5286474133353345,0.39088665945479245,-0.03298345063707027,-0.0006036877524584265,1.831755968928051
12.522000000000851,0.3733653700229619,-0.4613751583879458,0.11,0,0,0.2770562939476132,0.027868608291463582,-0.5288335537718731,0.3908781393737814,-0.032993258384631165,-0.0006038550285892466,1.8292145154848916
12.542000000000858,0.373646022089714,-0.46240615002203106,0.11,0,0,0.27451836923013706,0.027972546423793654,-0.5289633147841016,0.3908696810044481,-0.033003009974287616,-0.0006040092368136578,1.8266780094538786
12.562000000000864,0.3739542262936424,-0.46338115585806183,0.11,0,0,0.2719864586431228,0.028106876147803706,-0.5290390381444772,0.3908612936622533,-0.03301268849465424,-0.0006041563683981472,1.8241474777018676
12.582000000000871,0.3742886091619968,-0.46430210929418836,0.11,0,0,0.26946154893549024,0.02827026792408698,-0.5290630113921847,0.39085298592878215,-0.03302228087646566,-0.000604299446006254,1.821623907944169
12.602000000000878,0.37464780655706303,-0.46517090197183847,0.11,0,0,0.2669445885335671,0.028461395919228454,-0.5290374676797734,0.3908447658083646,-0.03303177623629316,-0.0006044399509861572,1.8191082495224087
12.622000000000885,0.3750304655696662,-0.4659893835665844,0.11,0,0,0.26443648826858424,0.028678939994875023,-0.5289645857001033,0.39083664082104175,-0.033041165002767665,-0.0006045785674141707,1.8166014141559848
12.642000000000891,0.37543524631318465,-0.46675936164321247,0.11,0,0,0.26193812210066275,0.028921587660513594,-0.5288464896842764,0.3908286180553644,-0.03305043846297081,-0.0006047155688578858,1.8141042766782527
12.662000000000898,0.3758608236195083,-0.4674826015729381,0.11,0,0,0.25945032783984207,0.029188035961711385,-0.5286852494659846,0.3908207041965004,-0.03305958853263409,-0.0006048510193081234,1.811617675763618
12.682000000000905,0.3763058886383938,-0.4681608265106553,0.11,0,0,0.2569739078645909,0.029476993288808526,-0.5284828806098726,0.39081290553987313,-0.033068607644452803,-0.0006049848776185111,1.8091424146488988
12.702000000000911,0.37676915034171915,-0.46879571743004905,0.11,0,0,0.25450962983816305,0.029787181098350147,-0.5282413446023275,0.3908052279969995,-0.03307748869758235,-0.0006051170518518517,1.8066792618508714
12.722000000000918,0.3772493369342061,-0.46938891321434917,0.11,0,0,0.25205822742307243,0.030117335543611883,-0.5279625491032583,0.3907976770977526,-0.0330862250376337,-0.0006052474276038427,1.8042289518810313
12.742000000000925,0.37774519717225236,-0.4699420108004542,0.11,0,0,0.24962040099388788,0.030466209012874883,-0.5276483482572772,0.39079025799161116,-0.033094810450708924,-0.0006053758827879572,1.8017921859582469
12.762000000000931,0.3782555015925865,-0.47045656537411473,0.11,0,0,0.2471968183484775,0.030832571575434304,-0.5273005430624402,0.3907829754493361,-0.03310323916278022,-0.0006055022953574385,1.7993696327196147
12.782000000000938,0.37877904365253323,-0.470934090613827,0.11,0,0,0.24478811541776002,0.031215212336105472,-0.5269208817944228,0.390775833865781,-0.033111505839979384,-0.0006056265473271673,1.796961928929699
12.802000000000945,0.3793146407837415,-0.4713760589810647,0.11,0,0,0.24239489697395863,0.03161294069945881,-0.5265110604837552,0.39076883726408707,-0.03311960558770027,-0.0006057485268445396,1.7945696801882292
12.822000000000951,0.37986113536129423,-0.4717839020544504,0.11,0,0,0.24001773733729084,0.03202458754530154,-0.52607272344353,0.3907619893012409,-0.033127533947683994,-0.0006058681292218953,1.7921934616362059
12.842000000000958,0.38041739559017856,-0.4721590109054602,0.11,0,0,0.23765718108097084,0.03244900631710482,-0.5256074638448333,0.39075529327483455,-0.0331352868929234,-0.0006059852574091119,1.7898338186603258
12.862000000000965,0.38098231631114715,-0.4725027365132445,0.11,0,0,0.23531374373434952,0.03288507402519537,-0.5251168243370304,0.39074875213080973,-0.03314286082055037,-0.0006060998221597048,1.7874912675955552
12.882000000000971,0.38155481972805594,-0.4728163902161537,0.11,0,0,0.23298791248397066,0.033331692166614586,-0.5246022977099688,0.39074236847195915,-0.03315025254300931,-0.0006062117420253623,1.7851662964256356
12.902000000000978,0.38213385605880357,-0.47310124419756333,0.11,0,0,0.23068014687227736,0.03378778756361344,-0.5240653275951133,0.39073614456698236,-0.03315745927785541,-0.0006063209432529626,1.7828593654812668
12.922000000000985,0.38271840411204167,-0.4733585320036122,0.11,0,0,0.22839087949366813,0.03425231312280439,-0.523507309202632,0.39073008235992823,-0.033164478636499066,-0.0006064273596243198,1.7805709081356653
12.942000000000991,0.38330747179185876,-0.47358944909049006,0.11,0,0,0.22612051668756875,0.03472424851703908,-0.5229295900914642,0.3907241834798925,-0.0331713086121758,-0.0006065309322623629,1.7783013314971687
12.962000000000998,0.3839000965326709,-0.4737951533989409,0.11,0,0,0.22386943922815833,0.03520260079212443,-0.5223334709694433,0.39071844925087734,-0.03317794756737272,-0.000606631609417106,1.7760510170985149
12.982000000001005,0.3844953456665787,-0.47397676595368726,0.11,0,0,0.22163800301036685,0.035686404900529954,-0.5217202065206062,0.39071288070175275,-0.033184394220893185,-0.0006067293462395687,1.773820321582431
13.002000000001011,0.38509231672547095,-0.47413537148552115,0.11,0,0,0.2194265397317438,0.0361747241642778,-0.5210910062568935,0.39070747857627985,-0.03319064763469937,-0.0006068241045487571,1.7716095773831197
13.022000000001018,0.38569013768017035,-0.47427201907385763,0.11,0,0,0.21723535756978327,0.0366666506692424,-0.5204470353915186,0.3907022433431765,-0.03319670720063715,-0.0006069158525946734,1.76941909340323
13.042000000001025,0.38628796711893143,-0.474387722807602,0.11,0,0,0.21506474185428387,0.037161305593118046,-0.51978941573138,0.39069717520621894,-0.03320257262711996,-0.0006070045648196557,1.7672491556858927
13.062000000001031,0.38688499436760604,-0.47448346246223605,0.11,0,0,0.21291495573431643,0.037657839469340953,-0.5191192265859814,0.39069227411437574,-0.03320824392582649,-0.0006070902216192257,1.7651000280813873
13.082000000001038,0.38748043955379613,-0.47456018419109686,0.11,0,0,0.2107862408393704,0.03815543238927574,-0.5184375056904152,0.3906875397719779,-0.03321372139845378,-0.0006071728091032551,1.762971952908029
13.102000000001045,0.3880735536173099,-0.47461880122888195,0.11,0,0,0.20867881793425433,0.03865329414499444,-0.5177452501400772,0.3906829716489235,-0.033219005623553635,-0.000607252318858295,1.76086515160682
13.122000000001051,0.3886636182692385,-0.4746601946054886,0.11,0,0,0.20659288756732885,0.03915066431499009,-0.5170434173348644,0.3906785689909174,-0.03322409744347711,-0.0006073287477112261,1.7587798253894744
13.142000000001058,0.3892499459019532,-0.47468521386836393,0.11,0,0,0.20452863071166136,0.03964681229517431,-0.5163329259307207,0.3906743308297392,-0.03322899795144431,-0.0006074020974948984,1.7567161558793782
13.162000000001065,0.3898318794523173,-0.47469467781161806,0.11,0,0,0.20248620939870007,0.04014103727751153,-0.5156146567964845,0.39067025599353145,-0.03323370847875644,-0.0006074723748157605,1.7546743057451015
13.182000000001072,0.39040879222038444,-0.4746893752102252,0.11,0,0,0.20046576734407937,0.0406326681786396,-0.5148894539740988,0.3906663431170935,-0.03323823058216447,-0.0006075395908239403,1.7526544193260658
13.202000000001078,0.39098008764584036,-0.4746700655577186,0.11,0,0,0.19846743056518285,0.041121063520819005,-0.5141581256403351,0.39066259065216385,-0.033242566031409175,-0.0006076037609859987,1.750656623249993
13.222000000001085,0.3915451990444162,-0.4746374798058576,0.11,0,0,0.19649130799010744,0.04160561126754005,-0.5134214450682837,0.39065899687767036,-0.03324671679694651,-0.0006076649048606026,1.7486810270417674
13.242000000001092,0.39210358930647926,-0.474592321104826,0.11,0,0,0.19453749205768872,0.042085728616100146,-0.5126801515869507,0.39065555990992423,-0.03325068503787312,-0.0006077230458773928,1.7467277237234027
13.262000000001098,0.39265475055997323,-0.47453526554259845,0.11,0,0,0.1926060593082677,0.042560861749441396,-0.5119349515374021,0.3906522777127339,-0.03325447309006488,-0.0006077782111192447,1.7447967904047552
13.282000000001105,0.39319820379985115,-0.4744669628821851,0.11,0,0,0.1906970709648994,0.04303048554951285,-0.5111865192239791,0.39064914810741086,-0.03325808345454338,-0.0006078304311083421,1.7428882888646993
13.302000000001112,0.39373349848610445,-0.47438803729554796,0.11,0,0,0.188810573504723,0.04349410327439207,-0.510435497859205,0.3906461687826429,-0.03326151878608348,-0.0006078797395961302,1.7410022661224933
13.322000000001118,0.3942602121124575,-0.47429908809305105,0.11,0,0,0.1869465992202368,0.04395124620136708,-0.5096825005010842,0.39064333730420836,-0.0332647818820744,-0.0006079261733574729,1.7391387549990662
13.342000000001125,0.3947779497477538,-0.47420069044738683,0.11,0,0,0.18510516677024066,0.04440147323814332,-0.5089281109815871,0.3906406511245067,-0.0332678756716464,-0.000607969771989321,1.737297774667984
13.362000000001132,0.3952863435520202,-0.4740933961109899,0.11,0,0,0.18328628172023198,0.044844370504300984,-0.5081728848251922,0.3906381075918817,-0.03327080320507398,-0.0006080105777139217,1.7354793311958963
13.382000000001138,0.3957850522691475,-0.4739777341260244,0.11,0,0,0.18148993707206337,0.04527955088508544,-0.5074173501564452,0.39063570395971936,-0.03327356764346543,-0.0006080486351869929,1.733683418072253
13.402000000001145,0.39627376069808357,-0.4738542115260991,0.11,0,0,0.1797161137826913,0.04570665355956899,-0.5066620085955703,0.3906334373952982,-0.033276172248746703,-0.0006080839913107506,1.7319100167281343
13.422000000001152,0.3967521791443839,-0.4737233140289329,0.11,0,0,0.17796478127186774,0.046125343505175685,-0.5059073361412492,0.39063130498837867,-0.033278620373947604,-0.0006081166950522462,1.7301590970440357
13.442000000001158,0.3972200428539183,-0.4735855067192601,0.11,0,0,0.17623589791864785,0.046535310980511765,-0.5051537840397605,0.39062930375951804,-0.03328091545379533,-0.0006081467972667672,1.7284306178464837
13.462000000001165,0.3976771114304793,-0.4734412347213265,0.11,0,0,0.1745294115466085,0.04693627098839394,-0.5044017796397461,0.39062743066809924,-0.03328306099562041,-0.0006081743505269846,1.7267245273933713
13.482000000001172,0.398123168238988,-0.4732909238603936,0.11,0,0,0.17284525989769328,0.04732796272091632,-0.5036517272319422,0.3906256826200668,-0.033285060570577896,-0.0006081994089570474,1.7250407638479452
13.502000000001178,0.3985580197959408,-0.4731349813127226,0.11,0,0,0.17118337109461967,0.04771014898834273,-0.5029040088732851,0.39062405647536425,-0.03328691780518588,-0.0006082220280726586,1.7233792557413532
13.522000000001185,0.3989814951486862,-0.4729737962435703,0.11,0,0,0.16954366409180419,0.04808261563355776,-0.5021589851948651,0.3906225490550688,-0.03328863637318205,-0.0006082422646264036,1.7217399224237262
13.542000000001192,0.3993934452450681,-0.4728077404327836,0.11,0,0,0.16792604911478082,0.04844517093375408,-0.501416996193271,0.3906211571482249,-0.03329021998769802,-0.0006082601764587543,1.720122674503764
13.562000000001198,0.39979374229491765,-0.47263716888763135,0.11,0,0,0.16633042808810605,0.04879764499097793,-0.500678362004927,0.3906198775183742,-0.03329167239374997,-0.0006082758223545668,1.7185274142768185
13.582000000001205,0.4001822791248215,-0.47246242044256087,0.11,0,0,0.16475669505176221,0.04913988911309834,-0.499943383663088,0.39061870690978806,-0.033292997361043325,-0.0006082892619051387,1.7169540361414772
13.602000000001212,0.40055896852753925,-0.47228381834561844,0.11,0,0,0.16320473656608744,0.049471775186708575,-0.49921234383720914,0.3906176420534045,-0.03329419867708856,-0.0006083005553757323,1.715402427004692
13.622000000001218,0.4009237426073893,-0.47210167083131394,0.11,0,0,0.1616744321052782,0.049793195043411315,-0.4984855075544677,0.3906166796724756,-0.03329528014062425,-0.0006083097635786202,1.7138724666754759
13.642000000001225,0.4012765521228658,-0.4719162716797559,0.11,0,0,0.16016565443952396,0.05010405982088202,-0.49776312290326247,0.39061581648793187,-0.03329624555534262,-0.0006083169477513912,1.712364028247246
13.662000000001232,0.40161736582769925,-0.4717279007619223,0.11,0,0,0.1586782700058507,0.05040429932004765,-0.49704542171856586,0.3906150492234707,-0.03329709872391344,-0.0006083221694406647,1.7108769784688802
13.682000000001239,0.401946169811514,-0.47153682457097124,0.11,0,0,0.1572121392677621,0.0506938613596609,-0.49633262024905134,0.39061437461037585,-0.03329784344230012,-0.0006083254903909541,1.7094111781045715
13.702000000001245,0.4022629668411869,-0.47134329673953335,0.11,0,0,0.15576711706378157,0.050972711129493795,-0.4956249198059606,0.39061378939207714,-0.033298483494362804,-0.0006083269724387304,1.7079664822825973
13.722000000001252,0.40256777570395635,-0.4711475585429584,0.11,0,0,0.1543430529450104,0.051240830543317635,-0.4949225073937174,0.39061329032845726,-0.033299022646741956,-0.0006083266774116106,1.7065427408330949
13.742000000001259,0.40286063055327964,-0.47094983938852375,0.11,0,0,0.1529397915018285,0.051498217592781136,-0.4942255563223331,0.3906128741999153,-0.0332994646440168,-0.0006083246670322538,1.7051397986149972
13.762000000001265,0.40314158025838265,-0.47075035729063935,0.11,0,0,0.1515571726798757,0.05174488570324299,-0.49353422680168263,0.3906125378111937,-0.033299813204131765,-0.0006083210028274066,1.7037574958322423
13.782000000001272,0.403410687758399,-0.47054931933211297,0.11,0,0,0.1501950320854612,0.05198086309256095,-0.4928486665177653,0.39061227799497833,-0.0333000720140842,-0.0006083157460415446,1.7023956683394106
13.802000000001279,0.4036680294219421,-0.4703469221115647,0.11,0,0,0.14885320128055732,0.05220619213378567,-0.4921690111910951,0.390612091615279,-0.033300244725867865,-0.0006083089575551049,1.7010541479369654
13.822000000001285,0.4039136944129063,-0.4701433521771024,0.11,0,0,0.14753150806754362,0.05242092872265484,-0.49149538511738966,0.39061197557059707,-0.03330033495266341,-0.0006083006978073945,1.699732762656221
13.842000000001292,0.40414791349990825,-0.46993956053013014,0.11,0,0,0.14623039231968574,0.052625189754424935,-0.4908282545595132,0.3906119285061747,-0.03330034393397501,-0.0006082924014467218,1.6984319383011695
13.862000000001299,0.40437852248733736,-0.46978144594205495,0.11,0,0,0.14498585151456297,0.052822484649097674,-0.4901920173207292,0.3906120672940988,-0.03330011267813607,-0.0006083294808262447,1.6971871540732812
13.882000000001305,0.4046087316783948,-0.46968581836228296,0.11,0,0,0.14381025309407003,0.05301605463457361,-0.48960627655202305,0.3906124918755485,-0.03329996924090735,-0.0006080719273034095,1.6960107831754594
13.902000000001312,0.4048372022402887,-0.46964202029996394,0.11,0,0,0.14269416221058273,0.053207226942233204,-0.4890761747474952,0.3906132473547405,-0.03330178059691322,-0.0006060648657556711,1.6948923082656824
13.922000000001319,0.4050629002135363,-0.4696412425559562,0.11,0,0,0.14162973777200408,0.05339634910358891,-0.48860401601731324,0.390614182693737,-0.033302724315423325,-0.0006048561233666814,1.6938283722981389
13.942000000001325,0.4052850324495207,-0.46967620877709576,0.11,0,0,0.14061045632060257,0.05358386345683805,-0.48819013893114066,0.39061522709374225,-0.03329928148049633,-0.0006068886488001993,1.6928091404769736
13.962000000001332,0.4055030011670194,-0.46974091123761336,0.11,0,0,0.13963088586062905,0.05377072484929569,-0.487833476312121,0.3906164746505901,-0.033298156741167186,-0.0006072950306384077,1.6918275035534946
13.982000000001339,0.4057163735311879,-0.4698303913639322,0.11,0,0,0.13868649993313598,0.053956404834781105,-0.4875309214292742,0.3906177929418856,-0.03329821682450816,-0.0006101712186940423,1.6908753170158468
14.002000000001345,0.40592483751917935,-0.4699405460194592,0.11,0,0,0.1377735085501621,0.05414072545521397,-0.48727886005080023,0.39061913279600546,-0.0332954352840698,-0.0006105853908615026,1.6899586563248707
14.022000000001352,0.40612818224979574,-0.4700679737557868,0.11,0,0,0.13688872993765844,0.054323533214708265,-0.48707255918648845,0.39062046012089846,-0.033292010510693755,-0.000609822087987246,1.6890730916399048
14.042000000001359,0.4063262777386384,-0.4702098446283881,0.11,0,0,0.136029480068071,0.054504308598517175,-0.48690680965363514,0.39062175985607794,-0.03328924823590443,-0.0006093102895481715,1.688213468151444
14.062000000001365,0.406519054509278,-0.47036379118498184,0.11,0,0,0.13519347923542224,0.05468255554810941,-0.48677636252936035,0.39062303049145786,-0.0332870809319558,-0.0006090099851201503,1.6873772280226482
14.082000000001372,0.4067064906695438,-0.4705278220486956,0.11,0,0,0.13437877941501106,0.05485779229739221,-0.4866760231919016,0.3906242684923233,-0.03328528841060809,-0.0006088327963402545,1.6865623926651976
14.102000000001379,0.4068886011097869,-0.4707002515072744,0.11,0,0,0.13358370468698744,0.05502957600570295,-0.48660081089079343,0.3906254705822263,-0.03328372205899417,-0.0006087212560650112,1.685767277474757
14.122000000001385,0.407065428932928,-0.4708796428980417,0.11,0,0,0.1328068031530331,0.05519751683396864,-0.4865460858402436,0.39062663437564266,-0.033282297390732,-0.0006086437548188889,1.6849904227068264
14.142000000001392,0.40723703873319245,-0.4710647634548773,0.11,0,0,0.13204680839353494,0.0553612861740426,-0.48650763754140675,0.3906277582859013,-0.03328096813810696,-0.0006085837979635763,1.68423055325436
14.162000000001399,0.4074035113602928,-0.47125454851877113,0.11,0,0,0.13130260869186833,0.055520620846957594,-0.48648173789661187,0.39062884130617187,-0.033279708933224905,-0.0006085329918993989,1.6834865480832066
14.182000000001405,0.40756493986500725,-0.4714480733014998,0.11,0,0,0.13057322250796605,0.055675323909275105,-0.48646516445710064,0.3906298828231612,-0.033278505659935544,-0.0006084871540298119,1.6827574160969365
14.202000000001412,0.4077214263743524,-0.47164453066635115,0.11,0,0,0.1298577789253841,0.0558252626259071,-0.4864551993837049,0.39063088249195327,-0.033277350324452566,-0.0006084442549181602,1.68204227695138
14.222000000001419,0.4078730796897891,-0.4718432136405131,0.11,0,0,0.1291555020137356,0.05597036422970794,-0.48644960950478205,0.3906318401658856,-0.03327623834161137,-0.0006084033478746913,1.6813403457211629
14.242000000001426,0.4080200134410716,-0.4720435015985916,0.11,0,0,0.12846569824055748,0.05611061009803656,-0.4864466124540919,0.390632755866968,-0.03327516707368577,-0.0006083640168645864,1.6806509205424391
14.262000000001432,0.40816234466192935,-0.472244849255328,0.11,0,0,0.1277877462339824,0.05624602893178959,-0.48644483334336164,0.3906336297818749,-0.03327413501471017,-0.0006083260941291671,1.6799733725344208
14.282000000001439,0.4083001926822188,-0.47244677777838034,0.11,0,0,0.12712108834117952,0.056376689445980115,-0.48644325582284637,0.3906344622707958,-0.03327314131115501,-0.0006082895177258632,1.6793071374513198
14.302000000001446,0.4084336782549276,-0.47264886748004925,0.11,0,0,0.1264652235489657,0.056502692991008914,-0.4864411707511816,0.39063525387954046,-0.03327218546360821,-0.0006082542615192738,1.6786517086404449
14.322000000001452,0.40856292285596735,-0.47285075167157675,0.11,0,0,0.12581970143409157,0.05662416643196593,-0.48643812506805906,0.3906360053484226,-0.03327126713184257,-0.0006082203025658588,1.6780066309842925
14.342000000001459,0.4086864097728581,-0.4730401929669943,0.11,0,0,0.1251773122841844,0.05674369812026614,-0.4864782637686443,0.3906723326020416,-0.03335261040785591,-0.0006166197763575655,1.6772985915541327
14.362000000001466,0.40873091265671535,-0.47261015311338916,0.11,0,0,0.12421271801348692,0.05682407182378219,-0.4880788846731722,0.3907094729955715,-0.03411864696710758,7.700094700593588e-05,1.6758862647305284
14.382000000001472,0.40870075714550813,-0.4715714894175385,0.11,0,0,0.12295718777675223,0.05670633333530969,-0.4918835044504325,0.3906973844590783,-0.034011567548282565,-0.0017134415780670018,1.6755585408533638
14.402000000001479,0.40863767135169604,-0.4702475689169346,0.11,0,0,0.12157843993100127,0.0567727882171748,-0.5003186783813552,0.39098167137951834,-0.03423329670984645,0.001148460275230699,1.6740558105452694
14.422000000001486,0.4085157120609136,-0.46844088901257447,0.11,0,0,0.11971613642002846,0.06034953934211341,-0.536306183424711,0.3912155969157256,-0.029746311542357726,0.0002550360473330838,1.6728387228765484
14.442000000001492,0.40839351962257187,-0.46657527658910747,0.11,0,0,0.11781496780299573,0.06529818381632307,-0.5831449038722467,0.39083341127687293,-0.03376843039217102,5.5941507051945555e-05,1.6759901036735934
14.462000000001499,0.4082970948495818,-0.464933666122742,0.11,0,0,0.11613192483573083,0.07011185808157729,-0.631128613575425,0.39022240941454484,-0.03400904698145902,0.0010544071054403648,1.679808283119127
14.482000000001506,0.40823780473459587,-0.4636441429203416,0.11,0,0,0.11475602979613463,0.07475939282082619,-0.6766328999561682,0.3901867986429529,-0.03331398151825192,-0.0007202702435521807,1.6804074408026997
14.502000000001512,0.4082205174556504,-0.4627296507702247,0.11,0,0,0.11367698204842773,0.0794613617144456,-0.7199662092165902,0.3899015132673467,-0.03607477325177228,-0.0024536676693455114,1.6799659919750443
14.522000000001519,0.40824121276409286,-0.46218788818550227,0.11,0,0,0.11287588340379856,0.08373154671374974,-0.7611489598492255,0.3900008827119454,-0.03347571441085767,0.0019108321470977154,1.674938107008874
14.542000000001526,0.4082951737542915,-0.461982068448305,0.11,0,0,0.11231016055497281,0.087990728790455,-0.7995513219904796,0.3900746013856201,-0.033731638119897996,-0.0010393940770338235,1.6719190559483055
14.562000000001532,0.40837741958620266,-0.4620693684528221,0.11,0,0,0.11194052101299515,0.09214378143340791,-0.8357895858991005,0.3901818920206227,-0.034216250569001114,-0.0008618036590516306,1.6686031657665044
14.582000000001539,0.40848121885634503,-0.4623998017493368,0.11,0,0,0.1117259538103579,0.09601484312162226,-0.8696026053665812,0.39036614541504444,-0.032336151246604924,-0.0016686452129469455,1.6631249808216713
14.602000000001546,0.4086046204047381,-0.46294566586783514,0.11,0,0,0.1116399438289709,0.10003829905837384,-0.901262969020445,0.39055764524454517,-0.03495141521589683,0.0010678663633420353,1.6618156697633
14.622000000001552,0.40876919734358524,-0.4639078118319676,0.11,0,0,0.11177187486185437,0.10357781687423777,-0.9303971319527251,0.3907277619935973,-0.03207427376628878,-0.00019324030867091732,1.655406179217309
14.642000000001559,0.40893770612414165,-0.464927782619917,0.11,0,0,0.11192003302080533,0.10724623356835963,-0.9571874995704414,0.390720993610637,-0.03358384845295352,-0.0029230169263265065,1.6528488378865094
14.662000000001566,0.4090949455717913,-0.4658814536002353,0.11,0,0,0.11202139896113048,0.11072734889562372,-0.98176362808285,0.39075625796745334,-0.03399318596200426,-0.0032920551640839833,1.6493796829545302
14.682000000001572,0.40924159821952677,-0.466768337887588,0.11,0,0,0.11207955682236594,0.11398172631333493,-1.0042763048788965,0.3907859493467407,-0.0324802587473412,0.0005997064547073822,1.6443343264373578
14.70200000000158,0.4093796589175437,-0.4676053492086834,0.11,0,0,0.11210677412462092,0.11723571933170888,-1.0240090035761718,0.3908840848919638,-0.03368878711085743,-0.001983464526660932,1.6415256168534091
14.722000000001586,0.4095094140403289,-0.46840182017253623,0.11,0,0,0.1121088249646923,0.12039645702489844,-1.0417238514927747,0.3909025735491902,-0.03524265573994774,-1.3293160489944732e-05,1.6395762875462527
14.742000000001592,0.40963447858283575,-0.46918379511973796,0.11,0,0,0.11210676959306128,0.12330528888222884,-1.0562818636682825,0.3908827604826178,-0.0308730964450204,-0.0011883113358590147,1.6567367263732484
14.7620000000016,0.40975101602407554,-0.46998236942235977,0.11,0,0,0.11212409291324568,0.12702832237633765,-1.0667153248686003,0.3911149533230719,-0.03324797851894879,-0.0008933224590940844,1.6926644832657143
14.782000000001606,0.4099000677215071,-0.4709646358715073,0.11,0,0,0.11232201756242109,0.12793064452345151,-1.0686244576117503,0.39099320559555817,-0.03338872794410959,-0.0008750078464221929,1.6975344179336436
14.802000000001613,0.41004847003804645,-0.47191003114602265,0.11,0,0,0.11249666269434941,0.12789776226035388,-1.0680266636454838,0.3907170780004898,-0.033321494851279984,9.353241083376128e-05,1.695564728112365
14.82200000000162,0.4101844470142089,-0.47273721615843356,0.11,0,0,0.11257421077683685,0.1277629064893874,-1.067580898675934,0.39045772081619773,-0.03361744446684889,0.00025848774702181665,1.6936984299527016
14.842000000001626,0.41030477612138616,-0.47344800955107713,0.11,0,0,0.1125547094033681,0.12781325995596032,-1.067691028990349,0.39034549395765605,-0.03385161752989508,0.00025014281726870607,1.6932804756002415
14.862000000001633,0.4104137683684513,-0.47406572208771186,0.11,0,0,0.11246249506777875,0.1278558507096091,-1.068013554143523,0.3903493245391355,-0.03383679165224018,0.00026511190510683356,1.6931473201424858
14.88200000000164,0.4105137313800646,-0.4746081006717041,0.11,0,0,0.1123136958184952,0.12784711376034497,-1.0684001368757028,0.39039726015083354,-0.03375437054564639,0.0002734042850332033,1.6929934083954852
14.902000000001646,0.4106058419912408,-0.4750878730770537,0.11,0,0,0.11211900249043953,0.1278006257208678,-1.0688168525334527,0.39045972785325195,-0.033655653138262596,0.0002764246162258058,1.692797360812283
14.922000000001653,0.4106910812088033,-0.4755155076870745,0.11,0,0,0.11188711394257188,0.1277286313954137,-1.0692440831953158,0.39052313263107663,-0.0335596018514919,0.0002771436819426469,1.6925646784565798
14.94200000000166,0.4107703213706582,-0.47589971897953687,0.11,0,0,0.11162527089666904,0.12763855229280638,-1.0696665700191816,0.3905814141869425,-0.033474055781016344,0.0002770154035138222,1.692302247372682
14.962000000001666,0.41084432453091146,-0.4762477226366383,0.11,0,0,0.11133947333274008,0.12753465089847205,-1.0700723540473047,0.39063233029332645,-0.03340165731619204,0.0002766241290844135,1.6920159992992032
14.982000000001673,0.41091374329169367,-0.47656545462762145,0.11,0,0,0.11103466030560695,0.1274194214646013,-1.070452492345356,0.39067556000979353,-0.03334241390368905,0.0002761907016007727,1.6917108356281203
15.00200000000168,0.41097912892085325,-0.47685777121614376,0.11,0,0,0.11071487504623538,0.1272944211341755,-1.0708007801940702,0.390711685953374,-0.033295073861478924,0.00027579321580085796,1.6913907668622739
15.022000000001686,0.41104094319249784,-0.4771286283431253,0.11,0,0,0.11038341365544656,0.1271607348312076,-1.071113427548742,0.39074164549877616,-0.033257894232809976,0.0002754537769874529,1.691059059529764
15.042000000001693,0.41110003679945284,-0.47738580600607794,0.11,0,0,0.11004604877563631,0.1270130507781259,-1.0713191043680104,0.3907670113057886,-0.03322859733771745,0.0002744071482410699,1.6907224425868854
15.0620000000017,0.4111563946557129,-0.4776286162470849,0.11,0,0,0.10970259420792661,0.12685521706300446,-1.0714553180672972,0.3907879902830267,-0.03320589367894445,0.00027415879442912485,1.6903790166067816
15.082000000001706,0.41120996313751207,-0.4778560205168212,0.11,0,0,0.10935266357034494,0.12669222955628506,-1.0715707435825932,0.3908050711495408,-0.033188911455351335,0.0002742452539409347,1.6900285981759509
15.102000000001713,0.4112609514493911,-0.4780695758543903,0.11,0,0,0.10899763664901123,0.12652555817041314,-1.071675170185051,0.39081910811428333,-0.0331763049386259,0.0002742716101514498,1.689672940900359
15.12200000000172,0.4113095922555754,-0.47827109929216965,0.11,0,0,0.10863902099973838,0.12635587307961285,-1.0717701988236852,0.39083078663050014,-0.033166859229300294,0.00027424484739949735,1.6893136635735864
15.142000000001726,0.4113560930204066,-0.4784621915277039,0.11,0,0,0.10827812433959542,0.12618370067310442,-1.0718562964409406,0.3908406018919328,-0.033159668495899554,0.0002741934737491471,1.6889520927445878
15.162000000001733,0.41140063208464955,-0.4786441943508149,0.11,0,0,0.1079160324835082,0.12600954096837877,-1.0719340683818979,0.39084889927896005,-0.033154089373322336,0.0002741333725832071,1.688589313581019
15.18200000000174,0.41144336302836704,-0.4788182295224536,0.11,0,0,0.10755364341565954,0.12583387126414391,-1.0720043036673534,0.39085591763659877,-0.03314967443668134,0.00027407196055476553,1.6882262221104338
15.202000000001746,0.41148441932609364,-0.4789852412930964,0.11,0,0,0.10719170266621071,0.12565713488645622,-1.0720678537711203,0.39086182409583037,-0.03314611709242096,0.0002740124754082112,1.687863563434202
15.222000000001753,0.4115239180232621,-0.47914602998399547,0.11,0,0,0.10683083138841902,0.125479733611055,-1.072125544231128,0.3908667399427585,-0.03314320966708996,0.0002739561807418625,1.6875019594749945
15.24200000000176,0.4115619625277009,-0.4793012774075465,0.11,0,0,0.10647154791421819,0.12530202492178694,-1.0721781312023255,0.390870759049941,-0.033140812337694274,0.00027390342165507374,1.6871419299226138
15.262000000001766,0.41159864476685976,-0.47945156647713605,0.11,0,0,0.10611428461228313,0.12512432252865358,-1.072226286428477,0.3908739604769238,-0.0331388305205562,0.00027385413406669923,1.6867839086902123
15.282000000001773,0.41163404690156064,-0.47959739679472235,0.11,0,0,0.10575940142795316,0.12494689874827171,-1.0722705968216395,0.39087641661140987,-0.03313719877592285,0.0002738080889374114,1.686428257244223
15.30200000000178,0.41166824271995106,-0.47973919736102194,0.11,0,0,0.10540719699927548,0.1247699878422077,-1.072311570552032,0.3908781979784611,-0.03313586967182407,0.0002737650041749126,1.6860752756263
15.322000000001786,0.41170129879077516,-0.47987733712688896,0.11,0,0,0.1050579179225312,0.12459378976746514,-1.072349645471428,0.3908793756353652,-0.033134806357152255,0.0002737245910805436,1.685725211685654
15.342000000001793,0.4117334991281925,-0.48001233556013734,0.11,0,0,0.10471203272256514,0.1244133480022919,-1.0723853700063497,0.39084560929218115,-0.033101259536783764,0.00027207753283230396,1.6853763035502811
15.3620000000018,0.4117725262575206,-0.4801505597525817,0.11,0,0,0.10437808757625217,0.12418721141808775,-1.0724216018053077,0.38834371481453817,-0.03277334199188748,0.0002560379592320663,1.6850111582980196
15.382000000001806,0.41181201293631386,-0.4802861543435271,0.11,0,0,0.10404842568316557,0.12396107413490287,-1.0724578288560933,0.38191782679066283,-0.032445418135134005,0.0002401580643029656,1.6846460065043218
15.402000000001813,0.41184878882598525,-0.48041684958942504,0.11,0,0,0.10371971122167166,0.1237349361560049,-1.0724940511583718,0.3715679452206622,-0.03211748802947643,0.00022443785295934735,1.6842808482344416
15.42200000000182,0.4118828162888265,-0.48054306945607006,0.11,0,0,0.10339218294593593,0.12350879748466156,-1.0725302687118092,0.3572940701046425,-0.03178955173787585,0.00020887733006626065,1.6839156835536373
15.442000000001826,0.4119144397720976,-0.48066547286067474,0.11,0,0,0.10306644129962121,0.12328265812414076,-1.0725664815160734,0.3390962014427087,-0.031461609323301214,0.00019347650043953157,1.6835505125271768
15.462000000001833,0.41194400093366884,-0.4807846303107305,0.11,0,0,0.10274301516680046,0.12305651807771047,-1.0726026895708323,0.31697433923496454,-0.03113366084872939,0.0001782353688457593,1.6831853352203352
15.48200000000184,0.4119717921619865,-0.4809010008716071,0.11,0,0,0.10242232253724566,0.12283037734863882,-1.0726388928757549,0.29092848348151307,-0.03080570637714493,0.00016315394000231004,1.682820151698397
15.502000000001846,0.41199805755022445,-0.4810149479793639,0.11,0,0,0.10210468381518441,0.122604235940194,-1.072675091430511,0.2609586341824561,-0.030477745971540016,0.0001482322185773078,1.6824549620266482
15.522000000001853,0.4120229996268453,-0.48112675741135913,0.11,0,0,0.1017903394229914,0.12237809385564441,-1.0727112852347704,0.2270647913378941,-0.0301497796949146,0.000133470209189594,1.6820897662703915
15.54200000000186,0.41204684622312676,-0.48123670157830434,0.11,0,0,0.10147953176570582,0.12215195109825844,-1.0727474742882057,0.18924695494792684,-0.02982180761027593,0.00011886791640877199,1.6817245644949297
15.562000000001866,0.41206966849627785,-0.48134489194950103,0.11,0,0,0.10117230483184486,0.12192580767130463,-1.0727836585904884,0.14750512501265287,-0.0294938297806388,0.00010442534475515805,1.681359356765577
15.582000000001873,0.4120915120320428,-0.4814514137589891,0.11,0,0,0.10086867069879676,0.12169966357805172,-1.072819838141291,0.10183930153216947,-0.02916584626902529,9.014249869978632e-05,1.6809941431476507
15.60200000000188,0.4121125329258938,-0.4815564280948635,0.11,0,0,0.1005687535763222,0.12147351882176846,-1.0728560129402875,0.052249484506573185,-0.028837857138464765,7.60193826644396e-05,1.6806289237064775
15.622000000001886,0.41213283154545594,-0.4816600337931863,0.11,0,0,0.10027260402531843,0.1209084287322816,-1.0729216667532488,-0.0010726104210189028,-0.019452625708738288,-0.0003952744549554975,1.680744569253903
15.642000000001893,0.41217070811254214,-0.481893092320846,0.11,0,0,0.10010180979205893,0.11952553115443737,-1.0730370298178848,-0.020158024121289385,0.014448804335943895,-0.001639282598224971,1.6822703903912282
15.6620000000019,0.41221445092119496,-0.4821893883702448,0.11,0,0,0.09999217206178727,0.1194533469070069,-1.0730432259127944,-0.013643599806081149,0.011658687344116458,-0.0010750895017680605,1.6824205367905563
15.682000000001906,0.41225412761078234,-0.48245517387698755,0.11,0,0,0.0998596456380581,0.1194775808845845,-1.0730432726551031,-0.007386058107494472,0.006571694546261704,-0.0005761729625810023,1.6824395657321747
15.702000000001913,0.4122906360937107,-0.4826939358799637,0.11,0,0,0.09970805157351821,0.11948875888752529,-1.0730427554347433,-0.0037421301603052645,0.003375488737074994,-0.00029503490385257336,1.6824266705474449
15.72200000000192,0.41232444665785933,-0.48290962102943197,0.11,0,0,0.09954087144204604,0.11949208556635413,-1.0730426601915453,-0.0018545071170394441,0.0016777192685306405,-0.00014631030093940347,1.682424796370212
15.742000000001926,0.4123559135783935,-0.4831056990575282,0.11,0,0,0.09936106540874953,0.11949287026969879,-1.0730426397305801,-0.000915130403661476,0.0008223914843189913,-7.145011394764741e-05,1.6824246862672847
15.762000000001933,0.41238532756998336,-0.48328507726698633,0.11,0,0,0.09917110495080211,0.11949299573765422,-1.0730426363701129,-0.0004581978155702397,0.000392737646450884,-3.418248241857217e-05,1.6824246916614378
15.78200000000194,0.41241293233081383,-0.48345018044614685,0.11,0,0,0.0989730522592037,0.11949297191779883,-1.0730426370029615,-0.0002410538394102989,0.0001853725202171639,-1.6198852731538393e-05,1.6824246951757689
15.802000000001946,0.4124389341668962,-0.4836030398718385,0.11,0,0,0.09876863342924541,0.11949293566599146,-1.0730426379300069,-0.00013801830118661247,9.018652171985217e-05,-7.880993890495154e-06,1.6824246961922613
15.822000000001953,0.41246350888377636,-0.48374536542836816,0.11,0,0,0.0985592972749328,0.11949291438157222,-1.0730426384545355,-8.771505617072685e-05,4.5121098789482254e-05,-3.941541735951751e-06,1.6824246964590108
15.84200000000196,0.41248680702123514,-0.4838786016530859,0.11,0,0,0.09834626190743591,0.11949290361657153,-1.0730426387177294,-6.25506006811593e-05,2.2943680990084388e-05,-2.0037192434275285e-06,1.6824246965288439
15.862000000001967,0.41250895796751536,-0.484003971881492,0.11,0,0,0.09813055216334424,0.11949289824088363,-1.0730426388491694,-4.9783644334694995e-05,1.176321871813539e-05,-1.0271276458516267e-06,1.6824246965472436
15.882000000001973,0.41253007327936414,-0.4841225137974749,0.11,0,0,0.0979130302076938,0.11949289552426406,-1.0730426389156793,-4.3259590997296945e-05,6.05519330819193e-06,-5.28652163058001e-07,1.6824246965521181
15.90200000000198,0.4125502494128306,-0.48423510859455066,0.11,0,0,0.09769442089556361,0.11949289413690538,-1.0730426389496803,-3.9913896448858364e-05,3.122957371041187e-06,-2.726216889264108e-07,1.682424696553414
15.922000000001987,0.4125695699980035,-0.4843425052046082,0.11,0,0,0.09747533298099166,0.11949289342411414,-1.0730426389671617,-3.819518315321023e-05,1.6121601893984211e-06,-1.4072086174055477e-07,1.682424696553759
15.942000000001993,0.41258810774890026,-0.48444534059470634,0.11,0,0,0.09725627695458813,0.11949289305679964,-1.0730426389761745,-3.731152236838344e-05,8.326214981685399e-07,-7.267002812519558e-08,1.6824246965538507
15.962000000002,0.4126059260747047,-0.48454415685656227,0.11,0,0,0.09703768009799886,0.11949289286724733,-1.0730426389808274,-3.685700847486062e-05,4.3011486786355624e-07,-3.753618872178266e-08,1.6824246965538756
15.982000000002007,0.4126230804429177,-0.4846394156397901,0.11,0,0,0.09681989921594797,0.11949289276936449,-1.073042638983231,-3.662317980343057e-05,2.2221320834924285e-07,-1.939071586397218e-08,1.6824246965538816
16.00200000000201,0.4126396195345697,-0.48473151036414075,0.11,0,0,0.09660323141740003,0.11949289271880326,-1.0730426389844732,-3.650287224915067e-05,1.1480999912320607e-07,-1.0017562055901227e-08,1.6824246965538836
16.022000000002,0.4126555862242326,-0.4848207765637736,0.11,0,0,0.09638792325133824,0.1194928926926821,-1.0730426389851149,-3.644096942307071e-05,5.932010636324002e-08,-5.1753848098677505e-09,1.682424696553884
16.042000000001988,0.4126710184119663,-0.48490750065492555,0.11,0,0,0.0961741784514735,0.11949289267918634,-1.0730426389854466,-3.640911722350704e-05,3.064999554750128e-08,-2.6738039358793148e-09,1.6824246965538836
16.062000000001976,0.4126859497299317,-0.48499192737009306,0.11,0,0,0.09596216450321278,0.11949289267221337,-1.0730426389856178,-3.639272740409613e-05,1.583660625026707e-08,-1.381400742769896e-09,1.6824246965538834
16.082000000001965,0.4127004101428142,-0.48507426606294407,0.11,0,0,0.09575201821266155,0.11949289266861055,-1.0730426389857064,-3.638429382611859e-05,8.182678037672728e-09,-7.136930317197398e-10,1.6824246965538834
16.102000000001954,0.41271442645823764,-0.4851546960561983,0.11,0,0,0.09554385042957761,0.119492892666749,-1.0730426389857521,-3.637995421239032e-05,4.227948114697114e-09,-3.687262585741004e-10,1.6824246965538834
16.122000000001943,0.41272802276086723,-0.48523337117809434,0.11,0,0,0.09533775005286205,0.11949289266578714,-1.0730426389857757,-3.6377721200374385e-05,2.1845614496036343e-09,-1.90500932717494e-10,1.6824246965538834
16.142000000001932,0.41274122078180514,-0.48531042361073073,0.11,0,0,0.09513378742753212,0.11949289266529015,-1.0730426389857879,-3.6376572170172406e-05,1.128753483141703e-09,-9.842159071497471e-11,1.6824246965538834
16.16200000000192,0.4127540402131159,-0.4853859671547509,0.11,0,0,0.09493201722553006,0.11949289266503337,-1.0730426389857943,-3.637598091897548e-05,5.832222119503528e-10,-5.084915546765731e-11,1.6824246965538834
16.18200000000191,0.41276649897581824,-0.48546009999894074,0.11,0,0,0.09473248088868502,0.11949289266490067,-1.0730426389857974,-3.637567668148685e-05,3.013485221494489e-10,-2.627103410864921e-11,1.6824246965538834
16.2020000000019,0.4127786134484114,-0.48553290706984964,0.11,0,0,0.0945352087002534,0.11949289266483214,-1.0730426389857997,-3.637552013134156e-05,1.5570555468093128e-10,-1.3572836591078509e-11,1.6824246965538834
16.222000000001888,0.41279039866192374,-0.48560446202513985,0.11,0,0,0.09434022154138373,0.11949289266479671,-1.0730426389857999,-3.637543957601764e-05,8.045242976353115e-11,-7.012357753237478e-12,1.6824246965538834
16.242000000001877,0.41280186846656086,-0.4856748289447043,0.11,0,0,0.09414753238030452,0.11949289266477842,-1.0730426389857999,-3.637539812501501e-05,4.156944976474347e-11,-3.6229087692555627e-12,1.6824246965538834
16.262000000001866,0.41281303567425226,-0.4857440637653949,0.11,0,0,0.0939571475347839,0.11949289266476895,-1.0730426389857999,-3.637537679575245e-05,2.1478767330861697e-11,-1.871762235907799e-12,1.6824246965538834
16.282000000001855,0.4128239121807421,-0.48581221549824954,0.11,0,0,0.09376906774226043,0.11949289266476407,-1.0730426389857999,-3.6375365820446475e-05,1.1097995189996558e-11,-9.67040104769827e-13,1.6824246965538834
16.302000000001843,0.4128345090703107,-0.4858793272612098,0.11,0,0,0.09358328906682782,0.11949289266476155,-1.0730426389857999,-3.637536017293068e-05,5.7342903528275085e-12,-4.99615601587867e-13,1.6824246965538834
16.322000000001832,0.4128448367057427,-0.4859454371553167,0.11,0,0,0.09339980366783014,0.11949289266500984,-1.0730426389857883,-3.6375357061223636e-05,-1.170782341621257e-12,1.2315312717816701e-14,1.6824246965538834
16.34200000000182,0.41285490480575704,-0.4860105790081263,0.11,0,0,0.09321860045107,0.11949289266538195,-1.0730426389857712,-3.637535536522037e-05,-6.571261728422653e-12,3.967902603248584e-13,1.6824246965538834
16.36200000000181,0.412864722511779,-0.48607478300448936,0.11,0,0,0.09303966562044659,0.11949289266791331,-1.0730426389856165,-3.637535453115466e-05,-4.384614979803526e-11,2.252103082043183e-12,1.6824246965538834
16.3820000000018,0.4128742984456418,-0.4861380762217808,0.11,0,0,0.09286298314513804,0.11949289266891125,-1.0730426389855552,-3.6375354250975e-05,-4.210821156377091e-11,2.1433823970400306e-12,1.6824246965538834
16.402000000001788,0.4128836407595692,-0.48620048308407476,0.11,0,0,0.09268853515515041,0.1194928926703709,-1.073042638985448,-3.6375354181815756e-05,-4.7606926827864394e-11,2.119820181733029e-12,1.6824246965538834
16.422000000001777,0.4128927571795805,-0.4862620257475628,0.11,0,0,0.0925163022761101,0.11949289267242216,-1.073042638985296,-3.6375354155701296e-05,-5.743645599664297e-11,2.331416614896027e-12,1.6824246965538834
16.442000000001766,0.41290165504328624,-0.48632272442764624,0.11,0,0,0.0923462639125272,0.11949289267261581,-1.0730426389852816,-3.6375354165335686e-05,-3.566329733526817e-11,1.4299983899136997e-12,1.6824246965538834
16.462000000001755,0.41291034133289706,-0.4863825976765523,0.11,0,0,0.09217839848735687,0.11949289267629316,-1.073042638984964,-3.637535417135111e-05,-6.992659152884644e-11,2.0463188625659865e-12,1.6824246965538834
16.482000000001744,0.41291882270414204,-0.4864416626189807,0.11,0,0,0.09201268364449894,0.11949289267663862,-1.0730426389849341,-3.6375354177908386e-05,-4.551832161248064e-11,1.2956890566918645e-12,1.6824246965538834
16.502000000001733,0.4129271055116871,-0.486499935152149,0.11,0,0,0.09184909641986788,0.11949289268034001,-1.0730426389845762,-3.637535418221353e-05,-7.898609873282592e-11,1.5132249749740096e-12,1.6824246965538832
16.52200000000172,0.4129351958315553,-0.4865574301156382,0.11,0,0,0.09168761338581158,0.11949289268093195,-1.0730426389845193,-3.637535418434208e-05,-5.4936835792016417e-11,9.954811453493454e-13,1.6824246965538832
16.54200000000171,0.4129430994809754,-0.4866141614356214,0.11,0,0,0.09152821077293148,0.11949289268440406,-1.0730426389841563,-3.637535418559298e-05,-8.355525546932039e-11,9.334290428771387e-13,1.6824246965538825
16.5620000000017,0.41295082203601957,-0.4866701422473632,0.11,0,0,0.0913708645727423,0.11949289268539466,-1.0730426389840526,-3.6375354186112e-05,-6.389270090151782e-11,6.357840996403799e-13,1.6824246965538825
16.58200000000169,0.4129583688473384,-0.4867253849992849,0.11,0,0,0.09121555062408754,0.11949289268831763,-1.0730426389837324,-3.637535418635653e-05,-8.195401285921065e-11,4.4953356142864363e-13,1.6824246965538818
16.602000000001677,0.4129657450542536,-0.4867799015413958,0.11,0,0,0.09106224468578464,0.11949289268994985,-1.0730426389835535,-3.63753541864567e-05,-7.224385410834013e-11,2.9755956299903664e-13,1.6824246965538818
16.622000000001666,0.41297295559743197,-0.4868337032004599,0.11,0,0,0.09091092249759757,0.1194928926907398,-1.0730426389834637,-3.637535418648932e-05,-5.313347265635997e-11,1.428937434582233e-13,1.6824246965538814
16.642000000001655,0.41298000523032874,-0.486886800843914,0.11,0,0,0.09076155983131733,0.11949289269290655,-1.0730426389832166,-3.6375354186512316e-05,-5.99800758505533e-11,6.694715242602683e-15,1.6824246965538807
16.662000000001644,0.4129868985295637,-0.4869392049342402,0.11,0,0,0.09061413253345942,0.11949289269311227,-1.073042638983193,-3.6375354186510826e-05,-3.692059879857769e-11,-8.786859026758083e-15,1.6824246965538807
16.682000000001633,0.41299363990436516,-0.48699092557524437,0.11,0,0,0.09046861656085906,0.11949289269647109,-1.0730426389828023,-3.6375354186507485e-05,-6.616034443379391e-11,-2.038250350069567e-13,1.6824246965538792
16.70200000000162,0.41300023360520083,-0.4870419725514669,0.11,0,0,0.09032498801025,0.11949289269678708,-1.0730426389827656,-3.637535418650578e-05,-4.2767367905000404e-11,-1.416546056800531e-13,1.6824246965538792
16.72200000000161,0.4130066837316966,-0.4870923553617685,0.11,0,0,0.09018322314274835,0.11949289269999777,-1.0730426389823908,-3.6375354186504104e-05,-7.031369572072948e-11,-2.9261839722993925e-13,1.6824246965538767
16.7420000000016,0.4130129942399274,-0.4871420832479736,0.11,0,0,0.09004329840402224,0.11949289270051142,-1.0730426389823309,-3.6375354186502965e-05,-4.860357450121296e-11,-2.0709772604054726e-13,1.6824246965538767
16.76200000000159,0.4130191689491557,-0.4871911652193222,0.11,0,0,0.08990519044081051,0.11949289270342615,-1.0730426389819927,-3.637535418650339e-05,-7.149817994763331e-11,-2.8795582403975794e-13,1.682424696553874
16.782000000001577,0.41302521154807986,-0.4872396100733648,0.11,0,0,0.0897688761143517,0.1194928927042576,-1.0730426389818963,-3.637535418650275e-05,-5.434891826126812e-11,-2.1640730789490332e-13,1.6824246965538738
16.802000000001566,0.4130311256006469,-0.4872874264138399,0.11,0,0,0.08963433251120055,0.11949289270665785,-1.0730426389816201,-3.637535418650119e-05,-6.831413297974102e-11,-2.274993301459023e-13,1.6824246965538712
16.822000000001555,0.41303691455147695,-0.48733462266599203,0.11,0,0,0.08950153695183553,0.11949289270799746,-1.0730426389814665,-3.63753541865015e-05,-5.984438766770336e-11,-1.8665391440446386e-13,1.68242469655387
16.842000000001544,0.41305045391610834,-0.4873920615461908,0.11,0,0,0.08937649447729928,0.11949289270955399,-1.0730426389812888,-3.637535418650254e-05,-5.871841645791315e-11,-1.489407823621506e-13,1.682424696553868
16.862000000001533,0.4135636119705454,-0.48822071245860105,0.11,0,0,0.08979438157297413,0.11889858336201524,-1.0639793032841178,0.0007441333633319444,0.0006712149968691531,-7.5572913596302104e-06,1.682310952871525
16.882000000001522,0.4148036948931875,-0.4899481709199453,0.11,0,0,0.09086813755897662,0.1175770760799316,-1.0361144962317586,-0.0003373616526860954,0.0013276305223154524,8.843838012511483e-05,1.6800667287907598
16.90200000000151,0.41673674672912064,-0.4922012618723515,0.11,0,0,0.0923499158280424,0.1141892147081432,-1.000064306808595,0.0019529842138415767,0.0015686726765993858,-0.000466010114848049,1.6708909268952046
16.9220000000015,0.4192719965092241,-0.4945171869154366,0.11,0,0,0.09384107860445545,0.1114135787656438,-0.9586279781890886,0.0019189189060059358,0.001504838150690345,-0.0008002285670934592,1.6637419856459008
16.94200000000149,0.42236800715825373,-0.4966922417043974,0.11,0,0,0.09522218686030402,0.10928553605712624,-0.9126203474488713,0.0005485302363299331,0.0022887862108038376,-0.0034290964665759046,1.6720594948247858
16.962000000001478,0.4260188652905408,-0.49871851076352913,0.11,0,0,0.0965582563570225,0.10567483737796772,-0.8681702037434044,0.005858781799722926,-0.0023479929735193963,0.007218152078463865,1.6531124645355992
16.982000000001467,0.43016653285715856,-0.5003498493145063,0.11,0,0,0.09760568143423577,0.10204604236658182,-0.8227723417420025,0.007369435816516063,-0.0047192915651839895,0.007312513470915417,1.6587183999046646
17.002000000001456,0.43478747656334676,-0.5015539324885515,0.11,0,0,0.0983643488916441,0.09787944513677163,-0.7770079175707125,0.005117193795140947,0.0014684571912659755,-0.0016884634989495842,1.676416772486774
17.022000000001444,0.43985965647546554,-0.5023374479767265,0.11,0,0,0.09885716842457737,0.09439683401675641,-0.7328118609614569,-0.0002816336129443643,-0.0024128176832722194,0.003575228320508986,1.6769638069587318
17.042000000001433,0.44536415660613116,-0.502731360514705,0.11,0,0,0.09911872672275067,0.09037462263791911,-0.699732727452088,0.0019484986361035384,0.003299006059675538,0.0017894073230761112,1.6803872241535176
17.062000000001422,0.4512847004158608,-0.5027810360001783,0.11,0,0,0.09918918863796893,0.08705487535154617,-0.6673654283600354,0.0011513248287166572,-0.002740161229332733,-0.001147631628604502,1.6649385212801104
17.08200000000141,0.45760685799219736,-0.5025386942411993,0.11,0,0,0.09910981550505388,0.08333875967291,-0.6396428380371518,0.0009398077196594436,-0.0007509579118641513,-0.0010855888582310715,1.6696843786531081
17.1020000000014,0.4643173656302515,-0.5020579006652653,0.11,0,0,0.09891987720541005,0.07980028829436246,-0.6170616513174321,0.002003596646523061,-0.0004788137786711194,-0.0006143913223790883,1.6726593324563053
17.12200000000139,0.4714036170499956,-0.5013897850722453,0.11,0,0,0.09865471634725645,0.07625121885382224,-0.5948881730701441,-0.0003528863926043369,0.000472176816537347,-0.0012030690782182957,1.6743500708739887
17.142000000001378,0.4788533192077575,-0.5005806550665297,0.11,0,0,0.0983447077135897,0.07284605764284376,-0.5806848636844606,0.0012379635534922433,0.0004800421044394266,0.001220643695306714,1.6766941855239674
17.162000000001367,0.48665428614742284,-0.4996706923665288,0.11,0,0,0.09801488062596585,0.06954532822340351,-0.5670821011414247,-0.00024170139970033884,-0.001045473835393227,0.00015495365399018275,1.6775225775347484
17.182000000001356,0.4947943388959825,-0.49869345638022516,0.11,0,0,0.09768500722963365,0.06627364177023642,-0.559541303409456,0.0006195686757266173,0.0003282547459110029,-0.0012047951404641898,1.6766256628395602
17.202000000001345,0.5032612805167521,-0.4976759612146501,0.11,0,0,0.09736999669289262,0.06320264787625152,-0.5541962635531916,-0.00030785188157474505,0.00027703978012718353,0.00024100762400762043,1.6767021826266593
17.222000000001334,0.5120429197893199,-0.49663913435633555,0.11,0,0,0.09708046989035081,0.061721019767123575,-0.5521521452318015,-0.0001513352544048906,0.00028785602021929837,-7.371674127338071e-06,1.6769103229217566
17.242000000001322,0.5211271225575852,-0.49559850478619943,0.11,0,0,0.09682341964099721,0.06147262158651499,-0.5518046388202803,-0.0001331432028861468,-0.0005328669879758628,0.0003191797790018492,1.6768394727174336
17.26200000000131,0.5305018753326926,-0.4945650038341424,0.11,0,0,0.09660288752324556,0.06144614422135951,-0.5517682534104069,-0.00011852588329799865,-0.00029895936575300997,0.00013249720089737174,1.676834304758983
17.2820000000013,0.5401553505922804,-0.4935457929702615,0.11,0,0,0.09642060976074013,0.06144346967212129,-0.5517645529565711,-9.449246103620604e-05,-0.00012182314085615472,2.665040074742842e-05,1.6768339410712358
17.30200000000129,0.5500759671178231,-0.492545058758903,0.11,0,0,0.09627660196324733,0.06144324938521823,-0.551764213019329,-6.927006763012091e-05,-5.628956108328174e-05,5.523532922624846e-06,1.6768339072493403
17.322000000001278,0.5602524416419938,-0.4915647364513268,0.11,0,0,0.09616966601240336,0.061443242018518085,-0.551764183793715,-5.382894339546079e-05,-2.7794041445705044e-05,1.3411101209212098e-06,1.6768339040561648
17.342000000001267,0.5706738301524346,-0.490605140453444,0.11,0,0,0.09609781254793624,0.06144324713426164,-0.5517641814259766,-4.544671711536096e-05,-1.4106662110679025e-05,4.159166094027848e-07,1.6768339037578281
17.362000000001256,0.5813295585825943,-0.4896654926140919,0.11,0,0,0.09605859980855114,0.06144325035974568,-0.5517641811429496,-4.1057915745242084e-05,-7.237579077537906e-06,1.6419737599421663e-07,1.6768339037306204
17.382000000001245,0.592209443482832,-0.4887443484647034,0.11,0,0,0.09604939449237157,0.06144325202745205,-0.5517641810316105,-3.8787033731494994e-05,-3.729004072750181e-06,7.555444622965621e-08,1.676833903728311
17.402000000001234,0.6033037037529385,-0.4878399277714104,0.11,0,0,0.09606756329040624,0.06144325287854173,-0.5517641809669636,-3.7616582951373114e-05,-1.9244889092239672e-06,3.733524751880896e-08,1.6768339037281617
17.422000000001223,0.6146029647477853,-0.48695035960158356,0.11,0,0,0.09611060524589696,0.06144325331518688,-0.5517641809309365,-3.701405727375712e-05,-9.938726212357244e-07,1.8977259393360868e-08,1.676833903728166
17.44200000000121,0.6260982561285728,-0.4860738540897738,0.11,0,0,0.09617623548826704,0.06144325354008908,-0.5517641809117134,-3.670400014977078e-05,-5.134147395020677e-07,9.747179467311388e-09,1.676833903728172
17.4620000000012,0.6377810047856804,-0.4852088136880548,0.11,0,0,0.09626243051270332,0.06144325365614419,-0.551764180901658,-3.654445970686633e-05,-2.652520712290449e-07,5.025262115443554e-09,1.676833903728174
17.48200000000119,0.6496430240488221,-0.48435389631036946,0.11,0,0,0.09636744429675219,0.06144325371607787,-0.5517641808964389,-3.646236851924596e-05,-1.3704804775221384e-07,2.5943214396345475e-09,1.6768339037281752
17.50200000000118,0.6616765002555722,-0.48350804176597517,0.11,0,0,0.09648980337872429,0.06144325374703872,-0.5517641808937379,-3.642012828672e-05,-7.081052446324387e-08,1.3399806505178866e-09,1.6768339037281756
17.522000000001167,0.6738734425887711,-0.4826703723766488,0.11,0,0,0.09662816955299948,0.061443253763034625,-0.5517641808923414,-3.639839325801158e-05,-3.658709464040407e-08,6.922272421607739e-10,1.676833903728175
17.542000000001156,0.6862177476957579,-0.48183879456454937,0.11,0,0,0.09677963868185012,0.061443253771299326,-0.5517641808916198,-3.638720926111521e-05,-1.890429696969743e-08,3.5762359515595233e-10,1.6768339037281745
17.562000000001145,0.698687309549516,-0.48101065590977116,0.11,0,0,0.09694043366572325,0.0614432537755696,-0.5517641808912469,-3.6381454389625064e-05,-9.7677461921093e-09,1.8476241542034568e-10,1.6768339037281745
17.582000000001134,0.7112606965844477,-0.48018398600055284,0.11,0,0,0.09710738280623558,0.06144325377777601,-0.5517641808910543,-3.637849313851431e-05,-5.046947799685171e-09,9.545634946197575e-11,1.6768339037281745
17.602000000001123,0.7239173091813916,-0.4793574112927939,0.11,0,0,0.09727785818678002,0.06144325377891605,-0.5517641808909547,-3.6376969382605015e-05,-2.607735669765159e-09,4.9317085156533315e-11,1.6768339037281745
17.622000000001112,0.7366373620451803,-0.47853004904389057,0.11,0,0,0.09744968698285017,0.06144325377950511,-0.5517641808909033,-3.637618531073842e-05,-1.3474060056284909e-09,2.547947706737058e-11,1.6768339037281745
17.6420000000011,0.7494018677436745,-0.4777014151827165,0.11,0,0,0.09762107567024338,0.06144325377980947,-0.5517641808908766,-3.637578185443947e-05,-6.961991202405991e-10,1.316388081214552e-11,1.6768339037281745
17.66200000000109,0.7621926209408773,-0.4768713454974046,0.11,0,0,0.0977905459651322,0.06144325377996673,-0.551764180890863,-3.6375574249724015e-05,-3.597232505699761e-10,6.801077963472202e-12,1.6768339037281745
17.68200000000108,0.7749921831915332,-0.4760399291406306,0.11,0,0,0.09795688121746111,0.061443253780047995,-0.551764180890856,-3.6375467423477294e-05,-1.8586754992623037e-10,3.5137552145803433e-12,1.6768339037281745
17.702000000001068,0.7877838682060122,-0.47520745323643915,0.11,0,0,0.09811908194751882,0.06144325378008998,-0.5517641808908523,-3.637541245436135e-05,-9.60370148376818e-11,1.8153726547339378e-12,1.6768339037281745
17.722000000001056,0.8005517274966645,-0.47437435727259447,0.11,0,0,0.09827632924574688,0.061443253780111666,-0.5517641808908504,-3.637538416914204e-05,-4.962194149960951e-11,9.37906247240151e-13,1.6768339037281745
17.742000000001045,0.8132805363179889,-0.4735411959489363,0.11,0,0,0.09842795483031379,0.061443253780122886,-0.5517641808908493,-3.637536961453944e-05,-2.5639460109815487e-11,4.845680796743612e-13,1.6768339037281745
17.762000000001034,0.8259557798175351,-0.4727086092017273,0.11,0,0,0.0985734166604877,0.06144325378012868,-0.551764180890849,-3.6375362125240496e-05,-1.3247805401476365e-11,2.503503159149148e-13,1.6768339037281745
17.782000000001023,0.8385636393221454,-0.47187729821638713,0.11,0,0,0.09871227912377491,0.06144325378013167,-0.551764180890849,-3.6375358271504494e-05,-6.845087545708841e-12,1.2934288055940615e-13,1.6768339037281745
17.802000000001012,0.8510909786939066,-0.47104800635970356,0.11,0,0,0.0988441969411603,0.06144325377924889,-0.5517641808909304,-3.6375355899599244e-05,1.0044136868262823e-11,-1.2606868509195096e-13,1.6768339037281745
17.822000000001,0.8635253307010685,-0.4702215040942768,0.11,0,0,0.0989689020600375,0.061443253779062075,-0.5517641808909476,-3.637535494428833e-05,9.419637787555392e-12,-1.252364083429262e-13,1.6768339037281745
17.84200000000099,0.8758548833603728,-0.46939857707244104,0.11,0,0,0.09908619292316295,0.06144325377577611,-0.5517641808912608,-3.637535437996327e-05,5.3942961910603774e-11,-6.054270035528006e-13,1.6768339037281745
17.86200000000098,0.888068466218106,-0.4685800167368493,0.11,0,0,0.09919592561067193,0.06144325377525251,-0.5517641808913106,-3.637535423613968e-05,4.042509808571631e-11,-4.509813364936384e-13,1.6768339037281745
17.882000000000968,0.9001555365472893,-0.4677666128753275,0.11,0,0,0.09929800644881961,0.0614432537725834,-0.5517641808915725,-3.637535417942041e-05,6.444039155318445e-11,-5.929900734621383e-13,1.6768339037281745
17.902000000000957,0.9121061654474611,-0.4669591476854733,0.11,0,0,0.09939238576280729,0.061443253771532945,-0.5517641808916758,-3.6375354169522604e-05,5.389810271665343e-11,-4.747856005303966e-13,1.6768339037281745
17.922000000000946,0.9239110238413307,-0.46615839099833506,0.11,0,0,0.0994790525218556,0.061443253769322,-0.5517641808918985,-3.6375354173351525e-05,6.577004497265227e-11,-4.596612584392593e-13,1.6768339037281745
17.942000000000935,0.9355613683691345,-0.4653650963900311,0.11,0,0,0.09955802968325217,0.06144325376746443,-0.551764180892086,-3.6375354177497175e-05,6.580368343701739e-11,-4.104910777755545e-13,1.6768339037281745
17.962000000000923,0.9470490271868317,-0.4645799979759028,0.11,0,0,0.09962937008949208,0.061443253766360395,-0.5517641808921995,-3.6375354181481307e-05,5.503437456537652e-11,-2.9091986554596705e-13,1.6768339037281745
17.982000000000912,0.9583663856784118,-0.463803807734807,0.11,0,0,0.09969315281014525,0.06144325376319556,-0.5517641808925262,-3.63753541839397e-05,7.588121687419842e-11,-3.0006798516503473e-13,1.6768339037281745
18.0020000000009,0.9695063720956875,-0.4630372132528619,0.11,0,0,0.09974947984911184,0.06144325376289718,-0.5517641808925572,-3.637535418518833e-05,4.785619389751765e-11,-1.8234788097256584e-13,1.6768339037281745
18.02200000000089,0.980462443141113,-0.46228087580792976,0.11,0,0,0.09979847315985028,0.06144325375884428,-0.5517641808929825,-3.637535418595697e-05,8.35853633059376e-11,-1.814089644770246e-13,1.6768339037281745
18.04200000000088,0.9912285695105931,-0.4615354287399259,0.11,0,0,0.09984027192728843,0.061443253758349345,-0.5517641808930344,-3.637535418625056e-05,5.5801362890295425e-11,-1.1233298650004032e-13,1.6768339037281745
18.062000000000868,1.0017992214140132,-0.46080147606921035,0.11,0,0,0.09987503008664418,0.06144325375602119,-0.5517641808932819,-3.6375354186412034e-05,6.605339569842728e-11,-6.087426157967873e-14,1.6768339037281745
18.082000000000857,1.0121693540915115,-0.46007959133722226,0.11,0,0,0.0999029140573256,0.06144325375535742,-0.5517641808933526,-3.63753541864703e-05,4.7994653321165996e-11,-3.185377893631047e-14,1.6768339037281745
18.102000000000846,1.0223343933434053,-0.4593703166513743,0.11,0,0,0.09992410067533804,0.061443253752716386,-0.5517641808936358,-3.6375354186477595e-05,6.775629554829772e-11,1.8104069924428267e-14,1.6768339037281745
18.122000000000835,1.0322902210912952,-0.45867416192107185,0.11,0,0,0.09993877531092916,0.06144325375168063,-0.5517641808937468,-3.637535418648496e-05,5.5246834826196744e-11,2.6288941711608743e-14,1.6768339037281745
18.142000000000824,1.0420331609872897,-0.45799160427442054,0.11,0,0,0.09994713016013897,0.06144325374965248,-0.551764180893965,-3.637535418649423e-05,6.342984760637668e-11,5.1123190240210374e-14,1.6768339037281745
18.162000000000813,1.0515599640875684,-0.4573230876464162,0.11,0,0,0.09994936269995118,0.0614432537479537,-0.5517641808941475,-3.637535418649955e-05,6.187518241848058e-11,5.838373173898969e-14,1.6768339037281745
18.1820000000008,1.0608677946057083,-0.45666902252971386,0.11,0,0,0.09994567429721343,0.061443253746982424,-0.5517641808942517,-3.637535418650337e-05,5.056430475428714e-11,4.977877833007881e-14,1.6768339037281745
18.20200000000079,1.0699542157603725,-0.4560297858788442,0.11,0,0,0.09993626896165604,0.061443253744219016,-0.5517641808945487,-3.637535418650829e-05,6.755979609029123e-11,6.878089344771188e-14,1.6768339037281745
18.22200000000078,1.0788171757311085,-0.4554057211582798,0.11,0,0,0.09992135223337476,0.061443253743958245,-0.5517641808945766,-3.637535418650718e-05,4.2460681548754346e-11,4.338697323457539e-14,1.6768339037281745
18.24200000000077,1.087454993735189,-0.45479713852424025,0.11,0,0,0.09990113019516263,0.061443253740526727,-0.5517641808949445,-3.6375354186507275e-05,7.178058062384652e-11,6.333367524566981e-14,1.6768339037281745
18.262000000000757,1.0958663462376228,-0.45420431512969994,0.11,0,0,0.09987580860015233,0.061443253740107506,-0.5517641808949895,-3.6375354186506516e-05,4.776820271679459e-11,4.1486839565515074e-14,1.6768339037281745
18.282000000000746,1.104050253305691,-0.45362749554178655,0.11,0,0,0.09984559210539623,0.0614432537369343,-0.551764180895329,-3.6375354186505994e-05,7.374079183382937e-11,4.8837057049499687e-14,1.6768339037281745
18.302000000000735,1.1120060651186494,-0.45306689226066604,0.11,0,0,0.0998106836022793,0.06144325373626169,-0.5517641808954009,-3.637535418650514e-05,5.3129827126877847e-11,3.3564702221857206e-14,1.6768339037281745
18.322000000000724,1.119733448642527,-0.4525226863291047,0.11,0,0,0.09977128363502273,0.061443253733516855,-0.5517641808956937,-3.6375354186503683e-05,7.225728360402646e-11,3.1694691442194286e-14,1.6768339037281745
18.342000000000713,1.1272323744793065,-0.4519950280221626,0.11,0,0,0.09972758989898121,0.061443253732439716,-0.5517641808958086,-3.637535418650251e-05,5.841120619676612e-11,2.2934305327428707e-14,1.6768339037281745
18.3620000000007,1.1345031038991442,-0.4514840376068764,0.11,0,0,0.09967979681094219,0.06144325373038188,-0.5517641808960277,-3.6375354186501224e-05,6.560993533447506e-11,1.6926653196411775e-14,1.6768339037281745
18.38200000000069,1.14154617606369,-0.4509898061623115,0.11,0,0,0.09962809514418236,0.06144325372866015,-0.5517641808962114,-3.6375354186501264e-05,6.338689254094067e-11,1.2496344657295465e-14,1.6768339037281745
18.40200000000068,1.1483623954480013,-0.45051239645095614,0.11,0,0,0.09957267172160235,0.06144325372769142,-0.5517641808963145,-3.637535418650151e-05,5.132875812623756e-11,6.9918114526390845e-15,1.6768339037281745
18.42200000000067,1.1549528194680005,-0.4500518438330807,0.11,0,0,0.09951370916083038,0.061443253724944163,-0.5517641808966071,-3.637535418650176e-05,6.770303790039638e-11,3.2881195261167537e-15,1.6768339037281745
18.442000000000657,1.1613187463198975,-0.4496081572163538,0.11,0,0,0.09945138566574087,0.06144325372468483,-0.5517641808966345,-3.637535418650128e-05,4.2488800862956696e-11,1.6379821008055724e-15,1.6768339037281745
18.462000000000646,1.1674617030374908,-0.44918132003367667,0.11,0,0,0.09938587485936617,0.06144325372131956,-0.5517641808969925,-3.637535418650292e-05,7.082593433261811e-11,-3.517947351222273e-15,1.6768339037281745
18.482000000000635,1.1733834337727682,-0.4487712912428539,0.11,0,0,0.0993173456536798,0.061443253720908385,-0.5517641808970363,-3.6375354186502227e-05,4.7066672627572486e-11,-2.75890563868632e-15,1.6768339037281745
18.502000000000624,1.1790858883047541,-0.4483780063423415,0.11,0,0,0.09924596215219053,0.06144325371782652,-0.5517641808973639,-3.637535418650186e-05,7.19645276577373e-11,-6.218739454298638e-15,1.676833903728175
18.522000000000613,1.184564445863909,-0.44799824593589144,0.11,0,0,0.09916890912184831,0.06144325371717324,-0.5517641808974333,-3.6375354186501264e-05,5.177661395706346e-11,-4.6826351307889705e-15,1.676833903728175
18.542000000000602,1.189808923923275,-0.4476252061177351,0.11,0,0,0.09908021180998476,0.06144325371452585,-0.5517641808977148,-3.6375354186525435e-05,6.996988883564229e-11,-6.1840767585958874e-15,1.6768339037281756
18.56200000000059,1.1948287402692073,-0.44726014350449933,0.11,0,0,0.09898177252375136,0.06144325371348706,-0.5517641808978255,-3.63753541865262e-05,5.6476799225376113e-11,-4.954634622087738e-15,1.6768339037281756
18.58200000000058,1.199633643482421,-0.44690428442449515,0.11,0,0,0.09887546978866475,0.06144325371151201,-0.5517641808980357,-3.63753541865157e-05,6.319017351062896e-11,-5.016634838825462e-15,1.6768339037281765
18.60200000000057,1.204232937830181,-0.4465585368083399,0.11,0,0,0.09876287468927777,0.0614432537098599,-0.5517641808982114,-3.637535418650862e-05,6.09422939473028e-11,-4.593561358511879e-15,1.6768339037281765
18.622000000000558,1.2086355081386129,-0.44622354924285285,0.11,0,0,0.09864530182162948,0.06144325370893316,-0.5517641808983103,-3.637535418650568e-05,4.9266589060763916e-11,-3.143994398060475e-15,1.6768339037281765
18.642000000000547,1.2128498416764597,-0.4458997600878577,0.11,0,0,0.09852385179636775,0.06144325370630657,-0.5517641808985897,-3.637535418650318e-05,6.482756508220142e-11,-2.9294018271494057e-15,1.676833903728177
18.662000000000535,1.216884048295385,-0.44558743804806433,0.11,0,0,0.09839944659577284,0.061443253706058604,-0.5517641808986161,-3.637535418650191e-05,4.067312356422142e-11,-1.7480624022898556e-15,1.676833903728177
18.682000000000524,1.2207458791461299,-0.44528671552359383,0.11,0,0,0.09827285892734665,0.06144325370284955,-0.5517641808989576,-3.637535418650132e-05,6.761927695333661e-11,-1.1980434465308558e-15,1.6768339037281774
18.702000000000513,1.224442744136958,-0.44499761591688136,0.11,0,0,0.09814473656442331,0.061443253702457436,-0.5517641808989994,-3.6375354186501305e-05,4.492365153346945e-11,-6.801008674459011e-16,1.6768339037281774
18.722000000000502,1.2279817282652017,-0.4447200759212533,0.11,0,0,0.09801562252307086,0.06144325369952406,-0.5517641808993118,-3.6375354186530355e-05,6.856241062781437e-11,1.7780694193804762e-16,1.676833903728178
18.74200000000049,1.2313696069351698,-0.4444539636713236,0.11,0,0,0.09788597179614526,0.061443253698902266,-0.5517641808993781,-3.637535418652568e-05,4.931546663378981e-11,2.584946798269207e-16,1.676833903728178
18.76200000000048,1.2346128603615691,-0.4441990935016889,0.11,0,0,0.097756165250623,0.06144325369638579,-0.5517641808996459,-3.6375354186512737e-05,6.656259826610151e-11,2.6806403388613543e-17,1.6768339037281794
18.78200000000047,1.2377176871449131,-0.44395523794003056,0.11,0,0,0.09762652119346171,0.06144325369539837,-0.5517641808997508,-3.63753541865065e-05,5.371094949830715e-11,-4.8999032262512226e-17,1.6768339037281794
18.802000000000458,1.2406900170940194,-0.44372213745437755,0.11,0,0,0.09749730502385096,0.06144325369352273,-0.5517641808999504,-3.6375354186504076e-05,6.005050163033034e-11,2.822813523357107e-17,1.6768339037281805
18.822000000000447,1.2435355233606478,-0.4434995083818763,0.11,0,0,0.09736873731504651,0.06144325369195383,-0.5517641809001175,-3.6375354186502504e-05,5.789475497135043e-11,7.457922833588595e-17,1.6768339037281808
18.842000000000436,1.2462596339425744,-0.44328704938739427,0.11,0,0,0.09724100060598913,0.061443253691074264,-0.5517641809002111,-3.637535418650125e-05,4.6788026583708897e-11,1.4246309112500064e-16,1.6768339037281812
18.862000000000425,1.2488675426038884,-0.4430844467336782,0.11,0,0,0.09711424513039757,0.061443253688581695,-0.5517641809004764,-3.637535418650143e-05,6.15381630305579e-11,3.5620527327523174e-16,1.6768339037281825
18.882000000000414,1.2513642192549146,-0.44289137858941907,0.11,0,0,0.09698859366773163,0.06144325368834637,-0.5517641809005014,-3.63753541865013e-05,3.860733443246623e-11,2.3685216309608923e-16,1.6768339037281825
18.902000000000402,1.253754419828807,-0.4427075185561382,0.11,0,0,0.09686414566508962,0.06144325368530255,-0.5517641809008252,-3.6375354186502416e-05,6.415207193822296e-11,-8.13014019726671e-16,1.6768339037281847
18.92200000000039,1.256042695687389,-0.44253253855797164,0.11,0,0,0.09674098075053517,0.061443253684930615,-0.5517641809008648,-3.637535418650171e-05,4.261796786220689e-11,-6.19495876913961e-16,1.6768339037281847
18.94200000000038,1.2582334025850863,-0.4423661112089049,0.11,0,0,0.09661916173543321,0.061443253682149375,-0.5517641809011605,-3.637535418650108e-05,6.501891909645886e-11,-1.8868827120870924e-15,1.6768339037281874
18.96200000000037,1.2603307092167444,-0.4422079117485907,0.11,0,0,0.09649873718511856,0.061443253681559826,-0.5517641809012234,-3.637535418650133e-05,4.6764074081798755e-11,-1.4563073886621407e-15,1.6768339037281874
18.982000000000358,1.2623386053725585,-0.4420576196194827,0.11,0,0,0.09637974362274833,0.06144325367917454,-0.551764180901477,-3.6375354186498276e-05,6.310236866910528e-11,-2.445575484799455e-15,1.6768339037281896
19.002000000000347,1.2642609097212456,-0.4419149197436641,0.11,0,0,0.09626220741975276,0.06144325367823861,-0.5517641809015766,-3.637535418649895e-05,5.091562240195359e-11,-2.0628843830224426e-15,1.6768339037281903
