time,bx,by,bz,qw,qx,qy,qz,drive,steer,stage,lift1,lift2,tilt,reach,px,py,pz
0.0005,3.493085330010871e-07,-2.460225974611231e-08,-6.238769014168908e-08,0.9999999999999986,-1.0569347338691034e-08,4.6718426658471117e-08,2.2093303682757325e-08,-1.2,-1.2,0,0,0,0,0,-1.5,0.0,0.35
0.020500000000000015,6.84203868983128e-05,-2.2574357551620057e-07,-1.4619220932688446e-05,0.9999999973128832,-1.8490504013816064e-07,-7.330873840140203e-05,-1.6950152320013247e-07,-1.2,-1.2,0,0,0,0,0,-1.5,-3.430960172935352e-20,0.3499903930928337
0.04050000000000003,-0.00023082379788672163,-2.05065099199311e-07,-2.9305134768312786e-05,0.9999999945145871,-1.0470637056085629e-07,0.00010474160388566793,-1.0920737011817158e-07,-1.2,-1.2,0,0,0,0,0,-1.5,-9.617347035811236e-20,0.34997890611296
0.06050000000000005,-2.2289476544257014e-05,-4.385747679027121e-07,-3.907798087168956e-05,0.99999996958636,4.551230056532368e-08,-0.00024663185663379366,6.280874106737602e-08,-1.2,1.2,0,0,0,0,0,-1.5,5.4787564741312e-19,0.3499716411008607
0.08050000000000006,-0.0006033516600880011,-9.18781266449437e-07,-4.3720484585310275e-05,0.9999999989871291,2.374679774335926e-07,4.500746820899449e-05,-1.0759448557422004e-07,-1.2,-1.2,0,0,0,0,0,-1.5,3.811436242884343e-18,0.3499676835304165
0.10050000000000008,-0.0007510011999131786,-6.984032604782894e-07,-4.625324302070843e-05,0.9999999919259601,1.1609172296133021e-07,-0.00012707497094450332,-1.3140015629225703e-07,-1.2,1.2,0,0,0,0,0,-1.5,1.6367001639912654e-17,0.34996564668337043
0.1205000000000001,-0.0011044220872342355,-1.666831690050239e-08,-4.7789171946453914e-05,0.9999999858297713,-8.742896120406128e-09,-0.00016834622114797378,-7.112282887179894e-08,-1.2,1.2,0,0,0,0,0,-1.5,1.7681590974739074e-17,0.34996462423810876
0.1405000000000001,-0.0018337210632946338,5.672193642465359e-07,-4.7833580270891756e-05,0.9999999974118792,-1.3893890412155047e-07,7.194555011164099e-05,-2.4375609358787593e-07,-1.2,-1.2,0,0,0,0,0,-1.5,2.124901477615424e-17,0.3499641169513933
0.16050000000000011,-0.002092641467218624,7.520342204835475e-07,-4.851859817520631e-05,0.9999999848599348,-7.884147579843617e-08,-0.0001740118424570298,-5.493247213784547e-08,-1.2,1.2,0,0,0,0,0,-1.5,3.018859183005149e-17,0.34996386666749707
0.18050000000000013,-0.002861377304183375,1.8076047495113352e-06,-4.881708063782423e-05,0.9999999997096676,-2.29019062158727e-08,-2.409536338952739e-05,-2.784454296767008e-07,-1.2,-1.2,0,0,0,0,0,-1.5,4.39088982591278e-17,0.3499637435193156
0.20050000000000015,-0.0032139727957408892,2.3557061650528455e-06,-4.8849568274970754e-05,0.9999999510574835,-4.099347191381699e-08,-0.00031286523667213014,-6.111748326028324e-07,-1.2,-1.2,0,0,0,0,0,-1.5,4.76396583945755e-17,0.3499636830070817
0.22050000000000017,-0.00424623517617583,3.1112626515430183e-06,-4.9048103438333076e-05,0.9999999994609047,7.597750968056317e-08,-3.283217655295682e-05,4.839189686747543e-07,-1.2,1.2,0,0,0,0,0,-1.5,4.8061730845500787e-17,0.34996365329223195
0.24050000000000019,-0.005182176131671337,3.1803877664700084e-06,-4.8847836069979506e-05,0.999999994212964,4.3818539721813027e-07,0.0001070689070920008,1.049422343466363e-05,-1.2,1.2,0,0,0,0,0,-1.5,4.4641642365410287e-17,0.3499636387053058
0.2605000000000002,-0.005765776506541969,7.114282474849861e-06,-4.914336291153053e-05,0.9999999873135665,-7.086531425144455e-07,-0.00015922602412561844,-4.408832744669656e-06,-1.2,-1.2,0,0,0,0,0,-1.5,4.250165935976302e-17,0.3499636315457668
0.2805000000000002,-0.0071172034805724455,6.844796701431494e-06,-4.884457305982557e-05,0.9999999825269937,3.535695445162862e-07,0.00018693018095934568,-1.7305971526429626e-06,-1.2,-1.2,0,0,0,0,0,-1.5,4.063463153442707e-17,0.3499636280320043
0.3005000000000002,-0.007384756687751972,8.795790236328988e-06,-4.9482293087535075e-05,0.9999998695362999,-1.1039433491274261e-07,-0.0005108104916264636,-1.1310808514149164e-07,-1.2,1.2,0,0,0,0,0,-1.5,3.9689323105528025e-17,0.34996362630758443
0.32050000000000023,-0.009053853181047624,9.358612280848256e-06,-4.835377455260564e-05,0.9999999998642324,-2.1614534153940146e-07,-1.6476444594864758e-05,-1.2478159401761137e-07,-1.2,1.2,0,0,0,0,0,-1.5,3.600267661542324e-17,0.34996362546132137
0.34050000000000025,-0.009934793103845796,1.0547142308643862e-05,-4.953078340014614e-05,0.9999999652878373,-3.168890718754632e-07,-0.00026348366247652173,-7.643431929818981e-07,-1.2,-1.2,0,0,0,0,0,-1.5,3.4601815102443817e-17,0.3499636250460198
0.36050000000000026,-0.010998051876702324,1.0926839271582705e-05,-4.901783800797175e-05,0.9999999225478844,-2.627142649710911e-07,-0.00039356437390248607,-3.3526819360033473e-06,-1.2,-1.2,0,0,0,0,0,-1.5,3.2040311296302146e-17,0.3499636248422124
0.3805000000000003,-0.012692340016009772,1.3045523117119453e-05,-4.9492660785206554e-05,0.9999999999924636,-4.445904696166184e-08,3.868765901894158e-06,3.232631945996695e-07,-1.2,1.2,0,0,0,0,0,-1.5,3.1642454049812414e-17,0.34996362474219495
0.4005000000000003,-0.013462389584368186,1.630770441288189e-05,-4.963855690155323e-05,0.999999889026636,-7.472652388436814e-07,-0.00047059486890152973,-2.2059617551761464e-05,-1.2,-1.2,0,0,0,0,0,-1.5,3.539410093447955e-17,0.3499636246931121
0.4205000000000003,-0.01565908379859313,1.6388382161917586e-05,-4.910072307759861e-05,0.9999999558456419,9.50758370379564e-07,0.0002967687632766759,-1.53658853064239e-05,-1.2,-1.2,0,0,0,0,0,-1.5,3.608004109964305e-17,0.34996362466902486
0.44050000000000034,-0.015975615411138688,1.9661088239494125e-05,-5.071949667611571e-05,0.9999998312618161,2.0470706724766e-06,-0.0005767528444847397,6.948599605050965e-05,-1.2,1.2,0,0,0,0,0,-1.5,3.4801654473941114e-17,0.34996362465718334
0.46050000000000035,-0.017181415073927064,2.070548167273462e-05,-4.947855360698771e-05,0.9999997313166893,1.0699948361302182e-06,-0.0007206976510483362,0.00013401604095728255,-1.2,1.2,0,0,0,0,0,-1.5,-3.2997116576244013e-16,0.34996362465097336
0.48050000000000037,-0.019832406844396154,2.059418419255851e-05,-4.8708803666156236e-05,0.9999999146262302,1.694621376527376e-07,0.0003649017587500054,0.00019389226715001118,-1.2,1.2,0,0,0,0,0,-1.5000000000000917,-1.2927224504370856e-13,0.34996362464772
0.5005000000000003,-0.021117826649030065,2.5989317256078062e-05,-5.004798458216599e-05,0.9999999659147818,-2.1398077633384313e-06,0.0001771357468541344,0.00019180402975578676,-1.2,1.2,0,0,0,0,0,-1.50000000000033,-4.555396956916733e-13,0.34996362464647596
0.5204999999999981,-0.022119520384378564,2.959991901691555e-05,-4.958300472604225e-05,0.9999999081980722,-2.838652131429576e-06,-0.0004048482496136316,0.0001403341880295603,-1.2,1.2,0,0,0,0,0,-1.500000000000585,-7.991797777006438e-13,0.3499636246460494
0.5404999999999959,-0.02454158842120991,2.9653913872711106e-05,-4.8761967085230435e-05,0.9999999687996419,-2.55636676410645e-06,0.00023697575164850762,7.897260470370252e-05,-1.2,1.2,0,0,0,0,0,-1.5000000000008387,-1.134371071112401e-12,0.3499636246459005
0.5604999999999937,-0.02576531052837151,3.0598209389934415e-05,-5.000744656583219e-05,0.9999999847817282,-2.9258231061515094e-06,-0.00016697621591607974,-5.0467086715891585e-05,-1.2,-1.2,0,0,0,0,0,-1.5000000000010747,-1.4407703508757756e-12,0.34996362464584674
0.5804999999999915,-0.02674982345399098,2.889933502293169e-05,-4.941562913813919e-05,0.9999996815646149,-1.1346958050886338e-06,-0.0007843270097330417,-0.00014731097081022607,-1.2,-1.2,0,0,0,0,0,-1.5000000000013,-1.7288644530507163e-12,0.34996362464582664
0.6004999999999893,-0.02945237579481228,2.92264172111898e-05,-4.837618749953219e-05,0.9999999690808056,-2.517418604707149e-07,5.8895475186263755e-05,-0.0002415981076061946,-1.2,-1.2,0,0,0,0,0,-1.5000000000015032,-1.9837389963216854e-12,0.3499636246458189
0.6204999999999871,-0.03162057357759437,2.596290953644701e-05,-4.9645661785983866e-05,0.9999998927000959,3.1991436753304912e-06,0.000396349524294677,-0.000239784517434788,-1.2,-1.2,0,0,0,0,0,-1.5000000000016847,-2.206717953772055e-12,0.3499636246458158
0.6404999999999849,-0.032775492614883835,2.1109925068305527e-05,-5.00312137531521e-05,0.9999999441320296,4.235100805663528e-06,-0.0002900083673333142,-0.00016617204381640677,-1.2,-1.2,0,0,0,0,0,-1.5000000000018534,-2.409533340801142e-12,0.34996362464581454
0.6604999999999827,-0.03525412811087921,2.096065426660937e-05,-4.896677754802753e-05,0.9999999884815286,3.260873716140634e-06,0.0001264648666786324,-8.386266572370189e-05,-1.2,-1.2,0,0,0,0,0,-1.5000000000020028,-2.584632262947981e-12,0.34996362464581454
0.6804999999999805,-0.03682151782434302,2.1887838725167296e-05,-5.0444752229175894e-05,0.9999999670122061,3.948747600983337e-06,-0.00024221084631236765,8.540433142741666e-05,-1.2,1.2,0,0,0,0,0,-1.5000000000021338,-2.7350725270186166e-12,0.34996362464581454
0.7004999999999783,-0.038324781568197304,2.373469405429777e-05,-4.983107051988761e-05,0.9999997123409734,1.8376021195761153e-06,-0.0007248342197229183,0.00022345009650254343,-1.2,1.2,0,0,0,0,0,-1.5000000000022486,-2.8637114293088316e-12,0.34996362464581454
0.720499999999976,-0.04146329834508564,2.303595439788156e-05,-4.872943257012869e-05,0.9999999195298709,2.6815944440778234e-07,0.00018995472396433666,0.00035335163987531827,-1.2,1.2,0,0,0,0,0,-1.5000000000023532,-2.9787503972719723e-12,0.34996362464581454
0.7404999999999738,-0.043684474048996905,2.685822840304589e-05,-5.0053278617475354e-05,0.9999998932970426,-3.5420341752190416e-06,0.00027653924668783337,0.00037002621894330676,-1.2,1.2,0,0,0,0,0,-1.5000000000024454,-3.076709144440021e-12,0.34996362464581454
0.7604999999999716,-0.045225952692654454,3.0482100370119338e-05,-5.005440430875948e-05,0.9999998919977933,-4.081682262569314e-06,-0.0003303097364080624,0.00032692999107308346,-1.2,1.2,0,0,0,0,0,-1.5000000000025246,-3.160038182123631e-12,0.34996362464581454
0.7804999999999694,-0.0481038118257207,2.966394154013351e-05,-4.914746119570372e-05,0.9999999433355433,-4.099312126040859e-06,0.0002119253365070079,0.00026153347280368996,-1.2,1.2,0,0,0,0,0,-1.5000000000025944,-3.2307446726322447e-12,0.34996362464581454
0.8004999999999672,-0.05021133189306611,3.2863669847487435e-05,-5.007581569343983e-05,0.9999999924130724,-6.243982686949341e-06,0.00010809943449543709,5.873143002653202e-05,-1.2,1.2,0,0,0,0,0,-1.5000000000026545,-3.290627525675182e-12,0.34996362464581454
0.820499999999965,-0.052360802591693956,3.476827505267498e-05,-4.954858987188416e-05,0.9999999856700218,-4.5954572960830825e-06,-2.7217381525901997e-05,-0.00016702710145259238,-1.2,-1.2,0,0,0,0,0,-1.5000000000027092,-3.343711049900239e-12,0.34996362464581454
0.8404999999999628,-0.05458857689936135,3.161773063352172e-05,-4.963834803126448e-05,0.9999999356135344,-1.176978490799546e-06,-7.257341376721721e-05,-0.00035143227251989613,-1.2,-1.2,0,0,0,0,0,-1.5000000000027576,-3.388643983191377e-12,0.34996362464581454
0.8604999999999606,-0.05703721835095545,3.04848478332786e-05,-4.903960910787008e-05,0.9999998754283576,9.442446676626516e-07,7.73349071509055e-05,-0.0004931142759355595,-1.2,-1.2,0,0,0,0,0,-1.5000000000027989,-3.4266848915321118e-12,0.34996362464581454
0.8804999999999584,-0.05922544277752818,2.748144982203723e-05,-4.9790322046818937e-05,0.9999998599892485,4.0872407727880054e-06,-2.913569017979654e-05,-0.0005283520500186248,-1.2,-1.2,0,0,0,0,0,-1.5000000000028346,-3.4588278445921687e-12,0.34996362464581454
0.9004999999999562,-0.06168150160369404,2.7262883191459824e-05,-4.9289614186853566e-05,0.9999998604262467,3.908990702051283e-06,4.1804933781512e-05,-0.0005266730988769743,-1.2,-1.2,0,0,0,0,0,-1.500000000002866,-3.4859911513235956e-12,0.34996362464581454
0.920499999999954,-0.0641172146759615,2.595571037953442e-05,-4.995502822507484e-05,0.9999999146348676,6.507607970333611e-06,0.00011488750970920187,-0.00039684854722526537,-1.2,-1.2,0,0,0,0,0,-1.5000000000028928,-3.5089144087900925e-12,0.34996362464581454
0.9404999999999518,-0.06636716392146777,2.464335864249973e-05,-4.971752667609665e-05,0.9999999753643382,5.343157524147024e-06,-2.691174070510105e-05,-0.00022026922346508396,-1.2,-1.2,0,0,0,0,0,-1.500000000002917,-3.529216775341508e-12,0.34996362464581454
0.9604999999999496,-0.068785919762862,2.4007898306778612e-05,-4.979493734367119e-05,0.9999999978053378,7.248717541275294e-06,2.7912540203046097e-05,5.9646197734949126e-05,-1.2,1.2,0,0,0,0,0,-1.500000000002938,-3.546345006373856e-12,0.34996362464581454
0.9804999999999474,-0.07047449505604422,2.6233895316943025e-05,-4.982504185686282e-05,0.9999997842748634,4.250161358736912e-06,-0.0005681442626977955,0.00032961228650094527,-1.2,1.2,0,0,0,0,0,-1.500000000002957,-3.5608170012485423e-12,0.34996362464581454
1.0004999999999453,-0.07378075909478118,2.5173238365925774e-05,-4.878668750894085e-05,0.9999998059812888,1.2849335871106055e-06,0.00021768689910622063,0.0005836507068502238,-1.2,1.2,0,0,0,0,0,-1.5000000000029736,-3.5730377611964637e-12,0.34996362464581454
1.0204999999999431,-0.07614037230037175,2.8819123662377186e-05,-5.0135912425491716e-05,0.9999997409972656,-3.4945998218241974e-06,0.00014710660184128588,0.0007045231274368248,-1.2,1.2,0,0,0,0,0,-1.500000000002988,-3.583351401138633e-12,0.34996362464581454
1.040499999999941,-0.07810768946400297,3.0509159798005485e-05,-4.9950278336495414e-05,0.9999996464361868,-3.900709334860919e-06,-0.0003363929463776922,0.0007706828595424129,-1.2,1.2,0,0,0,0,0,-1.5000000000030005,-3.5920622854971203e-12,0.34996362464581454
1.0604999999999387,-0.08132053011980615,2.7294136265746818e-05,-4.932482648379991e-05,0.9999996565989938,-5.568941294860169e-06,0.00026288357735183984,0.0007859154572559242,-1.2,1.2,0,0,0,0,0,-1.5000000000030114,-3.5997426395585788e-12,0.34996362464581454
1.0804999999999365,-0.08351067201182877,2.918636008255862e-05,-5.036827166396427e-05,0.9999997929611201,-7.402044356269542e-06,-7.277828621591363e-06,0.000643404972970684,-1.2,1.2,0,0,0,0,0,-1.5000000000030207,-3.6061832388501027e-12,0.34996362464581454
1.1004999999999343,-0.08610873792959,2.7978521942480293e-05,-4.9587464462251975e-05,0.9999998852937682,-5.4718792995490625e-06,3.058139711505388e-05,0.0004779615943066854,-1.2,1.2,0,0,0,0,0,-1.5000000000030287,-3.611624632651918e-12,0.34996362464581454
1.120499999999932,-0.08869912376812641,2.8395829814558235e-05,-4.952507573380571e-05,0.9999999742567565,-8.495456333831529e-06,0.0001479236475163648,0.0001718514131548527,-1.2,1.2,0,0,0,0,0,-1.5000000000030353,-3.6162234374944485e-12,0.34996362464581454
1.14049999999993,-0.0909631737478479,2.994279046463179e-05,-4.9097095638771345e-05,0.9999999835996607,-6.693346831549971e-06,-3.3836796212544145e-05,-0.00017779468460955294,-1.2,-1.2,0,0,0,0,0,-1.5000000000030411,-3.620147939864329e-12,0.34996362464581454
1.1604999999999277,-0.09336331703067702,2.7145101957341084e-05,-4.929314014706387e-05,0.9999998717680585,-2.749696669289945e-06,-0.00011108227372391253,-0.0004940820118987449,-1.2,-1.2,0,0,0,0,0,-1.5000000000030458,-3.623503586676328e-12,0.34996362464581454
1.1804999999999255,-0.09614999238569766,2.654741102258521e-05,-4.910683517532026e-05,0.9999997100999193,1.0683298026959978e-06,0.0001270685587789223,-0.0007507679515042219,-1.2,-1.2,0,0,0,0,0,-1.5000000000030498,-3.6263290770030157e-12,0.34996362464581454
1.2004999999999233,-0.09837700700009636,2.4478770758573815e-05,-4.945219494163024e-05,0.999999572507928,3.2851176190484954e-06,-0.00011718219996908046,-0.0009171921823737992,-1.2,-1.2,0,0,0,0,0,-1.5000000000030533,-3.6288005096965867e-12,0.34996362464581454
1.220499999999921,-0.10118638833189765,2.6008678740411852e-05,-4.951694254125284e-05,0.9999994981769256,6.135897587340382e-06,0.00014622566947314873,-0.0009910733079975774,-1.2,-1.2,0,0,0,0,0,-1.5000000000030564,-3.630835003423644e-12,0.34996362464581454
1.240499999999919,-0.10343289222655382,2.584667119914257e-05,-4.977077361394151e-05,0.9999995204441416,5.969823976783399e-06,-0.0001109344887643258,-0.0009730207530696621,-1.2,-1.2,0,0,0,0,0,-1.5000000000030589,-3.6325168788825937e-12,0.34996362464581454
1.2604999999999167,-0.10628000584966688,2.8579663398142117e-05,-4.970482828432956e-05,0.9999996179157412,8.06628756320852e-06,0.0001755954688836153,-0.0008563115895011324,-1.2,-1.2,0,0,0,0,0,-1.5000000000030607,-3.633969854598208e-12,0.34996362464581454
1.2804999999999145,-0.10848932440949494,2.8424154790583347e-05,-5.00055481760757e-05,0.9999997876671448,7.133740409768514e-06,-9.78705385394363e-05,-0.0006442329796913215,-1.2,-1.2,0,0,0,0,0,-1.5000000000030618,-3.6352358350459657e-12,0.34996362464581454
1.3004999999999123,-0.11124312470657677,3.0078502099286606e-05,-4.9395144747956755e-05,0.9999999288930144,8.465458673317376e-06,0.00013656001465564332,-0.000351416651486183,-1.2,-1.2,0,0,0,0,0,-1.500000000003062,-3.6362851579258367e-12,0.34996362464581454
1.32049999999991,-0.11348183966750536,2.879145308326663e-05,-4.8817367888108795e-05,0.9999999983638518,7.753698325235833e-06,-4.7876300978805024e-05,3.0332100979894836e-05,-1.2,1.2,0,0,0,0,0,-1.500000000003062,-3.6372126619658133e-12,0.34996362464581454
1.3404999999999079,-0.11591298485339606,3.13435551515091e-05,-4.8169411361310716e-05,0.9999999140058665,4.403956619240362e-06,-8.480547644702693e-05,0.00040592720532430144,-1.2,1.2,0,0,0,0,0,-1.500000000003062,-3.637994350103097e-12,0.34996362464581454
1.3604999999999057,-0.11857133653252294,3.316818349145644e-05,-4.813601553520338e-05,0.9999997315822563,3.104747599270835e-07,3.990010808306758e-05,0.0007316032396554421,-1.2,1.2,0,0,0,0,0,-1.500000000003062,-3.638635366336498e-12,0.34996362464581454
1.3804999999999035,-0.12109729011232533,3.37567519196965e-05,-4.8517512749896703e-05,0.9999995066388451,-1.9729779604366888e-06,1.7077675153282852e-05,0.0009931900753039696,-1.2,1.2,0,0,0,0,0,-1.500000000003062,-3.639152261331276e-12,0.34996362464581454
1.4004999999999013,-0.12362410802167659,3.421575735516712e-05,-4.9461168598029776e-05,0.9999993650808098,-5.528871115773589e-06,-2.131727052596632e-05,0.0011266556627422457,-1.2,1.2,0,0,0,0,0,-1.500000000003062,-3.639612479512756e-12,0.34996362464581454
1.420499999999899,-0.12632978846197826,3.1406764698907966e-05,-4.922190525148664e-05,0.9999992665713049,-5.433278396362588e-06,6.51170269066567e-05,0.0012093746749207268,-1.2,1.2,0,0,0,0,0,-1.500000000003062,-3.640017815512954e-12,0.34996362464581454
1.4404999999998969,-0.12885214378657292,3.0098401328438698e-05,-5.0016818201816775e-05,0.9999993579518073,-8.054302626485709e-06,2.386490013399104e-05,0.0011328996282476097,-1.2,1.2,0,0,0,0,0,-1.500000000003062,-3.640322663155782e-12,0.34996362464581454
1.4604999999998947,-0.13149646516551874,2.6876873515003902e-05,-4.957268873541654e-05,0.9999994818671933,-6.480554134975516e-06,5.907952547468316e-05,0.001016234695697394,-1.2,1.2,0,0,0,0,0,-1.500000000003062,-3.6405513941173216e-12,0.34996362464581454
1.4804999999998925,-0.13405588183864328,2.51288870963563e-05,-4.980562227348127e-05,0.9999997136522124,-8.956466333668277e-06,9.734566293043561e-05,0.0007504259421515963,-1.2,1.2,0,0,0,0,0,-1.500000000003062,-3.640774247231272e-12,0.34996362464581454
1.5004999999998903,-0.13651459596720852,2.384282118587576e-05,-4.955900157448226e-05,0.9999999008332415,-6.809374185690769e-06,2.9185134942372424e-05,0.00044433699877717987,-1.2,1.2,0,0,0,0,0,-1.500000000003062,-3.640999455078596e-12,0.34996362464581454
1.520499999999888,-0.13900612064230536,2.3899362063218422e-05,-4.8499250117993175e-05,0.9999999963689883,-8.783341857207443e-06,8.219608462762768e-05,2.0704600790534723e-05,-1.2,1.2,0,0,0,0,0,-1.500000000003062,-3.6411885216249505e-12,0.34996362464581454
1.5404999999998858,-0.140877352681343,2.2314304515834776e-05,-4.732424892134741e-05,0.9999998392490068,-5.36129470054045e-06,-0.0004015287354518828,-0.0004003097450895083,-1.2,-1.2,0,0,0,0,0,-1.500000000003062,-3.641350180073171e-12,0.34996362464581454
1.5604999999998836,-0.1441026280426674,2.317262269417012e-05,-4.576524636762523e-05,0.9999996561601064,-9.391390517908267e-07,0.0002671411772487467,-0.0007850569265104788,-1.2,-1.2,0,0,0,0,0,-1.500000000003062,-3.6414215780838914e-12,0.34996362464581454
1.5804999999998814,-0.1461079394981604,1.8658125261857988e-05,-4.80090785814152e-05,0.9999994491966899,3.4203783011719852e-06,-0.00017489207587494113,-0.001034894863135915,-1.2,-1.2,0,0,0,0,0,-1.500000000003062,-3.641497043995618e-12,0.34996362464581454
1.6004999999998792,-0.14863110088105455,2.0752816817696296e-05,-4.819600503823206e-05,0.9999991958859495,3.540624337312676e-06,-0.00021135971902161608,-0.0012504167254679668,-1.2,-1.2,0,0,0,0,0,-1.500000000003062,-3.641527115975632e-12,0.34996362464581454
1.620499999999877,-0.1517620194248775,2.5003652959938117e-05,-4.9011657773978625e-05,0.9999990601194516,7.6595776160628e-06,0.000299059002068782,-0.001338007943362049,-1.2,-1.2,0,0,0,0,0,-1.500000000003062,-3.641512564987365e-12,0.34996362464581454
1.6404999999998748,-0.15375583695375927,2.4524096313831626e-05,-5.0034449608856414e-05,0.999999142240882,7.5594427738157e-06,-0.00019001195235437518,-0.001295899614554947,-1.2,-1.2,0,0,0,0,0,-1.500000000003062,-3.641465202227102e-12,0.34996362464581454
1.6604999999998726,-0.15673850581902654,3.0597169640545194e-05,-4.923946653398016e-05,0.9999992413636762,6.951771610043789e-06,0.0001719956886554888,-0.0012196889879245614,-1.2,-1.2,0,0,0,0,0,-1.500000000003062,-3.6414119853462425e-12,0.34996362464581454
1.6804999999998704,-0.15911188803024562,3.2155040568349786e-05,-4.9920631379836525e-05,0.9999995248158511,9.06260277702843e-06,7.680689741133433e-05,-0.0009717955758721676,-1.2,-1.2,0,0,0,0,0,-1.500000000003062,-3.641360640843432e-12,0.34996362464581454
1.7004999999998682,-0.16159207404218515,3.4753906479597464e-05,-4.950788855216174e-05,0.9999997566238933,6.605046332397213e-06,3.552821959621568e-05,-0.0006967397448759238,-1.2,-1.2,0,0,0,0,0,-1.500000000003062,-3.641332831755901e-12,0.34996362464581454
1.720499999999866,-0.16409038309393936,3.584227086415159e-05,-4.868852144765247e-05,0.9999999511403521,9.059263147379559e-06,0.00010934675527518974,-0.00029271233609719943,-1.2,-1.2,0,0,0,0,0,-1.500000000003062,-3.641313263766133e-12,0.34996362464581454
1.7404999999998638,-0.16639491056397174,3.533669405833294e-05,-4.68023322590136e-05,0.9999999885380544,6.905109375073394e-06,1.1407087073716575e-05,0.00015081806830555112,-1.2,1.2,0,0,0,0,0,-1.500000000003062,-3.641298406948354e-12,0.34996362464581454
1.7604999999998616,-0.16870188770040728,3.8330222167775036e-05,-4.6377919568720764e-05,0.9999998353396297,2.8361537106565035e-06,-8.693480610117644e-05,0.0005672345276075376,-1.2,1.2,0,0,0,0,0,-1.500000000003062,-3.641287029590127e-12,0.34996362464581454
1.7804999999998594,-0.17125348386965386,4.013538791188958e-05,-4.689787474475581e-05,0.9999995830671873,-1.4066685145366159e-06,-4.246329936273728e-06,0.0009131513783468812,-1.2,1.2,0,0,0,0,0,-1.500000000003062,-3.6412198307220554e-12,0.34996362464581454
1.8004999999998572,-0.17381218673813864,3.947252941387046e-05,-4.7676515326805726e-05,0.9999992851967601,-3.2075154094792365e-06,4.9273935238630064e-05,0.0011946412681482252,-1.2,1.2,0,0,0,0,0,-1.500000000003062,-3.64115595749281e-12,0.34996362464581454
1.820499999999855,-0.17619560202721166,3.969349027447297e-05,-4.906449043923465e-05,0.9999991055463479,-6.293322788920238e-06,-6.899030646337115e-05,0.0013357047713984432,-1.2,1.2,0,0,0,0,0,-1.500000000003062,-3.641108267424552e-12,0.34996362464581454
1.8404999999998528,-0.1789436737390315,3.539266333353898e-05,-4.8944942789518876e-05,0.9999989724810677,-6.076727218296418e-06,0.00010009048622795773,0.001430028592719655,-1.2,1.2,0,0,0,0,0,-1.500000000003062,-3.64102447134717e-12,0.34996362464581454
1.8604999999998506,-0.18136631048632187,3.3511927539606785e-05,-4.992114877235146e-05,0.9999990787114901,-8.43370935888843e-06,1.5932840688196865e-05,0.0013572955422155,-1.2,1.2,0,0,0,0,0,-1.500000000003062,-3.6408891110964e-12,0.34996362464581454
1.8804999999998484,-0.18397821139216022,2.912164727775232e-05,-4.947443267532413e-05,0.9999992194235008,-6.6496719252528094e-06,6.145121705988292e-05,0.0012479310556042305,-1.2,1.2,0,0,0,0,0,-1.500000000003062,-3.640770964068233e-12,0.34996362464581454
1.9004999999998462,-0.18649896373915992,2.6306763264578618e-05,-4.97587884714753e-05,0.9999995069495802,-9.095589819393752e-06,0.0001044187080278479,0.0009874789110751532,-1.2,1.2,0,0,0,0,0,-1.500000000003062,-3.640692385621215e-12,0.34996362464581454
1.920499999999844,-0.18889202015843148,2.406605009279356e-05,-4.954713854613746e-05,0.999999764316366,-6.806520437446197e-06,1.2248551663941091e-05,0.000686418864059429,-1.2,1.2,0,0,0,0,0,-1.500000000003062,-3.640655250214781e-12,0.34996362464581454
1.9404999999998418,-0.19136266410280703,2.280599221592694e-05,-4.859208449975815e-05,0.9999999598069458,-8.69295223280354e-06,8.465696029506422e-05,0.00027045099131445374,-1.2,1.2,0,0,0,0,0,-1.500000000003062,-3.640654115450543e-12,0.34996362464581454
1.9604999999998396,-0.19367770559293426,2.309223942883883e-05,-4.648806463016225e-05,0.9999999819955656,-6.711443255588469e-06,2.973583950367147e-05,-0.0001872954999562466,-1.2,-1.2,0,0,0,0,0,-1.500000000003062,-3.640674728873407e-12,0.34996362464581454
1.9804999999998374,-0.19604174764671503,2.0497995343878577e-05,-4.579550552324592e-05,0.9999998121519135,-2.542061149575285e-06,1.2367664494234682e-05,-0.0006128105060099497,-1.2,-1.2,0,0,0,0,0,-1.500000000003062,-3.6407060328633666e-12,0.34996362464581454
2.0004999999998354,-0.19830864154958555,1.7741043325926673e-05,-4.687794711174019e-05,0.9999995345360154,1.6158738941674125e-06,-0.00012531031431273275,-0.0009566726008522786,-1.2,-1.2,0,0,0,0,0,-1.500000000003062,-3.640738942050246e-12,0.34996362464581454
2.020499999999842,-0.20108887763382713,1.9403564667916274e-05,-4.763298021666446e-05,0.9999992350807607,4.7115577601369746e-06,0.00015598703979414862,-0.001226981555201628,-1.2,-1.2,0,0,0,0,0,-1.500000000003062,-3.640769546369966e-12,0.34996362464581454
2.0404999999998488,-0.20320844061836854,1.862806776201422e-05,-4.89168970687695e-05,0.999999031797677,5.820317952840221e-06,-0.00017251259460341925,-0.0013808002159432075,-1.2,-1.2,0,0,0,0,0,-1.500000000003062,-3.6407933890705666e-12,0.34996362464581454
2.0604999999998554,-0.20611568377217895,2.3709849502970643e-05,-4.909964465485345e-05,0.999998926553826,7.671692423033883e-06,0.00018297139152111114,-0.0014537378749806759,-1.2,-1.2,0,0,0,0,0,-1.500000000003062,-3.640847561931263e-12,0.34996362464581454
2.080499999999862,-0.2082506723370025,2.4670040120993824e-05,-4.994880925881721e-05,0.99999902392408,7.692280763448874e-06,-0.00012835843150498685,-0.0013912641118414353,-1.2,-1.2,0,0,0,0,0,-1.500000000003062,-3.640915855378607e-12,0.34996362464581454
2.100499999999869,-0.2110585788543724,3.031058176935281e-05,-4.953114465882168e-05,0.9999991902988848,8.262350151897586e-06,0.00015428893999117608,-0.001263142204853915,-1.2,-1.2,0,0,0,0,0,-1.500000000003062,-3.640968313348293e-12,0.34996362464581454
2.1204999999998755,-0.2132284287133563,3.179678983759413e-05,-5.002809884686773e-05,0.9999994904986114,8.095987916433217e-06,-7.33326290647965e-05,-0.0010067568212018723,-1.2,-1.2,0,0,0,0,0,-1.500000000003062,-3.64103768441424e-12,0.34996362464581454
2.140499999999882,-0.21587413527913668,3.5519198663789144e-05,-4.9323057004276694e-05,0.9999997487942769,8.08982728885954e-06,0.00012991330176221418,-0.000696755674870563,-1.2,-1.2,0,0,0,0,0,-1.500000000003062,-3.6411191018893165e-12,0.34996362464581454
2.160499999999889,-0.2180251119643919,3.561391015243651e-05,-4.841727675265462e-05,0.9999999588750663,8.098040310511896e-06,-4.4647702794148576e-05,-0.00028317992295261326,-1.2,-1.2,0,0,0,0,0,-1.500000000003062,-3.641175798065237e-12,0.34996362464581454
2.1804999999998955,-0.2202152232233601,3.8125686565926797e-05,-4.678429274561416e-05,0.9999999738730796,5.436513102256595e-06,-0.00017569095301534467,0.00014614025582835007,-1.2,1.2,0,0,0,0,0,-1.500000000003062,-3.641207678716703e-12,0.34996362464581454
2.200499999999902,-0.22273166721284315,4.0051919613511995e-05,-4.5600182296615226e-05,0.9999998594798112,1.5310193796068605e-06,-5.0166533214118584e-05,0.0005277512042177832,-1.2,1.2,0,0,0,0,0,-1.500000000003062,-3.641218365445416e-12,0.34996362464581454
2.220499999999909,-0.22525894168402008,4.280775296380943e-05,-4.711497590307494e-05,0.9999996446509267,-2.0716400517315276e-06,5.29455041109289e-05,0.0008413622883798021,-1.2,1.2,0,0,0,0,0,-1.500000000003062,-3.641213253880296e-12,0.34996362464581454
2.2404999999999156,-0.22736953021744152,4.3934200805799556e-05,-4.811522059608387e-05,0.9999993705700752,-3.0668115748895653e-06,-0.000259818750874262,0.001091487180314592,-1.2,1.2,0,0,0,0,0,-1.500000000003062,-3.641197654607938e-12,0.34996362464581454
2.2604999999999222,-0.23047892341491216,4.026234345015691e-05,-4.856498374516148e-05,0.9999991652129,-6.142031344105216e-06,0.00028509809717339944,0.0012602598356280608,-1.2,1.2,0,0,0,0,0,-1.500000000003062,-3.6411807606582404e-12,0.34996362464581454
2.280499999999929,-0.23244746708676356,4.16458441714255e-05,-4.982128132831754e-05,0.9999991431006959,-6.829553027898824e-06,-0.0001926804162440844,0.001294845739445646,-1.2,1.2,0,0,0,0,0,-1.500000000003062,-3.6411636184087166e-12,0.34996362464581454
2.3004999999999356,-0.2353819980270673,3.593781019896004e-05,-4.913296750117214e-05,0.9999991442749625,-6.122114089382749e-06,0.00014821816501319864,0.001299785843702054,-1.2,1.2,0,0,0,0,0,-1.500000000003062,-3.641148425840089e-12,0.34996362464581454
2.3204999999999423,-0.23779477515517627,3.426317032242418e-05,-5.0000010841518e-05,0.999999357234637,-8.66414232294769e-06,9.07463650564774e-05,0.0011301417360432436,-1.2,1.2,0,0,0,0,0,-1.500000000003062,-3.641145275229299e-12,0.34996362464581454
2.340499999999949,-0.24021268206889462,3.1492983617109565e-05,-4.9642731465431096e-05,0.9999995711606968,-6.425840520976097e-06,2.964764513516308e-07,0.0009260869516492762,-1.2,1.2,0,0,0,0,0,-1.500000000003062,-3.641145837619933e-12,0.34996362464581454
2.3604999999999556,-0.24278596295895385,2.9282530395575044e-05,-4.931969921108406e-05,0.9999998146113486,-8.993007436496328e-06,0.0001295145921354801,0.0005949137451150234,-1.2,1.2,0,0,0,0,0,-1.500000000003062,-3.6411515264763814e-12,0.34996362464581454
2.3804999999999623,-0.2450384911725628,2.9115067328951108e-05,-4.839414814229866e-05,0.9999999773825997,-7.232932314440035e-06,-1.7701445799510858e-05,0.00021182337717179977,-1.2,1.2,0,0,0,0,0,-1.500000000003062,-3.641158699388901e-12,0.34996362464581454
2.400499999999969,-0.24708789070442783,2.650057315738772e-05,-4.763529621044486e-05,0.9999999348987513,-5.920644049973682e-06,-0.00029123437962289624,-0.0002129553384221076,-1.2,-1.2,0,0,0,0,0,-1.500000000003062,-3.641168788124756e-12,0.34996362464581454
2.4204999999999757,-0.249555551689037,2.547003003220098e-05,-4.62519016348864e-05,0.9999997929038694,-2.535616961893282e-06,-0.00022331978122241985,-0.000603584345760967,-1.2,-1.2,0,0,0,0,0,-1.500000000003062,-3.641175897321577e-12,0.34996362464581454
2.4404999999999824,-0.25255510615882276,2.4896308530059252e-05,-4.683522519379404e-05,0.9999995398436312,2.0365436565493956e-06,0.00027384238092361844,-0.0009194121638075415,-1.2,-1.2,0,0,0,0,0,-1.500000000003062,-3.641177953627698e-12,0.34996362464581454
2.460499999999989,-0.2543496554115471,2.1677345054683786e-05,-4.8508678649084456e-05,0.999999296323768,3.782962390582947e-06,-0.0003394633993452797,-0.0011367067597599055,-1.2,-1.2,0,0,0,0,0,-1.500000000003062,-3.641177727909883e-12,0.34996362464581454
2.4804999999999957,-0.2574714321283314,2.6769723901976805e-05,-4.831396365927502e-05,0.9999991095440037,4.705366245006838e-06,0.00017878307962379227,-0.001322469534221489,-1.2,-1.2,0,0,0,0,0,-1.500000000003062,-3.6411765997096294e-12,0.34996362464581454
2.5005000000000024,-0.2598305634317339,2.6976569485971056e-05,-4.97899558100086e-05,0.9999991224922851,7.871072361192884e-06,4.1699380287361004e-05,-0.0013240898256568839,-1.2,-1.2,0,0,0,0,0,-1.500000000003062,-3.641172295394348e-12,0.34996362464581454
2.520500000000009,-0.2622507204967602,3.0111088080081955e-05,-4.948163781681259e-05,0.9999991652943414,6.073373126037321e-06,-9.322501800125465e-05,-0.001288674834773893,-1.2,-1.2,0,0,0,0,0,-1.500000000003062,-3.641167526189927e-12,0.34996362464581454
2.5405000000000157,-0.2651230008401636,3.458336238944388e-05,-4.9577833164202536e-05,0.9999993407567951,9.018287817478784e-06,0.00021933564969929716,-0.0011270743181342583,-1.2,-1.2,0,0,0,0,0,-1.500000000003062,-3.641161012425973e-12,0.34996362464581454
2.5605000000000224,-0.26726065305661384,3.551350449705457e-05,-4.9954329765486046e-05,0.9999996116146467,7.63450050931585e-06,-0.00011008472828796447,-0.0008744104430459321,-1.2,-1.2,0,0,0,0,0,-1.500000000003062,-3.641156923758278e-12,0.34996362464581454
2.580500000000029,-0.2700304229384167,3.889973839580659e-05,-4.921640394101058e-05,0.9999998354980714,8.373134746163482e-06,0.00014748678514184686,-0.0005542394489454971,-1.2,-1.2,0,0,0,0,0,-1.500000000003062,-3.6411535718739634e-12,0.34996362464581454
2.600500000000036,-0.2722033364382378,3.8391960780216276e-05,-4.819757591758054e-05,0.9999999904034066,8.240798789867737e-06,-4.922602383726715e-05,-0.00012923650528917565,-1.2,-1.2,0,0,0,0,0,-1.500000000003062,-3.641149853588716e-12,0.34996362464581454
2.6205000000000425,-0.2746910927680356,4.109142543804023e-05,-4.621579756119741e-05,0.9999999583540394,4.973172850434068e-06,-1.0088290661841493e-05,0.00028838414151038624,-1.2,1.2,0,0,0,0,0,-1.500000000003062,-3.641128358939413e-12,0.34996362464581454
2.640500000000049,-0.277134775287652,4.410029460786968e-05,-4.63613203583568e-05,0.9999997733242441,1.209157917223398e-06,-3.161504563614843e-05,0.0006725700609110781,-1.2,1.2,0,0,0,0,0,-1.500000000003062,-3.641108168830182e-12,0.34996362464581454
2.660500000000056,-0.27977150319663047,4.471203168056051e-05,-4.712647847244133e-05,0.9999995058027572,-2.297150029594846e-06,9.198042939122933e-05,0.000989913412894352,-1.2,1.2,0,0,0,0,0,-1.500000000003062,-3.641079777641118e-12,0.34996362464581454
2.6805000000000625,-0.28210222255389544,4.541131395614981e-05,-4.829435205665275e-05,0.9999992539258667,-4.005488307820966e-06,-8.105979677563e-05,0.0012188359091198301,-1.2,1.2,0,0,0,0,0,-1.500000000003062,-3.641058762769555e-12,0.34996362464581454
2.700500000000069,-0.2848422555907649,4.3130295434066095e-05,-4.9060182073312e-05,0.9999991017039256,-6.86659301973063e-06,9.408505143815622e-05,0.0013370460703148708,-1.2,1.2,0,0,0,0,0,-1.500000000003062,-3.641046202317232e-12,0.34996362464581454
2.720500000000076,-0.28725650681706805,4.084224569151506e-05,-4.9196924949270145e-05,0.9999990493091157,-6.13313130009313e-06,-1.9082992207863215e-05,0.001378759982258134,-1.2,1.2,0,0,0,0,0,-1.500000000003062,-3.641042750358078e-12,0.34996362464581454
2.7405000000000825,-0.2899084608181661,3.741502188788983e-05,-4.9739914371938814e-05,0.9999991694998815,-8.580991184246913e-06,0.00010898374925138623,0.0012841528159412688,-1.2,1.2,0,0,0,0,0,-1.500000000003062,-3.641060452058221e-12,0.34996362464581454
2.760500000000089,-0.2923025190878171,3.461090758006983e-05,-4.9664919319541944e-05,0.9999993636081395,-6.764721764195541e-06,-1.586259361326549e-05,0.0011280451816520658,-1.2,1.2,0,0,0,0,0,-1.500000000003062,-3.641085000590461e-12,0.34996362464581454
2.780500000000096,-0.29490302484233244,3.157340253384695e-05,-4.958656358293715e-05,0.999999636307792,-8.984841093068714e-06,0.0001032517775102739,0.0008465474743377113,-1.2,1.2,0,0,0,0,0,-1.500000000003062,-3.641052160431307e-12,0.34996362464581454
2.8005000000001026,-0.2972721189529986,3.007573376027329e-05,-4.930555460224922e-05,0.9999998692424826,-7.103465298568995e-06,1.1218416461237544e-05,0.0005112129728136861,-1.2,1.2,0,0,0,0,0,-1.500000000003062,-3.641008300328054e-12,0.34996362464581454
2.8205000000001093,-0.29971653653147884,2.9647357872929325e-05,-4.805955319714842e-05,0.999999995359758,-8.580158734556745e-06,6.47932515763948e-05,7.077216647586856e-05,-1.2,1.2,0,0,0,0,0,-1.500000000003062,-3.6409689869248266e-12,0.34996362464581454
2.840500000000116,-0.3016458523768512,2.8331026273082854e-05,-4.6640750800458636e-05,0.9999998755237823,-4.989192131310564e-06,-0.0003412544229715142,-0.0003639683323462635,-1.2,-1.2,0,0,0,0,0,-1.500000000003062,-3.640888062920895e-12,0.34996362464581454
2.8605000000001226,-0.30475180327242807,2.855888332307455e-05,-4.539041941061119e-05,0.9999996846254972,-6.033671470055216e-07,0.00024443090089633617,-0.0007556467931545689,-1.2,-1.2,0,0,0,0,0,-1.500000000003062,-3.6408082750530005e-12,0.34996362464581454
2.8805000000001293,-0.30666123190307243,2.4083556955283203e-05,-4.767182252598057e-05,0.9999994325290033,3.007028271144176e-06,-0.00026296453068892745,-0.0010323673202996932,-1.2,-1.2,0,0,0,0,0,-1.500000000003062,-3.640751027885515e-12,0.34996362464581454
2.900500000000136,-0.3095234211016568,2.7514785795182315e-05,-4.7804491423916234e-05,0.9999991756267385,3.3235992876596713e-06,2.0448565954418782e-05,-0.0012838678488489687,-1.2,-1.2,0,0,0,0,0,-1.500000000003062,-3.640665101515436e-12,0.34996362464581454
2.9205000000001426,-0.312249266465177,2.9204723226991292e-05,-4.922731395519058e-05,0.9999990555674922,7.829867949660276e-06,0.00018993041365244045,-0.0013611499751540498,-1.2,-1.2,0,0,0,0,0,-1.500000000003062,-3.640588414386838e-12,0.34996362464581454
2.9405000000001493,-0.3143764092844904,3.0238556640098006e-05,-4.9631709666481985e-05,0.9999990456590904,6.660300127559127e-06,-0.00020998538356688907,-0.001365482583936226,-1.2,-1.2,0,0,0,0,0,-1.500000000003062,-3.640491536398371e-12,0.34996362464581454
2.960500000000156,-0.317466218237637,3.649213753515695e-05,-4.929886641635512e-05,0.9999991362397214,8.519587185581758e-06,0.0002474008680798277,-0.0012908292050038844,-1.2,-1.2,0,0,0,0,0,-1.500000000003062,-3.640405537291172e-12,0.34996362464581454
2.9805000000001627,-0.3196277706365146,3.735502719926397e-05,-5.01125776893756e-05,0.9999994234194012,8.623576617392272e-06,-6.98846691336909e-05,-0.0010715421753445611,-1.2,-1.2,0,0,0,0,0,-1.500000000003062,-3.640355527304331e-12,0.34996362464581454
3.0005000000001694,-0.32238641927320766,4.171011488078737e-05,-4.936926146141566e-05,0.9999996584822378,7.391931500143701e-06,0.00011723562752113049,-0.0008180688068544031,-1.2,-1.2,0,0,0,0,0,-1.500000000003062,-3.64033774611144e-12,0.34996362464581454
3.020500000000176,-0.32473106198365886,4.247317868361531e-05,-4.883129060396108e-05,0.9999999096728367,9.160456506738414e-06,4.116894927862971e-05,-0.00042293678128717466,-1.2,-1.2,0,0,0,0,0,-1.500000000003062,-3.6403008562166095e-12,0.34996362464581454
3.0405000000001827,-0.32718879232559855,4.288922007856037e-05,-4.7136460560373155e-05,0.9999999976376748,7.706997797295692e-06,6.76428455500301e-05,9.47090842307348e-06,-1.2,-1.2,0,0,0,0,0,-1.500000000003062,-3.640255724223435e-12,0.34996362464581454
3.0605000000001894,-0.32912436202668227,4.6720999982391976e-05,-4.628214155248515e-05,0.9999998523416013,3.344351536447452e-06,-0.0003603712107788476,0.0004067409277283417,-1.2,1.2,0,0,0,0,0,-1.500000000003062,-3.640233903433773e-12,0.34996362464581454
3.080500000000196,-0.3323174520800002,4.642650241750502e-05,-4.575284160173706e-05,0.9999996657866597,-2.9766639597194446e-07,0.00027803721193772634,0.0007688444507137505,-1.2,1.2,0,0,0,0,0,-1.500000000003062,-3.6402288078975055e-12,0.34996362464581454
3.1005000000002028,-0.33422707779254635,5.092024614739187e-05,-4.812308719917642e-05,0.9999994461993269,-3.294567330252336e-06,-0.00024534392642681013,0.0010234239314773459,-1.2,1.2,0,0,0,0,0,-1.500000000003062,-3.640234314213673e-12,0.34996362464581454
3.1205000000002094,-0.33702617515892386,4.7698216203689734e-05,-4.810231687724509e-05,0.9999992153795166,-3.3166823954239088e-06,-3.0800987424773115e-05,0.0012523101251819082,-1.2,1.2,0,0,0,0,0,-1.500000000003062,-3.6402455820176535e-12,0.34996362464581454
3.140500000000216,-0.33985287797379343,4.5480082864785466e-05,-4.927407816055227e-05,0.9999990997686151,-7.505171207502864e-06,0.00021515801180799842,0.0013244291832728336,-1.2,1.2,0,0,0,0,0,-1.500000000003062,-3.640259220212464e-12,0.34996362464581454
3.160500000000223,-0.3419315761999245,4.490393149677827e-05,-4.964086692069948e-05,0.9999991137821994,-6.54325666617006e-06,-0.00020586666855828105,0.0013152987937921977,-1.2,1.2,0,0,0,0,0,-1.500000000003062,-3.640273461069168e-12,0.34996362464581454
3.1805000000002295,-0.34498049312804147,3.895801634668102e-05,-4.925853855807416e-05,0.9999992092560909,-8.079083329108376e-06,0.0002369087574367569,0.0012350288094927062,-1.2,1.2,0,0,0,0,0,-1.500000000003062,-3.6402878746743086e-12,0.34996362464581454
3.200500000000236,-0.3471398324476586,3.826860741793369e-05,-5.008770967651771e-05,0.9999994852642408,-8.319589857490501e-06,-6.61259400491187e-05,0.0010124373546568442,-1.2,1.2,0,0,0,0,0,-1.500000000003062,-3.640299526548221e-12,0.34996362464581454
3.220500000000243,-0.34987557139029574,3.4266786852991645e-05,-4.939191895789575e-05,0.9999997063932928,-6.923510863392734e-06,0.00010996775384084196,0.0007583353383991089,-1.2,1.2,0,0,0,0,0,-1.500000000003062,-3.640326179300871e-12,0.34996362464581454
3.2405000000002495,-0.352229154809754,3.36448244343975e-05,-4.890603923483423e-05,0.9999999326322171,-8.888824892303473e-06,5.644773288422759e-05,0.0003625881989872687,-1.2,1.2,0,0,0,0,0,-1.500000000003062,-3.640414606839667e-12,0.34996362464581454
3.260500000000256,-0.35457205534156994,3.304271528370938e-05,-4.735411882715849e-05,0.9999999980249781,-6.75392288076564e-06,-1.5678001288683395e-05,-6.048659889151368e-05,-1.2,-1.2,0,0,0,0,0,-1.500000000003062,-3.64054354558093e-12,0.34996362464581454
3.280500000000263,-0.35683898838930733,2.9824499903508685e-05,-4.658610530418089e-05,0.999999891301848,-2.386797572902143e-06,-0.00017809198125768983,-0.0004308988750249916,-1.2,-1.2,0,0,0,0,0,-1.500000000003062,-3.640650366070736e-12,0.34996362464581454
3.3005000000002696,-0.3597008903696497,2.8131008342753963e-05,-4.730626743256216e-05,0.9999997011230118,1.0115122666934402e-06,0.00015227202453330324,-0.0007580013813973609,-1.2,-1.2,0,0,0,0,0,-1.500000000003062,-3.640730844409724e-12,0.34996362464581454
3.3205000000002762,-0.3617410449810347,2.5704060215240732e-05,-4.851518595478275e-05,0.9999994492449757,2.6584428431511856e-06,-0.00028022947342048386,-0.001011421830883319,-1.2,-1.2,0,0,0,0,0,-1.500000000003062,-3.6408419064736095e-12,0.34996362464581454
3.340500000000283,-0.3649144352338804,2.935691875517145e-05,-4.863160528544751e-05,0.9999992462213524,5.347740122683905e-06,0.000255489778860283,-0.0012009384251104485,-1.2,-1.2,0,0,0,0,0,-1.500000000003062,-3.640982844754899e-12,0.34996362464581454
3.3605000000002896,-0.3670058169341298,2.790556889340839e-05,-4.990646972525329e-05,0.9999992041196226,6.65637701382225e-06,-0.00017426456635576327,-0.0012495389847364498,-1.2,-1.2,0,0,0,0,0,-1.500000000003062,-3.641082229641061e-12,0.34996362464581454
3.3805000000002963,-0.3699478837108188,3.318329987289855e-05,-4.918805954691761e-05,0.9999991886202507,5.81120854270205e-06,0.0001055665774560402,-0.001269480510913062,-1.2,-1.2,0,0,0,0,0,-1.500000000003062,-3.641204168413839e-12,0.34996362464581454
3.400500000000303,-0.37248498365478383,3.507031364015251e-05,-5.000310455569099e-05,0.9999993760033388,8.705744889220413e-06,9.061677900965708e-05,-0.0011134207389930158,-1.2,-1.2,0,0,0,0,0,-1.500000000003062,-3.6412766797009645e-12,0.34996362464581454
3.4205000000003096,-0.37496160049563004,3.772805023413322e-05,-4.9681218516930246e-05,0.9999995764416469,6.519219257711883e-06,-1.3007624781825752e-05,-0.000920274321313586,-1.2,-1.2,0,0,0,0,0,-1.500000000003062,-3.6413059137056735e-12,0.34996362464581454
3.4405000000003163,-0.37763445026220466,4.006103959566589e-05,-4.936346869721641e-05,0.9999998113741381,9.218679537129304e-06,0.00013740195979490723,-0.0005985711359558342,-1.2,-1.2,0,0,0,0,0,-1.500000000003062,-3.641365453110045e-12,0.34996362464581454
3.460500000000323,-0.37995275816981894,4.023319648752841e-05,-4.861474239217383e-05,0.9999999756085051,7.490311022446302e-06,-1.776890074907679e-05,-0.00022002533962185925,-1.2,-1.2,0,0,0,0,0,-1.500000000003062,-3.641396785626803e-12,0.34996362464581454
3.4805000000003297,-0.38207831361441147,4.25418397932308e-05,-4.785970630023729e-05,0.999999937942467,6.718399129851173e-06,-0.0002799818520938763,0.00021372900194351004,-1.2,1.2,0,0,0,0,0,-1.500000000003062,-3.641402162016634e-12,0.34996362464581454
3.5005000000003363,-0.38454237456844526,4.350124736275083e-05,-4.61771079247074e-05,0.9999997737323277,3.2817889902593807e-06,-0.0002566776802913238,0.0006218047040267345,-1.2,1.2,0,0,0,0,0,-1.500000000003062,-3.6414469106719206e-12,0.34996362464581454
3.520500000000343,-0.38767415048234244,4.350627606936348e-05,-4.637755427251593e-05,0.9999994956072535,-1.784165977906519e-06,0.0003157241424599586,0.0009534675248517143,-1.2,1.2,0,0,0,0,0,-1.500000000003062,-3.641483326340289e-12,0.34996362464581454
3.5405000000003497,-0.3894588523161468,4.707004154353316e-05,-4.8369175189796586e-05,0.9999992521677118,-3.906308000926245e-06,-0.00033863905992705286,0.001175147796959889,-1.2,1.2,0,0,0,0,0,-1.500000000003062,-3.641507699701754e-12,0.34996362464581454
3.5605000000003564,-0.39255967925836854,4.170585607505698e-05,-4.813373390002044e-05,0.9999990445158805,-4.092743982609974e-06,0.0001286663602966449,0.00137637042331992,-1.2,1.2,0,0,0,0,0,-1.500000000003062,-3.6415153308655706e-12,0.34996362464581454
3.580500000000363,-0.39513656607210346,4.025123530033725e-05,-4.9640167268265054e-05,0.9999990323597383,-8.310735895060861e-06,0.00016271256508273104,0.0013815698101115183,-1.2,1.2,0,0,0,0,0,-1.500000000003062,-3.641578976644436e-12,0.34996362464581454
3.6005000000003697,-0.3973216269873835,3.835223019696741e-05,-4.968536263180783e-05,0.9999990956127914,-6.6097005578044575e-06,-0.00018483123092025033,0.0013321288704426862,-1.2,1.2,0,0,0,0,0,-1.500000000003062,-3.641631343420937e-12,0.34996362464581454
3.6205000000003764,-0.4003580525402921,3.241657620120273e-05,-4.933850210493496e-05,0.9999992572052127,-8.746028129172298e-06,0.00024478827455143276,0.0011939812518594554,-1.2,1.2,0,0,0,0,0,-1.500000000003062,-3.641667828177834e-12,0.34996362464581454
3.640500000000383,-0.4024927307612868,3.160989958073192e-05,-5.002477962234029e-05,0.9999995671737139,-8.386370464265488e-06,-7.942350166322352e-05,0.0009269703122704348,-1.2,1.2,0,0,0,0,0,-1.500000000003062,-3.641752692052148e-12,0.34996362464581454
3.6605000000003898,-0.40525919581116343,2.7785662476128922e-05,-4.926237157863627e-05,0.9999997954300759,-7.381272315929877e-06,0.00013781273605914732,0.0006245742335396477,-1.2,1.2,0,0,0,0,0,-1.500000000003062,-3.641823351668421e-12,0.34996362464581454
3.6805000000003965,-0.40755863943965376,2.7774388899693294e-05,-4.8224661995667964e-05,0.9999999809344811,-8.825877067219528e-06,4.6232375518970324e-05,0.00018951440137408667,-1.2,1.2,0,0,0,0,0,-1.500000000003062,-3.641873498741415e-12,0.34996362464581454
3.700500000000403,-0.4099599531115809,2.7350249232812876e-05,-4.626547620734707e-05,0.9999999649412605,-6.0778366555393535e-06,3.501125385149393e-05,-0.0002624018867929842,-1.2,-1.2,0,0,0,0,0,-1.500000000003062,-3.6419600903003004e-12,0.34996362464581454
3.72050000000041,-0.4123973529820989,2.503694050096873e-05,-4.5743230040986706e-05,0.9999997701010976,-1.8503967961292254e-06,4.88713685226833e-05,-0.000676317910928466,-1.2,-1.2,0,0,0,0,0,-1.500000000003062,-3.6420286361366416e-12,0.34996362464581454
3.7405000000004165,-0.414625122466733,2.2091935931564626e-05,-4.71430090032506e-05,0.9999994854120112,2.102045357109928e-06,-0.00015728288695400977,-0.0010022142414752167,-1.2,-1.2,0,0,0,0,0,-1.500000000003062,-3.642128140893205e-12,0.34996362464581454
3.760500000000423,-0.4174844752032742,2.454264937524941e-05,-4.7735184065901006e-05,0.9999991874258575,4.695753660221391e-06,0.00015817791220506584,-0.0012649526950795065,-1.2,-1.2,0,0,0,0,0,-1.500000000003062,-3.642205594241961e-12,0.34996362464581454
3.78050000000043,-0.41965414861985395,2.3763464088026664e-05,-4.915885023225021e-05,0.9999990190895682,6.356215581090286e-06,-0.00015356714529499106,-0.0013921913056568883,-1.2,-1.2,0,0,0,0,0,-1.500000000003062,-3.6422495553542475e-12,0.34996362464581454
3.8005000000004365,-0.42257043785287596,2.9185347613475354e-05,-4.905862156981446e-05,0.9999989217002567,7.347039414998218e-06,0.0001696755875588666,-0.0014586824666591247,-1.1869494249698551,-1.2,0,0,0,0,0,-1.500000000003062,-3.6422629170494606e-12,0.34996362464581454
3.820500000000443,-0.4247920041362309,3.0334903969606165e-05,-5.0036472427961714e-05,0.9999990553665999,8.20434697858264e-06,-9.323669255131474e-05,-0.00137131524995565,-1.1752773220957466,-1.2,0,0,0,0,0,-1.500000000003062,-3.642252207127836e-12,0.34996362464581454
3.84050000000045,-0.4275820046929505,3.588074775748045e-05,-4.94506084195416e-05,0.9999992246649075,7.675151473441744e-06,0.00012631056817159625,-0.0012388124621119712,-1.1607998099934311,-1.2,0,0,0,0,0,-1.500000000003062,-3.6422321098633775e-12,0.34996362464581454
3.8605000000004566,-0.4298769064858716,3.768394842759483e-05,-4.995390731059268e-05,0.999999539429323,8.702364690843202e-06,-1.443903072193303e-05,-0.0009596129028385149,-1.1487280568156073,-1.2,0,0,0,0,0,-1.500000000003062,-3.642222512704769e-12,0.34996362464581454
3.8805000000004632,-0.4324627105823405,4.09143067084069e-05,-4.9399624848059856e-05,0.9999997900976754,7.639755506558447e-06,9.656360779689837e-05,-0.0006406416376623904,-1.1353134299918748,-1.2,0,0,0,0,0,-1.500000000003062,-3.642217645358365e-12,0.34996362464581454
3.90050000000047,-0.43469906112538964,4.108476626653684e-05,-4.8357417109625476e-05,0.9999999781649733,8.357404251896284e-06,-7.187522482156363e-06,-0.00020868288451893405,-1.123574410120769,-1.2,0,0,0,0,0,-1.500000000003062,-3.642212751880868e-12,0.34996362464581454
3.9205000000004766,-0.43704009757017537,4.334074415564391e-05,-4.642672524694059e-05,0.9999999782548481,3.968070477481524e-06,-4.643910497752847e-05,0.0002032682161827666,-1.1114482133996233,1.2,0,0,0,0,0,-1.500000000003062,-3.64205683399885e-12,0.34996362464581454
3.9405000000004833,-0.43935725731092556,4.713631257491774e-05,-4.6956446732255195e-05,0.9999998319684289,5.026897624378005e-07,-0.00012158811892630677,0.0005668149526381879,-1.099289407402038,1.2,0,0,0,0,0,-1.500000000003062,-3.641811169084843e-12,0.34996362464581454
3.96050000000049,-0.44206923891767125,4.756018732626054e-05,-4.74747860768368e-05,0.999999605910299,-2.2649635590435785e-06,0.00012723139347201945,0.0008786275021518823,-1.0851742613456299,1.2,0,0,0,0,0,-1.500000000003062,-3.641566514743707e-12,0.34996362464581454
3.9805000000004966,-0.4441991005078148,4.95089573917809e-05,-4.87350906102928e-05,0.9999993801813708,-3.810926847881037e-06,-0.00015429170029610063,0.0011026406578456896,-1.0740935526598085,1.2,0,0,0,0,0,-1.500000000003062,-3.641314437771193e-12,0.34996362464581454
4.000500000000502,-0.44704045453355384,4.67815805853693e-05,-4.907066111493273e-05,0.9999992127969345,-6.278362522660978e-06,0.0001738090565359324,0.0012426409391264655,-1.0592206524417487,1.2,0,0,0,0,0,-1.500000000003062,-3.641117496745933e-12,0.34996362464581454
4.020500000000491,-0.44912843229638716,4.6885292429799216e-05,-4.977978557209504e-05,0.9999991707832694,-6.207922648931073e-06,-0.00016368003783565895,0.0012773421943300142,-1.048367910782088,1.2,0,0,0,0,0,-1.500000000003062,-3.6409712327265696e-12,0.34996362464581454
4.04050000000048,-0.4520025697082813,4.210787095193367e-05,-4.961483513801024e-05,0.9999992197446894,-7.783376385854772e-06,0.0001965559781498858,0.0012336187328035075,-1.0333504088417795,1.2,0,0,0,0,0,-1.500000000003062,-3.640840445520171e-12,0.34996362464581454
4.060500000000469,-0.45406467247489285,4.165630584209304e-05,-5.032415720149505e-05,0.9999994217342191,-7.428824676604556e-06,-0.00011729562535058556,0.0010689797825680723,-1.0225680527186645,1.2,0,0,0,0,0,-1.500000000003062,-3.640709069845837e-12,0.34996362464581454
4.080500000000458,-0.4567874448489789,3.75330113832437e-05,-4.9654592946863155e-05,0.9999996243060529,-7.548486167653219e-06,0.0001586223229194938,0.0008521559308433284,-1.0083879684756314,1.2,0,0,0,0,0,-1.500000000003062,-3.640576128187885e-12,0.34996362464581454
4.100500000000447,-0.45887456487215056,3.7395548977977345e-05,-5.0017646736413256e-05,0.9999998648245119,-7.7721458059485e-06,-3.991900965781582e-05,0.0005183599364942056,-0.9974305412205117,1.2,0,0,0,0,0,-1.500000000003062,-3.6404691219757486e-12,0.34996362464581454
4.120500000000436,-0.4613222037373536,3.617221341205564e-05,-4.907618012825375e-05,0.9999999844968546,-7.070032561250787e-06,0.00010063004941093748,0.00014432566535181376,-0.9847072083310973,1.2,0,0,0,0,0,-1.500000000003062,-3.640419051222089e-12,0.34996362464581454
4.140500000000425,-0.4628984297593171,3.419688166099123e-05,-4.864629523528298e-05,0.9999998646604953,-4.690724817977508e-06,-0.00044969293055583857,-0.0002615975075302922,-0.9764027475623462,-1.2,0,0,0,0,0,-1.500000000003062,-3.640393457447791e-12,0.34996362464581454
4.160500000000414,-0.46547139895099965,3.401902986287399e-05,-4.704940775932069e-05,0.9999997869176686,-1.680268208090672e-06,-0.0001616907233304032,-0.0006324696864052173,-0.9632028422706064,-1.2,0,0,0,0,0,-1.500000000003062,-3.640339472714697e-12,0.34996362464581454
4.180500000000403,-0.4682795511690056,3.2879303763223866e-05,-4.787102518222699e-05,0.9999995402728917,3.0136727670605426e-06,0.0003032733368625845,-0.000909653893456273,-0.948333403497124,-1.2,0,0,0,0,0,-1.500000000003062,-3.640260019399992e-12,0.34996362464581454
4.200500000000392,-0.4698223130310074,2.9233690434800596e-05,-4.929984207448329e-05,0.9999993379110015,4.283563526687679e-06,-0.0003710386632135886,-0.0010892609974927226,-0.940338067645922,-1.2,0,0,0,0,0,-1.500000000003062,-3.640206194972304e-12,0.34996362464581454
4.2205000000003805,-0.4727640833507869,3.393274585234116e-05,-4.867456509637007e-05,0.9999992093445946,4.351888629902081e-06,0.00014923171804884412,-0.0012486076808071924,-0.925112277990956,-1.2,0,0,0,0,0,-1.500000000003062,-3.6401765138172984e-12,0.34996362464581454
4.240500000000369,-0.475045495942337,3.411697084132764e-05,-5.010949088205677e-05,0.9999992379777505,7.798393472987616e-06,0.00013533387714383642,-0.0012270565779687298,-0.9130164613730324,-1.2,0,0,0,0,0,-1.500000000003062,-3.6401669692387404e-12,0.34996362464581454
4.260500000000358,-0.4770509087598644,3.532037208420207e-05,-5.002091169079942e-05,0.9999993184245979,6.109228305361101e-06,-0.00014107196128594,-0.001158970111117737,-0.9027071238764642,-1.2,0,0,0,0,0,-1.500000000003062,-3.640173678361172e-12,0.34996362464581454
4.280500000000347,-0.4797368037718378,3.925762814612475e-05,-4.9883147598606057e-05,0.999999475586526,7.913285893283225e-06,0.00021977520347264652,-0.0010002314293674104,-0.8886097787789867,-1.2,0,0,0,0,0,-1.500000000003062,-3.640185815187715e-12,0.34996362464581454
4.300500000000336,-0.48158941776165937,3.910461542934471e-05,-5.0473979990303834e-05,0.9999997179628026,6.974002246583152e-06,-9.476610796990306e-05,-0.0007450134646421937,-0.8789404893374522,-1.2,0,0,0,0,0,-1.500000000003062,-3.640197955840838e-12,0.34996362464581454
4.320500000000325,-0.48402477179379594,4.1417208877732066e-05,-4.980794654795911e-05,0.9999998943371282,6.917100649065604e-06,0.00013226691632742753,-0.0004402083008396139,-0.8662378603425849,-1.2,0,0,0,0,0,-1.500000000003062,-3.64021188016867e-12,0.34996362464581454
4.340500000000314,-0.4858938351392829,4.0454634138405126e-05,-4.956554729457547e-05,0.9999999975053353,6.479469424326807e-06,-4.438115301066549e-05,-5.4567925739675965e-05,-0.8564537462874775,-1.2,0,0,0,0,0,-1.500000000003062,-3.6402236071858315e-12,0.34996362464581454
4.360500000000303,-0.4879039059282397,4.2717614811743255e-05,-4.886857132749657e-05,0.9999999447410457,3.523088178820275e-06,-7.782051416443548e-05,0.00032318641571666226,-0.8459553232741146,1.2,0,0,0,0,0,-1.500000000003062,-3.640229581734479e-12,0.34996362464581454
4.380500000000292,-0.49013403180661713,4.488174618096046e-05,-4.8611906697691814e-05,0.9999997838736839,4.480213017910147e-08,7.099707901460962e-05,0.0006536145626623981,-0.8343141248238956,1.2,0,0,0,0,0,-1.500000000003062,-3.640238914490227e-12,0.34996362464581454
4.400500000000281,-0.49212350201753763,4.6846176429485786e-05,-4.897786973974965e-05,0.9999995775771907,-2.0517206686238226e-06,-6.447489712681579e-06,0.0009191298379169272,-0.8240643511534301,1.2,0,0,0,0,0,-1.500000000003062,-3.640248520327466e-12,0.34996362464581454
4.42050000000027,-0.49419551470692147,4.8295586494586564e-05,-4.974469184313219e-05,0.9999994156179741,-4.895633917229047e-06,-2.4277777085523508e-05,0.0010808100348221159,-0.8130684629897286,1.2,0,0,0,0,0,-1.500000000003062,-3.640255778649881e-12,0.34996362464581454
4.440500000000259,-0.49639451078962776,4.688103364914698e-05,-4.9442039003758426e-05,0.9999992889052707,-4.785864661682753e-06,5.212636684952816e-05,0.001191406266251653,-0.8017686732562596,1.2,0,0,0,0,0,-1.500000000003062,-3.640260241254263e-12,0.34996362464581454
4.4605000000002475,-0.498434612062684,4.6796850991197205e-05,-5.023219283201735e-05,0.9999993158620601,-6.888711365767e-06,1.9656486001661898e-05,0.0011695475959133048,-0.7909674235267159,1.2,0,0,0,0,0,-1.500000000003062,-3.640263135056735e-12,0.34996362464581454
4.480500000000236,-0.5005637951463032,4.4702765204539035e-05,-4.982686580678894e-05,0.9999993874034321,-5.709507896253041e-06,5.613684468219309e-05,0.0011054450761860788,-0.7799987002632728,1.2,0,0,0,0,0,-1.500000000003062,-3.640264643988785e-12,0.34996362464581454
4.500500000000225,-0.5025774626311935,4.3846172739820996e-05,-5.046204602739699e-05,0.9999995726994144,-6.972186576109971e-06,5.633136526609139e-05,0.00092270209329604,-0.7693662806989338,1.2,0,0,0,0,0,-1.500000000003062,-3.640250304734205e-12,0.34996362464581454
4.520500000000214,-0.5045787679234157,4.2536158757919965e-05,-5.009154981441584e-05,0.999999751668726,-5.46534590664884e-06,5.170081033887931e-05,0.0007028226250983419,-0.7590258602770393,1.2,0,0,0,0,0,-1.500000000003062,-3.6402366046814286e-12,0.34996362464581454
4.540500000000203,-0.5065033421614046,4.2330856654143716e-05,-5.033574942449606e-05,0.9999999210193184,-6.159795121587378e-06,5.9057474581473994e-05,0.00039298298682134887,-0.748886584990854,1.2,0,0,0,0,0,-1.500000000003062,-3.640223398650489e-12,0.34996362464581454
4.560500000000192,-0.5083860887055428,4.261301791886158e-05,-4.991904123194707e-05,0.9999999971049889,-4.957299009743804e-06,5.5326490307328347e-05,5.200410042304943e-05,-0.7391240304562875,1.2,0,0,0,0,0,-1.500000000003062,-3.6402890413199006e-12,0.34996362464581454
4.580500000000181,-0.5097668449445901,3.920350138349314e-05,-4.9587245857258385e-05,0.9999998952705463,-1.7351562665070925e-06,-0.0003782782761113383,-0.0002576071267786842,-0.73189361524281,-1.2,0,0,0,0,0,-1.500000000003062,-3.640366658077001e-12,0.34996362464581454
4.60050000000017,-0.5123510883829214,3.8792305708236995e-05,-4.871550420520223e-05,0.9999998378678591,4.1797335455870295e-07,0.00020058658265284784,-0.0005329438085155618,-0.7185029718336696,-1.2,0,0,0,0,0,-1.500000000003062,-3.6404969480328e-12,0.34996362464581454
4.620500000000159,-0.5138587868843238,3.359480068676731e-05,-5.023580844291639e-05,0.9999997267483445,3.0060005220145708e-06,-0.00016578202534033715,-0.0007204238479189039,-0.7104421482556441,-1.2,0,0,0,0,0,-1.500000000003062,-3.640607637726573e-12,0.34996362464581454
4.640500000000148,-0.515814782988982,3.3553142884996134e-05,-4.9564379936452784e-05,0.9999996038231316,3.0002426722716387e-06,-0.0001683840691200981,-0.0008740660056389892,-0.7004612014172618,-1.2,0,0,0,0,0,-1.500000000003062,-3.6407447070947176e-12,0.34996362464581454
4.660500000000137,-0.5183083200776248,3.456398266153711e-05,-4.977640416636229e-05,0.9999995124407194,5.579498383357201e-06,0.00030179667295305776,-0.0009402159117074168,-0.6873092431587173,-1.2,0,0,0,0,0,-1.500000000003062,-3.640846954117841e-12,0.34996362464581454
4.680500000000126,-0.5196552231592908,3.1572465560061885e-05,-5.056607608388041e-05,0.999999562832838,5.596614040893593e-06,-0.00021767441291964284,-0.0009093517802594361,-0.6802891156862575,-1.2,0,0,0,0,0,-1.500000000003062,-3.640901838401925e-12,0.34996362464581454
4.7005000000001145,-0.5220682346206625,3.448536662709412e-05,-4.9690593467228845e-05,0.9999996209312509,5.117479163607046e-06,0.00018154937276556517,-0.0008515579787370672,-0.6677719279793219,-1.2,0,0,0,0,0,-1.500000000003062,-3.640911525481895e-12,0.34996362464581454
4.720500000000103,-0.5237932559925718,3.3280555277968896e-05,-5.067153022274633e-05,0.9999997720364098,6.178717792025402e-06,5.3637936153109515e-05,-0.0006730616034970367,-0.6586379994664463,-1.2,0,0,0,0,0,-1.500000000003062,-3.640950727991264e-12,0.34996362464581454
4.740500000000092,-0.5256495935662607,3.357845919112366e-05,-5.010745953145983e-05,0.9999998897129875,4.601893841441322e-06,3.8147350182257465e-05,-0.0004680786415979888,-0.6490951413665237,-1.2,0,0,0,0,0,-1.500000000003062,-3.640981595197648e-12,0.34996362464581454
4.760500000000081,-0.5275270989332578,3.308697287221937e-05,-5.040992357609602e-05,0.9999999764236481,5.399453710834398e-06,0.00011845941623034554,-0.00018190908714119024,-0.6391835750502538,-1.2,0,0,0,0,0,-1.500000000003062,-3.64099348724991e-12,0.34996362464581454
4.78050000000007,-0.5291511843862231,3.183119102693304e-05,-5.027547950489461e-05,0.9999999913256264,3.868707296614317e-06,1.1173184021597346e-05,0.0001311828476165358,-0.6307884963047197,1.2,0,0,0,0,0,-1.500000000003062,-3.64099093880989e-12,0.34996362464581454
4.800500000000059,-0.5307618151883771,3.498468367367467e-05,-5.025339956474549e-05,0.9999999108162562,1.1090241492013426e-06,-0.0001000509090379078,0.00041031215541534983,-0.6223669516895658,1.2,0,0,0,0,0,-1.500000000003062,-3.641022638731828e-12,0.34996362464581454
4.820500000000048,-0.5326889018871117,3.736875540612383e-05,-5.010029589252758e-05,0.9999997983063386,-1.6652712031426927e-06,5.101537330796503e-05,0.0006330734072143872,-0.6122128023001758,1.2,0,0,0,0,0,-1.500000000003062,-3.64111425289311e-12,0.34996362464581454
4.840500000000037,-0.5343609054645758,3.9322202213578056e-05,-4.9835047893004815e-05,0.9999996833145485,-2.7637016372858065e-06,-2.958496889043243e-05,0.0007952910745658233,-0.6036592397261712,1.2,0,0,0,0,0,-1.500000000003062,-3.641221164188754e-12,0.34996362464581454
4.860500000000026,-0.5362219812397747,4.080563712209774e-05,-5.019809039379174e-05,0.9999996226990433,-4.97717569135071e-06,5.88298952851287e-05,0.0008666695103585768,-0.5937745423750758,1.2,0,0,0,0,0,-1.500000000003062,-3.641304196097644e-12,0.34996362464581454
4.880500000000015,-0.5378635840310513,4.1608304785863145e-05,-4.992248262883799e-05,0.9999996082085052,-4.472966269093407e-06,-4.821598241673818e-05,0.0008838767141412417,-0.585379745434966,1.2,0,0,0,0,0,-1.500000000003062,-3.641405325088097e-12,0.34996362464581454
4.900500000000004,-0.5398064502558215,4.148864216462273e-05,-5.0253651052379375e-05,0.9999996595120966,-5.895015587253298e-06,0.00013819045022248828,0.0008135381603375476,-0.5750993239016969,1.2,0,0,0,0,0,-1.500000000003062,-3.641494064735226e-12,0.34996362464581454
4.9204999999999925,-0.5413019479528424,4.2556141928412874e-05,-5.025607090599112e-05,0.9999997637099707,-4.9189482983316084e-06,-4.90184006275607e-05,0.0006856770395114048,-0.5674069199112655,1.2,0,0,0,0,0,-1.500000000003062,-3.641547435642164e-12,0.34996362464581454
4.9404999999999815,-0.5431660943399429,4.228510568934337e-05,-5.0412776502507867e-05,0.9999998704152296,-5.325355486665819e-06,0.00012665726853685016,0.0004930508081009448,-0.5575789363366476,1.2,0,0,0,0,0,-1.500000000003062,-3.641611048507447e-12,0.34996362464581454
4.96049999999997,-0.5446218804557075,4.362091053112092e-05,-5.0438674281126614e-05,0.9999999678949247,-4.260785246177609e-06,-1.786182611750431e-05,0.0002527309831212894,-0.550068037757006,1.2,0,0,0,0,0,-1.500000000003062,-3.641672848578228e-12,0.34996362464581454
4.980499999999959,-0.5462339935491969,4.410207708686404e-05,-5.0600191328381574e-05,0.9999999990611068,-3.8278106395319e-06,2.9580505695486298e-05,-3.14344857355779e-05,-0.5414606038459816,-1.2,0,0,0,0,0,-1.500000000003062,-3.641709070452588e-12,0.34996362464581454
5.000499999999948,-0.5472982665503849,4.201115457879851e-05,-5.0409575133305406e-05,0.9999998843043676,-1.1895917827779064e-06,-0.0003930290653212618,-0.0002773409261752487,-0.5360828835826054,-1.2,0,0,0,0,0,-1.500000000003062,-3.6417600569025084e-12,0.34996362464581454
5.020499999999937,-0.5496696521315133,4.154802792485573e-05,-4.9496140243404084e-05,0.9999998316591422,9.287593101594646e-07,0.0002978810294315285,-0.0004979434884136194,-0.5237119878490363,-1.2,0,0,0,0,0,-1.500000000003062,-3.6418188317869746e-12,0.34996362464581454
5.040499999999926,-0.5506462242650386,3.565845634967302e-05,-5.075625723994992e-05,0.9999997804478001,3.2894029270017092e-06,-0.00022987248730311694,-0.0006214918899349407,-0.5184889676282488,-1.2,0,0,0,0,0,-1.500000000003062,-3.641857212097563e-12,0.34996362464581454
5.060499999999915,-0.552458948102527,3.575866666486033e-05,-4.965565175068702e-05,0.9999997372725296,2.9809543798447046e-06,-5.618051217396554e-05,-0.0007226961563522036,-0.509255601936225,-1.2,0,0,0,0,0,-1.500000000003062,-3.641876563275871e-12,0.34996362464581454
5.080499999999904,-0.5543858266208089,3.47946997772975e-05,-5.013743658323303e-05,0.9999997037153362,5.086188721694594e-06,0.00023293495215869007,-0.0007336788658308682,-0.4990055986650832,-1.2,0,0,0,0,0,-1.500000000003062,-3.641877638715597e-12,0.34996362464581454
5.100499999999893,-0.5554752136137999,3.178988587877259e-05,-5.048358053155266e-05,0.999999752075016,4.748748277204252e-06,-0.00020091714693625865,-0.0006748775108417112,-0.4933958980787633,-1.2,0,0,0,0,0,-1.500000000003062,-3.641866323793011e-12,0.34996362464581454
5.120499999999882,-0.5575546164597047,3.3088490304059233e-05,-4.989585524618888e-05,0.9999998038348243,4.74302719863257e-06,0.00022948686315027724,-0.00058278949519597,-0.4825482778774013,-1.2,0,0,0,0,0,-1.500000000003062,-3.641845366695557e-12,0.34996362464581454
5.140499999999871,-0.5587603602773363,3.0367682689877973e-05,-5.078161787181249e-05,0.9999999165535146,4.879163425462332e-06,-4.4068871718788976e-05,-0.0004061121658173443,-0.47616217944782285,-1.2,0,0,0,0,0,-1.500000000003062,-3.6418133710299795e-12,0.34996362464581454
5.1604999999998595,-0.5604464673721093,3.0233454283247677e-05,-5.0129121027544866e-05,0.9999999735018755,3.885811083012937e-06,0.0001050879879668669,-0.00020478687081821578,-0.467462935330506,-1.2,0,0,0,0,0,-1.500000000003062,-3.641765432941386e-12,0.34996362464581454
5.1804999999998484,-0.5616739819753229,2.904536091312349e-05,-5.0869041342157715e-05,0.9999999961728253,3.0952087109643488e-06,-7.732161025386948e-05,4.081833203725116e-05,-0.46084025324364936,1.2,0,0,0,0,0,-1.500000000003062,-3.641675932930783e-12,0.34996362464581454
5.200499999999837,-0.5626255503829356,3.068609750287676e-05,-5.04064310161504e-05,0.9999998434794649,9.314889286543913e-07,-0.0005001186674859377,0.00025084157458436817,-0.45610022204898465,1.2,0,0,0,0,0,-1.500000000003062,-3.6416020068760015e-12,0.34996362464581454
5.220499999999826,-0.5649925578812877,3.08117675773487e-05,-4.934891095300988e-05,0.9999998618837168,-7.820708258230056e-07,0.000285139302714761,0.000441505960883461,-0.4437831743594463,1.2,0,0,0,0,0,-1.500000000003062,-3.6415387299363775e-12,0.34996362464581454
5.240499999999815,-0.5659750877641647,3.674745424515318e-05,-5.082385084183625e-05,0.9999998492055455,-3.3435963728559433e-06,-0.00013036775229747507,0.0005334622336414855,-0.4384607574945046,1.2,0,0,0,0,0,-1.500000000003062,-3.641447788237965e-12,0.34996362464581454
5.260499999999804,-0.5673927280094007,3.7900311969199226e-05,-4.9947945822985336e-05,0.9999998050592326,-3.0814572253145857e-06,-0.00019068352317372003,0.0005945685796731258,-0.43128869089029154,1.2,0,0,0,0,0,-1.500000000003062,-3.641381277815095e-12,0.34996362464581454
5.280499999999793,-0.5694370920840797,3.806124217386874e-05,-4.991892525033126e-05,0.9999997758806147,-4.453903202833753e-06,0.00030200720491819875,0.0005975035817683044,-0.4204996850749793,1.2,0,0,0,0,0,-1.500000000003062,-3.6412772813098844e-12,0.34996362464581454
5.300499999999782,-0.5703157631975211,4.2186133534255226e-05,-5.076114432218737e-05,0.9999998474706184,-4.681442536008906e-06,-0.00019495498183199974,0.000516748853298437,-0.4158940467729007,1.2,0,0,0,0,0,-1.500000000003062,-3.641133461172393e-12,0.34996362464581454
5.320499999999771,-0.5721831454065232,4.152067644117419e-05,-4.976739300591989e-05,0.9999999001180667,-3.802829879533116e-06,0.0001563278895107285,0.00041870154708123817,-0.406247015292626,1.2,0,0,0,0,0,-1.500000000003062,-3.6410350203712705e-12,0.34996362464581454
5.34049999999976,-0.573506143774986,4.384544249296366e-05,-5.061692739767495e-05,0.999999965880384,-4.360415609202771e-06,9.592781821807683e-05,0.00024293635307243521,-0.39921409436307137,1.2,0,0,0,0,0,-1.500000000003062,-3.640982878114707e-12,0.34996362464581454
5.360499999999749,-0.57480178214705,4.551493390137865e-05,-5.023307415394051e-05,0.9999999989737371,-3.366469958902927e-06,2.2680602995211952e-05,3.9074057091315066e-05,-0.3925820457206163,1.2,0,0,0,0,0,-1.500000000003062,-3.64097298807276e-12,0.34996362464581454
5.380499999999738,-0.5757326321875277,4.2598118546800293e-05,-5.0619826136742225e-05,0.9999999285154039,-1.5754196482182799e-06,-0.00034404982562031796,-0.00015683246343488805,-0.3876481625402201,-1.2,0,0,0,0,0,-1.500000000003062,-3.640997353997857e-12,0.34996362464581454
5.4004999999997265,-0.577734727946308,4.1826179440079504e-05,-4.950624914314892e-05,0.9999999240585665,-5.8398894854942314e-08,0.00020238754951442544,-0.00033304975191659564,-0.37729612277423763,-1.2,0,0,0,0,0,-1.500000000003062,-3.641045167134613e-12,0.34996362464581454
5.420499999999715,-0.5787033928941835,3.627314790961119e-05,-5.071802007324246e-05,0.999999895739495,2.3785329519819458e-06,-0.00014319294736134334,-0.0004336024926950755,-0.37205367824264807,-1.2,0,0,0,0,0,-1.500000000003062,-3.641094067545765e-12,0.34996362464581454
5.440499999999704,-0.5801322997571198,3.499408307470958e-05,-4.982905290106772e-05,0.9999998675575986,2.4911655745318065e-06,-0.00010637126647487373,-0.0005035511217291733,-0.36482282745793715,-1.2,0,0,0,0,0,-1.500000000003062,-3.641135603378167e-12,0.34996362464581454
5.460499999999693,-0.5819217705890466,3.3634990293117796e-05,-5.005578119318391e-05,0.9999998360923952,3.944782311824846e-06,0.0002533821703012914,-0.0005134170790933398,-0.3553217681075312,-1.2,0,0,0,0,0,-1.500000000003062,-3.641166704034411e-12,0.34996362464581454
5.480499999999682,-0.5827533182449546,2.974231428527355e-05,-5.0560467506394366e-05,0.9999998765623669,4.079745783027032e-06,-0.00020381946321251456,-0.00045311834174547255,-0.3510331733396606,-1.2,0,0,0,0,0,-1.500000000003062,-3.641249887793193e-12,0.34996362464581454
5.500499999999671,-0.5845988290541616,3.0040128840936987e-05,-4.9840533206917866e-05,0.9999999078692835,3.797593280494689e-06,0.00021787901520250305,-0.0003698320388756274,-0.34142675500890873,-1.2,0,0,0,0,0,-1.500000000003062,-3.6413245068150565e-12,0.34996362464581454
5.52049999999966,-0.5856118922433097,2.671946149866083e-05,-5.07477021067004e-05,0.9999999763275856,4.078921124148839e-06,-3.0585728205897125e-05,-0.00021538965407996174,-0.33602885296990087,-1.2,0,0,0,0,0,-1.500000000003062,-3.641440518186437e-12,0.34996362464581454
5.540499999999649,-0.5870507823906302,2.572838624254152e-05,-5.0118274988374455e-05,0.9999999940006373,3.22161730747595e-06,0.00010246422744278878,-3.859311100012488e-05,-0.3286363813747119,-1.2,0,0,0,0,0,-1.500000000003062,-3.641530135997294e-12,0.34996362464581454
5.560499999999638,-0.5876222956711049,2.8240145200192348e-05,-5.092242036529772e-05,0.9999998742728748,1.4658773840959592e-06,-0.00048262556745654744,0.0001361052743390027,-0.325549304293469,1.2,0,0,0,0,0,-1.500000000003062,-3.641582680943939e-12,0.34996362464581454
5.580499999999627,-0.5892737855216391,2.8952526264641017e-05,-4.957753482754979e-05,0.999999946360862,2.673725434043006e-07,-0.00014804747962235624,0.00029216458397707804,-0.31715717834563695,1.2,0,0,0,0,0,-1.500000000003062,-3.6416049272780665e-12,0.34996362464581454
5.600499999999616,-0.5910694327913633,3.163201461129312e-05,-5.00607645339337e-05,0.999999874743728,-2.050484513338943e-06,0.0003076670965471708,0.00039477750680181467,-0.30756016761584715,1.2,0,0,0,0,0,-1.500000000003062,-3.641599822859628e-12,0.34996362464581454
5.620499999999605,-0.5915842024328145,3.6869285323984825e-05,-5.07509649007669e-05,0.999999850016916,-3.23564114361768e-06,-0.0003509480547040569,0.0004204653845544218,-0.30492134711838503,1.2,0,0,0,0,0,-1.500000000003062,-3.64157805057346e-12,0.34996362464581454
5.6404999999995935,-0.5934749319797087,3.641720631163265e-05,-4.946837574530727e-05,0.9999998904359542,-2.7684753906099846e-06,0.0001665036246728796,0.00043748938029746355,-0.2951803578873631,1.2,0,0,0,0,0,-1.500000000003062,-3.641570940839888e-12,0.34996362464581454
5.660499999999582,-0.594727714064744,3.958224904664785e-05,-5.0518790780698844e-05,0.9999999163233954,-4.074084786656651e-06,0.00016743918791397772,0.00037323011901893046,-0.2884538045061523,1.2,0,0,0,0,0,-1.500000000003062,-3.641565370870159e-12,0.34996362464581454
5.680499999999571,-0.595580505211362,4.244947125755234e-05,-5.0425103794286255e-05,0.9999999494731457,-3.6028885262256715e-06,-0.00017526651850996517,0.0002651836585736228,-0.28413622741623334,1.2,0,0,0,0,0,-1.500000000003062,-3.641545279756649e-12,0.34996362464581454
5.70049999999956,-0.5972749731500814,4.293668066312999e-05,-5.003457287761627e-05,0.9999999660616347,-3.37512230858817e-06,0.00022458405176064436,0.00013201265650389848,-0.2752476974400686,1.2,0,0,0,0,0,-1.500000000003062,-3.64151892315813e-12,0.34996362464581454
5.720499999999549,-0.5979830409337716,4.5549043666983766e-05,-5.098636423675596e-05,0.9999999830609752,-3.0035022984720436e-06,-0.00017770014373171797,-4.787157112915317e-05,-0.2714354938446706,-1.2,0,0,0,0,0,-1.500000000003062,-3.641491483807579e-12,0.34996362464581454
5.740499999999538,-0.599192254747979,4.524927162662404e-05,-5.0006697296015344e-05,0.9999999662299722,-1.440218594909416e-06,-0.00014639557625920058,-0.00021472381078696382,-0.26535099648660776,-1.2,0,0,0,0,0,-1.500000000003062,-3.64146306582165e-12,0.34996362464581454
5.760499999999527,-0.6007534224048587,4.2458647335542014e-05,-5.0152293300139835e-05,0.9999999271274161,1.1206138128217042e-06,0.00018500120763065593,-0.00033394379626296557,-0.25701500630236285,-1.2,0,0,0,0,0,-1.500000000003062,-3.641446437555707e-12,0.34996362464581454
5.780499999999516,-0.6013714953665202,3.793867291138925e-05,-5.044903970761047e-05,0.9999998804625579,2.5264357011915576e-06,-0.0003023211866290526,-0.00038427904804993,-0.2538872693113203,-1.2,0,0,0,0,0,-1.500000000003062,-3.641439654569762e-12,0.34996362464581454
5.800499999999505,-0.6032042467152741,3.782064360503429e-05,-4.960797047560118e-05,0.9999998818926766,2.95176148354322e-06,0.0002535461142224238,-0.000414632713255221,-0.24435010644957264,-1.2,0,0,0,0,0,-1.500000000003062,-3.64144366091993e-12,0.34996362464581454
5.820499999999494,-0.603979818077514,3.317251944009496e-05,-5.077106150137583e-05,0.999999931749835,4.027850343096438e-06,-7.398907901455063e-05,-0.0003619526450274129,-0.24016155173439832,-1.2,0,0,0,0,0,-1.500000000003062,-3.6414647087708186e-12,0.34996362464581454
5.840499999999483,-0.6052803122650412,3.2127012407557626e-05,-4.987413817478233e-05,0.9999999580544101,3.174563630120323e-06,4.5021101537388186e-05,-0.00028610173103173436,-0.23356713746356353,-1.2,0,0,0,0,0,-1.500000000003062,-3.641492767109325e-12,0.34996362464581454
5.860499999999472,-0.6065383580225744,3.0056601127072085e-05,-5.03869193129815e-05,0.9999999735079065,3.4872679667849345e-06,0.00016438630540479605,-0.00016108745502282064,-0.2268505873959476,-1.2,0,0,0,0,0,-1.500000000003062,-3.641465794638971e-12,0.34996362464581454
5.8804999999994605,-0.607362441311563,2.724353784842483e-05,-5.043741149190834e-05,0.999999997756762,3.06017702368514e-06,-6.684563642775373e-05,2.9617690128816376e-06,-0.22264980524599207,-1.2,0,0,0,0,0,-1.500000000003062,-3.6414057453869715e-12,0.34996362464581454
5.900499999999449,-0.608399691053385,3.0400948984692088e-05,-5.052584117413663e-05,0.9999999844626554,8.977961848372916e-07,-0.00010442502504495833,0.00014201864980344794,-0.21711988580908134,1.2,0,0,0,0,0,-1.500000000003062,-3.641348710692496e-12,0.34996362464581454
5.920499999999438,-0.6097495150061358,3.2328578577832365e-05,-4.9776939922762376e-05,0.999999961086948,-5.655115292709258e-07,0.0001244001208401627,0.00024970060351528733,-0.2102025160235827,1.2,0,0,0,0,0,-1.500000000003062,-3.641303407224462e-12,0.34996362464581454
5.940499999999427,-0.6104931628641042,3.7220457005197614e-05,-5.056134810350291e-05,0.99999994208781,-2.3095438285948545e-06,-0.00016141819104256225,0.0002996050887798546,-0.20620678987949462,1.2,0,0,0,0,0,-1.500000000003062,-3.641272652730807e-12,0.34996362464581454
5.960499999999416,-0.6119093471894418,3.833001320999135e-05,-4.969750690165597e-05,0.9999999395591715,-2.436433132062616e-06,0.0001264841108068097,0.00032384793707758544,-0.19893916940415177,1.2,0,0,0,0,0,-1.500000000003062,-3.641257611834468e-12,0.34996362464581454
5.980499999999405,-0.6127732094556544,4.240563776900435e-05,-5.0566665145752506e-05,0.9999999583953462,-3.4009645563680493e-06,-3.984690362365819e-05,0.0002856745747768907,-0.1942696237533854,1.2,0,0,0,0,0,-1.500000000003062,-3.641257345021338e-12,0.34996362464581454
6.000499999999394,-0.6139548657354423,4.3984485273733e-05,-4.9872609680139754e-05,0.9999999738856906,-2.9051779641585873e-06,6.746788805915683e-05,0.00021833062273600995,-0.18827703160931533,1.2,0,0,0,0,0,-1.500000000003062,-3.641264981291018e-12,0.34996362464581454
6.020499999999383,-0.6150200950965925,4.663399878510245e-05,-5.0420425091484265e-05,0.9999999886113629,-3.1248974511973185e-06,0.00010437599070242942,0.00010896403335938156,-0.18257528138665782,1.2,0,0,0,0,0,-1.500000000003062,-3.641273673227882e-12,0.34996362464581454
6.040499999999372,-0.6158975563582612,4.901469491256821e-05,-5.017994738269905e-05,0.9999999994432154,-2.5899911874248473e-06,-4.797028751124928e-06,-3.292185719296908e-05,-0.1781398044331549,-1.2,0,0,0,0,0,-1.500000000003062,-3.641281158094697e-12,0.34996362464581454
6.060499999999361,-0.6167319746805627,4.533483611613601e-05,-5.053941626335574e-05,0.9999999799804586,-3.474995205916109e-07,-0.0001428524711515415,-0.0001401147112972176,-0.17363936503294716,-1.2,0,0,0,0,0,-1.500000000003062,-3.641308927492104e-12,0.34996362464581454
6.08049999999935,-0.6180379438803847,4.361562066425854e-05,-4.9701560777359984e-05,0.9999999691372272,8.332579248659747e-07,0.00011979916246201126,-0.00021765341843529905,-0.16695720966658353,-1.2,0,0,0,0,0,-1.500000000003062,-3.641364179426538e-12,0.34996362464581454
6.100499999999339,-0.6187554465455514,3.881626568862619e-05,-5.0569219121473126e-05,0.9999999651631071,2.466416019642217e-06,-0.00011380856484177561,-0.00023814976575730763,-0.1630657425946583,-1.2,0,0,0,0,0,-1.500000000003062,-3.6414319504884e-12,0.34996362464581454
6.1204999999993275,-0.619982770426845,3.729850417536521e-05,-4.9737427852378284e-05,0.9999999694348134,2.4047021689990557e-06,8.713038839010321e-05,-0.0002313717469381831,-0.15682268332401297,-1.2,0,0,0,0,0,-1.500000000003062,-3.6415522517895625e-12,0.34996362464581454
6.140499999999316,-0.6210176540093137,3.9892553227790215e-05,-5.040780029376588e-05,0.9999999620610729,1.92161774555714e-06,0.00016962492233959554,-0.0002170289066719959,0,0,0,0,0,0,0,-1.500000000003062,-3.6417059477922355e-12,0.34996362464581454
6.160499999999305,-0.6217617643133151,4.274386351416286e-05,-5.097616435417701e-05,0.9999999791601152,2.007892637251556e-06,0.00010925992854197271,-0.0001724471133371989,0,0,0,0,0,0,0,-1.500000000003062,-3.641839185884864e-12,0.34996362464581454
6.180499999999294,-0.6224206008239143,4.5283547583921986e-05,-5.114740253772768e-05,0.9999999897829247,1.396600390443482e-06,6.971485291934159e-05,-0.0001247879780830012,0,0,0,0,0,0,0,-1.500000000003062,-3.641981182152958e-12,0.34996362464581454
6.200499999999283,-0.6230091095620445,4.768947298174175e-05,-5.114905555601432e-05,0.9999999953536963,7.357372743904311e-07,5.0873379365561316e-05,-8.187774905337144e-05,0,0,0,0,0,0,0,-1.500000000003062,-3.6420722796283136e-12,0.34996362464581454
6.220499999999272,-0.6235291889994097,4.998896459482308e-05,-5.1095414400790035e-05,0.9999999980714006,2.8952352827768795e-07,4.3178642546607046e-05,-4.4639904592497036e-05,0,0,0,0,0,0,0,-1.500000000003062,-3.6421104382488226e-12,0.34996362464581454
6.240499999999261,-0.6239854833974708,5.219430423792636e-05,-5.102385914600461e-05,0.9999999990952002,4.517408250200397e-08,4.059330656802255e-05,-1.2719339940651381e-05,0,0,0,0,0,0,0,-1.500000000003062,-3.6421097094105684e-12,0.34996362464581454
6.26049999999925,-0.6243847782047043,5.431929418666824e-05,-5.09457889594331e-05,0.9999999990875736,-6.804822139827969e-08,4.0173573027211466e-05,1.4523510219225298e-05,0,0,0,0,0,0,0,-1.500000000003062,-3.642074349802332e-12,0.34996362464581454
6.280499999999239,-0.6247342836182641,5.637704959500174e-05,-5.086647797599095e-05,0.9999999984625321,-1.0881035304094599e-07,4.0617244321402534e-05,3.775131964412982e-05,0,0,0,0,0,0,0,-1.500000000003062,-3.642027492637849e-12,0.34996362464581454
6.300499999999228,-0.6250407022116055,5.837845724543745e-05,-5.078961987096289e-05,0.9999999974870797,-1.1395932631066326e-07,4.137847954356232e-05,5.756431329431517e-05,0,0,0,0,0,0,0,-1.500000000003062,-3.6419746817838495e-12,0.34996362464581454
6.320499999999217,-0.6253098866208171,6.0332030647349754e-05,-5.071757863331822e-05,0.9999999963345869,-1.0386314739172752e-07,4.223765799060444e-05,7.447680339600636e-05,0,0,0,0,0,0,0,-1.500000000003062,-3.641929817021856e-12,0.34996362464581454
6.3404999999992055,-0.6255467905428578,6.224430308937831e-05,-5.065136820702613e-05,0.9999999951175381,-8.883236059063673e-08,4.311008417646393e-05,8.891813588208726e-05,0,0,0,0,0,0,0,-1.500000000003062,-3.641898577636978e-12,0.34996362464581454
6.3604999999991945,-0.6257555414242465,6.412030198133318e-05,-5.0591006075193114e-05,0.9999999939085243,-7.364514822355726e-08,4.396502522896696e-05,0.00010124239528092726,0,0,0,0,0,0,0,-1.500000000003062,-3.641882436683491e-12,0.34996362464581454
6.380499999999183,-0.6259395532196689,6.596395054585128e-05,-5.0535976495407236e-05,0.9999999927538651,-6.024125259194463e-08,4.479262584191817e-05,0.00011174025690462578,0,0,0,0,0,0,0,-1.500000000003062,-3.641812497127619e-12,0.34996362464581454
6.400499999999172,-0.6261016362481908,6.777833078671421e-05,-5.0485578535197405e-05,0.9999999916826505,-4.9478193713874815e-08,4.5584653585386776e-05,0.00012065129766258654,0,0,0,0,0,0,0,-1.500000000003062,-3.641754948805314e-12,0.34996362464581454
6.420499999999161,-0.6262439943169732,6.956515195988335e-05,-5.043903038835943e-05,0.9999999907142813,-4.6179541470883234e-08,4.625210963987393e-05,0.00012818805423872113,0,0,0,0,0,0,0,-1.500000000003062,-3.641713696825569e-12,0.34996362464581454
6.44049999999915,-0.6263684813502033,7.132562625722852e-05,-5.0395627438598013e-05,0.9999999898575608,-5.256595923218595e-08,4.67719303787129e-05,0.00013452606831615145,0,0,0,0,0,0,0,-1.500000000003062,-3.6416934064598815e-12,0.34996362464581454
6.460499999999139,-0.6264766919906506,7.306122440445338e-05,-5.035510749431827e-05,0.9999999891195995,-6.173819576259375e-08,4.714269394903681e-05,0.0001397797016210595,0,0,0,0,0,0,0,-1.500000000003062,-3.641692568273395e-12,0.34996362464581454
6.480499999999128,-0.626570060635689,7.477215706876921e-05,-5.03171196328926e-05,0.9999999885047892,-6.563934022565168e-08,4.7362530149356135e-05,0.00014403891454410156,0,0,0,0,0,0,0,-1.500000000003062,-3.641704880808122e-12,0.34996362464581454
6.500499999999117,-0.6266499142651125,7.645861907570787e-05,-5.028137144540187e-05,0.9999999880080641,-6.441403794456381e-08,4.7488748487312227e-05,0.00014740653466489294,0,0,0,0,0,0,0,-1.500000000003062,-3.641803895053007e-12,0.34996362464581454
6.520499999999106,-0.6267174093819793,7.812123626419574e-05,-5.024776932494253e-05,0.9999999876223136,-6.031407312691146e-08,4.7566350624968985e-05,0.00014997603976202743,0,0,0,0,0,0,0,-1.500000000003062,-3.641901818586303e-12,0.34996362464581454
6.540499999999095,-0.6267735616926817,7.976069331139078e-05,-5.021625903405053e-05,0.9999999873400267,-5.506690099568454e-08,4.7620176216915756e-05,0.00015182971707529273,0,0,0,0,0,0,0,-1.500000000003062,-3.642048913638329e-12,0.34996362464581454
6.560499999999084,-0.6268192861721312,8.137760333731574e-05,-5.018678798770642e-05,0.9999999871533851,-4.9603593556111995e-08,4.766224421831852e-05,0.0001530409662383345,0,0,0,0,0,0,0,-1.500000000003062,-3.642234757917817e-12,0.34996362464581454
6.5804999999990725,-0.6268554275113829,8.297249040029756e-05,-5.01593119107659e-05,0.999999987054231,-4.4329035538272227e-08,4.769797816212271e-05,0.00015367640678574956,0,0,0,0,0,0,0,-1.500000000003062,-3.6423780522861585e-12,0.34996362464581454
6.6004999999990615,-0.6268827806881148,8.45458009934529e-05,-5.013380066370092e-05,0.9999999870341213,-3.937769046510459e-08,4.772972010544308e-05,0.00015379736423756717,0,0,0,0,0,0,0,-1.500000000003062,-3.6425242121283884e-12,0.34996362464581454
6.62049999999905,-0.6269021041960472,8.609791934179498e-05,-5.0110236078400284e-05,0.9999999870844469,-3.476684391342583e-08,4.775845172660292e-05,0.0001534608569974939,0,0,0,0,0,0,0,-1.500000000003062,-3.642682354957476e-12,0.34996362464581454
6.640499999999039,-0.6269165322700447,8.762767103878466e-05,-5.6364521239528974e-05,0.9999999870723075,-2.56163452839477e-08,4.992684820450072e-05,0.00015284859327308124,0,0,0,0.39,0,0,0,-1.500000000003062,-3.642850910583437e-12,0.34996362464581454
6.660499999999028,-0.6269237343924254,8.913773324178153e-05,-6.186630678242114e-05,0.9999999871318831,-2.3783132687662564e-08,5.1725614060110875e-05,0.00015185747507004662,0,0,0,0.39,0,0,0,-1.500000000003062,-3.6430367908084465e-12,0.34996362464581454
6.680499999999017,-0.6269229077313089,9.062829842457486e-05,-6.221687243698778e-05,0.9999999873477201,-2.383559174856901e-08,5.167098257029557e-05,0.0001504482208392155,0,0,0,0.39,0,0,0,-1.500000000003062,-3.6432215643202986e-12,0.34996362464581454
6.700499999999006,-0.6269158697630155,9.20989399658772e-05,-5.951031458333164e-05,0.9999999876592797,-2.1460970635633422e-08,5.062706059711313e-05,0.00014872236080136592,0,0,0,0.39,0,0,0,-1.500000000003062,-3.643406508338289e-12,0.34996362464581454
6.720499999998995,-0.6269041313691736,9.354982350169116e-05,-5.573974146301447e-05,0.9999999880126355,-1.7521099650152537e-08,4.9337499220631866e-05,0.00014676695881868322,0,0,0,0.39,0,0,0,-1.500000000003062,-3.643586942353354e-12,0.34996362464581454
6.740499999998984,-0.6268867251700605,9.498258553871206e-05,-5.2039409629613535e-05,0.9999999883922502,-1.8394521541848104e-08,4.8187360887282255e-05,0.00014454575877522098,0,0,0,0.39,0,0,0,-1.500000000003062,-3.643707845010331e-12,0.34996362464581454
6.760499999998973,-0.626858567398528,9.639883592131228e-05,-4.895210970322944e-05,0.9999999888264832,-2.359085610010491e-08,4.730550248638627e-05,0.000141806985251787,0,0,0,0.39,0,0,0,-1.500000000003062,-3.643758519603266e-12,0.34996362464581454
6.780499999998962,-0.626828690107597,9.779302709998734e-05,-4.6772861159608784e-05,0.9999999892505699,-1.475520604089056e-08,4.6665065972930455e-05,0.00013900083418321251,0,0,0,0.39,0,0,0,-1.500000000003062,-3.643751823597481e-12,0.34996362464581454
6.800499999998951,-0.6267998148675207,9.916654763048925e-05,-4.542190853467602e-05,0.9999999896424998,-4.00074651373148e-09,4.6301071793026876e-05,0.00013627623255958236,0,0,0,0.39,0,0,0,-1.500000000003062,-3.643702674809159e-12,0.34996362464581454
6.8204999999989395,-0.6267719703495404,0.00010052090479848281,-4.4687261481407986e-05,0.9999999900052313,2.97052833490223e-09,4.6154575047771274e-05,0.00013363866979396245,0,0,0,0.39,0,0,0,-1.500000000003062,-3.643639125128381e-12,0.34996362464581454
6.840499999998928,-0.6267450190166513,0.00010185671818704978,-4.4387825467626606e-05,0.9999999903441186,6.5201151834927516e-09,4.614725252722389e-05,0.00013108086767741226,0,0,0,0.39,0,0,0,-1.500000000003062,-3.643578418324097e-12,0.34996362464581454
6.860499999998917,-0.6267188586191796,0.00010317430718314102,-4.4396810684669276e-05,0.9999999906631702,8.025649951754467e-09,4.6223351877018606e-05,0.00012859650655776804,0,0,0,0.39,0,0,0,-1.500000000003062,-3.643530791446608e-12,0.34996362464581454
6.880499999998906,-0.6266934174359261,0.00010447391905386372,-4.462672045491057e-05,0.9999999909650761,8.50115143678082e-09,4.6349433868806855e-05,0.00012618073228305317,0,0,0,0.39,0,0,0,-1.500000000003062,-3.643500296444694e-12,0.34996362464581454
6.900499999998895,-0.626668641694116,0.00010575579152356068,-4.50139475938487e-05,0.9999999912517257,8.509388911915778e-09,4.6505564061033676e-05,0.0001238296491198807,0,0,0,0.39,0,0,0,-1.500000000003062,-3.643445716673123e-12,0.34996362464581454
6.920499999998884,-0.6266444872009311,0.000107020164928659,-4.550913414932735e-05,0.999999991524569,8.323223737358654e-09,4.6678802960341205e-05,0.00012153991551595697,0,0,0,0.39,0,0,0,-1.500000000003062,-3.643376392773799e-12,0.34996362464581454
6.940499999998873,-0.6266208904527258,0.00010826729584890965,-4.610899697287205e-05,0.999999991785978,8.002905982592863e-09,4.683769697511851e-05,0.00011930748136452456,0,0,0,0.39,0,0,0,-1.500000000003062,-3.643328652039998e-12,0.34996362464581454
6.960499999998862,-0.6265978919611219,0.00010949735927462006,-4.705860015490223e-05,0.9999999920338488,7.864528132121542e-09,4.703446869684299e-05,0.00011713267171925187,0,0,0,0.39,0,0,0,-1.500000000003062,-3.643303410632001e-12,0.34996362464581454
6.980499999998851,-0.6265755361204411,0.00011071059463318113,-4.802331334912081e-05,0.9999999922650152,7.733585618194347e-09,4.734070614035403e-05,0.00011501663112913756,0,0,0,0.39,0,0,0,-1.500000000003062,-3.643296536892572e-12,0.34996362464581454
7.00049999999884,-0.626553619479343,0.000111907335826655,-4.8779961678510705e-05,0.9999999924882196,7.360321567307505e-09,4.760201613868162e-05,0.0001129495858545784,0,0,0,0.39,0,0,0,-1.500000000003062,-3.643302015514619e-12,0.34996362464581454
7.020499999998829,-0.6265320877896294,0.00011308780784968046,-4.932631497373197e-05,0.9999999927059885,6.968669526247411e-09,4.778087921394674e-05,0.00011092795813287667,0,0,0,0.39,0,0,0,-1.500000000003062,-3.64332117995779e-12,0.34996362464581454
7.040499999998818,-0.6265109503629918,0.00011425222214274852,-4.971299082925167e-05,0.999999992917898,6.661610495725494e-09,4.789436744535623e-05,0.00010895105592762104,0,0,0,0.39,0,0,0,-1.500000000003062,-3.643353834835055e-12,0.34996362464581454
7.0604999999988065,-0.626489882932289,0.00011540095062660612,-4.9983564015885786e-05,0.9999999931244908,5.912389917133914e-09,4.7967959452103395e-05,0.00010700510893779556,0,0,0,0.39,0,0,0,-1.500000000003062,-3.6433839582305634e-12,0.34996362464581454
7.080499999998795,-0.62646893396542,0.00011653405776918162,-5.016991044015184e-05,0.9999999933253356,5.564493788183625e-09,4.8013510997990655e-05,0.00010509059090329966,0,0,0,0.39,0,0,0,-1.500000000003062,-3.643407481965292e-12,0.34996362464581454
7.100499999998784,-0.6264484448900441,0.00011765166171159909,-5.029019919170255e-05,0.9999999935188938,5.667836793378702e-09,4.803865612294908e-05,0.00010322063199085177,0,0,0,0.39,0,0,0,-1.500000000003062,-3.643419855858028e-12,0.34996362464581454
7.120499999998773,-0.626428474811253,0.00011875403389836101,-5.035662595348811e-05,0.9999999937049472,5.781047465471797e-09,4.804944157225393e-05,0.00010139702718697972,0,0,0,0.39,0,0,0,-1.500000000003062,-3.6434221050133796e-12,0.34996362464581454
7.140499999998762,-0.626409016885004,0.00011984141959943204,-5.0380790498495454e-05,0.9999999938836721,5.7673642752742976e-09,4.804968854158488e-05,9.961868447743149e-05,0,0,0,0.39,0,0,0,-1.500000000003062,-3.64342102493884e-12,0.34996362464581454
7.160499999998751,-0.626390055138616,0.00012091403685441624,-5.037367241732956e-05,0.9999999940553196,5.645923870364697e-09,4.8042354445307054e-05,9.788408813747663e-05,0,0,0,0.39,0,0,0,-1.500000000003062,-3.643430100738785e-12,0.34996362464581454
7.18049999999874,-0.6263715756932798,0.0001219720905748251,-5.0345012341581905e-05,0.9999999942201265,5.463762349013432e-09,4.802998432168563e-05,9.619182216444135e-05,0,0,0,0.39,0,0,0,-1.500000000003062,-3.643437499054354e-12,0.34996362464581454
7.200499999998729,-0.6263535671853462,0.00012301577990194728,-5.030297256457691e-05,0.9999999943783289,5.254786334305722e-09,4.801473133265498e-05,9.454060437552884e-05,0,0,0,0.39,0,0,0,-1.500000000003062,-3.643459779448247e-12,0.34996362464581454
7.220499999998718,-0.6263360195701351,0.00012404530073871096,-5.0254073417827255e-05,0.9999999945301594,5.036919114232291e-09,4.799831989964775e-05,9.292923997871705e-05,0,0,0,0.39,0,0,0,-1.500000000003062,-3.643479992667159e-12,0.34996362464581454
7.240499999998707,-0.6263189232369709,0.00012506084635331837,-5.02032866212915e-05,0.9999999946758493,4.818044520074236e-09,4.7982048072916466e-05,9.135658473651429e-05,0,0,0,0.39,0,0,0,-1.500000000003062,-3.6434946994036045e-12,0.34996362464581454
7.260499999998696,-0.6263022685776609,0.0001260626074363463,-5.015420432192402e-05,0.9999999948156385,4.601147894350913e-09,4.796682606808513e-05,8.982152622076319e-05,0,0,0,0.39,0,0,0,-1.500000000003062,-3.643503010117014e-12,0.34996362464581454
7.280499999998685,-0.626286045843081,0.00012705077207656782,-5.010924059610052e-05,0.9999999949497702,4.387212345919705e-09,4.79532331267342e-05,8.832297680700301e-05,0,0,0,0.39,0,0,0,-1.500000000003062,-3.64350873986107e-12,0.34996362464581454
7.3004999999986735,-0.6262702451437057,0.00012802552576240766,-5.006984168452029e-05,0.999999995078484,4.1765350000233445e-09,4.7941580015298276e-05,8.68598725081633e-05,0,0,0,0.39,0,0,0,-1.500000000003062,-3.643511710131805e-12,0.34996362464581454
7.320499999998662,-0.6262548565088956,0.00012898705141171113,-5.003669010330501e-05,0.9999999952020198,3.969225704210436e-09,4.7931969985825126e-05,8.543117415123972e-05,0,0,0,0.39,0,0,0,-1.500000000003062,-3.643526790577858e-12,0.34996362464581454
7.340499999998651,-0.6262398699614714,0.00012993552941486033,-5.000989274949272e-05,0.9999999953206152,3.76535573691151e-09,4.7924354330226635e-05,8.403586914097454e-05,0,0,0,0.39,0,0,0,-1.500000000003062,-3.6435210743948374e-12,0.34996362464581454
7.36049999999864,-0.6262252755876447,0.0001308711376801868,-4.998914682464243e-05,0.9999999954344955,3.5649827805230356e-09,4.7918580563535476e-05,8.26729730326379e-05,0,0,0,0.39,0,0,0,-1.500000000003062,-3.643512108064887e-12,0.34996362464581454
7.380499999998629,-0.6262110635945327,0.0001317940516764718,-4.9973880431213e-05,0.9999999955438813,3.3681443366344186e-09,4.791443246010393e-05,8.134153063124792e-05,0,0,0,0.39,0,0,0,-1.500000000003062,-3.643499839600834e-12,0.34996362464581454
7.400499999998618,-0.6261972243534218,0.00013270444447105543,-4.996336708892443e-05,0.9999999956489852,3.1748503256594285e-09,4.79116619494566e-05,8.004061656827956e-05,0,0,0,0.39,0,0,0,-1.500000000003062,-3.643490843498104e-12,0.34996362464581454
7.420499999998607,-0.6261837484296647,0.00013360248676386457,-4.995681517443542e-05,0.9999999957500115,2.9850815193357172e-09,4.791001338810197e-05,7.876933540802064e-05,0,0,0,0.39,0,0,0,-1.500000000003062,-3.643482379243351e-12,0.34996362464581454
7.440499999998596,-0.6261706266012105,0.00013448834691831996,-4.9953434472076596e-05,0.9999999958471485,2.79879287162721e-09,4.7909241033343687e-05,7.752682137204581e-05,0,0,0,0.39,0,0,0,-1.500000000003062,-3.643474491052656e-12,0.34996362464581454
7.460499999998585,-0.626157849868082,0.00013536219099015746,-4.995248272681209e-05,0.9999999959405799,2.615919352794435e-09,4.790912070649998e-05,7.631223777599995e-05,0,0,0,0.39,0,0,0,-1.500000000003062,-3.643466463268331e-12,0.34996362464581454
7.480499999998574,-0.6261454094550313,0.00013622418275505802,-4.99532954147121e-05,0.9999999960304763,2.4363823913073738e-09,4.790945668525136e-05,7.51247762648961e-05,0,0,0,0.39,0,0,0,-1.500000000003062,-3.643458751753587e-12,0.34996362464581454
7.500499999998563,-0.6261332968093571,0.00013707448373576552,-4.995530198070377e-05,0.9999999961169999,2.2600957662549804e-09,4.7910084839338266e-05,7.396365591977352e-05,0,0,0,0.39,0,0,0,-1.500000000003062,-3.6434750464198736e-12,0.34996362464581454
7.520499999998552,-0.6261215035955447,0.00013791325322915916,-4.995803162760098e-05,0.999999996200306,2.08697041973226e-09,4.791087294543203e-05,7.282812229389372e-05,0,0,0,0.39,0,0,0,-1.500000000003062,-3.643477502166818e-12,0.34996362464581454
7.5404999999985405,-0.6261100216880479,0.00013874064833357383,-4.996111143907767e-05,0.9999999962805379,1.9169180530530337e-09,4.791171900615035e-05,7.17174464226727e-05,0,0,0,0.39,0,0,0,-1.500000000003062,-3.643398358867384e-12,0.34996362464581454
7.560499999998529,-0.6260988431632213,0.00013955682397651323,-4.996425924305057e-05,0.9999999963578305,1.7498535731031582e-09,4.791254827091882e-05,7.063092383921698e-05,0,0,0,0.39,0,0,0,-1.500000000003062,-3.643311208262409e-12,0.34996362464581454
7.580499999998518,-0.6260879602911316,0.00014036193294279697,-4.996727321506206e-05,0.9999999964323133,1.5856965561183344e-09,4.791330952527971e-05,6.956787361698257e-05,0,0,0,0.39,0,0,0,-1.500000000003062,-3.6432367423193056e-12,0.34996362464581454
7.600499999998507,-0.6260773655277364,0.00014115612590311186,-4.997001981671416e-05,0.9999999965041076,1.4243719399393332e-09,4.791397108927851e-05,6.852763745279029e-05,0,0,0,0.39,0,0,0,-1.500000000003062,-3.643126500529804e-12,0.34996362464581454
7.620499999998496,-0.6260670515077266,0.00014193955144288276,-4.9972421284995565e-05,0.9999999965733284,1.2658101470105062e-09,4.791451685088269e-05,6.750957879706852e-05,0,0,0,0.39,0,0,0,-1.500000000003062,-3.642974258317338e-12,0.34996362464581454
7.640499999998485,-0.6260570110381832,0.00014271235609135695,-4.997444355158289e-05,0.9999999966400837,1.109946818659819e-09,4.791494256051241e-05,6.651308203354047e-05,0,0,0,0.39,0,0,0,-1.500000000003062,-3.64285153324326e-12,0.34996362464581454
7.660499999998474,-0.6260472370930877,0.00014347468435078176,-4.997608518217209e-05,0.9999999967044779,9.567223028485088e-10,4.7915252529326326e-05,6.553755170736082e-05,0,0,0,0.39,0,0,0,-1.500000000003062,-3.642719990964387e-12,0.34996362464581454
7.680499999998463,-0.6260377228086393,0.0001442266787255581,-4.997736768804943e-05,0.9999999967666097,8.060810316124537e-10,4.791545680699868e-05,6.45824117986669e-05,0,0,0,0.39,0,0,0,-1.500000000003062,-3.642569849383971e-12,0.34996362464581454
7.700499999998452,-0.6260284614793028,0.00014496847975125707,-4.997832737512228e-05,0.9999999968265727,6.579708466721796e-10,4.79155688633699e-05,6.36471050373773e-05,0,0,0,0.39,0,0,0,-1.500000000003062,-3.6423411018544014e-12,0.34996362464581454
7.720499999998441,-0.6260194465544613,0.00014570022602340568,-4.997900875470982e-05,0.9999999968844526,5.12342357241641e-10,4.79156037609972e-05,6.273109225461728e-05,0,0,0,0.39,0,0,0,-1.500000000003062,-3.6420918536179205e-12,0.34996362464581454
7.74049999999843,-0.6260106716355547,0.00014642205422595947,-4.997945944023259e-05,0.9999999969403373,3.6914836223078064e-10,4.791557678028149e-05,6.183385176617546e-05,0,0,0,0.39,0,0,0,-1.500000000003062,-3.6418519840442484e-12,0.34996362464581454
7.7604999999984186,-0.626002130473577,0.00014713409915939846,-4.997972638831791e-05,0.9999999969943044,2.2834335215634066e-10,4.79155024433617e-05,6.095487878372318e-05,0,0,0,0.39,0,0,0,-1.500000000003062,-3.641582024235085e-12,0.34996362464581454
7.7804999999984075,-0.6259938169668222,0.00014783649376839863,-4.997985330475506e-05,0.9999999970464319,8.988310485608393e-11,4.791539387539567e-05,6.009368485005425e-05,0,0,0,0.39,0,0,0,-1.500000000003062,-3.641319724452055e-12,0.34996362464581454
7.800499999998396,-0.625985725158779,0.00014852936916904654,-4.99798790208427e-05,0.9999999970967942,-4.627562448871428e-11,4.791526244014213e-05,5.924979729519219e-05,0,0,0,0.39,0,0,0,-1.500000000003062,-3.641137388202392e-12,0.34996362464581454
7.820499999998385,-0.6259778492360955,0.00014921285467557597,-4.9979836646325764e-05,0.9999999971454616,-1.8017533054580846e-10,4.791511758936046e-05,5.84227587108305e-05,0,0,0,0.39,0,0,0,-1.500000000003062,-3.6410067629975215e-12,0.34996362464581454
7.840499999998374,-0.6259701835265463,0.0001498870778266178,-4.997975331593715e-05,0.9999999971925003,-3.118579082235547e-10,4.7914966870961585e-05,5.761212644114496e-05,0,0,0,0.39,0,0,0,-1.500000000003062,-3.640933160927678e-12,0.34996362464581454
7.860499999998363,-0.6259627224969638,0.00015055216441096168,-4.99796503673778e-05,0.999999997237973,-4.4136474826539624e-10,4.7914816047874297e-05,5.6817472088524666e-05,0,0,0,0.39,0,0,0,-1.500000000003062,-3.640886477930184e-12,0.34996362464581454
7.880499999998352,-0.6259554607510965,0.0001512082384928362,-4.9979543810884064e-05,0.999999997281943,-5.687367820029544e-10,4.791466928741425e-05,5.60383810332042e-05,0,0,0,0.39,0,0,0,-1.500000000003062,-3.640863591979028e-12,0.34996362464581454
7.900499999998341,-0.6259483930273817,0.00015185542243671606,-4.997944497489726e-05,0.9999999973244659,-6.940144862562323e-10,4.791452938880567e-05,5.527445196612007e-05,0,0,0,0.39,0,0,0,-1.500000000003062,-3.640874882314895e-12,0.34996362464581454
7.92049999999833,-0.6259415141966229,0.00015249383693167085,-4.997936123674095e-05,0.9999999973656003,-8.172378631601386e-10,4.791439802388884e-05,5.452529643457991e-05,0,0,0,0.39,0,0,0,-1.500000000003062,-3.640904448641229e-12,0.34996362464581454
7.940499999998319,-0.6259348192595786,0.00015312360101527028,-4.99792967695983e-05,0.9999999974053999,-9.384464099213065e-10,4.791427597277486e-05,5.3790538400520176e-05,0,0,0,0.39,0,0,0,-1.500000000003062,-3.6409405211072565e-12,0.34996362464581454
7.960499999998308,-0.6259283033444635,0.00015374483209706154,-4.997925325605144e-05,0.9999999974439145,-1.0576790758895545e-09,4.791416334195711e-05,5.306981381125494e-05,0,0,0,0.39,0,0,0,-1.500000000003062,-3.6409774572478674e-12,0.34996362464581454
7.980499999998297,-0.6259219617043824,0.00015435764598163487,-4.997923053606146e-05,0.9999999974811925,-1.1749742105332336e-09,4.7914059757167824e-05,5.2362770182686464e-05,0,0,0,0.39,0,0,0,-1.500000000003062,-3.641007047211144e-12,0.34996362464581454
8.000499999998286,-0.6259157897147036,0.00015496215689129347,-4.997922717050029e-05,0.99999999751728,-1.29036952668593e-09,4.7913964527079266e-05,5.166906619498027e-05,0,0,0,0.39,0,0,0,-1.500000000003062,-3.64105519861436e-12,0.34996362464581454
8.02049999999831,-0.6259097828703941,0.00015555847748834157,-4.997924091206674e-05,0.9999999975522237,-1.4039020552890089e-09,4.7913876776859794e-05,5.098837130070573e-05,0,0,0,0.39,0,0,0,-1.500000000003062,-3.64113274536335e-12,0.34996362464581454
8.040499999998335,-0.6259039367833276,0.00015614671889700474,-4.9979269082988e-05,0.9999999975860647,-1.5156081140411937e-09,4.7913795552663304e-05,5.0320365345420217e-05,0,0,0,0.39,0,0,0,-1.500000000003062,-3.641194737031871e-12,0.34996362464581454
8.06049999999836,-0.6258982471795814,0.0001567269907249958,-4.9979308865228665e-05,0.9999999976188454,-1.6255232811629145e-09,4.791371989955726e-05,4.9664738200640506e-05,0,0,0,0.39,0,0,0,-1.500000000003062,-3.641235325642112e-12,0.34996362464581454
8.080499999998384,-0.6258927098967394,0.00015729940108473561,-4.9979357512133644e-05,0.9999999976506029,-1.73368237680168e-09,4.7913648916211984e-05,4.9021189409099106e-05,0,0,0,0.39,0,0,0,-1.500000000003062,-3.6412534413158625e-12,0.34996362464581454
8.100499999998409,-0.6258873208812072,0.0001578640566142414,-4.997941249235834e-05,0.9999999976813762,-1.8401194509601667e-09,4.79135817900561e-05,4.838942784214164e-05,0,0,0,0.39,0,0,0,-1.500000000003062,-3.6412534487769485e-12,0.34996362464581454
8.120499999998433,-0.6258820761855536,0.00015842106249769043,-4.997947157788131e-05,0.9999999977112014,-1.944867777705167e-09,4.79135178166696e-05,4.7769171369073855e-05,0,0,0,0.39,0,0,0,-1.500000000003062,-3.641239123991246e-12,0.34996362464581454
8.140499999998458,-0.6258769719658848,0.0001589705224856681,-4.997953288757331e-05,0.9999999977401115,-2.047959858217337e-09,4.791345640696812e-05,4.7160146538229836e-05,0,0,0,0.39,0,0,0,-1.500000000003062,-3.641222222265993e-12,0.34996362464581454
8.160499999998482,-0.6258720044792588,0.00015951253891510723,-4.997959489704361e-05,0.9999999977681395,-2.1494274240860602e-09,4.791339708543024e-05,4.656208826949812e-05,0,0,0,0.39,0,0,0,-1.500000000003062,-3.641203286558058e-12,0.34996362464581454
8.180499999998506,-0.6258671700811487,0.00016004721272892683,-4.997965642428044e-05,0.9999999977953183,-2.249301449870928e-09,4.79133394821361e-05,4.597473955801375e-05,0,0,0,0.39,0,0,0,-1.500000000003062,-3.641184541777117e-12,0.34996362464581454
8.20049999999853,-0.625862465222949,0.00016057464349537596,-4.9979716599247786e-05,0.9999999978216763,-2.3476121657210756e-09,4.7913283320958525e-05,4.5397851188702956e-05,0,0,0,0.39,0,0,0,-1.500000000003062,-3.641178051198432e-12,0.34996362464581454
8.220499999998555,-0.6258578864495399,0.00016109492942708843,-4.997977482392726e-05,0.9999999978472441,-2.4443890679656774e-09,4.791322840575394e-05,4.483118146135315e-05,0,0,0,0.39,0,0,0,-1.500000000003062,-3.641190386625359e-12,0.34996362464581454
8.24049999999858,-0.6258534303969016,0.0001616081673998543,-4.997983072815261e-05,0.999999997872049,-2.539660940078422e-09,4.791317460598462e-05,4.427449592586863e-05,0,0,0,0.39,0,0,0,-1.500000000003062,-3.641201889765326e-12,0.34996362464581454
8.260499999998604,-0.6258490937897833,0.000162114452971114,-4.9979884125090966e-05,0.9999999978961169,-2.6334558720810273e-09,4.7913121842781985e-05,4.372756712737028e-05,0,0,0,0.39,0,0,0,-1.500000000003062,-3.641212270600281e-12,0.34996362464581454
8.280499999998629,-0.6258448734394253,0.00016261388039817942,-4.99799349690825e-05,0.9999999979194739,-2.7258012821490034e-09,4.791307007616259e-05,4.319017436079522e-05,0,0,0,0.39,0,0,0,-1.500000000003062,-3.641223625515482e-12,0.34996362464581454
8.300499999998653,-0.6258407662413399,0.00016310654265618715,-4.997998331772322e-05,0.9999999979421443,-2.8167239274788893e-09,4.791301929379892e-05,4.2662103434655825e-05,0,0,0,0.39,0,0,0,-1.500000000003062,-3.641234742127007e-12,0.34996362464581454
8.320499999998678,-0.625836769173138,0.00016359253145578807,-4.998002929908686e-05,0.9999999979641518,-2.906249926357937e-09,4.7912969501559564e-05,4.214314644362312e-05,0,0,0,0.39,0,0,0,-1.500000000003062,-3.64124186082063e-12,0.34996362464581454
8.340499999998702,-0.6258328792924175,0.0001640719372605795,-4.998007308455173e-05,0.9999999979855186,-2.9944047821829074e-09,4.791292071583799e-05,4.163310154960637e-05,0,0,0,0.39,0,0,0,-1.500000000003062,-3.64124632477653e-12,0.34996362464581454
8.360499999998726,-0.6258290937346931,0.00016454484930428245,-4.998011486716086e-05,0.9999999980062669,-3.081213398926595e-09,4.7912872957601874e-05,4.1131772771011505e-05,0,0,0,0.39,0,0,0,-1.500000000003062,-3.641248407871671e-12,0.34996362464581454
8.38049999999875,-0.6258254097113843,0.0001650113556076699,-4.9980154845126785e-05,0.9999999980264176,-3.166700094370728e-09,4.7912826247991756e-05,4.0638969779868497e-05,0,0,0,0.39,0,0,0,-1.500000000003062,-3.641249423031495e-12,0.34996362464581454
8.400499999998775,-0.6258218245078486,0.00016547154299524858,-4.998019320992427e-05,0.9999999980459903,-3.250888620810527e-09,4.791278060526933e-05,4.015450770652994e-05,0,0,0,0.39,0,0,0,-1.500000000003062,-3.64124655018377e-12,0.34996362464581454
8.4204999999988,-0.625818335481466,0.00016592549711170137,-4.9980230138419585e-05,0.9999999980650043,-3.3338021833935287e-09,4.7912736042898646e-05,3.967820695165331e-05,0,0,0,0.39,0,0,0,-1.500000000003062,-3.641243354550331e-12,0.34996362464581454
8.440499999998824,-0.6258149400597643,0.0001663733024380914,-4.998026578803763e-05,0.9999999980834782,-3.4154634531100713e-09,4.7912692568521654e-05,3.9209893005190624e-05,0,0,0,0.39,0,0,0,-1.500000000003062,-3.641241580419161e-12,0.34996362464581454
8.460499999998849,-0.6258116357385979,0.00016681504230783332,-4.998030029456351e-05,0.9999999981014311,-3.495894583851026e-09,4.791265018362688e-05,3.874939627211868e-05,0,0,0,0.39,0,0,0,-1.500000000003062,-3.641240938450725e-12,0.34996362464581454
8.480499999998873,-0.6258084200803663,0.00016725079892243618,-4.998033377186766e-05,0.9999999981188775,-3.57511722698702e-09,4.791260888372794e-05,3.829655190465356e-05,0,0,0,0.39,0,0,0,-1.500000000003062,-3.6412425969365025e-12,0.34996362464581454
8.500499999998897,-0.625805290712278,0.00016768065336702077,-4.998036631296837e-05,0.9999999981358352,-3.6531525470814036e-09,4.7912568658883814e-05,3.7851199640705e-05,0,0,0,0.39,0,0,0,-1.500000000003062,-3.641244131337567e-12,0.34996362464581454
8.520499999998922,-0.6258022453246559,0.00016810468562561553,-4.998039799202645e-05,0.999999998152321,-3.730021233450677e-09,4.791252949441532e-05,3.7413183648332045e-05,0,0,0,0.39,0,0,0,-1.500000000003062,-3.641246562458667e-12,0.34996362464581454
8.540499999998946,-0.6257992816692873,0.00016852297459623452,-4.998042886676509e-05,0.9999999981683484,-3.805743515880906e-09,4.791249137173559e-05,3.698235237597372e-05,0,0,0,0.39,0,0,0,-1.500000000003062,-3.6412480469926925e-12,0.34996362464581454
8.56049999999897,-0.6257963975578126,0.0001689355981057422,-4.998045898117745e-05,0.9999999981839337,-3.8803391756523676e-09,4.7912454269200975e-05,3.655855840823626e-05,0,0,0,0.39,0,0,0,-1.500000000003062,-3.6412499081873796e-12,0.34996362464581454
8.580499999998995,-0.6257935908601556,0.00016934263292450638,-4.998048836816669e-05,0.9999999981990904,-3.953827559485349e-09,4.7912418162919017e-05,3.614165832702512e-05,0,0,0,0.39,0,0,0,-1.500000000003062,-3.641251784664151e-12,0.34996362464581454
8.60049999999902,-0.6257908595029913,0.00016974415478084506,-4.998051705206999e-05,0.9999999982138318,-4.026227588626051e-09,4.7912383027486645e-05,3.5731512577820325e-05,0,0,0,0.39,0,0,0,-1.500000000003062,-3.641254081343496e-12,0.34996362464581454
8.620499999999044,-0.6257882014682534,0.0001701402383752691,-4.9980545050802675e-05,0.9999999982281701,-4.0975577751983e-09,4.7912348836629895e-05,3.532798534090004e-05,0,0,0,0.39,0,0,0,-1.500000000003062,-3.641254731461044e-12,0.34996362464581454
8.640499999999069,-0.6247418960580613,0.00017068121242429493,-4.3973297174508757e-05,0.9999999982395374,-5.524209739228907e-07,5.552230545030928e-05,2.0925881955632573e-05,0,0,-0.65,0.39,0,0,0,-1.500000000003062,-3.641253346073263e-12,0.34996362464581454
8.660499999999093,-0.6218534716760844,0.00017121516830537946,-3.6390689058833235e-05,0.9999999977124311,-1.1280322481131324e-06,6.500420286346014e-05,-1.8663288462611373e-05,0,0,-0.65,0.39,0,0,0,-1.500000000003062,-3.641251207001963e-12,0.34996362464581454
8.680499999999117,-0.6177115426634726,0.0001713343394324738,-3.2167518011437366e-05,0.9999999947274432,-1.230112104316697e-06,6.998383612366988e-05,-7.513895587315961e-05,0,0,-0.65,0.39,0,0,0,-1.500000000003062,-3.641248062953677e-12,0.34996362464581454
8.700499999999142,-0.612824846820707,0.00017075698944293163,-3.093547664073839e-05,0.9999999875182038,-9.934817079135125e-07,7.111494804660599e-05,-0.0001410860387233085,0,0,-0.65,0.39,0,0,0,-1.500000000003062,-3.6412462455113475e-12,0.34996362464581454
8.720499999999166,-0.607618145892794,0.00016936680291844116,-3.175237159208026e-05,0.9999999754182093,-6.115538934219834e-07,6.977471617814493e-05,-0.0002104630549249515,0,0,-0.65,0.39,0,0,0,-1.500000000003062,-3.641243464340749e-12,0.34996362464581454
8.74049999999919,-0.6024367862408242,0.0001672212196167458,-3.3888294561541145e-05,0.9999999589616655,-2.135847624339818e-07,6.694984192840941e-05,-0.0002785576064378567,0,0,-0.65,0.39,0,0,0,-1.500000000003062,-3.641240941193388e-12,0.34996362464581454
8.760499999999215,-0.5975531718695714,0.00016451962700804866,-3.684555704362195e-05,0.9999999395712688,1.3370208219468859e-07,6.324838863448741e-05,-0.0003418436516009194,0,0,-0.65,0.39,0,0,0,-1.500000000003062,-3.641237602743056e-12,0.34996362464581454
8.78049999999924,-0.5931737587983049,0.00016154969888593234,-4.02815944413663e-05,0.999999919125524,4.039577654256757e-07,5.9051487538287595e-05,-0.00039782119425101634,0,0,-0.65,0.39,0,0,0,-1.500000000003062,-3.6412343177510074e-12,0.34996362464581454
8.800499999999264,-0.589446191957917,0.00015862955325760079,-4.395026000727098e-05,0.999999899558725,5.932329620994777e-07,5.461865284363056e-05,-0.0004448583930752201,0,0,-0.65,0.39,0,0,0,-1.500000000003062,-3.6412333928393755e-12,0.34996362464581454
8.820499999999289,-0.5864664416534524,0.00015605756561383482,-4.766762002052401e-05,0.9999998825597984,7.087432020474803e-07,5.014246950836038e-05,-0.0004820431710738976,0,0,-0.65,0.39,0,0,0,-1.500000000003062,-3.64123271905283e-12,0.34996362464581454
8.840499999999313,-0.5842858366877478,0.00015407593716696875,-5.1293306288612296e-05,0.999999869387338,7.624572585618758e-07,4.5773775380814484e-05,-0.0005090476263919374,0,0,-0.65,0.39,0,0,0,-1.500000000003062,-3.641234318093193e-12,0.34996362464581454
8.860499999999337,-0.5829178958019571,0.0001528497250756094,-5.472022471011117e-05,0.999999860791507,7.67583152773312e-07,4.163267763739023e-05,-0.0005260067474586068,0,0,-0.65,0.39,0,0,0,-1.500000000003062,-3.641238578556111e-12,0.34996362464581454
8.880499999999362,-0.5823448648337303,0.00015246013096994508,-5.7868438673583165e-05,0.9999998570207295,7.36709914174719e-07,3.781347316663031e-05,-0.0005334117740851903,0,0,-0.65,0.39,0,0,0,-1.500000000003062,-3.641244231836203e-12,0.34996362464581454
8.900499999999386,-0.5825238781349963,0.00015290921116982022,-6.068104820533807e-05,0.9999998578870652,6.808964280367478e-07,3.438721389361602e-05,-0.0005320177687592303,0,0,-0.65,0.39,0,0,0,-1.500000000003062,-3.641250128824038e-12,0.34996362464581454
8.92049999999941,-0.5834124195828365,0.00015584848738551564,-1.5567423079926302e-05,0.9999998601315789,9.656180560345828e-07,-7.353126396477771e-05,-0.0005237643014078737,0,0,-0.65,0.39,0,0,0,-1.500000000003062,-3.641255226695032e-12,0.34996362464581454
8.940499999999435,-0.584998251059284,0.00016319843290149883,-0.00011188286472695029,0.9999996331608286,1.8072474803264655e-06,-0.0006829439682185642,-0.0005169743494960574,0,0,-0.65,0.39,0,0,0,-1.500000000003062,-3.6412590503626755e-12,0.34996362464581454
8.96049999999946,-0.5877482279669577,0.00016706517987362873,-0.0001127010045757866,0.9999997710910051,1.3259872411657161e-06,-0.0004408523160325619,-0.0005132888219453413,0,0,-0.65,0.39,0,0,0,-1.500000000003062,-3.641262479638391e-12,0.34996362464581454
8.980499999999484,-0.5912161896673546,0.00017089372280696647,-9.260660615830226e-05,0.9999997809605569,1.2061516655596168e-06,0.0004253904996824741,-0.0005070703171532313,0,0,-0.65,0.39,0,0,0,-1.500000000003062,-3.641266469290906e-12,0.34996362464581454
9.000499999999509,-0.5934096793721311,0.00017331538808498632,-7.778902632321475e-05,0.9999997983529678,8.401336543270467e-07,0.00039887192169214407,-0.0004941604073802206,0,0,-0.65,0.39,0,0,0,-1.500000000003062,-3.641271328636932e-12,0.34996362464581454
9.020499999999533,-0.5951380255920294,0.00017527031755502827,-6.913301453934194e-05,0.9999998558177193,4.295670004079027e-07,0.00023627445428891407,-0.00048222270611764036,0,0,-0.65,0.39,0,0,0,-1.500000000003062,-3.641275210749611e-12,0.34996362464581454
9.040499999999557,-0.5966345768027024,0.000176968520149558,-6.435095191793374e-05,0.9999998806546468,1.6890398366990936e-07,0.0001270128974381579,-0.00047176094465735185,0,0,-0.65,0.39,0,0,0,-1.500000000003062,-3.641278365649319e-12,0.34996362464581454
9.060499999999582,-0.5979252492144844,0.00017843251817178848,-6.171162330507543e-05,0.9999998901281474,3.213041371112629e-08,7.436415136862611e-05,-0.00046283222129583934,0,0,-0.65,0.39,0,0,0,-1.500000000003062,-3.641282683022488e-12,0.34996362464581454
9.080499999999606,-0.5990057865939873,0.00017966728856787868,-6.019051126917978e-05,0.9999998949113713,-3.357360558732192e-08,5.22476243430898e-05,-0.0004554639737154496,0,0,-0.65,0.39,0,0,0,-1.500000000003062,-3.6412847452898195e-12,0.34996362464581454
9.10049999999963,-0.5998842445677688,0.00018069128137724368,-5.924262092324848e-05,0.9999998979960182,-6.115277101553622e-08,4.3501833238089944e-05,-0.00044957261933437727,0,0,-0.65,0.39,0,0,0,-1.500000000003062,-3.641286812988245e-12,0.34996362464581454
9.120499999999655,-0.6005793747923533,0.00018153043059617133,-5.859909050976215e-05,0.9999999001780514,-6.848136788028513e-08,4.023529214341131e-05,-0.00044500000551789005,0,0,-0.65,0.39,0,0,0,-1.500000000003062,-3.641288372578729e-12,0.34996362464581454
9.14049999999968,-0.6011140144765093,0.0001822117568331606,-5.8132148325681265e-05,0.9999999017449097,-6.541578519526904e-08,3.91465498418197e-05,-0.0004415628104066671,0,0,-0.65,0.39,0,0,0,-1.500000000003062,-3.641290976420885e-12,0.34996362464581454
9.160499999999704,-0.6015114840065057,0.00018276060556343874,-5.778069904784645e-05,0.9999999028483496,-5.74487305633188e-08,3.8893518535490704e-05,-0.00043907924461130527,0,0,-0.65,0.39,0,0,0,-1.500000000003062,-3.641292917386165e-12,0.34996362464581454
9.180499999999729,-0.6017940120666372,0.00018319977434237306,-5.751382035001572e-05,0.9999999035911837,-4.7587595541280975e-08,3.893650928726382e-05,-0.00043738034849777173,0,0,-0.65,0.39,0,0,0,-1.500000000003062,-3.641293421407579e-12,0.34996362464581454
9.200499999999753,-0.6019820981493841,0.0001835494087016382,-5.7313988016128044e-05,0.999999904052123,-3.7421632149880856e-08,3.906126980514196e-05,-0.0004363140630909523,0,0,-0.65,0.39,0,0,0,-1.500000000003062,-3.641293860469773e-12,0.34996362464581454
9.220499999999777,-0.6020942773509315,0.00018382716071832235,-5.716964370126927e-05,0.9999999042948572,-2.775023805743742e-08,3.918551995775571e-05,-0.0004357462236843074,0,0,-0.65,0.39,0,0,0,-1.500000000003062,-3.641292046507298e-12,0.34996362464581454
9.240499999999802,-0.6021470604813453,0.00018404840872815733,-5.707197625713441e-05,0.9999999043721481,-1.894564045399528e-08,3.9280527075306675e-05,-0.00043556025372372225,0,0,-0.65,0.39,0,0,0,-1.500000000003062,-3.6412911959403725e-12,0.34996362464581454
9.260499999999826,-0.6021549564313459,0.00018422646841195048,-5.701355658505642e-05,0.9999999043280088,-1.115462259287604e-08,3.933918363953778e-05,-0.0004356562896994721,0,0,-0.65,0.39,0,0,0,-1.500000000003062,-3.641293232801777e-12,0.34996362464581454
9.28049999999985,-0.6021305381696215,0.00018437277791618685,-5.6987776529376033e-05,0.9999999041990556,-4.406847669361863e-09,3.9362944090021045e-05,-0.0004359500423005683,0,0,-0.65,0.39,0,0,0,-1.500000000003062,-3.64129390403231e-12,0.34996362464581454
9.300499999999875,-0.6020845353940699,0.00018449705844569776,-5.698863185881599e-05,0.9999999040154742,1.3284253646790517e-09,3.935644741367784e-05,-0.0004363715300248279,0,0,-0.65,0.39,0,0,0,-1.500000000003062,-3.64129091066538e-12,0.34996362464581454
9.3204999999999,-0.6020259453845571,0.00018460745701632047,-5.701064865657353e-05,0.999999903801786,6.112956906578615e-09,3.9325288155412936e-05,-0.00043686375403060353,0,0,-0.65,0.39,0,0,0,-1.500000000003062,-3.641286388172744e-12,0.34996362464581454
9.340499999999924,-0.6019621569372096,0.00018471067819729095,-5.704886564015989e-05,0.9999999035775032,1.0024150845874884e-08,3.9275085211832855e-05,-0.000437381355334622,0,0,-0.65,0.39,0,0,0,-1.500000000003062,-3.6412809306314514e-12,0.34996362464581454
9.360499999999949,-0.6018990835728898,0.00018481211012363137,-5.709883441434227e-05,0.9999999033577274,1.3146712406643779e-08,3.92110909563935e-05,-0.0004378892831452354,0,0,-0.65,0.39,0,0,0,-1.500000000003062,-3.641277081520911e-12,0.34996362464581454
9.380499999999973,-0.601841302770808,0.00018491594817255172,-5.715662142235367e-05,0.9999999031537017,1.556782452004633e-08,3.913802968972236e-05,-0.000438361496658291,0,0,-0.65,0.39,0,0,0,-1.500000000003062,-3.6412747843562615e-12,0.34996362464581454
9.400499999999997,-0.6017921982827652,0.00018502531799080465,-5.72188050198017e-05,0.9999999029733315,1.737412546109343e-08,3.906003712902027e-05,-0.00043877971836377757,0,0,-0.65,0.39,0,0,0,-1.500000000003062,-3.641273374693252e-12,0.34996362464581454
9.420500000000022,-0.6017541028266848,0.00018514239820586068,-5.728246543570536e-05,0.9999999028216825,1.8649668250530325e-08,3.898064749228659e-05,-0.0004391322534428127,0,0,-0.65,0.39,0,0,0,-1.500000000003062,-3.641273445077174e-12,0.34996362464581454
9.440500000000046,-0.6017284387077484,0.00018526854218455118,-5.734516735785315e-05,0.9999999027014393,1.9474474891871955e-08,3.890280537820484e-05,-0.0004394128867010365,0,0,-0.65,0.39,0,0,0,-1.500000000003062,-3.64127374864806e-12,0.34996362464581454
9.46050000000007,-0.6017158541897136,0.00018540439759006085,-5.740493578060354e-05,0.999999902613341,1.9923499833815904e-08,3.882889218092994e-05,-0.00043961986555290683,0,0,-0.65,0.39,0,0,0,-1.500000000003062,-3.641271803419816e-12,0.34996362464581454
9.480500000000095,-0.601716353736625,0.0001855500221783804,-5.746022615223789e-05,0.9999999025565783,2.0065907305442922e-08,3.876076191349716e-05,-0.00043975497483107084,0,0,-0.65,0.39,0,0,0,-1.500000000003062,-3.641267908661058e-12,0.34996362464581454
9.50050000000012,-0.601729420557994,0.0001857049942063494,-5.7509890014405736e-05,0.999999902529152,1.99646059460872e-08,3.8699783435091265e-05,-0.00043982270667204264,0,0,-0.65,0.39,0,0,0,-1.500000000003062,-3.6412632518533495e-12,0.34996362464581454
9.520500000000144,-0.6017541302088807,0.00018586851593304767,-5.7553137355240825e-05,0.9999999025281986,1.9676000344989393e-08,3.8646886985035464e-05,-0.00043982952645402787,0,0,-0.65,0.39,0,0,0,-1.500000000003062,-3.641260005875199e-12,0.34996362464581454
9.540500000000169,-0.6017892543107024,0.00018603950892704757,-5.758949685678769e-05,0.9999999025502685,1.9249925697572276e-08,3.860261335496195e-05,-0.0004397832337581167,0,0,-0.65,0.39,0,0,0,-1.500000000003062,-3.6412615139612976e-12,0.34996362464581454
9.560500000000193,-0.6018333537608114,0.00018621670019414865,-5.7618775134616733e-05,0.9999999025915725,1.8729735051227432e-08,3.8567164277445195e-05,-0.00043969241560353254,0,0,-0.65,0.39,0,0,0,-1.500000000003062,-3.641263164852049e-12,0.34996362464581454
9.580500000000217,-0.6018848610821964,0.00018639869847274682,-5.7641015961700975e-05,0.9999999026481838,1.815251089762662e-08,3.854045279284804e-05,-0.0004395659877747563,0,0,-0.65,0.39,0,0,0,-1.500000000003062,-3.641267100761218e-12,0.34996362464581454
9.600500000000242,-0.601942151823783,0.00018658406037535706,-5.765646034643034e-05,0.9999999027162053,1.7549374995568014e-08,3.852215252078233e-05,-0.0004394128189084893,0,0,-0.65,0.39,0,0,0,-1.500000000003062,-3.641272934592636e-12,0.34996362464581454
9.620500000000266,-0.602003605152993,0.00018677134636226067,-5.7665508206150723e-05,0.9999999027919009,1.6945872839340214e-08,3.851174492344822e-05,-0.00043924143113002284,0,0,-0.65,0.39,0,0,0,-1.500000000003062,-3.641278378751365e-12,0.34996362464581454
9.64050000000029,-0.6020676539829732,0.00018695916680195275,-5.766868224701775e-05,0.9999999028717995,1.636241163353943e-08,3.850856380811902e-05,-0.00043905977040490626,0,0,-0.65,0.39,0,0,0,-1.500000000003062,-3.641283028181313e-12,0.34996362464581454
9.660500000000315,-0.6021328251459636,0.00018714621859492508,-5.76665945310921e-05,0.9999999029527651,1.581473326206194e-08,3.851183647371051e-05,-0.0004388750393820729,0,0,-0.65,0.39,0,0,0,-1.500000000003062,-3.64128535867098e-12,0.34996362464581454
9.68050000000034,-0.6021977702614059,0.00018733131300953406,-5.765991608908634e-05,0.9999999030320413,1.5314406389773948e-08,3.8520721058642526e-05,-0.0004386935853253317,0,0,-0.65,0.39,0,0,0,-1.500000000003062,-3.6412864495247e-12,0.34996362464581454
9.700500000000364,-0.6022612880532846,0.0001875133955024627,-5.7649349819993356e-05,0.9999999031072858,1.486932418836814e-08,3.853433979126141e-05,-0.00043852083573611456,0,0,-0.65,0.39,0,0,0,-1.500000000003062,-3.641286359399705e-12,0.34996362464581454
9.720500000000388,-0.6023223389471627,0.00018769155837550689,-5.7635606813539e-05,0.9999999031765714,1.4484196404932224e-08,3.855180797698313e-05,-0.0004383612744354144,0,0,-0.65,0.39,0,0,0,-1.500000000003062,-3.641334825008134e-12,0.34996362464581454
9.740500000000413,-0.6023800528255137,0.00018786504716067996,-5.761938613505485e-05,0.999999903238381,1.4161026572935508e-08,3.8572258676129646e-05,-0.0004382184511708151,0,0,-0.65,0.39,0,0,0,-1.500000000003062,-3.641400385193992e-12,0.34996362464581454
9.760500000000437,-0.6024337308425757,0.00018803326163323327,-5.760135802933845e-05,0.9999999032915913,1.389956702714994e-08,3.859486313165784e-05,-0.00043809501821960773,0,0,-0.65,0.39,0,0,0,-1.500000000003062,-3.641454372878484e-12,0.34996362464581454
9.780500000000462,-0.6024828421998936,0.00018819575233360633,-5.758215042874604e-05,0.9999999033354466,1.3697745881359763e-08,3.8618847095740526e-05,-0.00043799278794660245,0,0,-0.65,0.39,0,0,0,-1.500000000003062,-3.641494590732904e-12,0.34996362464581454
9.800500000000486,-0.6025270167638674,0.00018835221344063374,-5.7562338591771986e-05,0.9999999033695226,1.3552061687844994e-08,3.8643503278246405e-05,-0.00043791280582224345,0,0,-0.65,0.39,0,0,0,-1.500000000003062,-3.641559747908881e-12,0.34996362464581454
9.82050000000051,-0.6025660343700543,0.0001885024727849685,-5.754243765092274e-05,0.9999999033936899,1.345794271413418e-08,3.866820019880201e-05,-0.0004378554339917349,0,0,-0.65,0.39,0,0,0,-1.500000000003062,-3.641633028859279e-12,0.34996362464581454
9.840500000000535,-0.6025998116087178,0.0001886464797283156,-5.7522897814038394e-05,0.9999999034080759,1.3410068943370907e-08,3.869238776784037e-05,-0.00043782044108991026,0,0,-0.65,0.39,0,0,0,-1.500000000003062,-3.641723008204279e-12,0.34996362464581454
9.86050000000056,-0.6026283868251454,0.0001887842915645204,-5.7504101937903645e-05,0.9999999034130204,1.3402655836292338e-08,3.8715599951940115e-05,-0.0004378070946026923,0,0,-0.65,0.39,0,0,0,-1.500000000003062,-3.641816980656113e-12,0.34996362464581454
9.880500000000584,-0.6026519039993946,0.00018891605902589031,-5.748636517877091e-05,0.99999990340904,1.342969983370966e-08,3.873745489594026e-05,-0.00043781425266971037,0,0,-0.65,0.39,0,0,0,-1.500000000003062,-3.641879278727436e-12,0.34996362464581454
9.900500000000608,-0.602670596096038,0.00018904201140468885,-5.74699364182175e-05,0.9999999033967862,1.3485186369594198e-08,3.8757652880187205e-05,-0.00043784045279191415,0,0,-0.65,0.39,0,0,0,-1.500000000003062,-3.641939907198191e-12,0.34996362464581454
9.920500000000633,-0.6026847683975268,0.0001891624417273176,-5.745500116475826e-05,0.9999999033770107,1.3563261665097181e-08,3.8775972487316967e-05,-0.0004378839954431973,0,0,-0.65,0.39,0,0,0,-1.500000000003062,-3.642010709711498e-12,0.34996362464581454
9.940500000000657,-0.6026947822571689,0.00018927769234861524,-5.744168564060863e-05,0.9999999033505308,1.3658370339963998e-08,3.8792265340643965e-05,-0.00043794302107870485,0,0,-0.65,0.39,0,0,0,-1.500000000003062,-3.642052326300866e-12,0.34996362464581454
9.960500000000682,-0.602701039631278,0.00018938814126688022,-5.743006177679621e-05,0.9999999033182011,1.3765361151414699e-08,3.880644975712823e-05,-0.00043801557947942705,0,0,-0.65,0.39,0,0,0,-1.500000000003062,-3.64206787652627e-12,0.34996362464581454
9.980500000000706,-0.602703968676387,0.00018949418939739147,-5.742015285903897e-05,0.9999999032808877,1.3879563623328651e-08,3.881850363338242e-05,-0.00043809969076953923,0,0,-0.65,0.39,0,0,0,-1.500000000003062,-3.642085114496957e-12,0.34996362464581454
10.00050000000073,-0.602704010627839,0.00018959624898382888,-5.741193958830225e-05,0.9999999032394438,1.3996838463621456e-08,3.8828456854682375e-05,-0.00043819339778823917,0,0,-0.65,0.39,0,0,0,-1.500000000003062,-3.642133887858601e-12,0.34996362464581454
10.020500000000755,-0.6027016081116082,0.0001896947332734647,-5.740536634478262e-05,0.999999903194693,1.4113604937128157e-08,3.883638348566457e-05,-0.0004382948097914751,0,0,-0.65,0.39,0,0,0,-1.500000000003062,-3.642168238012377e-12,0.34996362464581454
10.04050000000078,-0.6026971949826345,0.0001897900475335342,-5.7400347470139954e-05,0.9999999031474125,1.4226848349133835e-08,3.884239396860439e-05,-0.00043840213770226713,0,0,-0.65,0.39,0,0,0,-1.500000000003062,-3.642188819982951e-12,0.34996362464581454
10.060500000000804,-0.6026911877307943,0.00018988258144299414,-5.73967734091002e-05,0.9999999030983234,1.4334110784213366e-08,3.884662752172438e-05,-0.00043851372132357966,0,0,-0.65,0.39,0,0,0,-1.500000000003062,-3.642194943931058e-12,0.34996362464581454
10.080500000000828,-0.6026839784501882,0.00018997270285601737,-5.739451657861411e-05,0.9999999030480812,1.4433468165131478e-08,3.884924489683865e-05,-0.00043862804907808306,0,0,-0.65,0.39,0,0,0,-1.500000000003062,-3.642191028475793e-12,0.34996362464581454
10.100500000000853,-0.6026759293287952,0.00019006075290108057,-5.7393436858173725e-05,0.9999999029972703,1.4523496562714814e-08,3.885042162358344e-05,-0.00043874377094840127,0,0,-0.65,0.39,0,0,0,-1.500000000003062,-3.642184737422507e-12,0.34996362464581454
10.120500000000877,-0.6026673685836699,0.00019014704235232902,-5.739338661995678e-05,0.9999999029464,1.4603230446294552e-08,3.885034183700742e-05,-0.00043885970536377037,0,0,-0.65,0.39,0,0,0,-1.500000000003062,-3.6421781664663366e-12,0.34996362464581454
10.140500000000902,-0.602658587741502,0.0001902318491879214,-5.739421524064453e-05,0.99999990289591,1.4672115366152043e-08,3.8849192756951724e-05,-0.00043897484081887185,0,0,-0.65,0.39,0,0,0,-1.500000000003062,-3.642171180265423e-12,0.34996362464581454
10.160500000000926,-0.6026498401451802,0.00019031541723308243,-5.7395773057442417e-05,0.9999999028461628,1.4729957279090235e-08,3.884715986184336e-05,-0.00043908833302245734,0,0,-0.65,0.39,0,0,0,-1.500000000003062,-3.642166357000186e-12,0.34996362464581454
10.18050000000095,-0.602641340553586,0.00019039795577334225,-5.73979147500574e-05,0.9999999027974508,1.4776870450964145e-08,3.884442277636956e-05,-0.0004391994983617587,0,0,-0.65,0.39,0,0,0,-1.500000000003062,-3.642164237146946e-12,0.34996362464581454
10.200500000000975,-0.6026332656936348,0.00019047964001559918,-5.740050214769842e-05,0.9999999027500042,1.481322558681779e-08,3.88411518722647e-05,-0.00043930780443787227,0,0,-0.65,0.39,0,0,0,-1.500000000003062,-3.642161539963542e-12,0.34996362464581454
10.220500000001,-0.6026257556200587,0.00019056061227081753,-5.7403406473713784e-05,0.9999999027039899,1.4839599548457813e-08,3.883750556418543e-05,-0.0004394128583814332,0,0,-0.65,0.39,0,0,0,-1.500000000003062,-3.642157060001226e-12,0.34996362464581454
10.240500000001024,-0.6026189157389623,0.0001906409837319272,-5.740651005207488e-05,0.9999999026595193,1.485672776389898e-08,3.88336282682561e-05,-0.00043951439360075264,0,0,-0.65,0.39,0,0,0,-1.500000000003062,-3.6421720551593945e-12,0.34996362464581454
10.260500000001048,-0.602612819355204,0.00019072083672336585,-5.7409707510877655e-05,0.9999999026166573,1.4865460155853363e-08,3.882964897937079e-05,-0.00043961225554957513,0,0,-0.65,0.39,0,0,0,-1.500000000003062,-3.642185018503202e-12,0.34996362464581454
10.280500000001073,-0.6026075106105274,0.00019080022730422013,-5.741290652434785e-05,0.9999999025754255,1.4866721199975043e-08,3.882568041455627e-05,-0.00043970638703182715,0,0,-0.65,0.39,0,0,0,-1.500000000003062,-3.6421943528667365e-12,0.34996362464581454
10.300500000001097,-0.6026030076885325,0.0001908791881145734,-5.741602814017778e-05,0.9999999025358104,1.4861474493627454e-08,3.882181866342673e-05,-0.00043979681348879635,0,0,-0.65,0.39,0,0,0,-1.500000000003062,-3.642199342575571e-12,0.34996362464581454
10.320500000001122,-0.6025993061734712,0.000190957731363997,-5.741900674293369e-05,0.9999999024977675,1.4850692034115436e-08,3.881814328284012e-05,-0.0004398836286423997,0,0,-0.65,0.39,0,0,0,-1.500000000003062,-3.64220298812356e-12,0.34996362464581454
10.340500000001146,-0.6025963824619609,0.00019103585187164648,-5.742178970550179e-05,0.9999999024612318,1.4835328248016376e-08,3.881471777100775e-05,-0.0004399669807984248,0,0,-0.65,0.39,0,0,0,-1.500000000003062,-3.6422081567661555e-12,0.34996362464581454
10.36050000000117,-0.6025941971395595,0.00019111353007873186,-5.742433678117124e-05,0.9999999024261181,1.4816298694573786e-08,3.881159035628969e-05,-0.00044004706004735505,0,0,-0.65,0.39,0,0,0,-1.500000000003062,-3.6422096607465034e-12,0.34996362464581454
10.380500000001195,-0.6025926982473222,0.00019119073496580994,-5.742661928696196e-05,0.9999999023923283,1.4794463203542072e-08,3.8808795037475915e-05,-0.00044012408653883167,0,0,-0.65,0.39,0,0,0,-1.500000000003062,-3.642210254814735e-12,0.34996362464581454
10.40050000000122,-0.6025918243765899,0.0001912674268190758,-5.7428619127703254e-05,0.9999999023597573,1.4770613191690648e-08,3.880635281521084e-05,-0.0004401982999497166,0,0,-0.65,0.39,0,0,0,-1.500000000003062,-3.642210811677593e-12,0.34996362464581454
10.420500000001244,-0.6025915075430331,0.00019134355980127276,-5.743032770663402e-05,0.999999902328295,1.4745462787297839e-08,3.880427305811747e-05,-0.0004402699502157443,0,0,-0.65,0.39,0,0,0,-1.500000000003062,-3.642209932929793e-12,0.34996362464581454
10.440500000001268,-0.6025916758031277,0.00019141908429377814,-5.743174476443267e-05,0.9999999022978313,1.4719643383095493e-08,3.88025549519289e-05,-0.0004403392895531196,0,0,-0.65,0.39,0,0,0,-1.500000000003062,-3.642207538411091e-12,0.34996362464581454
10.460500000001293,-0.6025922555875659,0.00019149394898663482,-5.743287718473537e-05,0.9999999022682579,1.4693701176528083e-08,3.8801188985240356e-05,-0.00044040656575926253,0,0,-0.65,0.39,0,0,0,-1.500000000003062,-3.642204284695808e-12,0.34996362464581454
10.480500000001317,-0.6025931737364554,0.00019156810270263568,-5.743373779936704e-05,0.9999999022394706,1.466809729248528e-08,3.880015843115156e-05,-0.00044047201675109836,0,0,-0.65,0.39,0,0,0,-1.500000000003062,-3.6422015837190225e-12,0.34996362464581454
10.500500000001342,-0.6025943592303984,0.00019164149594992348,-5.7434344221997836e-05,0.9999999022113724,1.4643210054947024e-08,3.879944078994715e-05,-0.00044053586627459967,0,0,-0.65,0.39,0,0,0,-1.500000000003062,-3.6421992728482855e-12,0.34996362464581454
10.520500000001366,-0.6025957446196415,0.0001917140822048738,-5.743471773411057e-05,0.999999902183874,1.4619339002249934e-08,3.879900916382049e-05,-0.00044059832070034654,0,0,-0.65,0.39,0,0,0,-1.500000000003062,-3.642197698758808e-12,0.34996362464581454
10.54050000000139,-0.6025972671603682,0.0001917858189332483,-5.7434882242326326e-05,0.9999999021568943,1.4596710244706525e-08,3.879883354039143e-05,-0.0004406595668062213,0,0,-0.65,0.39,0,0,0,-1.500000000003062,-3.642194868911627e-12,0.34996362464581454
10.560500000001415,-0.6025988696729131,0.00019185666836275402,-5.743486332207638e-05,0.999999902130361,1.4575482819387795e-08,3.879888196724272e-05,-0.0004407197704394749,0,0,-0.65,0.39,0,0,0,-1.500000000003062,-3.642192412837946e-12,0.34996362464581454
10.58050000000144,-0.6026005011412104,0.0001919265980242303,-5.7434687358202283e-05,0.999999902104212,1.4555755712649039e-08,3.879912160484598e-05,-0.0004407790759457451,0,0,-0.65,0.39,0,0,0,-1.500000000003062,-3.642190643792677e-12,0.34996362464581454
10.600500000001464,-0.6026021170762313,0.00019199558108177914,-5.7434380789152854e-05,0.999999902078396,1.4537575259838174e-08,3.879951964995562e-05,-0.00044083760625159945,0,0,-0.65,0.39,0,0,0,-1.500000000003062,-3.642189519986928e-12,0.34996362464581454
10.620500000001488,-0.602603679668559,0.00019206359647431324,-5.7433969458459017e-05,0.999999902052868,1.4520942666746394e-08,3.880004412578498e-05,-0.00044089546348922444,0,0,-0.65,0.39,0,0,0,-1.500000000003062,-3.6421896275085355e-12,0.34996362464581454
10.640500000001513,-0.602605157756724,0.00019213062889230514,-5.7433478073184566e-05,0.9999999020275939,1.4505821451733598e-08,3.8800664539006466e-05,-0.00044095273005647403,0,0,-0.65,0.39,0,0,0,-1.500000000003062,-3.6421904050080544e-12,0.34996362464581454
10.660500000001537,-0.6026065266385174,0.0001921966686140699,-5.743292976757223e-05,0.9999999020025462,1.449214462153014e-08,3.8801352406799146e-05,-0.0004410094700120366,0,0,-0.65,0.39,0,0,0,-1.500000000003062,-3.642192399801849e-12,0.34996362464581454
10.680500000001562,-0.6026077677523959,0.00019226171122580033,-5.743234576724887e-05,0.9999999019777055,1.4479821444466416e-08,3.880208165984141e-05,-0.00044106573071352537,0,0,-0.65,0.39,0,0,0,-1.500000000003062,-3.64219370374735e-12,0.34996362464581454
10.700500000001586,-0.6026088682553217,0.0001923257572488923,-5.7431745147388494e-05,0.9999999019530559,1.4468743715967712e-08,3.880282892927724e-05,-0.0004411215446153915,0,0,-0.65,0.39,0,0,0,-1.500000000003062,-3.642193429790682e-12,0.34996362464581454
10.72050000000161,-0.6026098205221053,0.00019238881169695177,-5.743114467764116e-05,0.9999999019285951,1.4458791429647404e-08,3.880357372733929e-05,-0.00044117693115325297,0,0,-0.65,0.39,0,0,0,-1.500000000003062,-3.6421921404074525e-12,0.34996362464581454
10.740500000001635,-0.6026106215896266,0.00019245088358335429,-5.7430558745203606e-05,0.9999999019043143,1.4449837821850985e-08,3.880429853248049e-05,-0.00044123189865124114,0,0,-0.65,0.39,0,0,0,-1.500000000003062,-3.642189580908268e-12,0.34996362464581454
10.76050000000166,-0.6026112725672736,0.00019251198539842125,-5.7429999345842144e-05,0.9999999018802179,1.44417537506505e-08,3.8804988790609093e-05,-0.0004412864461989433,0,0,-0.65,0.39,0,0,0,-1.500000000003062,-3.642187229540843e-12,0.34996362464581454
10.780500000001684,-0.6026117780327171,0.00019257213257327867,-5.742947613458112e-05,0.9999999018563088,1.443441141533372e-08,3.8805632844408643e-05,-0.0004413405654541582,0,0,-0.65,0.39,0,0,0,-1.500000000003062,-3.642185440552054e-12,0.34996362464581454
10.800500000001708,-0.6026121454297426,0.00019263134294533304,-5.742899652563009e-05,0.9999999018325955,1.4427687421425592e-08,3.880622180271174e-05,-0.00044139424233696675,0,0,-0.65,0.39,0,0,0,-1.500000000003062,-3.642183924556541e-12,0.34996362464581454
10.820500000001733,-0.6026123844824282,0.00019268963623812293,-5.7428565832036465e-05,0.9999999018090838,1.442146522647756e-08,3.88067493616642e-05,-0.00044144745858912363,0,0,-0.65,0.39,0,0,0,-1.500000000003062,-3.642180877719126e-12,0.34996362464581454
10.840500000001757,-0.6026125066375007,0.00019274703356612737,-5.742818743625684e-05,0.9999999017857851,1.4415637002889267e-08,3.880721158887301e-05,-0.0004415001931806312,0,0,-0.65,0.39,0,0,0,-1.500000000003062,-3.6421781055319015e-12,0.34996362464581454
10.860500000001782,-0.6026125245443574,0.0001928035569729965,-5.742786298313735e-05,0.999999901762709,1.4410104971045623e-08,3.880760668104686e-05,-0.00044155242355232933,0,0,-0.65,0.39,0,0,0,-1.500000000003062,-3.642177510169509e-12,0.34996362464581454
10.880500000001806,-0.6026124515799433,0.0001928592290096485,-5.7427592587325006e-05,0.9999999017398646,1.4404782244234336e-08,3.880793470475303e-05,-0.0004416041266894497,0,0,-0.65,0.39,0,0,0,-1.500000000003062,-3.642176795523444e-12,0.34996362464581454
10.90050000000183,-0.6026123014235847,0.0001929140723567957,-5.742737504792284e-05,0.9999999017172644,1.439959325979783e-08,3.880819732897865e-05,-0.0004416552800263192,0,0,-0.65,0.39,0,0,0,-1.500000000003062,-3.642175941962137e-12,0.34996362464581454
10.920500000001855,-0.6026120876849351,0.00019296810949473496,-5.742720806463459e-05,0.9999999016949144,1.439447384009984e-08,3.880839755709875e-05,-0.00044170586218673957,0,0,-0.65,0.39,0,0,0,-1.500000000003062,-3.642176349338336e-12,0.34996362464581454
10.94050000000188,-0.602611823586456,0.00019302136242169124,-5.742708844925508e-05,0.999999901672827,1.438937095178945e-08,3.880853946483019e-05,-0.00044175585356809354,0,0,-0.65,0.39,0,0,0,-1.500000000003062,-3.642177246811498e-12,0.34996362464581454
10.960500000001904,-0.6026115217003359,0.00019307385242064496,-5.742701232888328e-05,0.9999999016510059,1.4384242212382762e-08,3.8808627949618985e-05,-0.0004418052367799439,0,0,-0.65,0.39,0,0,0,-1.500000000003062,-3.642178099420095e-12,0.34996362464581454
10.980500000001928,-0.6026111937384481,0.00019312559987341588,-5.7426975336311365e-05,0.9999999016294617,1.4379055207004179e-08,3.880866849590109e-05,-0.00044185399694988004,0,0,-0.65,0.39,0,0,0,-1.500000000003062,-3.642178630726304e-12,0.34996362464581454
11.000500000001953,-0.6026108503928703,0.0001931766241198053,-5.7426972785739144e-05,0.9999999016081963,1.4373786656413582e-08,3.880866695961568e-05,-0.00044190212191070005,0,0,-0.65,0.39,0,0,0,-1.500000000003062,-3.64217766114781e-12,0.34996362464581454
11.020500000001977,-0.6026105012236141,0.00019322694335882496,-5.7426999830425106e-05,0.9999999015872146,1.4368421486604365e-08,3.8808629374448816e-05,-0.0004419496022837529,0,0,-0.65,0.39,0,0,0,-1.500000000003062,-3.642175047068991e-12,0.34996362464581454
11.040500000002002,-0.602610154589559,0.00019327657458844977,-5.742705160256533e-05,0.9999999015665202,1.4362951837845833e-08,3.880856178135914e-05,-0.0004419964314735009,0,0,-0.65,0.39,0,0,0,-1.500000000003062,-3.642171481805841e-12,0.34996362464581454
11.060500000002026,-0.6026098176181072,0.0001933255335799057,-5.742712333331619e-05,0.9999999015461148,1.4357376055149003e-08,3.8808470082204376e-05,-0.00044204260558817766,0,0,-0.65,0.39,0,0,0,-1.500000000003062,-3.642169094536395e-12,0.34996362464581454
11.08050000000205,-0.6026094962087812,0.0001933738348822407,-5.742721045327879e-05,0.9999999015259964,1.4351697679198455e-08,3.880835991754567e-05,-0.0004420881233008441,0,0,-0.65,0.39,0,0,0,-1.500000000003062,-3.642168320152467e-12,0.34996362464581454
11.100500000002075,-0.6026091950658511,0.0001934214918527985,-5.74273086742221e-05,0.9999999015061667,1.434592446670919e-08,3.8808236568133245e-05,-0.0004421329856643533,0,0,-0.65,0.39,0,0,0,-1.500000000003062,-3.642168932418837e-12,0.34996362464581454
11.1205000000021,-0.6026089177550737,0.00019346851670921686,-5.7427414052200286e-05,0.9999999014866234,1.434006747560229e-08,3.880810487909993e-05,-0.00044217719589265337,0,0,-0.65,0.39,0,0,0,-1.500000000003062,-3.6421704295957604e-12,0.34996362464581454
11.140500000002124,-0.6026086667797467,0.00019351492059867159,-5.742752303340906e-05,0.9999999014673654,1.4334140203769485e-08,3.880796920541822e-05,-0.00044222075911970547,0,0,-0.65,0.39,0,0,0,-1.500000000003062,-3.642173223019291e-12,0.34996362464581454
11.160500000002148,-0.6026084436714997,0.00019356071368028252,-5.742763248411691e-05,0.9999999014483886,1.4328157811325052e-08,3.880783337693219e-05,-0.0004422636821459788,0,0,-0.65,0.39,0,0,0,-1.500000000003062,-3.642176163401867e-12,0.34996362464581454
11.180500000002173,-0.6026082490915367,0.00019360590521686245,-5.7427739706155335e-05,0.9999999014296883,1.4322136425969138e-08,3.880770068101169e-05,-0.0004423059731811719,0,0,-0.65,0.39,0,0,0,-1.500000000003062,-3.642176502492153e-12,0.34996362464581454
11.200500000002197,-0.6026080829384074,0.00019365050367250436,-5.7427842439864515e-05,0.9999999014112628,1.4316092542646395e-08,3.88075738607361e-05,-0.00044234764159047096,0,0,-0.65,0.39,0,0,0,-1.500000000003062,-3.642177547755187e-12,0.34996362464581454
11.220500000002222,-0.6026079444587817,0.0001936945168128633,-5.7427938855970436e-05,0.999999901393106,1.4310042505239866e-08,3.880745512644153e-05,-0.0004423886976503462,0,0,-0.65,0.39,0,0,0,-1.500000000003062,-3.642177205091983e-12,0.34996362464581454
11.240500000002246,-0.6026078323581338,0.00019373795180536977,-5.742802753827412e-05,0.9999999013752129,1.4304002084923382e-08,3.880734617845031e-05,-0.00044242915231866266,0,0,-0.65,0.39,0,0,0,-1.500000000003062,-3.6421771368989944e-12,0.34996362464581454
11.26050000000227,-0.6026077449086866,0.00019378081531700733,-5.7428107458861525e-05,0.9999999013575791,1.4297986141742423e-08,3.88072482388401e-05,-0.00044246901702270233,0,0,-0.65,0.39,0,0,0,-1.500000000003062,-3.642178636264737e-12,0.34996362464581454
11.280500000002295,-0.6026076800524057,0.0001938231136076804,-5.7428177947450815e-05,0.9999999013401987,1.4292008362200671e-08,3.8807162090202056e-05,-0.00044250830346764764,0,0,-0.65,0.39,0,0,0,-1.500000000003062,-3.642181598725508e-12,0.34996362464581454
11.30050000000232,-0.6026076354972698,0.0001938648526175875,-5.742823865660942e-05,0.9999999013230662,1.4286081070713618e-08,3.880708811945925e-05,-0.0004425470234671236,0,0,-0.65,0.39,0,0,0,-1.500000000003062,-3.642185305281814e-12,0.34996362464581454
11.320500000002344,-0.6026076088054562,0.00019390603804738367,-5.742828952406837e-05,0.9999999013061782,1.4280215112844712e-08,3.880702636496579e-05,-0.0004425851887965524,0,0,-0.65,0.39,0,0,0,-1.500000000003062,-3.6421903538434495e-12,0.34996362464581454
11.340500000002368,-0.6026075974724737,0.00019394667543026214,-5.742833073350347e-05,0.9999999012895274,1.4274419791448259e-08,3.880697656529048e-05,-0.0004426228110693673,0,0,-0.65,0.39,0,0,0,-1.500000000003062,-3.642196010345687e-12,0.34996362464581454
11.360500000002393,-0.6026075989966257,0.00019398677019540398,-5.742836267511899e-05,0.9999999012731107,1.4268702854732716e-08,3.880693820826291e-05,-0.00044265990163553097,0,0,-0.65,0.39,0,0,0,-1.500000000003062,-3.642199480242639e-12,0.34996362464581454
11.380500000002417,-0.6026076109385066,0.0001940263277225313,-5.742838590681916e-05,0.9999999012569232,1.426307052887563e-08,3.880691057907469e-05,-0.0004426964715013223,0,0,-0.65,0.39,0,0,0,-1.500000000003062,-3.642202645079234e-12,0.34996362464581454
11.400500000002442,-0.6026076309705239,0.00019406535338754838,-5.7428401116707937e-05,0.9999999012409604,1.4257527582458521e-08,3.8806892806392036e-05,-0.00044273253126896696,0,0,-0.65,0.39,0,0,0,-1.500000000003062,-3.64220745486718e-12,0.34996362464581454
11.420500000002466,-0.6026076569166716,0.0001941038525994754,-5.742840908808423e-05,0.9999999012252163,1.425207741777761e-08,3.880688390567962e-05,-0.0004427680910944183,0,0,-0.65,0.39,0,0,0,-1.500000000003062,-3.642211336154764e-12,0.34996362464581454
11.44050000000249,-0.6026076867829876,0.00019414183082905624,-5.742841066683178e-05,0.9999999012096882,1.424672218541736e-08,3.880688281906701e-05,-0.0004428031606614075,0,0,-0.65,0.39,0,0,0,-1.500000000003062,-3.642213157647195e-12,0.34996362464581454
11.460500000002515,-0.60260771877929,0.0001941792936295702,-5.742840673227823e-05,0.9999999011943717,1.4241462908301128e-08,3.880688845129574e-05,-0.0004428377491697614,0,0,-0.65,0.39,0,0,0,-1.500000000003062,-3.642214962086979e-12,0.34996362464581454
11.48050000000254,-0.6026077513329111,0.0001942162466504872,-5.7428398171161664e-05,0.9999999011792632,1.4236299621763086e-08,3.8806899701447635e-05,-0.00044287186533596283,0,0,-0.65,0.39,0,0,0,-1.500000000003062,-3.6422151302829584e-12,0.34996362464581454
11.500500000002564,-0.6026077830952404,0.00019425269564468897,-5.742838585520413e-05,0.999999901164359,1.4231231510179926e-08,3.880691549028581e-05,-0.0004429055174039372,0,0,-0.65,0.39,0,0,0,-1.500000000003062,-3.642216638518137e-12,0.34996362464581454
11.520500000002588,-0.6026078129419403,0.00019428864647002745,-5.7428370622164984e-05,0.9999999011496546,1.4226257046936862e-08,3.880693478317329e-05,-0.000442938713164121,0,0,-0.65,0.39,0,0,0,-1.500000000003062,-3.642219102283159e-12,0.34996362464581454
11.540500000002613,-0.6026078399677377,0.000194324105086022,-5.742835326066581e-05,0.9999999011351481,1.4221374125793242e-08,3.880695660864005e-05,-0.0004429714599789798,0,0,-0.65,0.39,0,0,0,-1.500000000003062,-3.642219521575469e-12,0.34996362464581454
11.560500000002637,-0.6026078634766843,0.00019435907754649536,-5.742833449807064e-05,0.9999999011208364,1.4216580192106324e-08,3.880698007280502e-05,-0.00044300376481327,0,0,-0.65,0.39,0,0,0,-1.500000000003062,-3.642217598299719e-12,0.34996362464581454
11.580500000002662,-0.6026078829687687,0.00019439356998893307,-5.7428314991733685e-05,0.9999999011067175,1.421187236151104e-08,3.880700436984251e-05,-0.0004430356342675103,0,0,-0.65,0.39,0,0,0,-1.500000000003062,-3.642214784164213e-12,0.34996362464581454
11.600500000002686,-0.6026078981237221,0.00019442758862131865,-5.742829532310145e-05,0.9999999010927869,1.4207247523583408e-08,3.8807028788853764e-05,-0.0004430670746132885,0,0,-0.65,0.39,0,0,0,-1.500000000003062,-3.642211843112192e-12,0.34996362464581454
11.62050000000271,-0.6026079087828113,0.00019446113970715033,-5.742827599455538e-05,0.9999999010790425,1.4202702441363498e-08,3.880705271747788e-05,-0.0004430980918292211,0,0,-0.65,0.39,0,0,0,-1.500000000003062,-3.642205686537616e-12,0.34996362464581454
11.640500000002735,-0.6026066341970037,0.00019449309420714554,-6.050660319100204e-05,0.9999999011095583,1.362864105635355e-08,3.763682012434925e-05,-0.00044313016680826335,0,0,-0.65,0.48,0.08,0,0,-1.500000000003062,-3.642188058413242e-12,0.34996362464581454
11.66050000000276,-0.6026057071724795,0.00019452488712112513,-6.32203390635378e-05,0.9999999011339915,1.3188082314600817e-08,3.660477295990413e-05,-0.00044316147970324064,0,0,-0.65,0.48,0.08,0,0,-1.500000000003062,-3.6421817858930485e-12,0.34996362464581454
11.680500000002784,-0.6026059382214224,0.000194557250683141,-6.340099852047672e-05,0.9999999011234177,1.3193885889262457e-08,3.653579112187372e-05,-0.00044319103213165737,0,0,-0.65,0.48,0.08,0,0,-1.500000000003062,-3.642186214008692e-12,0.34996362464581454
11.700500000002808,-0.6026067321890156,0.0001945895371586542,-6.251990516642112e-05,0.9999999011090674,1.5082094521723762e-08,3.658584258886442e-05,-0.00044321928118415594,0,0,-0.65,0.48,0.08,0,0,-1.4994136820316293,-5.009555924671799e-07,0.35325951974521863
11.720500000002833,-0.602608508829601,0.0001946221891473325,-6.170656705791935e-05,0.9999999011045292,1.6845787806474276e-08,3.638422368032549e-05,-0.00044324611609967285,0,0,-0.65,0.48,0.08,0,0,-1.4990265165025185,-8.096844790129907e-07,0.3634556486860396
11.740500000002857,-0.6026112515357029,0.0001946553256718154,-6.064476900724109e-05,0.999999901080556,1.7014402919342855e-08,3.6731160089253294e-05,-0.00044327158672566113,0,0,-0.65,0.48,0.08,0,0,-1.4989451536155491,-8.425019815224328e-07,0.37520954796949274
11.760500000002882,-0.6026141135201436,0.000194688250868174,-5.959903241920278e-05,0.9999999010500354,1.6644081079029917e-08,3.725655222367543e-05,-0.0004432965912047232,0,0,-0.65,0.48,0.08,0,0,-1.4989321837414598,-8.038300057654001e-07,0.38670259206695135
11.780500000002906,-0.602616721375789,0.00019472058529364762,-5.870008454419845e-05,0.9999999010213207,1.629682599457745e-08,3.7727575893015174e-05,-0.0004433215272477231,0,0,-0.65,0.48,0.08,0,0,-1.4989337881836668,-7.39046137148499e-07,0.39750312215061767
11.80050000000293,-0.6026189929400535,0.00019475222943153076,-5.7968062394964485e-05,0.9999999009962455,1.608259200993071e-08,3.8097178186424015e-05,-0.00044334648436745284,0,0,-0.65,0.48,0.08,0,0,-1.49894058930512,-6.566016420453928e-07,0.40744228932829246
11.820500000002955,-0.602620928854587,0.0001947831785607451,-5.739408009439002e-05,0.9999999009745403,1.5968331169403354e-08,3.837523203744058e-05,-0.0004433714599551571,0,0,-0.65,0.48,0.08,0,0,-1.4989507478505728,-5.626340403012533e-07,0.4164000106573606
11.84050000000298,-0.6026225439786526,0.00019481344881347023,-5.6964975753829005e-05,0.9999999009556558,1.590741800377317e-08,3.857823915145329e-05,-0.00044339643421990047,0,0,-0.65,0.48,0.08,0,0,-1.498962835053764,-4.6214313937067426e-07,0.42427482455825616
11.860500000003004,-0.6026238549599595,0.00019484305992520766,-5.666808659357409e-05,0.9999999009391908,1.5871898724146763e-08,3.871799462278355e-05,-0.0004434213853486337,0,0,-0.65,0.48,0.08,0,0,-1.4989746171985903,-3.591745156864651e-07,0.4309955472153726
11.880500000003028,-0.6026248819294117,0.00019487203460153346,-5.649078141009505e-05,0.9999999009248709,1.58495261630783e-08,3.880254033796784e-05,-0.00044344628859808495,0,0,-0.65,0.48,0.08,0,0,-1.4989838834662834,-2.570834889702574e-07,0.436530376705435
11.900500000003053,-0.6026256500552855,0.0001949003996427412,-5.641967996976216e-05,0.9999999009124639,1.5835852658051565e-08,3.8838543195944445e-05,-0.0004434711151090244,0,0,-0.65,0.48,0.08,0,0,-1.4989889210959737,-1.5853879733306497e-07,0.4408871529955774
11.920500000003077,-0.6026261889487511,0.00019492818559706642,-5.64405449432127e-05,0.9999999009017363,1.5829301555317026e-08,3.88325082959922e-05,-0.00044349583274902005,0,0,-0.65,0.48,0.08,0,0,-1.4989886314096286,-6.550507289500273e-08,0.4441090635697104
11.940500000003102,-0.6026265309566968,0.00019495542540722056,-5.65385884010794e-05,0.9999999008924444,1.582900661455194e-08,3.87910950471975e-05,-0.0004435204079721441,0,0,-0.65,0.48,0.08,0,0,-1.4989824914400138,2.0731412488159075e-08,0.4462685270576252
11.960500000003126,-0.6026267092479709,0.00019498215279493776,-5.66989207833695e-05,0.9999999008843378,1.583409967056585e-08,3.872103878143218e-05,-0.00044354480777491557,0,0,-0.65,0.48,0.08,0,0,-1.4989704621633086,9.949520632989993e-08,0.44746055305198207
11.98050000000315,-0.6026267561256553,0.00019500840079301684,-5.690700317873195e-05,0.9999999008771677,1.5843583757085297e-08,3.862895606978438e-05,-0.00044356900132043426,0,0,-0.65,0.48,0.08,0,0,-1.4989528844542324,1.7062952655939418e-07,0.44779621155158394
12.000500000003175,-0.6026267017122852,0.0001950342005812788,-5.714904407539493e-05,0.9999999008706987,1.5856387865735022e-08,3.852114802595401e-05,-0.0004435929611064965,0,0,-0.65,0.48,0.08,0,0,-1.498930379011024,2.3439491704916888e-07,0.4473965449002353
12.0205000000032,-0.6026265730252789,0.0001950595806566307,-5.741231910186646e-05,0.9999999008647108,1.5871449508111045e-08,3.8403439136993e-05,-0.00044361666368961626,0,0,-0.65,0.48,0.08,0,0,-1.4989037564905434,2.9136896777484335e-07,0.44638710520123903
12.040500000003224,-0.6026263934086439,0.00019508456631426633,-5.768540894846736e-05,0.9999999008590111,1.5887779381950465e-08,3.828105938927473e-05,-0.0004436400900268093,0,0,-0.65,0.48,0.08,0,0,-1.4988739399427171,3.423530874286163e-07,0.44489321514903657
12.060500000003248,-0.6026261822694837,0.00019510917939752603,-5.795835837997936e-05,0.9999999008534287,1.5904501670680865e-08,3.815856745606993e-05,-0.0004436632255099349,0,0,-0.65,0.48,0.08,0,0,-1.498841899844484,3.882894940212241e-07,0.4430359958225283
12.080500000003273,-0.6026259550637323,0.0001951334382685876,-5.822276303089461e-05,0.9999999008478224,1.5920874528346717e-08,3.803980993752956e-05,-0.00044368605976594235,0,0,-0.65,0.48,0.08,0,0,-1.4988086012392017,4.301898589364897e-07,0.4409291669297775
12.100500000003297,-0.6026257234768767,0.00019515735795263333,-5.84717925816465e-05,0.9999999008420777,1.5936296719877367e-08,3.7927911192497815e-05,-0.0004437085862896016,0,0,-0.65,0.48,0.08,0,0,-1.4987749621284245,4.690759932031627e-07,0.4386765969585968
12.120500000003322,-0.6026254957490914,0.0001951809504110976,-5.870015980666495e-05,0.9999999008361072,1.5950305157176835e-08,3.782528848487522e-05,-0.00044373080196678105,0,0,-0.65,0.48,0.08,0,0,-1.4987418221000262,5.059323201383506e-07,0.43637055970339633
12.140500000003346,-0.6026252770990622,0.0001952042249037532,-5.890404525686682e-05,0.999999900829848,1.5962566635005195e-08,3.773368748498233e-05,-0.00044375270653736605,0,0,-0.65,0.48,0.08,0,0,-1.4987099201055556,5.416694710038513e-07,0.4340906381889368
12.16050000000337,-0.6026250702062501,0.00019522718840416124,-5.90809871842984e-05,0.9999999008232586,1.5972866002829504e-08,3.765423350799926e-05,-0.00044377430203807535,0,0,-0.65,0.48,0.08,0,0,-1.498679880275122,5.770980792125683e-07,0.4319032062072088
12.180500000003395,-0.602624875717187,0.0001952498460381015,-5.922974585484931e-05,0.9999999008163213,1.598109229578629e-08,3.75874942310962e-05,-0.0004437955922570263,0,0,-0.65,0.48,0.08,0,0,-1.4986522046609456,6.129116852957398e-07,0.4298614108971023
12.20050000000342,-0.60262469274732,0.00019527220151978924,-5.9350150709312264e-05,0.9999999008090323,1.598722384665318e-08,3.7533550017877205e-05,-0.00044381658222410067,0,0,-0.65,0.48,0.08,0,0,-1.4986272718232423,6.496775727015324e-07,0.4280055765008158
12.220500000003444,-0.6026245193557852,0.00019529425756580995,-5.944293798822494e-05,0.9999999008014033,1.5991313180072443e-08,3.749206839585701e-05,-0.0004438372777541318,0,0,-0.65,0.48,0.08,0,0,-1.4986053402112212,6.87834317776785e-07,0.42636394913361936
12.240500000003468,-0.6026243529760734,0.00019531601627159904,-5.950958549302914e-05,0.9999999007934584,1.5993472259008707e-08,3.7462379674548685e-05,-0.00044385768505372705,0,0,-0.65,0.48,0.08,0,0,-1.4985865553459277,7.276948451816394e-07,0.4249537046243468
12.260500000003493,-0.6026241907907369,0.00019533747943985066,-5.955215015738818e-05,0.9999999007852304,1.599385847098905e-08,3.7443551147721666e-05,-0.0004438778103972424,0,0,-0.65,0.48,0.08,0,0,-1.4985709598788837,7.694538240980987e-07,0.4237821457525289
12.280500000003517,-0.6026240300429752,0.0001953586488543508,-5.95731130927141e-05,0.99999990077676,1.5992661660643173e-08,3.7434457781030884e-05,-0.0004438976598730289,0,0,-0.65,0.48,0.08,0,0,-1.4985585056790063,8.131983134208794e-07,0.4228480210698249
12.300500000003542,-0.6026238682820229,0.00019537952649634343,-5.957523578319284e-05,0.9999999007680908,1.599009243439903e-08,3.7433847733100534e-05,-0.0004439172391975684,0,0,-0.65,0.48,0.08,0,0,-1.4985490671876267,8.589206586243547e-07,0.4221429045178117
12.320500000003566,-0.6026237035427269,0.00019540011470358632,-5.956143016500664e-05,0.999999900759271,1.5986371845882125e-08,3.744040148334169e-05,-0.0004439365535924558,0,0,-0.65,0.48,0.08,0,0,-1.4985424553749358,9.06532752652496e-07,0.4216525828428726
12.34050000000359,-0.6026235344625194,0.00019542041627475647,-5.95346444531072e-05,0.9999999007503482,1.5981722545065206e-08,3.745278373426891e-05,-0.00044395560771729185,0,0,-0.65,0.48,0.08,0,0,-1.498538431727911,9.558808919728797e-07,0.42135840600238045
12.360500000003615,-0.6026233603411747,0.0001954404345238,-5.949776578975244e-05,0.9999999007413691,1.597636139194346e-08,3.746968761295623e-05,-0.0004439744056503722,0,0,-0.65,0.48,0.08,0,0,-1.4985367217968615,1.0067605814364105e-06,0.42123856403875315
12.38050000000364,-0.6026231811503052,0.00019546017329022836,-5.9453540096355946e-05,0.9999999007323788,1.597049351291487e-08,3.748987101090421e-05,-0.00044399295090845206,0,0,-0.65,0.48,0.08,0,0,-1.4985370279226362,1.0589307631544728e-06,0.4212692620000342
12.400500000003664,-0.602622997500574,0.0001954796369122778,-5.9404508914334965e-05,0.9999999007234188,1.5964307718040922e-08,3.751218517115962e-05,-0.00044401124649677917,0,0,-0.65,0.48,0.08,0,0,-1.4985390408568486,1.1121270613742553e-06,0.4214257721858185
12.420500000003688,-0.6026228105751126,0.00019549883017032683,-5.935296252755175e-05,0.9999999007145265,1.595797320257443e-08,3.753559585503036e-05,-0.00044402929498090393,0,0,-0.65,0.48,0.08,0,0,-1.4985424500713906,1.166073744305634e-06,0.4216833501210322
12.440500000003713,-0.6026226220377082,0.0001955177582080511,-5.930090826516478e-05,0.9999999007057347,1.5951637417693403e-08,3.755919759871615e-05,-0.00044404709857239394,0,0,-0.65,0.48,0.08,0,0,-1.4985469526295414,1.2204942027763418e-06,0.42201800707787723
12.460500000003737,-0.6026224339240491,0.00019553642643857017,-5.925005258610492e-05,0.9999999006970719,1.594542495930743e-08,3.758222170439561e-05,-0.000444064659221433,0,0,-0.65,0.48,0.08,0,0,-1.4985522605581716,1.2751198329889576e-06,0.42240713759082676
12.480500000003762,-0.6026222485237325,0.00019555484044234947,-5.920179533841024e-05,0.9999999006885607,1.5939437361866674e-08,3.760403870349206e-05,-0.00044408197871027014,0,0,-0.65,0.48,0.08,0,0,-1.4985581067182547,1.3296972858119664e-06,0.42283000519175834
12.500500000003786,-0.6026220682599608,0.0001955730058629342,-5.9157234460774766e-05,0.9999999006802188,1.5933753647374318e-08,3.762415608563475e-05,-0.0004440990587425575,0,0,-0.65,0.48,0.08,0,0,-1.4985642492190547,1.3839941075699311e-06,0.4232680935167985
12.52050000000381,-0.602621895572886,0.0001955909283057722,-5.911717934115588e-05,0.9999999006720595,1.5928431487814255e-08,3.7642212109298756e-05,-0.0004441159010246933,0,0,-0.65,0.48,0.08,0,0,-1.498570474460028,1.4378028476274226e-06,0.4237053330167942
12.540500000003835,-0.6026217328115441,0.0001956086132444738,-5.908217105789908e-05,0.9999999006640913,1.5923508846733355e-08,3.76579665038319e-05,-0.00044413250733634163,0,0,-0.65,0.48,0.08,0,0,-1.4985765989140647,1.4909437466592962e-06,0.4241282157771292
12.56050000000386,-0.6026215821382291,0.00019562606593791595,-5.905250779279838e-05,0.9999999006563178,1.5919005979779087e-08,3.7671288842105154e-05,-0.0004441488795882816,0,0,-0.65,0.48,0.08,0,0,-1.4985824697869161,1.5432661473641742e-06,0.42452581247654314
12.580500000003884,-0.6026214454481,0.00019564329136066217,-5.902827381266971e-05,0.9999999006487397,1.5914927656939292e-08,3.768214531318185e-05,-0.00044416501986662576,0,0,-0.65,0.48,0.08,0,0,-1.4985879647011617,1.5946487875116574e-06,0.42488970635968054
12.600500000003908,-0.602621324305797,0.0001956602941482767,-5.9009370556128076e-05,0.9999999006413552,1.5911265507596353e-08,3.769058455968744e-05,-0.00044418093046321756,0,0,-0.65,0.48,0.08,0,0,-1.4985929905598416,1.644999144884489e-06,0.4252138593452361
12.620500000003933,-0.6026212198998959,0.00019567707855828418,-5.899554852598338e-05,0.9999999006341576,1.590800040567241e-08,3.769672316924498e-05,-0.0004441966138926635,0,0,-0.65,0.48,0.08,0,0,-1.498597481745786,1.694252006055224e-06,0.4254944251274575
12.640500000003957,-0.6026211330152131,0.00019569364844679136,-5.89864388663926e-05,0.9999999006271396,1.590510480166463e-08,3.770073132754244e-05,-0.00044421207289697224,0,0,-0.65,0.48,0.08,0,0,-1.4986013978086858,1.742367427322211e-06,0.4257295234424019
12.660500000003982,-0.602621064022238,0.00019571000726015418,-5.898158368989508e-05,0.999999900620292,1.5902544944494617e-08,3.7702819055736855e-05,-0.00044422731043915886,0,0,-0.65,0.48,0.08,0,0,-1.4986047207839466,1.7893282477069905e-06,0.42591898864977956
12.680500000004006,-0.6026210128823973,0.00019572615804055402,-5.8980464404741694e-05,0.9999999006136043,1.590028293207085e-08,3.770322337019835e-05,-0.00044424232968744273,0,0,-0.65,0.48,0.08,0,0,-1.4986074522763553,1.835137301799153e-06,0.4260641045110226
12.70050000000403,-0.602620979167393,0.00019574210344394189,-5.898252747356092e-05,0.9999999006070662,1.5898278567364678e-08,3.770219662059111e-05,-0.00044425713399182126,0,0,-0.65,0.48,0.08,0,0,-1.4986096104282172,1.8798144654960903e-06,0.4261673356034502
12.720500000004055,-0.6026209620905215,0.00019575784576851579,-5.8987207203851166e-05,0.9999999006006661,1.5896490980025795e-08,3.769999618523118e-05,-0.0004442717268548653,0,0,-0.65,0.48,0.08,0,0,-1.4986112268768423,1.923393651215645e-06,0.4262320642708812
12.74050000000408,-0.6026209605476892,0.00019577338699171588,-5.89939453262736e-05,0.9999999005943926,1.589488000866635e-08,3.7696875632038374e-05,-0.0004442861118985521,0,0,-0.65,0.48,0.08,0,0,-1.4986123437905974,1.965919851800788e-06,0.4262623404364483
12.760500000004104,-0.6026209731657273,0.00019578872881363319,-5.9002207255694935e-05,0.9999999005882354,1.5893407338819693e-08,3.769307739057362e-05,-0.00044430029282886176,0,0,-0.65,0.48,0.08,0,0,-1.4986130110568772,2.007446314781559e-06,0.42626265004831937
12.780500000004128,-0.602620998355636,0.00019580387270473485,-5.9011495050046734e-05,0.9999999005821841,1.589203739500945e-08,3.768882692620475e-05,-0.00044431427339971385,0,0,-0.65,0.48,0.08,0,0,-1.4986132836797545,2.0480319114664847e-06,0.42623770643900555
12.800500000004153,-0.602621034368459,0.00019581881995588653,-5.9021357182379244e-05,0.9999999005762293,1.589073800091566e-08,3.768432836195357e-05,-0.00044432805737763554,0,0,-0.65,0.48,0.08,0,0,-1.4986132194301593,2.087738749007744e-06,0.4261922674901683
12.820500000004177,-0.6026210793516712,0.00019583357172879736,-5.9031395323932e-05,0.9999999005703625,1.5889480827025376e-08,3.7679761456827804e-05,-0.00044434164850834046,0,0,-0.65,0.48,0.08,0,0,-1.4986128767775786,2.126630058471428e-06,0.4261309802347034
12.840500000004202,-0.6026211314041617,0.00019584812910520188,-5.904126839698391e-05,0.999999900564576,1.5888241648336002e-08,3.767527982145185e-05,-0.00044435505048616983,0,0,-0.65,0.48,0.08,0,0,-1.498612313119638,2.164768378245832e-06,0.4260582534154182
12.860500000004226,-0.602621188628176,0.00019586249313332363,-5.905069420184715e-05,0.9999999005588639,1.588700042521569e-08,3.767101023188021e-05,-0.0004443682669271168,0,0,-0.65,0.48,0.08,0,0,-1.4986115833147944,2.2022140401353444e-06,0.4259781575662582
12.88050000000425,-0.602621249176837,0.00019587666487041346,-5.905944894937149e-05,0.9999999005532209,1.5885741243615713e-08,3.766705289007355e-05,-0.00044438130134594216,0,0,-0.65,0.48,0.08,0,0,-1.4986107385137588,2.2390239551912124e-06,0.4258943513924503
12.900500000004275,-0.6026213112961873,0.0001958906454204189,-5.906736504372189e-05,0.9999999005476425,1.5884452130994582e-08,3.7663482473812714e-05,-0.0004443941571376672,0,0,-0.65,0.48,0.08,0,0,-1.498609825277284,2.275250687811006e-06,0.42581003259892497
12.9205000000043,-0.602621373360975,0.00019590443596610274,-5.907432746073671e-05,0.9999999005421253,1.5883124784559388e-08,3.7660349818915157e-05,-0.0004444068375635495,0,0,-0.65,0.48,0.08,0,0,-1.4986088849615236,2.3109417998444104e-06,0.4257279108458873
12.940500000004324,-0.6026214339037016,0.00019591803779518238,-5.9080269056153784e-05,0.9999999005366669,1.5881754222320957e-08,3.765768408162953e-05,-0.0004444193457414744,0,0,-0.65,0.48,0.08,0,0,-1.4986079533473144,2.3461394413083544e-06,0.42565020018644506
12.960500000004348,-0.6026214916367117,0.000195931452320301,-5.9085165118874466e-05,0.9999999005312655,1.5880338389930657e-08,3.7655495238039066e-05,-0.00044443168464056263,0,0,-0.65,0.48,0.08,0,0,-1.4986070604862958,2.3808801607077705e-06,0.4255786281507552
12.980500000004373,-0.6026215454673604,0.00019594468109285514,-5.908902745822816e-05,0.9999999005259204,1.5878877737790747e-08,3.765377678934276e-05,-0.00044444385707966704,0,0,-0.65,0.48,0.08,0,0,-1.4986062307346828,2.4151949057526915e-06,0.42551445856914394
13.000500000004397,-0.6026215945064951,0.00019595772581089676,-5.909189828324826e-05,0.9999999005206308,1.5877374788038625e-08,3.765250855609789e-05,-0.00044445586572935925,0,0,-0.65,0.48,0.08,0,0,-1.4986054829445694,2.4491091842865596e-06,0.42545852525664085
13.020500000004422,-0.6026216380706783,0.0001959705883214837,-5.9093844097637366e-05,0.9999999005153969,1.5875833707591084e-08,3.765165946015367e-05,-0.00044446771311693474,0,0,-0.65,0.48,0.08,0,0,-1.4986048307827575,2.482643355319829e-06,0.4254112737963388
13.040500000004446,-0.6026216756787216,0.00019598327061798537,-5.9094949798480066e-05,0.9999999005102193,1.5874259897922085e-08,3.76511902093434e-05,-0.000444479401633933,0,0,-0.65,0.48,0.08,0,0,-1.498604283148055,2.5158130210369097e-06,0.4253728088419888
13.06050000000447,-0.6026217070432127,0.0001959957748329466,-5.90953131307553e-05,0.9999999005050983,1.5872659613111888e-08,3.76510558163906e-05,-0.0004444909335456564,0,0,-0.65,0.48,0.08,0,0,-1.498603844659674,2.548629492328281e-06,0.4253429445947958
13.080500000004495,-0.6026217320577891,0.00019600810322718086,-5.909503961440471e-05,0.9999999005000355,1.587103961091809e-08,3.765120789948386e-05,-0.00044450231100216905,0,0,-0.65,0.48,0.08,0,0,-1.4986035161915492,2.5811003026160002e-06,0.42532125638009305
13.10050000000452,-0.6026217507809606,0.00019602025817580271,-5.909423802793386e-05,0.9999999004950311,1.5869406848809213e-08,3.765159672704245e-05,-0.0004445135360502857,0,0,-0.65,0.48,0.08,0,0,-1.4986032954300181,2.61322974736645e-06,0.4253071315422793
13.120500000004544,-0.6026217634172972,0.00019603224215192103,-5.9093016501637064e-05,0.999999900490087,1.5867768220198257e-08,3.7652172983078014e-05,-0.0004445246106460894,0,0,-0.65,0.48,0.08,0,0,-1.498603177435147,2.645019429551329e-06,0.425299818178516
13.140500000004568,-0.6036638629965777,0.0001969698627149384,-7.396474140904632e-05,0.9999999010482096,2.6169408214508452e-08,2.5844117841063098e-05,-0.00044411220718425953,0,0,0,0.7,0.35,0,0,-1.493942974049815,2.7799752891322978e-06,0.43130238698438694
13.160500000004593,-0.6065624072802297,0.00019955267950082174,-9.118907357876682e-05,0.9999999018418659,3.7162282636639416e-08,1.1431970609039252e-05,-0.00044292839951489305,0,0,0,0.7,0.35,0,0,-1.4786580121151633,-2.5508275616937768e-05,0.45132594096809614
13.180500000004617,-0.6107420389984558,0.00020326026352295533,-9.880944792529142e-05,0.999999902655861,4.218329529479813e-08,4.266880986147509e-06,-0.0004412143033753434,0,0,0,0.7,0.35,0,0,-1.454479783909681,6.345847632108456e-05,0.4828435848580696
13.200500000004642,-0.6156985861737629,0.00020763275136560967,-9.896700869194413e-05,0.9999999035516768,3.966639789824465e-08,2.6292330493048273e-06,-0.00043919212402855216,0,0,0,0.7,0.35,0,0,-1.4230399417097328,-3.484595163985e-05,0.5230006422264211
13.220500000004666,-0.6210101012044074,0.00021231399964988568,-9.477811482229748e-05,0.9999999044708614,4.8313256738292194e-08,4.81461009397477e-06,-0.00043707560562589686,0,0,0,0.7,0.35,0,0,-1.385892057025702,0.0001429661547902168,0.5692574938609685
13.24050000000469,-0.6263305782161849,0.00021698035301701568,-8.837192302096998e-05,0.9999999053444875,3.26158436985138e-08,9.801562876515984e-06,-0.00043498844057855034,0,0,0,0.7,0.35,0,0,-1.3442940414917464,-0.0001471016172221437,0.6190767927150294
13.260500000004715,-0.6313838425334638,0.0002213796370600182,-8.099300135360866e-05,0.9999999061198084,5.926430859974014e-09,1.5965776169106563e-05,-0.0004330190166379902,0,0,0,0.7,0.35,0,0,-1.3000368733222187,0.000270649133015305,0.6700465026686409
13.28050000000474,-0.6359585826219648,0.00022537554534010827,-7.349330705288912e-05,0.9999999067497793,1.7747497851459263e-08,2.2316594740831552e-05,-0.00043127995937132085,0,0,0,0.7,0.35,0,0,-1.2529982002824025,8.576789117455096e-05,0.721758305691656
13.300500000004764,-0.6399050017488064,0.000227644724853199,-6.758908983195114e-05,0.9999999076974626,-1.3699234812809292e-06,2.693845495628782e-05,-0.0004288094085728778,0,0,0,0.7,0.35,0,0,-1.2172249735233036,0.00014483743127938355,0.7538698515015765
13.320500000004788,-0.6431743757394007,0.00023090028191968505,-6.819165679724808e-05,0.9999999081753944,-4.2523459871121286e-07,2.4532614166862005e-05,-0.00042784012542291237,0,0,0,0.7,0.35,0,0,-1.206402758986167,0.00018315436151677148,0.7504762211559559
13.340500000004813,-0.645795729669973,0.00023360588774627516,-6.848670916669494e-05,0.9999999083976475,4.841699159317414e-07,2.4899767653115977e-05,-0.0004272990350311031,0,0,0,0.7,0.35,0,0,-1.1997203527257811,0.0001527979344776454,0.7426127529306012
13.360500000004837,-0.6477877335411529,0.0002354658019853745,-6.68879664431615e-05,0.9999999085204442,6.057922980096578e-07,2.9255802672203718e-05,-0.0004267350868076355,0,0,0,0.7,0.35,0,0,-1.1966400768572099,0.00013075894087759998,0.7383897469371103
13.380500000004862,-0.6491667689686765,0.00023684630028967057,-6.40603929618112e-05,0.9999999084599984,6.615804926082455e-07,3.5282272107769055e-05,-0.00042642082221330574,0,0,0,0.7,0.35,0,0,-1.1914814834026717,0.00010914218894908546,0.7346744537333072
13.400500000004886,-0.6499581063183894,0.0002377425601383636,-6.031500299243187e-05,0.9999999082492478,7.475928504950448e-07,4.1737107860645515e-05,-0.0004263319717205413,0,0,0,0.7,0.35,0,0,-1.1791772207705065,7.411151419295103e-05,0.729480801860193
13.42050000000491,-0.6501925574636314,0.00023801000692457835,-5.5880434230616904e-05,0.9999999079735267,5.67618577031191e-07,4.800343326827877e-05,-0.00042631946489845007,0,0,0,0.7,0.35,0,0,-1.1637034376395714,6.493924747258375e-05,0.7234112295762618
13.440500000004935,-0.6488498620128282,0.00023679233910047366,0.00039509398056680403,0.9999998846180631,1.5198957961388968e-07,0.00022055894552314888,-0.0004267523734974986,0,0,0,0.7,0.35,0,0,-1.1478509746082586,4.613495839780504e-05,0.7155037259380929
13.46050000000496,-0.6449716518030283,0.00023307902987205255,-0.00029342144446076055,0.9999999083031236,-9.207653038827144e-07,-1.658923000936579e-05,-0.00042792253055336476,0,0,0,0.7,0.35,0,0,-1.1305320703498538,4.863700818794079e-05,0.7086520009655066
13.480500000004984,-0.6415089739968636,0.00022999889848739172,-0.0005878140329315973,0.9999999000867076,-9.491554209342566e-07,-0.0001255034864333395,-0.000429039100062784,0,0,0,0.7,0.35,0,0,-1.1141768842347297,4.077303660238039e-06,0.700066593932667
13.500500000005008,-0.6387446788175705,0.0002276183993055006,-0.00040085259111711385,0.9999999054453095,-5.392588437563397e-07,-6.513283011405058e-05,-0.00042996139066003923,0,0,0,0.7,0.35,0,0,-1.099407958312955,-3.8361717404577083e-05,0.6890000360408327
13.520500000005033,-0.6363895318915591,0.0002255346240326977,-0.00023706577011310562,0.9999999071893033,-2.2044999271924131e-07,-1.1253443091101062e-05,-0.0004306909539392974,0,0,0,0.7,0.35,0,0,-1.0873582815099379,-0.00018026048755809577,0.6841965297878001
13.540500000005057,-0.634360617281794,0.00022365987621414976,-0.00014366473889730586,0.9999999068389275,-2.071566456113948e-09,1.8652892394935065e-05,-0.00043124726928793017,0,0,0,0.7,0.35,0,0,-1.0852520902112537,-0.00029508334196248466,0.6927865715313012
13.560500000005081,-0.6326125087815236,0.0002221123237355649,-9.521257497833808e-05,0.9999999061905499,6.707843465741595e-08,3.4334340006099434e-05,-0.00043178703190902354,0,0,0,0.7,0.35,0,0,-1.0873822657126921,-0.0003381673779249,0.7043901666576511
13.580500000005106,-0.6311070120075677,0.0002207902759346527,-7.077695766409523e-05,0.999999905677775,8.194755617351578e-08,4.2429302319938164e-05,-0.00043225477264048824,0,0,0,0.7,0.35,0,0,-1.090098592681044,-0.0002894184653516594,0.7129918871977188
13.60050000000513,-0.6298095225537498,0.0002196648370543218,-5.8652544764982406e-05,0.9999999053254179,6.548648646625124e-08,4.6380611116975946e-05,-0.00043266383006159884,0,0,0,0.7,0.35,0,0,-1.09249312449974,-0.0007829898111290981,0.7168988666031778
13.620500000005155,-0.6286891200700648,0.00021869781084369789,-5.26973420554664e-05,0.9999999050883595,4.7029345513078976e-08,4.817601757711744e-05,-0.000433015402981933,0,0,0,0.7,0.35,0,0,-1.093728655072557,-0.0009902025957175056,0.7152741580522894
13.64050000000518,-0.6277168274564974,0.00021760670420843873,-5.035734188627286e-05,0.9999999050600101,3.3984141125352727e-07,4.8233920495225775e-05,-0.00043307429474265637,0,0,0,0.7,0.35,0,0,-1.0919596188072576,-0.000990768582486444,0.7147326575148978
13.660500000005204,-0.6268622160319486,0.00021623852501377337,-5.007560877007556e-05,0.9999999052455681,9.486339205141154e-07,4.724759009412258e-05,-0.00043275353272019155,0,0,0,0.7,0.35,0,0,-1.0912955704685086,-0.000939089375590971,0.7150309098835723
13.680500000005228,-0.625982971126464,0.00021507681378729344,-4.881533456920483e-05,0.9999999052283568,1.0496019589937373e-06,4.844358547248064e-05,-0.00043266083224042986,0,0,0,0.7,0.35,0,0,-1.0909755740714762,-0.0010053104764441245,0.7151085738776026
13.700500000005253,-0.6250770733532852,0.00021391751500417756,-4.8271500124366995e-05,0.9999999052253361,1.0487915615530331e-06,4.917987838953385e-05,-0.0004325847429814306,0,0,0,0.7,0.35,0,0,-1.0908595883899144,-0.001020347399773316,0.7152735448483902
13.720500000005277,-0.6242435064989316,0.0002128947888338549,-4.842636219412299e-05,0.9999999052395909,9.539756395616245e-07,4.919219891573434e-05,-0.0004325506062082283,0,0,0,0.7,0.35,0,0,-1.0907762232702385,-0.0010337072495656355,0.7153442781234517
13.740500000005301,-0.6234969282109796,0.0002120345490429395,-4.87056161763332e-05,0.9999999052377643,7.921877634939483e-07,4.909037203867184e-05,-0.00043256672307423173,0,0,0,0.7,0.35,0,0,-1.0907033879781083,-0.0010489180689928427,0.7153392667838371
13.760500000005326,-0.6228324746877599,0.0002113146001947416,-4.892865688927274e-05,0.9999999052180084,6.165923567410978e-07,4.9043984592190735e-05,-0.0004326179396611668,0,0,0,0.7,0.35,0,0,-1.0906492138851884,-0.0010681034941777126,0.7152877073353076
13.78050000000535,-0.622241362941523,0.00021069377080804627,-4.9095513539762117e-05,0.9999999051930345,4.679425698786249e-07,4.902520637679445e-05,-0.00043267797793279406,0,0,0,0.7,0.35,0,0,-1.0906153620849548,-0.0011325080461173018,0.7151359226944106
13.800500000005375,-0.6217150326413036,0.0002101283387522461,-4.9220035414141705e-05,0.9999999051745019,3.505022323039264e-07,4.901045459891835e-05,-0.000432722589905564,0,0,0,0.7,0.35,0,0,-1.0910091644256397,-0.0017053033902108936,0.7143340811889597
13.8205000000054,-0.6212466781120733,0.00020959431557721243,-4.931562452801028e-05,0.9999999051671127,2.6634758706805384e-07,4.898609699044668e-05,-0.0004327424843033262,0,0,0,0.7,0.35,0,0,-1.0920743251674003,-0.0031155971042859504,0.7121440305711291
13.840500000005424,-0.620829305713614,0.0002090987833473584,-4.939968748447553e-05,0.9999999051636841,2.2152867826342536e-07,4.893677670835415e-05,-0.0004327560113471924,0,0,0,0.7,0.35,0,0,-1.0935171275606923,-0.004982718982388828,0.7092401029006268
13.860500000005448,-0.620452740172394,0.00020866255077385038,-4.9413308157511176e-05,0.9999999051545637,1.6868151709854e-07,4.894474479963284e-05,-0.0004327762089408097,0,0,0,0.7,0.35,0,0,-1.0937116706916454,-0.005142110923847869,0.7090120261720572
13.880500000005473,-0.6200914733623552,0.00020818019520586385,-4.936494688644934e-05,0.9999999051837929,1.0566555913929617e-07,4.900155388143177e-05,-0.0004327022570996176,0,0,0,0.7,0.35,0,0,-1.0936902136193225,-0.0049644692451717085,0.7094598533709079
13.900500000005497,-0.6197461272117207,0.00020783363494090076,-4.937172852724063e-05,0.9999999051935201,4.397346477926889e-08,4.896780791115475e-05,-0.00043268360727129234,0,0,0,0.7,0.35,0,0,-1.0935682324254816,-0.004758299324386387,0.7096765619024759
13.920500000005521,-0.6194254645036329,0.0002076100612017561,-4.945610554678868e-05,0.9999999051857414,-2.457791745853959e-09,4.883183713906622e-05,-0.00043271695229944046,0,0,0,0.7,0.35,0,0,-1.0934544594865496,-0.004542191945829844,0.709694900179193
13.940500000005546,-0.6191338574661249,0.00020743194121244972,-4.956912406288539e-05,0.9999999051772845,-2.752420101415849e-08,4.866895403235891e-05,-0.00043275484416192936,0,0,0,0.7,0.35,0,0,-1.0933635633407706,-0.004376687394838093,0.709641558265625
13.96050000000557,-0.6188713605364224,0.00020726219260934142,-4.966137562348751e-05,0.9999999051712106,-4.265164009071075e-08,4.854409303838076e-05,-0.0004327829013362385,0,0,0,0.7,0.35,0,0,-1.0933111684850538,-0.004307309217441673,0.7096167843209804
13.980500000005595,-0.6186363973990551,0.0002071189705256883,-4.972238193921778e-05,0.9999999051562335,-6.660657645225526e-08,4.846341830778583e-05,-0.0004328265450713463,0,0,0,0.7,0.35,0,0,-1.0932822027909395,-0.004294216811762404,0.7096134228688815
14.00050000000562,-0.6184258249972804,0.00020698926847477172,-4.977021277066432e-05,0.9999999051384519,-7.581608117715614e-08,4.839717792632954e-05,-0.0004328750346604,0,0,0,0.7,0.35,0,0,-1.0932725416884588,-0.004294616544245093,0.7096150482306862
14.020500000005644,-0.6182366997167726,0.0002068618065553054,-4.980979260961929e-05,0.9999999051223037,-6.486606556633609e-08,4.8338088366716136e-05,-0.00043291893984848156,0,0,0,0.7,0.35,0,0,-1.0932758838354373,-0.004296728149657525,0.7096185908124526
14.040500000005668,-0.6180664491320033,0.00020673554942468245,-4.984284320924396e-05,0.9999999051081999,-4.284933634067951e-08,4.8285056396236784e-05,-0.0004329574351659441,0,0,0,0.7,0.35,0,0,-1.0932774391508042,-0.004298437000488584,0.7096183679213639
14.060500000005693,-0.6179127931370503,0.00020661209328055386,-4.987078116588354e-05,0.9999999050960183,-1.7303097398669537e-08,4.823774734928954e-05,-0.00043299084526344676,0,0,0,0.7,0.35,0,0,-1.0932809820053846,-0.0042996665388050186,0.7096176945657195
14.080500000005717,-0.6177737628405089,0.00020649553065436228,-4.989495597852328e-05,0.9999999050840903,2.9606003139760254e-09,4.819553452720447e-05,-0.000433023095694992,0,0,0,0.7,0.35,0,0,-1.0932833555673145,-0.004300738594328112,0.7096156416930348
14.100500000005741,-0.6176475452925306,0.0002063872393585606,-4.991691518832695e-05,0.9999999050725128,1.6415429841126146e-08,4.8157076609414606e-05,-0.0004330541096685371,0,0,0,0.7,0.35,0,0,-1.0932970052825677,-0.004301747217033705,0.709618909147277
14.120500000005766,-0.6175326670187146,0.00020629038071595746,-4.9935919679676424e-05,0.999999905059961,2.2223202682299182e-08,4.812366351140487e-05,-0.00043308680783791224,0,0,0,0.7,0.35,0,0,-1.0933043522968504,-0.004302638713786911,0.7096187687381521
14.14050000000579,-0.6174277884240881,0.00020620016261587186,-4.995266514263495e-05,0.9999999050483367,2.5724478619720687e-08,4.8094660370015267e-05,-0.000433116869441649,0,0,0,0.7,0.35,0,0,-1.0933057301827638,-0.004303129607163901,0.709615506055198
14.160500000005815,-0.6173316862404336,0.00020611767927580132,-4.996860003061866e-05,0.9999999050373022,2.854144920326772e-08,4.8068296033621154e-05,-0.000433145269801336,0,0,0,0.7,0.35,0,0,-1.0933129150129144,-0.004303547673343074,0.7096151444756232
14.18050000000584,-0.6172433342835318,0.00020604253997045111,-4.998282520020269e-05,0.9999999050268377,2.9798254276149226e-08,4.804572078936863e-05,-0.00043317193405254884,0,0,0,0.7,0.35,0,0,-1.0933173219731984,-0.004303898939024778,0.709613329390584
14.200500000005864,-0.6171618400266795,0.0002059714172910971,-4.999562882470615e-05,0.9999999050179053,3.051800182953793e-08,4.8026493982250576e-05,-0.0004331946857893642,0,0,0,0.7,0.35,0,0,-1.093311539166237,-0.0043039631163656515,0.7096064317363252
14.220500000005888,-0.6170863595167226,0.00020590519784443968,-5.000858392029086e-05,0.9999999050099507,3.097614724545339e-08,4.800849113292428e-05,-0.000433215042950707,0,0,0,0.7,0.35,0,0,-1.0933100782199914,-0.004303932572850892,0.7096018044364335
14.240500000005913,-0.6170162049981223,0.00020584575501819604,-5.002014627037583e-05,0.9999999050019006,2.95729812153161e-08,4.799355605776069e-05,-0.00043323527996442894,0,0,0,0.7,0.35,0,0,-1.0933011457325241,-0.0043040435082261665,0.7095934369584593
14.260500000005937,-0.6169507065843702,0.00020579143779893915,-5.003149625355149e-05,0.9999999049942875,2.6967120702123094e-08,4.79799224787777e-05,-0.0004332543624711348,0,0,0,0.7,0.35,0,0,-1.0932947833235072,-0.004304115904994608,0.7095863842734718
14.280500000005961,-0.6168893467380505,0.0002057424122711652,-5.004172334754736e-05,0.999999904986822,2.4164511133942043e-08,4.796858683049743e-05,-0.00043327284927048267,0,0,0,0.7,0.35,0,0,-1.0932814954972858,-0.004304259153332122,0.7095759206326077
14.300500000005986,-0.616831580743475,0.00020569622198155575,-5.005025901499847e-05,0.9999999049800162,2.172377567105564e-08,4.796002172145297e-05,-0.0004332895052344262,0,0,0,0.7,0.35,0,0,-1.0932667544054389,-0.004304263231437222,0.7095645704876187
14.32050000000601,-0.6167769954099367,0.00020565336459078942,-5.005886253178331e-05,0.9999999049735819,1.968281293260411e-08,4.79517310435244e-05,-0.0004333052727739169,0,0,0,0.7,0.35,0,0,-1.0932492366883109,-0.004304238293660645,0.7095522659443773
14.340500000006035,-0.6167252149413164,0.0002056124690275086,-5.0068236240159836e-05,0.9999999049679232,1.8315761605079776e-08,4.794261214282537e-05,-0.0004333193413970379,0,0,0,0.7,0.35,0,0,-1.0932365011070972,-0.0043042092862662,0.7095423395419314
14.36050000000606,-0.6166759014852866,0.00020557311426084565,-5.007551843326725e-05,0.9999999049626809,1.7310945623464203e-08,4.793653949634925e-05,-0.00043333211063026117,0,0,0,0.7,0.35,0,0,-1.0932219958083587,-0.004304103478634804,0.7095313646154503
14.380500000006084,-0.6166287068380234,0.00020553528644007727,-5.0080506311052215e-05,0.999999904957715,1.658743186823615e-08,4.7933320895142195e-05,-0.0004333439271501098,0,0,0,0.7,0.35,0,0,-1.0932071221777657,-0.0043039783470060775,0.7095199629653032
14.400500000006108,-0.6165833427661043,0.00020549887869694943,-5.008415774740942e-05,0.9999999049529686,1.615682773312351e-08,4.793128245033054e-05,-0.0004333551050044006,0,0,0,0.7,0.35,0,0,-1.0931924224559852,-0.004303881601995961,0.7095085373264032
14.420500000006133,-0.6165395720277945,0.0002054637661250227,-5.0087172664389266e-05,0.9999999049484216,1.594450369192028e-08,4.7929345838901165e-05,-0.0004333658119206762,0,0,0,0.7,0.35,0,0,-1.0931780930741932,-0.004303822133086357,0.7094972763253721
14.440500000006157,-0.616497196234568,0.0002054298091619396,-5.008987516334363e-05,0.9999999049440551,1.585470736448874e-08,4.7927148654048e-05,-0.0004333761299425457,0,0,0,0.7,0.35,0,0,-1.0931641882068546,-0.004303789632726348,0.7094862466990837
14.460500000006181,-0.6164560465255303,0.00020539687281690726,-5.0092375823736465e-05,0.9999999049398492,1.581939765979764e-08,4.792470044237457e-05,-0.0004333861047773613,0,0,0,0.7,0.35,0,0,-1.0931507041038206,-0.0043037729012693,0.7094754556957493
14.480500000006206,-0.6164159770784311,0.0002053648336167422,-5.00946944025817e-05,0.9999999049357853,1.580258234858317e-08,4.7922133909546774e-05,-0.00043339576753603743,0,0,0,0.7,0.35,0,0,-1.0931376162117363,-0.004303764241192226,0.709464886938249
14.50050000000623,-0.616376860653696,0.00020533358087465765,-5.009682246264645e-05,0.9999999049318429,1.5789360812685178e-08,4.791958736694177e-05,-0.0004334051428823469,0,0,0,0.7,0.35,0,0,-1.093124894327869,-0.004303759149064756,0.7094545174179798
14.520500000006255,-0.61633858545623,0.00020530301613145543,-5.0098749710500915e-05,0.999999904928011,1.5775415209387333e-08,4.791716449894681e-05,-0.0004334142519388201,0,0,0,0.7,0.35,0,0,-1.0931125081156672,-0.004303755217925507,0.709444324358702
14.54050000000628,-0.6163010528320829,0.00020527305209702853,-5.0100472580187146e-05,0.9999999049242774,1.5760607416844066e-08,4.791492908560819e-05,-0.00043342311336171623,0,0,0,0.7,0.35,0,0,-1.0931004287329822,-0.00430375125786905,0.7094342873965077
14.560500000006304,-0.6162641754997312,0.00020524361150892585,-5.010199523411519e-05,0.9999999049206336,1.5745908767665985e-08,4.791291216894773e-05,-0.0004334317438068111,0,0,0,0.7,0.35,0,0,-1.093088629081644,-0.004303746740844679,0.7094243888574641
14.580500000006328,-0.6162278761336827,0.00020521462604213982,-5.010332788860153e-05,0.9999999049170724,1.5732226755633276e-08,4.791112170014238e-05,-0.00043344015819384116,0,0,0,0.7,0.35,0,0,-1.0930770836860384,-0.004303741481864405,0.7094146134041477
14.600500000006353,-0.6161920861897636,0.00020518603531255003,-5.0104484608423425e-05,0.9999999049135883,1.5720106737820852e-08,4.790955099044061e-05,-0.00043344836989975434,0,0,0,0.7,0.35,0,0,-1.0930657685522598,-0.004303735464739395,0.7094049475726928
14.620500000006377,-0.6161567449042054,0.00020515778598267573,-5.0105481383898586e-05,0.9999999049101771,1.5709759657746295e-08,4.790818504245318e-05,-0.00043345639092117583,0,0,0,0.7,0.35,0,0,-1.0930546610940142,-0.00430372874984964,0.7093953793799981
14.640500000006401,-0.6161217984241292,0.00020512983096517882,-5.010633470901516e-05,0.9999999049068347,1.5701170916868948e-08,4.790700488716361e-05,-0.0004334642320186999,0,0,0,0.7,0.35,0,0,-1.0930437401183035,-0.004303721426741828,0.7093858980380875
14.660500000006426,-0.6160871990422773,0.0002051021287150145,-5.010706063910265e-05,0.9999999049035583,1.5694201061446724e-08,4.790599035687085e-05,-0.00043347190284727247,0,0,0,0.7,0.35,0,0,-1.093032985841492,-0.004303713590671255,0.709376493761384
14.68050000000645,-0.6160529045179575,0.0002050746426003876,-5.010767422970524e-05,0.9999999049003448,1.5688656332658388e-08,4.7905121738353796e-05,-0.0004334794120744733,0,0,0,0.7,0.35,0,0,-1.0930223799094194,-0.004303705331708294,0.7093671576402933
14.700500000006475,-0.616018877471675,0.00020504734034341158,-5.0108189249526615e-05,0.999999904897192,1.568433129339431e-08,4.790438067092893e-05,-0.0004334867674877436,0,0,0,0.7,0.35,0,0,-1.0930119054047789,-0.004303696730312334,0.7093578815567402
14.7205000000065,-0.6159850848442415,0.00020502019352251427,-5.0108618076790556e-05,0.9999999048940972,1.5681031519718915e-08,4.790375055987742e-05,-0.0004334939760913764,0,0,0,0.7,0.35,0,0,-1.0930015468339378,-0.0043036878561415306,0.709348658123601
14.740500000006524,-0.6159514974131741,0.00020499317712974516,-5.010897171014579e-05,0.9999999048910592,1.56785838250153e-08,4.790321669409544e-05,-0.00043350104419398656,0,0,0,0.7,0.35,0,0,-1.0929912900917818,-0.004303678768401543,0.7093394806362399
14.760500000006548,-0.615918089360456,0.00020496626917705554,-5.010925984562862e-05,0.9999999048880754,1.5676839385828845e-08,4.790276619427659e-05,-0.00043350797748714875,0,0,0,0.7,0.35,0,0,-1.0929811224069375,-0.004303669516854804,0.7093303430292041
14.780500000006572,-0.6158848378865559,0.00020493945034636145,-5.0109490986939024e-05,0.9999999048851438,1.5675673160039162e-08,4.7902387872903775e-05,-0.0004335147811158713,0,0,0,0.7,0.35,0,0,-1.0929710322715813,-0.00430366014304412,0.709321239834503
14.800500000006597,-0.6158517228661644,0.0002049127036787787,-5.010967256851063e-05,0.9999999048822633,1.5674981606838918e-08,4.7902072056373234e-05,-0.000433521459741562,0,0,0,0.7,0.35,0,0,-1.0929610093605173,-0.004303650681514102,0.7093121661400019
14.820500000006621,-0.6158187265415458,0.0002048860142989069,-5.0109811078581e-05,0.9999999048794336,1.5674679810201774e-08,4.790181039889333e-05,-0.00043352801759812703,0,0,0,0.7,0.35,0,0,-1.0929510444439676,-0.004303641160931788,0.7093031175476594
14.840500000006646,-0.615785833249753,0.00020485936917044007,-5.010991217549337e-05,0.9999999048766496,1.5674698569902844e-08,4.790159570453887e-05,-0.00043353445854182334,0,0,0,0.7,0.35,0,0,-1.0929411292978433,-0.004303631605070089,0.7092940901319559
14.86050000000667,-0.6157530291802634,0.0002048327568797413,-5.010998079363519e-05,0.9999999048739163,1.5674981730425604e-08,4.7901421765440675e-05,-0.0004335407860954596,0,0,0,0.7,0.35,0,0,-1.0929312566145148,-0.004303622033648676,0.7092850803990729
14.880500000006695,-0.6157203021598905,0.00020480616744433995,-5.011002123786995e-05,0.9999999048712263,1.567548384846359e-08,4.79012832191851e-05,-0.0004335470034874962,0,0,0,0.7,0.35,0,0,-1.092921419916306,-0.00430361246304116,0.7092760852474178
14.90050000000672,-0.6156876414620928,0.00020477959214360402,-5.011003726610714e-05,0.9999999048685826,1.5676168205381738e-08,4.7901175425564884e-05,-0.0004335531136865884,0,0,0,0.7,0.35,0,0,-1.0929116134732697,-0.004303602906863416,0.709267101929994
14.920500000006744,-0.6156550376380595,0.0002047530233691174,-5.011003216193405e-05,0.9999999048659836,1.56770051579755e-08,4.790109436137388e-05,-0.0004335591194320318,0,0,0,0.7,0.35,0,0,-1.0929018322262207,-0.004303593376459494,0.7092581280189922
14.940500000006768,-0.6156224823671981,0.000204726454492535,-5.0110008796600505e-05,0.999999904863426,1.567797078374085e-08,4.7901036531281914e-05,-0.00043356502326058087,0,0,0,0.7,0.35,0,0,-1.0928920717155717,-0.004303583881301043,0.7092491613728416
14.960500000006792,-0.615589968324883,0.00020469987974892836,-5.0109969682787e-05,0.999999904860911,1.567904576724775e-08,4.790099889257877e-05,-0.00043357082753003515,0,0,0,0.7,0.35,0,0,-1.0928823280161606,-0.004303574429314726,0.7092402001058427
14.980500000006817,-0.6155574890655282,0.0002046732941338365,-5.0109917021259035e-05,0.9999999048584376,1.5680214502336113e-08,4.790097879172799e-05,-0.0004335765344399511,0,0,0,0.7,0.35,0,0,-1.092872597678042,-0.004303565027150431,0.7092312425604069
15.000500000006841,-0.6155250389192586,0.00020464669331244639,-5.010985274073923e-05,0.9999999048560045,1.5681464364358136e-08,4.79009739107956e-05,-0.00043358214604984026,0,0,0,0.7,0.35,0,0,-1.0928628776730203,-0.0043035556804000095,0.7092222872818434
15.020500000006866,-0.6154926129006278,0.00020462007353948394,-5.010977853226513e-05,0.9999999048536119,1.5682785126557687e-08,4.7900982222130845e-05,-0.0004335876642951264,0,0,0,0.7,0.35,0,0,-1.0928531653466076,-0.004303546393776161,0.7092133329955945
15.04050000000689,-0.6154602066280026,0.00020459343158856278,-5.010969587915978e-05,0.9999999048512589,1.5684168486294242e-08,4.790100194989496e-05,-0.0004335930910011327,0,0,0,0.7,0.35,0,0,-1.0928434583750404,-0.0043035371712594845,0.7092043785867718
15.060500000006915,-0.6154278162523839,0.00020456676468988817,-5.010960608274107e-05,0.9999999048489426,1.5685607694351043e-08,4.790103153727974e-05,-0.00043359842789534263,0,0,0,0.7,0.35,0,0,-1.0928337547269311,-0.004303528016219,0.7091954230818309
15.08050000000694,-0.6153954383945711,0.00020454007047532855,-5.010951028479573e-05,0.9999999048466657,1.568709724609213e-08,4.7901069618441045e-05,-0.00043360367661814385,0,0,0,0.7,0.35,0,0,-1.0928240526291584,-0.0043035189315103976,0.7091864656322143
15.100500000006964,-0.6153630700897001,0.0002045133469299866,-5.010940948717705e-05,0.9999999048444237,1.5688632645585716e-08,4.790111499439614e-05,-0.00043360883873222765,0,0,0,0.7,0.35,0,0,-1.0928143505365655,-0.00430350991955733,0.7091775054997861
15.120500000006988,-0.6153307087382953,0.00020448659234950436,-5.0109304568732645e-05,0.9999999048422199,1.5690210207647438e-08,4.7901166612231676e-05,-0.0004336139157308321,0,0,0,0.7,0.35,0,0,-1.0928046471051112,-0.004303500982418747,0.7091685420438888
15.140500000007012,-0.6150880758384072,0.00020235753239302717,-4.980891069358074e-05,0.9999999157821174,6.329127328996319e-07,-1.0347822322883267e-05,-0.000410278294677518,1.2,-1.2,0,0.7,0.35,0,0,-1.0929498830296902,-0.004302626903979412,0.7092342642097815
15.160500000007037,-0.6148853730209994,0.00019926791413012765,-5.070390919711226e-05,0.9999999259423686,6.281152713360157e-07,3.282779712514991e-05,-0.0003834542961573092,1.2,-1.2,0,0.7,0.35,0,0,-1.093304329218741,-0.004302053047836045,0.7094036334763018
15.180500000007061,-0.6145586131159533,0.0001965434793668993,-5.085479308127519e-05,0.9999999442039054,8.574587250647989e-07,6.326242026282899e-05,-0.00032800810379231884,1.2,-1.2,0,0.7,0.35,0,0,-1.0934037810018091,-0.004301607560002442,0.7094472354250073
15.200500000007086,-0.6141125723380647,0.00019344836227047968,-5.1474545749081474e-05,0.9999999493743106,-6.965499320374259e-07,3.4459342586622295e-05,-0.00031632806472175703,1.2,-1.2,0,0.7,0.35,0,0,-1.0935728957573942,-0.004298420369225155,0.7095236552952265
15.22050000000711,-0.6136362143522516,0.00019095266025387743,-5.1297476292796165e-05,0.9999999560700948,-5.037763243838968e-07,7.663600429392976e-05,-0.00028633280833037327,1.2,-1.2,0,0.7,0.35,0,0,-1.0935203423888404,-0.00429558662571021,0.7094931307417219
15.240500000007135,-0.6130659351863506,0.00018833376341275028,-5.1353174904937086e-05,0.9999999355804897,-3.837015988576628e-06,3.3820166805777556e-05,-0.0003573240673590417,1.2,-1.2,0,0.7,0.35,0,0,-1.0934992167864241,-0.004291326069096062,0.7094777492125444
15.26050000000716,-0.6125354333731978,0.00018589978439269024,-5.1077047615321116e-05,0.9999998852185038,-3.936569508449197e-06,8.198864611100368e-05,-0.0004720437941646893,1.2,-1.2,0,0.7,0.35,0,0,-1.0933599376071472,-0.004284927817256294,0.7094047091906436
15.280500000007184,-0.6118349860588225,0.00018245438496501814,-5.115329130372974e-05,0.9999997845546799,-5.332166323213774e-06,1.0988851762827303e-06,-0.0006563999950011345,1.2,-1.2,0,0.7,0.35,0,0,-1.0932019010231053,-0.0042779190392641915,0.7093215817761548
15.300500000007208,-0.6112605535334117,0.00017928526556730228,-5.1004510609427564e-05,0.9999996022443765,-4.374088983887706e-06,6.952161890597402e-05,-0.0008891899125256788,1.2,-1.2,0,0.7,0.35,0,0,-1.0929997786224472,-0.004274488784329737,0.7092183587531599
15.320500000007232,-0.6104260022174267,0.00017455014243724837,-5.1091091170039037e-05,0.9999993234927895,-4.5603687652094675e-06,-3.0235438341842375e-05,-0.0011627893119399509,1.2,-1.2,0,0.7,0.35,0,0,-1.0927059750468766,-0.0042703356092914785,0.7090682905943079
15.340500000007257,-0.6097511613049592,0.00017020763975043057,-5.102737920334686e-05,0.999998942464611,-3.1533437415958954e-06,5.752651393800941e-05,-0.0014531862980072577,1.2,-1.2,0,0.7,0.35,0,0,-1.0924440690673245,-0.004270527484196774,0.7089363804997871
15.360500000007281,-0.6088589883452459,0.00016434236285456518,-5.057330054132351e-05,0.9999983894120278,-3.898172774525992e-06,4.101760994572864e-06,-0.0017947538357334254,1.2,-1.2,0,0.7,0.35,0,0,-1.092052622091462,-0.004268091552868528,0.708737928679324
15.380500000007306,-0.6080014188067993,0.00015812199628235165,-5.040636089366489e-05,0.9999976929284387,-3.170997698658617e-06,3.433480166200287e-05,-0.002147777657666294,1.2,-1.2,0,0.7,0.35,0,0,-1.0916905719579164,-0.004269353878245459,0.7085556501815867
15.40050000000733,-0.6070272801673855,0.00015056849999671638,-4.931386174696832e-05,0.999996752491579,-3.7723811423276176e-06,2.7053843967599763e-06,-0.002548525994309651,1.2,-1.2,0,0.7,0.35,0,0,-1.091240689780095,-0.004267009617044948,0.7083273772113425
15.420500000007355,-0.6060569850790858,0.00014233201877759111,-4.846324014432904e-05,0.9999956115060176,-3.1062498274792906e-06,2.233558782757579e-05,-0.0029625091018182365,1.2,-1.2,0,0.7,0.35,0,0,-1.09079769960128,-0.004268151191831639,0.7081035566306423
15.440500000007379,-0.6049858295315852,0.0001323467241690645,-4.6934124755261766e-05,0.9999941507091931,-3.772811159145548e-06,-1.0175399808209183e-05,-0.0034202967161130354,1.2,-1.2,0,0.7,0.35,0,0,-1.0903013101312047,-0.004265585549980498,0.7078507022384962
15.460500000007404,-0.6039475585128217,0.00012208660503153812,-4.5711473824049315e-05,0.9999924219136329,-2.889636956820762e-06,2.5400377758451514e-05,-0.0038930016411625533,1.2,-1.2,0,0.7,0.35,0,0,-1.0898106466492024,-0.004265788399654397,0.7076013446654162
15.480500000007428,-0.6028268533599449,0.000109595658897783,-4.428224561720122e-05,0.9999903305838017,-3.124703805815682e-06,1.6730397914866215e-05,-0.004397550366986978,1.2,-1.2,0,0.7,0.35,0,0,-1.089293786646874,-0.0042642620730739935,0.7073368920909456
15.500500000007452,-0.6016589459508649,9.541688527251656e-05,-4.2817085703581195e-05,0.9999878421688454,-3.2305533830684106e-06,-2.8074592692128723e-06,-0.004931074546038991,1.2,-1.2,0,0.7,0.35,0,0,-1.0887544123878714,-0.004261264075981572,0.7070597904493265
15.520500000007477,-0.6004655175262131,7.966988729362638e-05,-4.1538146473255516e-05,0.9999849565668338,-2.9353431172349056e-06,-9.952805060794203e-06,-0.005485119174040454,1.2,-1.2,0,0.7,0.35,0,0,-1.0882100682330909,-0.004258763871809324,0.7067795284289361
15.540500000007501,-0.5992506796972574,6.230516324564165e-05,-4.041558236589663e-05,0.9999816595013948,-2.5234648227669986e-06,-5.812392321479048e-06,-0.006056452813733052,1.2,-1.2,0,0.7,0.35,0,0,-1.0876653376797407,-0.004256709155339103,0.7064981917715839
15.560500000007526,-0.5980158838165096,4.326099366616152e-05,-3.9406201591757564e-05,0.9999779329957809,-2.1279959934510573e-06,3.997638904294584e-06,-0.006643304973922432,1.2,-1.2,0,0.7,0.35,0,0,-1.087119502409102,-0.004254619964505399,0.7062151558892598
15.58050000000755,-0.5967632608525377,2.248855797883624e-05,-3.849675569033091e-05,0.9999737620638153,-1.7644738091720804e-06,1.5311652208505688e-05,-0.0072439593028547295,1.2,-1.2,0,0.7,0.35,0,0,-1.0865713338610656,-0.004252221186700102,0.7059296880004936
15.600500000007575,-0.5954955231683673,-4.363371237543729e-08,-3.768930678832751e-05,0.9999691360747546,-1.4214834519204452e-06,2.5963712157194553e-05,-0.007856603704801794,1.2,-1.2,0,0.7,0.35,0,0,-1.0860222673501014,-0.0042495212494149965,0.7056426029975525
15.620500000007599,-0.5942102315743102,-2.44347763757064e-05,-3.677077858757211e-05,0.9999640330514695,-1.2082406516380954e-06,3.522775598267816e-05,-0.008481235817079899,1.2,-1.2,0,0.7,0.35,0,0,-1.0854956844862393,-0.004245556982000219,0.705365865156089
15.640500000007624,-0.5929021298051532,-5.08496516183658e-05,-3.579161502925678e-05,0.9999584129011955,-1.059202567303063e-06,4.168237629319006e-05,-0.009119798768566974,1.2,-1.2,0,0.7,0.35,0,0,-1.085061466984084,-0.004239646363950312,0.7051355594986001
15.660500000007648,-0.5915871936052942,-7.909589513897625e-05,-3.525262538610025e-05,0.9999523096863543,-7.034314730140921e-07,4.502097038161388e-05,-0.009766080357130764,1.2,-1.2,0,0.7,0.35,0,0,-1.0846511345394143,-0.004234598671564595,0.7049167974538758
15.680500000007672,-0.5902705566561465,-0.00010909437148961585,-3.494342119441532e-05,0.9999457382037961,-3.2210970549356997e-07,4.664905058076493e-05,-0.010417219966312508,1.2,-1.2,0,0.7,0.35,0,0,-1.0842395597617995,-0.004229931558373339,0.7046967761788372
15.700500000007697,-0.5889536610083479,-0.00014081609416865347,-3.471453642397347e-05,0.9999387005188092,-1.948048070496794e-08,4.751454745892931e-05,-0.011072169937339749,1.2,-1.2,0,0.7,0.35,0,0,-1.0838288508025902,-0.004225185376527028,0.704476742673942
15.720500000007721,-0.5876371146709133,-0.00017424959554437802,-3.451257553905245e-05,0.9999311946445855,1.9431655261376417e-07,4.8067410559343886e-05,-0.011730458905684877,1.2,-1.2,0,0.7,0.35,0,0,-1.0834172130410573,-0.004220232948571078,0.7042556039413298
15.740500000007746,-0.5863213617413655,-0.00020939121332180072,-3.432514724313326e-05,0.9999232179056055,3.436642266682404e-07,4.8493821881810186e-05,-0.012391769104142308,1.2,-1.2,0,0.7,0.35,0,0,-1.0830074331753765,-0.004214893759641295,0.7040347040367769
15.76050000000777,-0.5850068076534078,-0.00024623678940135477,-3.415199699242071e-05,0.9999147678167847,4.55020228714001e-07,4.886459933360254e-05,-0.013055830649510528,1.2,-1.2,0,0.7,0.35,0,0,-1.0825972803570785,-0.0042092033913461585,0.7038128902592973
15.780500000007795,-0.5836937828566828,-0.0002847781551977237,-3.399465329095743e-05,0.9999058419213669,5.451714349013236e-07,4.9204960731103185e-05,-0.013722422165813682,1.2,-1.2,0,0.7,0.35,0,0,-1.0821868362541176,-0.004203415735757844,0.7035902694486051
15.800500000007819,-0.5823825715317609,-0.0003250085202061877,-3.385319207648481e-05,0.9998964380563853,6.238467694652184e-07,4.952514054758492e-05,-0.01439134146021118,1.2,-1.2,0,0.7,0.35,0,0,-1.0817763983254125,-0.004197707793811931,0.7033670970848177
15.820500000007844,-0.5810734072334358,-0.0003669240245673073,-3.3725045380726805e-05,0.9998865543127262,6.946102561791451e-07,4.983254467900265e-05,-0.015062404219094914,1.2,-1.2,0,0.7,0.35,0,0,-1.0813721628675967,-0.004191790355418142,0.7031465857099578
15.840500000007868,-0.579766497935003,-0.0004105177362755613,-3.360810950550392e-05,0.9998761889746252,7.594493978372937e-07,5.013091640534265e-05,-0.015735444318333052,1.2,-1.2,0,0.7,0.35,0,0,-1.0809661974915463,-0.004185730714062417,0.7029243892855263
15.860500000007892,-0.5784620022420316,-0.00045578496870939437,-3.350167784959943e-05,0.9998653404257581,8.210576496506131e-07,5.042061242343624e-05,-0.016410316035096892,1.2,-1.2,0,0.7,0.35,0,0,-1.0805625610459755,-0.004179406912304146,0.7027028142014345
15.880500000007917,-0.5771600251398241,-0.0005027166699680764,-3.340475676947071e-05,0.9998540067989812,8.792894252525567e-07,5.070179076278375e-05,-0.01708691067981062,1.2,-1.2,0,0.7,0.35,0,0,-1.0801557776197985,-0.004173170739074591,0.702478880280775
15.900500000007941,-0.5758606562780993,-0.0005513113380784769,-3.3315500911902135e-05,0.999842186586367,9.351037851010658e-07,5.0974598484465406e-05,-0.017765115336193175,1.2,-1.2,0,0.7,0.35,0,0,-1.0797545916040892,-0.0041667327217542365,0.7022573647983053
15.920500000007966,-0.5745639850970534,-0.000601559615507374,-3.323257622473263e-05,0.9998298774567728,9.881755358557875e-07,5.121154598537863e-05,-0.018444877911639984,1.2,-1.2,0,0.7,0.35,0,0,-1.079351387256548,-0.004160415173888825,0.702034126497515
15.94050000000799,-0.5732700851779591,-0.0006534566227090343,-3.315533709805827e-05,0.9998170771304604,1.04040707335051e-06,5.1401511708777135e-05,-0.01912615055634292,1.2,-1.2,0,0.7,0.35,0,0,-1.0789464988210096,-0.004154103841401626,0.7018093634123952
15.960500000008015,-0.5719789808755791,-0.0007069975299313057,-3.308342766631204e-05,0.9998037835658176,1.0924774544321165e-06,5.1559865817948226e-05,-0.019808879520612215,1.2,-1.2,0,0.7,0.35,0,0,-1.0785457895112658,-0.004147751782154785,0.7015862332253323
15.980500000008039,-0.5706906922129943,-0.0007621785708462098,-3.301589472916434e-05,0.9997899949575947,1.1446101649520928e-06,5.170077847501102e-05,-0.02049300632929062,1.2,-1.2,0,0.7,0.35,0,0,-1.0781443569580285,-0.0041413927050210405,0.701362078238313
16.00050000000806,-0.5694052144618132,-0.0008189942320164125,-3.295215486391261e-05,0.9997757093329153,1.196014420403041e-06,5.183207002686898e-05,-0.021178487667231193,1.2,-1.2,0,0.7,0.35,0,0,-1.0777363732331209,-0.00413513563267951,0.701133681104065
16.020500000008013,-0.568122527606808,-0.0008774472576329263,-3.289105371718596e-05,0.9997609249709835,1.247597690805306e-06,5.1958001743970887e-05,-0.021865273837119868,1.2,-1.2,0,0.7,0.35,0,0,-1.077342363561328,-0.004128515894377367,0.700912344783912
16.040500000007967,-0.5668426190364372,-0.0009375289741108166,-3.283260959385628e-05,0.9997456398215522,1.298647733557086e-06,5.208040715615225e-05,-0.022553335534651497,1.2,-1.2,0,0.7,0.35,0,0,-1.076942750338153,-0.004122067831384643,0.7006872621588357
16.06050000000792,-0.5655654575257439,-0.0009992374991002308,-3.277651393363559e-05,0.9997298519952429,1.349072219474168e-06,5.219991112041146e-05,-0.023242639757949424,1.2,-1.2,0,0.7,0.35,0,0,-1.0765423500050808,-0.004115623759154015,0.7004610953801995
16.080500000007873,-0.5642910155967337,-0.0010625724299886201,-3.2722243782912534e-05,0.9997135597575147,1.3994663829324904e-06,5.2317142378974856e-05,-0.023933150605683823,1.2,-1.2,0,0.7,0.35,0,0,-1.0761459069751986,-0.004109050980697209,0.7002364899122269
16.100500000007827,-0.5630192662969146,-0.0011275307203606453,-3.2669568603293256e-05,0.9996967613187294,1.450000651020179e-06,5.243246556439707e-05,-0.024624838224362133,1.2,-1.2,0,0.7,0.35,0,0,-1.0757489222817802,-0.004102452745179966,0.7000109509920261
16.12050000000778,-0.561750166053214,-0.0011941088704896371,-3.261861974722804e-05,0.9996794547223282,1.5000657751340636e-06,5.2545528677337815e-05,-0.02531768241340212,1.2,-1.2,0,0.7,0.35,0,0,-1.0753523771654667,-0.0040958661587194856,0.6997850021877274
16.140500000007734,-0.5604836836292161,-0.0012623066053376402,-3.256902354731135e-05,0.9996616383431725,1.5502567238724762e-06,5.265668939305609e-05,-0.026011652195020014,1.2,-1.2,0,0.7,0.35,0,0,-1.0749592643700219,-0.00408918240857948,0.699560341048989
16.160500000007687,-0.5592197855682194,-0.0013321221974549073,-3.252056617000211e-05,0.999643310513132,1.600777929017328e-06,5.276616339350698e-05,-0.026706721242345896,1.2,-1.2,0,0.7,0.35,0,0,-1.0745691047373165,-0.004082399129766127,0.6993367165291271
16.18050000000764,-0.5579584288027307,-0.0014035515137273819,-3.247349820595651e-05,0.9996244693536569,1.6509071023453727e-06,5.287360678755812e-05,-0.027402873409118265,1.2,-1.2,0,0.7,0.35,0,0,-1.0741764955477413,-0.00407570663761049,0.6991110669751177
16.200500000007594,-0.5566995772765424,-0.0014765947890109435,-3.2427525103810084e-05,0.9996051133340808,1.701107609564668e-06,5.297924462532126e-05,-0.028100081613144562,1.2,-1.2,0,0.7,0.35,0,0,-1.0737874784898527,-0.004068906252772559,0.6988868211706758
16.220500000007547,-0.5554431963544771,-0.0015512507863526474,-3.2382448372175836e-05,0.9995852409079021,1.7516317858112419e-06,5.3083312582343655e-05,-0.028798321794594385,1.2,-1.2,0,0.7,0.35,0,0,-1.0734010977957837,-0.004062030195767776,0.6986634482615325
16.2405000000075,-0.5541892409991871,-0.001627515796583619,-3.233860430701226e-05,0.999564850273784,1.8016999223231365e-06,5.318538478027889e-05,-0.029497580667167903,1.2,-1.2,0,0.7,0.35,0,0,-1.0730146369776699,-0.004055188539523844,0.6984393969914199
16.260500000007454,-0.5529376794299741,-0.0017053908317471904,-3.2295595600702453e-05,0.9995439401195709,1.8520506051147292e-06,5.328587117861208e-05,-0.030197829846342002,1.2,-1.2,0,0.7,0.35,0,0,-1.0726321576823477,-0.004048194570279056,0.6982170145052795
16.280500000007407,-0.5516884721146826,-0.0017848721409304115,-3.2253617214549324e-05,0.9995225087706745,1.9021532699957916e-06,5.3384633951824734e-05,-0.030899055118871664,1.2,-1.2,0,0.7,0.35,0,0,-1.072246749524383,-0.004041316639927081,0.6979923268841615
16.30050000000736,-0.5504415786660711,-0.0018659603101511125,-3.221256931752457e-05,0.9995005548239163,1.9522127864505467e-06,5.3481630800980865e-05,-0.03160123482693602,1.2,-1.2,0,0.7,0.35,0,0,-1.0718666398213947,-0.004034296674393092,0.6977700629005812
16.320500000007314,-0.5491969678849967,-0.0019486541517705694,-3.2172279705635867e-05,0.9994780769421586,2.002530694517464e-06,5.357716546812046e-05,-0.032304347036919125,1.2,-1.2,0,0.7,0.35,0,0,-1.0714889378189305,-0.004027213109654595,0.6975485790442866
16.340500000007268,-0.5479545973882816,-0.0020329497278887203,-3.213315924476873e-05,0.9994550734539329,2.052233995809901e-06,5.36708123672504e-05,-0.033008381699583714,1.2,-1.2,0,0.7,0.35,0,0,-1.0711089570188865,-0.004020232198217638,0.6973251636626362
16.36050000000722,-0.5467144359498675,-0.002118850932030964,-3.209463935361437e-05,0.9994315434285093,2.102414636498415e-06,5.376297207499191e-05,-0.033713307539148724,1.2,-1.2,0,0.7,0.35,0,0,-1.0707355664632667,-0.004012930495988107,0.6971050004420272
16.380500000007174,-0.5454764507383544,-0.002206352534543155,-3.205693947850897e-05,0.9994074852964094,2.1525872779884975e-06,5.3853757975708255e-05,-0.034419114291992445,1.2,-1.2,0,0.7,0.35,0,0,-1.0703597291568328,-0.004005767754825748,0.6968828014797362
16.400500000007128,-0.5442405945070883,-0.0022954538890634095,-3.202038308479065e-05,0.9993828975625119,2.202184590220656e-06,5.39425957476674e-05,-0.03512579031003592,1.2,-1.2,0,0.7,0.35,0,0,-1.0699876134360633,-0.003998614173757602,0.6966621367084426
16.42050000000708,-0.5430068442403575,-0.0023861562496031844,-3.198452854110336e-05,0.9993577793461377,2.2520781310514873e-06,5.4030026561354925e-05,-0.035833307634658355,1.2,-1.2,0,0.7,0.35,0,0,-1.0696191185471136,-0.003991288495917669,0.6964430208919397
16.440500000007034,-0.5417751633842536,-0.0024784562401402007,-3.194960190772821e-05,0.9993321292083517,2.3016233939940014e-06,5.411586573693434e-05,-0.03654165565596612,1.2,-1.2,0,0.7,0.35,0,0,-1.0692464986145054,-0.003984080069844464,0.6962209053730561
16.460500000006988,-0.5405455175704075,-0.002572355948302986,-3.1915382696421314e-05,0.9993059461565394,2.351384743367717e-06,5.4200225442556106e-05,-0.037250812514504406,1.2,-1.2,0,0.7,0.35,0,0,-1.0688813068438365,-0.00397663463684274,0.6960025674736962
16.48050000000694,-0.5393178668495631,-0.002667851865564626,-3.188208562506369e-05,0.9992792288839155,2.4004975177757716e-06,5.427952250402157e-05,-0.03796076618219813,1.2,-1.2,0,0.7,0.35,0,0,-1.0685110052498765,-0.003969361641258203,0.6957806382477274
16.500500000006895,-0.5380921339828443,-0.002764950865552846,-3.184904948131833e-05,0.9992519771331378,2.4482203167780287e-06,5.4336004367404966e-05,-0.038671478341531125,1.2,-1.2,0,0.7,0.35,0,0,-1.0681491437227286,-0.0039618035524507465,0.6955631168850466
16.520500000006848,-0.5368682822634461,-0.0028636474481538196,-3.1816691885898477e-05,0.9992241899118287,2.4929816421064638e-06,5.436968302509726e-05,-0.03938293199816094,1.2,-1.2,0,0.7,0.35,0,0,-1.067781255530411,-0.003954451710338438,0.6953414514885069
16.5405000000068,-0.5356463062573561,-0.002963944233685921,-3.178466378506408e-05,0.9991958669590596,2.5366488987836437e-06,5.439051751847044e-05,-0.04009509305600206,1.2,-1.2,0,0.7,0.35,0,0,-1.0674203504303899,-0.003946855323548074,0.6951233597900286
16.560500000006755,-0.5344261868874289,-0.0030658348743323274,-3.175363904063283e-05,0.9991670069377981,2.5785330805427615e-06,5.44043029771674e-05,-0.04080795609296457,1.2,-1.2,0,0.7,0.35,0,0,-1.0670571987987445,-0.003939361186445894,0.6949033532430001
16.580500000006708,-0.53320791989895,-0.003169320883946738,-3.172313104097666e-05,0.999137609449429,2.620293058873503e-06,5.441523948622195e-05,-0.04152149341962738,1.2,-1.2,0,0.7,0.35,0,0,-1.0666972569415063,-0.003931708534050672,0.6946847097493869
16.60050000000666,-0.5319914805666164,-0.0032743987758104337,-3.169347649367438e-05,0.9991076732218624,2.661417725541799e-06,5.4424499030892977e-05,-0.04223569982948657,1.2,-1.2,0,0.7,0.35,0,0,-1.0663400220066352,-0.003924031428301895,0.6944671026138223
16.620500000006615,-0.5307768568365732,-0.0033810669142926015,-3.166456375236147e-05,0.9990771974474683,2.7022741298523883e-06,5.443295132134433e-05,-0.04295055960361178,1.2,-1.2,0,0.7,0.35,0,0,-1.0659823907019228,-0.003916329143596612,0.6942487123556467
16.64050000000657,-0.5295640302657976,-0.0034893241191671764,-3.163632237534633e-05,0.9990461812125502,2.7429963214188217e-06,5.444095443247783e-05,-0.04366606042773054,1.2,-1.2,0,0.7,0.35,0,0,-1.0656249766714343,-0.003908604603363814,0.6940298964351546
16.66050000000652,-0.5283529813860892,-0.003599168906809781,-3.1608789161250046e-05,0.9990146235586571,2.783547786439406e-06,5.44485624849389e-05,-0.04438219173903839,1.2,-1.2,0,0.7,0.35,0,0,-1.0652689660609662,-0.003900820875979737,0.6938113708663921
16.680500000006475,-0.5271436945011642,-0.003710600477907463,-3.1581819150663094e-05,0.9989825236954696,2.8242382133987476e-06,5.445599455916651e-05,-0.04509893987223675,1.2,-1.2,0,0.7,0.35,0,0,-1.064914607639672,-0.003892968419436188,0.6935932916892175
16.70050000000643,-0.52593614866099,-0.003823616845870917,-3.155553109951982e-05,0.9989498806119398,2.8647350506938095e-06,5.446308669375529e-05,-0.04581629678352549,1.2,-1.2,0,0.7,0.35,0,0,-1.0645602568896857,-0.003885071473024381,0.6933746757983088
16.720500000006382,-0.5247303264788871,-0.003938216499327172,-3.152989733524289e-05,0.9989166934061786,2.9051736832558832e-06,5.446987415889303e-05,-0.04653425253573233,1.2,-1.2,0,0.7,0.35,0,0,-1.0642074821606988,-0.0038771924497180135,0.6931564435317752
16.740500000006335,-0.5235262113659,-0.004054399225189462,-3.150479757203187e-05,0.9988829613711139,2.9457401353854098e-06,5.44765018851009e-05,-0.04725279363283542,1.2,-1.2,0,0.7,0.35,0,0,-1.063855673586394,-0.003869241649587357,0.6929382608086994
16.76050000000629,-0.5223237842190365,-0.004172161869218658,-3.148040943371328e-05,0.9988486834534192,2.9859255857159644e-06,5.4482720862515e-05,-0.04797191455516467,1.2,-1.2,0,0.7,0.35,0,0,-1.063500151815124,-0.003861360341019054,0.6927172770099572
16.780500000006242,-0.5211230254030949,-0.004291508510844857,-3.1456331451975206e-05,0.9988138592862402,3.02670284287728e-06,5.448902990031252e-05,-0.04869159598442152,1.2,-1.2,0,0.7,0.35,0,0,-1.0631546784827912,-0.003853069278734372,0.6925019053211495
16.800500000006195,-0.5199239205762622,-0.0044124326925019455,-3.1432800852710414e-05,0.9987784876087866,3.067400939682362e-06,5.449510082444936e-05,-0.04941183775957833,1.2,-1.2,0,0.7,0.35,0,0,-1.0628075846039624,-0.0038449881433677063,0.6922849572350301
16.82050000000615,-0.5187264481749732,-0.00453493267301625,-3.141019685587035e-05,0.9987425674482839,3.107368616413012e-06,5.450047990466509e-05,-0.05013263395086889,1.2,-1.2,0,0.7,0.35,0,0,-1.062454286573096,-0.003837033356534214,0.6920636829968377
16.840500000006102,-0.5175305955404148,-0.0046590127074931376,-3.138774722125893e-05,0.9987060987123608,3.1480665050076804e-06,5.4506106073082477e-05,-0.050853961634366604,1.2,-1.2,0,0.7,0.35,0,0,-1.062108903784419,-0.003828795991986353,0.6918467329753085
16.860500000006056,-0.5163363434306537,-0.0047846687517349735,-3.136585878434651e-05,0.9986690802554794,3.18876034474004e-06,5.4511478327018416e-05,-0.05157581952818487,1.2,-1.2,0,0.7,0.35,0,0,-1.0617642085024326,-0.003820548166251361,0.6916296710967853
16.88050000000601,-0.5151436740726206,-0.0049119006676570575,-3.13444553238213e-05,0.9986315114087108,3.2295044737507056e-06,5.451667028847211e-05,-0.05229819728304031,1.2,-1.2,0,0.7,0.35,0,0,-1.0614214597337595,-0.003812204612169213,0.6914132885486042
16.900500000005962,-0.5139525668439121,-0.0050407062328524785,-3.132371613168338e-05,0.9985933911823704,3.269774587981395e-06,5.452142444826223e-05,-0.053021091120574286,1.2,-1.2,0,0.7,0.35,0,0,-1.0610787438750389,-0.0038038714044994846,0.6911963894731612
16.920500000005916,-0.5127630127917367,-0.005171085610283962,-3.130335111681324e-05,0.9985547192163573,3.3103232450381104e-06,5.452613317011634e-05,-0.053744485732798844,1.2,-1.2,0,0.7,0.35,0,0,-1.0607369350463771,-0.003795504705848528,0.6909795252557159
16.94050000000587,-0.5115749939758867,-0.00530303730367279,-3.128350323619074e-05,0.998515494712786,3.350808911440597e-06,5.453060998413818e-05,-0.054468374619268844,1.2,-1.2,0,0.7,0.35,0,0,-1.0603929610734142,-0.003787118584859357,0.6907608095040544
16.960500000005823,-0.5103884925088921,-0.005436561782047132,-3.126403734692779e-05,0.9984757170640294,3.3914996533195406e-06,5.453500134238818e-05,-0.05519274814596697,1.2,-1.2,0,0.7,0.35,0,0,-1.0600535043483117,-0.0037786124249466102,0.690544370504719
16.980500000005776,-0.5092034893702291,-0.005571656890064039,-3.124520056726091e-05,0.9984353853466754,3.431846338544305e-06,5.453898952480814e-05,-0.05591760278621487,1.2,-1.2,0,0.7,0.35,0,0,-1.0597147798704378,-0.0037700878016962303,0.6903278631423317
17.00050000000573,-0.5080199748487868,-0.005708321669308284,-3.122682336824778e-05,0.9983944991019322,3.4721861029011013e-06,5.454279704014697e-05,-0.05664292697266311,1.2,-1.2,0,0.7,0.35,0,0,-1.0593733900095574,-0.003761623867843374,0.6901091663220775
17.020500000005683,-0.5068379315937517,-0.005846557479575746,-3.120878046737457e-05,0.9983530578720914,3.5128594671674816e-06,5.454657312811985e-05,-0.05736870967502244,1.2,-1.2,0,0.7,0.35,0,0,-1.0590371749138032,-0.003752976557448474,0.6898931978632347
17.040500000005636,-0.5056573450358816,-0.005986361745399744,-3.119121923233209e-05,0.9983110608579904,3.553464960632536e-06,5.455012904663128e-05,-0.05809494625395655,1.2,-1.2,0,0.7,0.35,0,0,-1.0586999436205922,-0.0037443218458521267,0.6896760824876249
17.06050000000559,-0.5044781992334328,-0.006127734561073358,-3.1174074986280826e-05,0.998268507512417,3.5941367864646537e-06,5.4553534022407117e-05,-0.05882162799452111,1.2,-1.2,0,0.7,0.35,0,0,-1.0583648343599295,-0.0037355934151409886,0.6894597867635619
17.080500000005543,-0.503300477550722,-0.006270674628521942,-3.115747434225665e-05,0.998225397104355,3.6345720000231727e-06,5.455662223462869e-05,-0.05954874966124684,1.2,-1.2,0,0.7,0.35,0,0,-1.0580306275501916,-0.0037268126201832285,0.6892435518619715
17.100500000005496,-0.5021241676670529,-0.006415181117863041,-3.114133713565984e-05,0.9981817291194218,3.674900472910087e-06,5.45594898628849e-05,-0.060276302656340874,1.2,-1.2,0,0.7,0.35,0,0,-1.057694640818537,-0.0037180921857763727,0.6890256681845338
17.12050000000545,-0.5009492572129085,-0.006561253921530482,-3.112558614167639e-05,0.9981375031390209,3.7153613071771946e-06,5.4562242575310225e-05,-0.0610042771988832,1.2,-1.2,0,0.7,0.35,0,0,-1.0573597938840977,-0.003709308918041452,0.6888079967502018
17.140500000005403,-0.4997757300266574,-0.006708893319440839,-3.111020128664048e-05,0.9980927186509889,3.7560004901721395e-06,5.4564893285505314e-05,-0.06173266545712394,1.2,-1.2,0,0.7,0.35,0,0,-1.0570285491268658,-0.003700392062068717,0.6885921079619197
17.160500000005356,-0.4986035747482894,-0.006858096224683007,-3.109532797753946e-05,0.9980473749163616,3.7964058781379217e-06,5.4567265346365954e-05,-0.062461463564013296,1.2,-1.2,0,0.7,0.35,0,0,-1.0566933681291661,-0.003691565410642778,0.6883732050362721
17.18050000000531,-0.49743277353426507,-0.007008865748883223,-3.108075368328504e-05,0.9980014717196933,3.837116482569284e-06,5.4569598860960894e-05,-0.06319065953731944,1.2,-1.2,0,0.7,0.35,0,0,-1.056364831867483,-0.0036825038594370425,0.6881580410940278
17.200500000005263,-0.49626331573724997,-0.007161198492071717,-3.106658241480745e-05,0.9979550083325487,3.877804671846131e-06,5.457174977611478e-05,-0.0639202499280869,1.2,-1.2,0,0.7,0.35,0,0,-1.0560362129819438,-0.0036734328982119158,0.6879423275187515
17.220500000005217,-0.4950951861864283,-0.007315094963542141,-3.1052887692690825e-05,0.9979079842696386,3.918367742935967e-06,5.457366178785079e-05,-0.06465022766602378,1.2,-1.2,0,0.7,0.35,0,0,-1.055709726060132,-0.003664251687706259,0.6877274666118813
17.24050000000517,-0.493928374261106,-0.007470553692573316,-3.103967111181991e-05,0.9978603990255718,3.958787460280779e-06,5.457533046182207e-05,-0.06538058628055522,1.2,-1.2,0,0.7,0.35,0,0,-1.0553815958580497,-0.003655120933452933,0.687511040381819
17.260500000005123,-0.49276287100990657,-0.007627575000008986,-3.102676257513646e-05,0.9978122524663138,3.999480180029381e-06,5.457695956702843e-05,-0.0661113139595723,1.2,-1.2,0,0.7,0.35,0,0,-1.055051823798357,-0.003645911710770449,0.6872930976754223
17.280500000005077,-0.4915986517088798,-0.007786158154594534,-3.101441922282376e-05,0.997763543527056,4.039750315622822e-06,5.4578170009870404e-05,-0.06684241328107486,1.2,-1.2,0,0.7,0.35,0,0,-1.0547268820626294,-0.0036366985721741933,0.6870777360978163
17.30050000000503,-0.49043571578125356,-0.007946302618709525,-3.100235835267044e-05,0.9977142722901762,4.0801206475840616e-06,5.4579384377749966e-05,-0.06757386974953643,1.2,-1.2,0,0.7,0.35,0,0,-1.0544004841012813,-0.00362744703304061,0.6868609438240095
17.320500000004984,-0.4892740480045753,-0.008108008511149586,-3.0990639318624367e-05,0.9976644382904766,4.120605277914923e-06,5.458048823364249e-05,-0.06830567746928108,1.2,-1.2,0,0.7,0.35,0,0,-1.054075873311365,-0.003618105060854439,0.6866448226120802
17.340500000004937,-0.48811363612071973,-0.008271274945654411,-3.09793181219429e-05,0.9976140410372792,4.161089744145074e-06,5.458140340257416e-05,-0.06903783114224334,1.2,-1.2,0,0.7,0.35,0,0,-1.0537524343172933,-0.0036086948547746273,0.6864289795350563
17.36050000000489,-0.48695446911190793,-0.008436101529353193,-3.0968495830675406e-05,0.9975630801863855,4.201793512086368e-06,5.458202025344113e-05,-0.06977032357814972,1.2,-1.2,0,0.7,0.35,0,0,-1.0534279085600626,-0.0035992771900279566,0.6862119737590491
17.380500000004844,-0.4857965312323636,-0.008602487247894058,-3.095799852235509e-05,0.9975115549929846,4.242060440410592e-06,5.458253218908874e-05,-0.07050315353394432,1.2,-1.2,0,0.7,0.35,0,0,-1.05310504866774,-0.003589893707108757,0.6859955112710041
17.400500000004797,-0.4846398174215553,-0.008770432917354598,-3.0947722671329585e-05,0.9974594656159129,4.282562690319218e-06,5.458309072591062e-05,-0.07123630714435242,1.2,-1.2,0,0.7,0.35,0,0,-1.0527838557760931,-0.003580359410023255,0.6857796621082516
17.42050000000475,-0.48348431319793184,-0.008939937276339606,-3.0937862652571255e-05,0.9974068114019294,4.3229877247160265e-06,5.45834087472854e-05,-0.07196978234648094,1.2,-1.2,0,0.7,0.35,0,0,-1.0524629166839583,-0.0035707893290138895,0.6855634836958994
17.440500000004704,-0.4823300090922671,-0.009110998466885178,-3.09285426788686e-05,0.9973535918241938,4.363019565085939e-06,5.458334786549299e-05,-0.07270357540727727,1.2,-1.2,0,0.7,0.35,0,0,-1.0521367045721524,-0.0035613352365393373,0.6853433477351897
17.460500000004657,-0.48117689189984014,-0.009283621019002633,-3.091969118836728e-05,0.997299807155914,4.404142655910155e-06,5.4583025347308e-05,-0.07343767185902698,1.2,-1.2,0,0.7,0.35,0,0,-1.0518218839784725,-0.0035515493504515378,0.6851302927916018
17.48050000000461,-0.4800249505964808,-0.009457799406484262,-3.091100926618585e-05,0.9972454562118643,4.444296150759572e-06,5.4582790503032506e-05,-0.07417207739949871,1.2,-1.2,0,0.7,0.35,0,0,-1.0515023168191007,-0.0035419223414193267,0.6849135655016236
17.500500000004564,-0.478874178794331,-0.009633535454049873,-3.090255153711074e-05,0.9971905392764332,4.4844785020816965e-06,5.4582579475935796e-05,-0.07490677791900983,1.2,-1.2,0,0.7,0.35,0,0,-1.0511832616878607,-0.003532196840117543,0.6846966897583548
17.520500000004517,-0.47772456649094613,-0.009810829234884966,-3.0894382264847596e-05,0.9971350560948359,4.524918559915262e-06,5.458227413057009e-05,-0.07564176694822261,1.2,-1.2,0,0.7,0.35,0,0,-1.0508666765862462,-0.0035223420885196802,0.684480971531427
17.54050000000447,-0.4765761033185638,-0.009989679595527764,-3.088659797442215e-05,0.9970790062121883,4.565461444002972e-06,5.4581740372229925e-05,-0.07637704086245894,1.2,-1.2,0,0.7,0.35,0,0,-1.0505496315727945,-0.0035124853809086407,0.6842644699646379
17.560500000004424,-0.4754287755887524,-0.01017008505270881,-3.0879424662340435e-05,0.997022388928887,4.605523136036033e-06,5.4580699756492486e-05,-0.0771125993224967,1.2,-1.2,0,0.7,0.35,0,0,-1.050229969152501,-0.0035027052715010786,0.6840457462603673
17.580500000004378,-0.47428257451694883,-0.010352048212345486,-3.0873018630158845e-05,0.996965204483307,4.646564321037449e-06,5.4579038581500144e-05,-0.07784842997193855,1.2,-1.2,0,0.7,0.35,0,0,-1.0499170225265035,-0.0034927739722333674,0.6838311210055332
17.60050000000433,-0.47313748683399126,-0.010535566355139404,-3.086651035243973e-05,0.9969074519222553,4.686461911688488e-06,5.457779785859965e-05,-0.07858453601807637,1.2,-1.2,0,0.7,0.35,0,0,-1.0496025147427686,-0.0034828894004610422,0.683614893628806
17.620500000004284,-0.4719935116306521,-0.010720639593251058,-3.086059989036805e-05,0.9968491316720061,4.726793515286391e-06,5.457619561455713e-05,-0.07932090319621783,1.2,-1.2,0,0.7,0.35,0,0,-1.0492856956237575,-0.003473003436709448,0.683396712898818
17.640500000004238,-0.47085062974088143,-0.010907267219256014,-3.085520392351347e-05,0.996790242727655,4.766530515221689e-06,5.457427107633095e-05,-0.08005753557205314,1.2,-1.2,0,0.7,0.35,0,0,-1.0489702828734766,-0.003463168659978681,0.68317898374776
17.66050000000419,-0.46970883885880876,-0.01109545096185258,-3.084954183822084e-05,0.9967307855866439,4.806029649845366e-06,5.4572969950458946e-05,-0.08079441851096208,1.2,-1.2,0,0.7,0.35,0,0,-1.0486584288121075,-0.0034531526673937905,0.6829631073237176
17.680500000004145,-0.46856814272048464,-0.011285188978395087,-3.0844026696978285e-05,0.9966707606303704,4.8462717329313754e-06,5.457176839515965e-05,-0.0815315393140246,1.2,-1.2,0,0.7,0.35,0,0,-1.0483444985794093,-0.003442961073453083,0.6827453973828039
17.700500000004098,-0.46742851026521176,-0.011476478955272587,-3.0839872609733875e-05,0.99661016587024,4.886245572903575e-06,5.45691010757382e-05,-0.08226891443570589,1.2,-1.2,0,0.7,0.35,0,0,-1.0480315107615428,-0.0034330052210038227,0.6825278655103696
17.72050000000405,-0.46628994157881026,-0.011669323110521766,-3.083591871928617e-05,0.9965490019042569,4.925886549322739e-06,5.456651320057256e-05,-0.08300652867010344,1.2,-1.2,0,0.7,0.35,0,0,-1.0477185303125849,-0.0034229293153196336,0.682309843795894
17.740500000004005,-0.4651524304018781,-0.01186372074709648,-3.0832120583346604e-05,0.9964872686563785,4.965315646347353e-06,5.45640528648414e-05,-0.08374437535655302,1.2,-1.2,0,0.7,0.35,0,0,-1.0474051348658455,-0.003412813297717317,0.6820910696832787
17.760500000003958,-0.46401596813611606,-0.012059671567859616,-3.082860862244803e-05,0.9964249659098483,5.0046927633961715e-06,5.456152287709177e-05,-0.08448244971323914,1.2,-1.2,0,0.7,0.35,0,0,-1.047092743830895,-0.0034027049339070458,0.6818725184015486
17.78050000000391,-0.46288054653664257,-0.01225717765436035,-3.0825046696085946e-05,0.9963620938468453,5.044387033423831e-06,5.455927767962264e-05,-0.08522074244554494,1.2,-1.2,0,0.7,0.35,0,0,-1.046788036686294,-0.0033923727244640316,0.6816587166976796
17.800500000003865,-0.46174616836707544,-0.012456234898110728,-3.082175771987504e-05,0.9962986523800258,5.08433181562008e-06,5.455691326491168e-05,-0.08595924769003814,1.2,-1.2,0,0.7,0.35,0,0,-1.0464777018783007,-0.003382053272272333,0.6814406401024337
17.82050000000382,-0.4606128106937604,-0.012656844069695,-3.081901082435641e-05,0.996234640413773,5.124204768635585e-06,5.4554013931090093e-05,-0.08669797135598016,1.2,-1.2,0,0.7,0.35,0,0,-1.0461695935453543,-0.0033718421935514005,0.6812235734536499
17.84050000000377,-0.4594804797952218,-0.012859007055107641,-3.0815680386759115e-05,0.9961700590485482,5.164154250886789e-06,5.455200624120714e-05,-0.08743689411581894,1.2,-1.2,0,0.7,0.35,0,0,-1.0458613288748067,-0.0033613080230023525,0.6810058642710909
17.860500000003725,-0.4583491566770125,-0.01306271991752891,-3.0814141760037255e-05,0.9961049067591728,5.20451527641657e-06,5.4548007128829604e-05,-0.0881760269445576,1.2,-1.2,0,0.7,0.35,0,0,-1.0455511186407767,-0.00335101396133666,0.6807865075792944
17.88050000000368,-0.45721882636093314,-0.01326798566024386,-3.0813019143994554e-05,0.9960391832590234,5.244504487432438e-06,5.4543726628408426e-05,-0.08891536655817209,1.2,-1.2,0,0.7,0.35,0,0,-1.0452448417060045,-0.0033407692895549637,0.6805694142580896
17.900500000003632,-0.4560894937298398,-0.013474803891240832,-3.081151414034991e-05,0.9959728893245252,5.284295171548647e-06,5.454024458727651e-05,-0.08965489795875023,1.2,-1.2,0,0.7,0.35,0,0,-1.0449396518911374,-0.003330370562125311,0.6803525918437122
17.920500000003585,-0.45496115066265935,-0.013683172850392975,-3.081020542084806e-05,0.9959060244752304,5.323915348155306e-06,5.4536809003393804e-05,-0.09039462047784146,1.2,-1.2,0,0.7,0.35,0,0,-1.044632195017423,-0.003320059238150265,0.6801337363463211
17.94050000000354,-0.45383378388956386,-0.013893091716713175,-3.0809618952348165e-05,0.9958385880087692,5.362949375466953e-06,5.453276814463113e-05,-0.09113453588029383,1.2,-1.2,0,0.7,0.35,0,0,-1.044323365097126,-0.0033098814497225506,0.6799134909464619
17.960500000003492,-0.4527073890654805,-0.014104562469991882,-3.080917864126609e-05,0.9957705804262494,5.4020167936695985e-06,5.4528807657554656e-05,-0.09187463281557949,1.2,-1.2,0,0.7,0.35,0,0,-1.0440199757329132,-0.003299549405166069,0.679696511778551
17.980500000003445,-0.4515819717701253,-0.014317583340330961,-3.080881161658166e-05,0.9957020021886264,5.441345094121835e-06,5.452499812550273e-05,-0.09261490071784433,1.2,-1.2,0,0.7,0.35,0,0,-1.0437143866530443,-0.003289033791353605,0.6794775347501113
18.0005000000034,-0.45045751405443485,-0.014532154529266544,-3.080916547386023e-05,0.9956328523445535,5.480899077736511e-06,5.452050256996807e-05,-0.09335534440899369,1.2,-1.2,0,0.7,0.35,0,0,-1.0434117369792024,-0.003278554193588225,0.6792601995490288
18.020500000003352,-0.4493340130474069,-0.014748276435071674,-3.0809185190795834e-05,0.9955631311716902,5.520145549143869e-06,5.45166231381736e-05,-0.09409595554053263,1.2,-1.2,0,0.7,0.35,0,0,-1.0431085289929058,-0.0032680864686504647,0.6790419719578631
18.040500000003306,-0.4482114700566294,-0.014965949289151917,-3.080849628660573e-05,0.9954928392988415,5.559234803523658e-06,5.451373685598162e-05,-0.09483672232884817,1.2,-1.2,0,0.7,0.35,0,0,-1.0428059362149313,-0.0032573812649749757,0.6788236271236422
18.06050000000326,-0.4470898799896207,-0.015185171991369517,-3.080832198251821e-05,0.9954219765315908,5.599375364424433e-06,5.451023351082184e-05,-0.09557764192123634,1.2,-1.2,0,0.7,0.35,0,0,-1.0425048565423503,-0.003246614334112047,0.6786059216855799
18.080500000003212,-0.4459692290586798,-0.015405944324045604,-3.080885867437656e-05,0.9953505420681481,5.639994820949272e-06,5.4505870868222046e-05,-0.09631871781717542,1.2,-1.2,0,0.7,0.35,0,0,-1.042204506313665,-0.0032358809144021785,0.6783883163403719
18.100500000003166,-0.44484950864876477,-0.015628263940660136,-3.08100384653437e-05,0.9952785351457394,5.679988413329032e-06,5.45008400331433e-05,-0.09705995299580582,1.2,-1.2,0,0.7,0.35,0,0,-1.0418961417450414,-0.0032254096357658634,0.6781646348513619
18.12050000000312,-0.4437306929874639,-0.015852133903322813,-3.081370847492567e-05,0.9952059547421754,5.720589595313405e-06,5.4493121926100795e-05,-0.09780135297372058,1.2,-1.2,0,0.7,0.35,0,0,-1.0415995385193635,-0.003215096611962777,0.6779490268411843
18.140500000003073,-0.4426127957824463,-0.016077553783849754,-3.081628683396188e-05,0.9951328022429697,5.760186212309906e-06,5.4487182765150015e-05,-0.09854289877014016,1.2,-1.2,0,0.7,0.35,0,0,-1.0413002378333676,-0.0032046667995649612,0.6777309927915051
18.160500000003026,-0.4414958055220369,-0.016304520982180718,-3.081884358119237e-05,0.9950590767693309,5.798114647508231e-06,5.448174377818829e-05,-0.09928459466144128,1.2,-1.2,0,0.7,0.35,0,0,-1.0409961764377436,-0.0031943960727917075,0.6775090797086347
18.18050000000298,-0.44037972337563225,-0.016533038172637637,-3.082160813104232e-05,0.9949847794706911,5.836341262448102e-06,5.447641304649658e-05,-0.10002642460829246,1.2,-1.2,0,0.7,0.35,0,0,-1.0406996804186244,-0.003183899048162408,0.6772920941245241
18.200500000002933,-0.4392645616761761,-0.01676310278600672,-3.082372440351176e-05,0.9949099113174114,5.8751144713264604e-06,5.447207659027065e-05,-0.10076837480408628,1.2,-1.2,0,0.7,0.35,0,0,-1.0404013814026798,-0.0031731727614571193,0.6770733230213
18.220500000002886,-0.4381502944419158,-0.016994712251004653,-3.082719640806854e-05,0.9948344699478905,5.9134029160792924e-06,5.4466253108504435e-05,-0.1015104644948446,1.2,-1.2,0,0.7,0.35,0,0,-1.0400975675002633,-0.0031628735862522473,0.6768502235309963
18.24050000000284,-0.43703691788579274,-0.017227870806721078,-3.08311342840478e-05,0.9947584563394319,5.951986767680748e-06,5.4460080102735246e-05,-0.10225267986642313,1.2,-1.2,0,0.7,0.35,0,0,-1.0398021351026092,-0.0031524151757059593,0.6766326833983805
18.260500000002793,-0.43592444730093394,-0.017462576059439957,-3.0834331264044146e-05,0.9946818718163167,5.991072201314654e-06,5.445497511429571e-05,-0.10299500414462068,1.2,-1.2,0,0.7,0.35,0,0,-1.0395050276081563,-0.0031416819944376623,0.676413448738898
18.280500000002746,-0.43481285691115346,-0.017698825616443696,-3.0838711009232866e-05,0.9946047140156676,6.02981013426618e-06,5.4448582240053166e-05,-0.10373745638294829,1.2,-1.2,0,0.7,0.35,0,0,-1.0392026460311434,-0.0031313755546275492,0.6761900096253473
18.3005000000027,-0.4337021413592393,-0.017936621946577365,-3.084365180864391e-05,0.994526983369708,6.068223106012776e-06,5.4441748453669676e-05,-0.10448002846869893,1.2,-1.2,0,0.7,0.35,0,0,-1.0389036781954377,-0.003120981551609819,0.6759685580961308
18.320500000002653,-0.432592302932084,-0.018175966063201987,-3.0848711294309795e-05,0.9944486807356854,6.1070501746449405e-06,5.443500392742758e-05,-0.10522270849292813,1.2,-1.2,0,0.7,0.35,0,0,-1.0386108277951631,-0.0031103391544382783,0.6757510912017686
18.340500000002606,-0.43148334318429504,-0.018416855152383692,-3.0853356771536174e-05,0.9943698061225117,6.145622753437693e-06,5.442895024362479e-05,-0.10596549283421564,1.2,-1.2,0,0.7,0.35,0,0,-1.0383119788364394,-0.003099792048488784,0.6755288329513685
18.36050000000256,-0.4303752460586444,-0.018659289384012238,-3.085872840608075e-05,0.9942903585734082,6.183788686066844e-06,5.4422218432598745e-05,-0.10670838696158831,1.2,-1.2,0,0.7,0.35,0,0,-1.0380136535460636,-0.0030894109873406232,0.6753065486460972
18.380500000002513,-0.4292680145595568,-0.01890327017242939,-3.086432299617423e-05,0.994210339095609,6.222627879599926e-06,5.441538954485398e-05,-0.10745137800717054,1.2,-1.2,0,0.7,0.35,0,0,-1.0377218888122368,-0.003078866908871128,0.6750886070287033
18.400500000002467,-0.4281616465644856,-0.019148794776898202,-3.086974546924071e-05,0.9941297473089366,6.261046063274542e-06,5.440891375340402e-05,-0.10819446619832955,1.2,-1.2,0,0.7,0.35,0,0,-1.0374229817793696,-0.0030685038765060554,0.6748650089725351
18.42050000000242,-0.42705612761965805,-0.019395864301992048,-3.087606216837242e-05,0.9940485825620222,6.299342882887871e-06,5.440155305749938e-05,-0.10893765422123088,1.2,-1.2,0,0.7,0.35,0,0,-1.0371280895469612,-0.0030582244969743428,0.6746439332004807
18.440500000002373,-0.42595146834965575,-0.019644479394426966,-3.088207380823988e-05,0.9939668464700449,6.3385014645655425e-06,5.43947182675694e-05,-0.10968092413647931,1.2,-1.2,0,0.7,0.35,0,0,-1.0368367823392723,-0.003047687950144979,0.6744250261237018
18.460500000002327,-0.42484764903382083,-0.01989463848114071,-3.088828620630408e-05,0.9938845371343697,6.376394223197573e-06,5.438776289750006e-05,-0.11042429011097031,1.2,-1.2,0,0.7,0.35,0,0,-1.0365416119796567,-0.003037376080052861,0.6742028113951382
18.48050000000228,-0.4237446861258743,-0.02014634388892725,-3.0893379661466955e-05,0.9938016571751788,6.415060600241142e-06,5.4382208679034395e-05,-0.11116772551999936,1.2,-1.2,0,0.7,0.35,0,0,-1.0362513909941666,-0.003026634057067672,0.6739836687228822
18.500500000002233,-0.4226425685568277,-0.02039959205419628,-3.089918679163378e-05,0.9937182052524577,6.454303141054e-06,5.437578926258487e-05,-0.11191123961180745,1.2,-1.2,0,0.7,0.35,0,0,-1.0359595856204697,-0.0030159304960920364,0.6737629096715755
18.520500000002187,-0.4215412868164677,-0.020654384560969997,-3.0905768400625595e-05,0.9936341809118495,6.4940279721266274e-06,5.436832470629869e-05,-0.11265483356497091,1.2,-1.2,0,0.7,0.35,0,0,-1.0356690041412544,-0.0030051987866266667,0.6735426666542693
18.54050000000214,-0.42044083437355967,-0.020910721377151595,-3.09127285238579e-05,0.9935495839436455,6.5336645825141095e-06,5.436047517204937e-05,-0.11339850637314068,1.2,-1.2,0,0.7,0.35,0,0,-1.035378756627531,-0.0029945368749070976,0.673322269868796
18.560500000002094,-0.4193412073560083,-0.02116860238522893,-3.091995012736694e-05,0.9934644144115735,6.573090026519303e-06,5.4352488738472284e-05,-0.11414225466702435,1.2,-1.2,0,0.7,0.35,0,0,-1.0350890272232915,-0.0029839470359248827,0.6731018585462298
18.580500000002047,-0.41824240817692176,-0.021428025144758604,-3.092692912573137e-05,0.9933786724673714,6.61168293492356e-06,5.4345009622961596e-05,-0.1148860743948952,1.2,-1.2,0,0.7,0.35,0,0,-1.0347900390431135,-0.0029735262225351147,0.6728741499541887
18.600500000002,-0.4171444089064221,-0.021688991596579024,-3.093721569519916e-05,0.9932923562218148,6.651184872825758e-06,5.4333932095847944e-05,-0.11562997913560731,1.2,-1.2,0,0.7,0.35,0,0,-1.0345072111212188,-0.0029633779263209745,0.672658282148703
18.620500000001954,-0.41604723114452963,-0.021951499838297604,-3.0945544069034755e-05,0.9932054677679403,6.6886193049504755e-06,5.432565216383828e-05,-0.11637394811491798,1.2,-1.2,0,0.7,0.35,0,0,-1.0342118917012897,-0.0029532928317488245,0.6724325298998813
18.640500000001907,-0.41495086277083626,-0.022215550401655043,-3.0954696170950764e-05,0.9931180067358132,6.725877449962671e-06,5.431685292237429e-05,-0.11711798197341997,1.2,-1.2,0,0.7,0.35,0,0,-1.0339239929969188,-0.0029431803064468246,0.6722119174333968
18.66050000000186,-0.4138553181739436,-0.022481142205732,-3.096273577705296e-05,0.9930299748880663,6.763119477913085e-06,5.4309671178449845e-05,-0.11786206335596189,1.2,-1.2,0,0.7,0.35,0,0,-1.0336350439670117,-0.0029327652148324907,0.6719898994095823
18.680500000001814,-0.41276059168192825,-0.022748276800659342,-3.096865363794134e-05,0.9929413719582134,6.800622978050816e-06,5.43034559205557e-05,-0.11860619232833428,1.2,-1.2,0,0.7,0.35,0,0,-1.0333485332084942,-0.0029221396458957447,0.6717692215077065
18.700500000001767,-0.41166668777644033,-0.023016958626122033,-3.096767320052825e-05,0.9928521983370318,6.841274227352663e-06,5.429894628142753e-05,-0.11935036347721906,1.2,-1.2,0,0.7,0.35,0,0,-1.0330602778642692,-0.0029115792001333765,0.6715468458850551
18.72050000000172,-0.41057359137260724,-0.0232871879804357,-3.09723851776583e-05,0.9927624532925248,6.888204687966146e-06,5.4290997259634597e-05,-0.12009458080049992,1.2,-1.2,0,0.7,0.35,0,0,-1.032772144456578,-0.002901178669673195,0.6713242000745057
18.740500000001674,-0.409481301779021,-0.023558977750757857,-3.096556934049903e-05,0.9926721369581044,6.940844944925414e-06,5.428602186499493e-05,-0.12083884107306651,1.2,-1.2,0,0.7,0.35,0,0,-1.0324858906312626,-0.0028908874725707846,0.6711025963553904
18.760500000001628,-0.40838984092210484,-0.0238323838679283,-3.0915447057220356e-05,0.9925812509820954,6.983171591804388e-06,5.4297763969774675e-05,-0.1215831287712496,1.2,-1.2,0,0.7,0.35,0,0,-1.032200461750494,-0.002880614566928849,0.6708811548690606
18.78050000000158,-0.40729914785552496,-0.024107318202235377,-3.091086730652364e-05,0.9924897920281919,7.038007924304195e-06,5.429173524865924e-05,-0.12232746920749435,1.2,-1.2,0,0.7,0.35,0,0,-1.0319137955570337,-0.002870375776679643,0.6706583636870481
18.800500000001534,-0.40620923028545036,-0.024383816064680992,-3.0910665064162305e-05,0.9923977606872868,7.093652821923769e-06,5.4283970941920704e-05,-0.12307185537639763,1.2,-1.2,0,0.7,0.35,0,0,-1.0316265397242401,-0.002860220264710033,0.670434706368442
18.820500000001488,-0.40512009069287647,-0.02466189484976859,-3.0899359515428424e-05,0.9923051574136333,7.145599736249333e-06,5.428052946605377e-05,-0.12381628153384477,1.2,-1.2,0,0.7,0.35,0,0,-1.031340345044201,-0.0028501274298948546,0.6702114505215855
18.84050000000144,-0.40403172496613887,-0.024941557534984178,-3.087908646206261e-05,0.9922119821374633,7.194479790649365e-06,5.428061598324556e-05,-0.12456074624334844,1.2,-1.2,0,0.7,0.35,0,0,-1.03105506885527,-0.002840082314848779,0.6699884848793525
18.860500000001394,-0.40294412838283267,-0.025222804680063222,-3.085359537611009e-05,0.9921182346781093,7.24147685121776e-06,5.42827880631142e-05,-0.12530524897278766,1.2,-1.2,0,0.7,0.35,0,0,-1.0307701352538,-0.002830090870964783,0.6697653606628865
18.880500000001348,-0.40185729959908656,-0.025505636796369992,-3.08251142873258e-05,0.992023915267595,7.28782431947726e-06,5.428625344423018e-05,-0.12604978594603927,1.2,-1.2,0,0.7,0.35,0,0,-1.030485849255791,-0.002820086375610526,0.6695423026201338
18.9005000000013,-0.4007712295825211,-0.025790053332108386,-3.0795599826400415e-05,0.9919290231492516,7.3332639536876135e-06,5.4290067763875915e-05,-0.1267943612034211,1.2,-1.2,0,0.7,0.35,0,0,-1.0302003238745416,-0.002810202036457507,0.6693178804540367
18.920500000001255,-0.39968591738179854,-0.026076054537356497,-3.076558863145409e-05,0.9918335585458071,7.3784686354767224e-06,5.429404729734277e-05,-0.12753897106404796,1.2,-1.2,0,0.7,0.35,0,0,-1.0299149852818632,-0.002800377246382885,0.6690931751257597
18.940500000001208,-0.39860135995993345,-0.026363640321208536,-3.0735689399270285e-05,0.9917375214609148,7.423841597934893e-06,5.429779647177108e-05,-0.1282836136191907,1.2,-1.2,0,0.7,0.35,0,0,-1.0296315920028185,-0.0027905877713561345,0.6688695630657436
18.96050000000116,-0.3975175566231192,-0.026652810739522907,-3.070558250901773e-05,0.9916409120844878,7.469325174368224e-06,5.430170791913009e-05,-0.1290282855647527,1.2,-1.2,0,0.7,0.35,0,0,-1.0293490718017722,-0.0027807913583202943,0.6686461957945343
18.980500000001115,-0.39643450361659427,-0.026943564409827758,-3.067505262131558e-05,0.9915437299755969,7.5135040939937726e-06,5.430625317273265e-05,-0.1297729884855001,1.2,-1.2,0,0.7,0.35,0,0,-1.0290564473602295,-0.0027712236695642493,0.6684145644856742
19.000500000001068,-0.39535219574082925,-0.02723590090629611,-3.0647327173145624e-05,0.991445975209772,7.559994236086024e-06,5.4307997146220364e-05,-0.13051771999936312,1.2,-1.2,0,0.7,0.35,0,0,-1.0287762960578037,-0.002761665126570802,0.6681923542793565
19.02050000000102,-0.39427062357707515,-0.027529820177382133,-3.0619825068984345e-05,0.9913476466423767,7.604672178019774e-06,5.4310071925021216e-05,-0.13126248698393225,1.2,-1.2,0,0.7,0.35,0,0,-1.0284947431173164,-0.002752355669409682,0.6679685901270831
19.040500000000975,-0.3931898009232613,-0.027825324308191436,-3.059028795648373e-05,0.9912487465104386,7.648812331726947e-06,5.431418067935832e-05,-0.13200727075790317,1.2,-1.2,0,0.7,0.35,0,0,-1.0282108811051518,-0.0027429387521494967,0.6677424798215672
19.06050000000093,-0.3921097242254207,-0.028122411590994476,-3.056075229343515e-05,0.9911492746810477,7.693487713733019e-06,5.431831174209979e-05,-0.13275207075434095,1.2,-1.2,0,0.7,0.35,0,0,-1.027931218741091,-0.0027334264993339207,0.6675192162422668
19.08050000000088,-0.39103039591563354,-0.028421080356430817,-3.053040155844041e-05,0.9910492311652724,7.737415985015327e-06,5.432327807005485e-05,-0.13349688534133686,1.2,-1.2,0,0.7,0.35,0,0,-1.0276399182046985,-0.0027240570285939412,0.667286405860567
19.100500000000835,-0.3899518028442848,-0.02872132947121775,-3.0503889323275343e-05,0.9909486150116713,7.784093056498429e-06,5.432437067998916e-05,-0.13424172002295215,1.2,-1.2,0,0.7,0.35,0,0,-1.0273624092331144,-0.0027148006698707976,0.6670641907197826
19.12050000000079,-0.3888739376431948,-0.029023159544428224,-3.0477617569701984e-05,0.9908474252542858,7.82882883355128e-06,5.432574595419605e-05,-0.13498658027513366,1.2,-1.2,0,0.7,0.35,0,0,-1.0270814232790582,-0.0027058592824052256,0.6668387867620761
19.140500000000742,-0.3877968185101725,-0.029326572030052424,-3.044917129258747e-05,0.9907456646421338,7.873382179387808e-06,5.432922673103417e-05,-0.13573144432725145,1.2,-1.2,0,0.7,0.35,0,0,-1.0267968336107718,-0.0026967564204218694,0.6666100224524476
19.160500000000695,-0.386720428128708,-0.029631564029060337,-3.0422990771184348e-05,0.9906433313368209,7.918645379366733e-06,5.4330726570066986e-05,-0.13647632418610903,1.2,-1.2,0,0.7,0.35,0,0,-1.0265216173909644,-0.002687763931341958,0.66638833354741
19.18050000000065,-0.38564477478472525,-0.02993813630572054,-3.0395444539730608e-05,0.9905404262827207,7.962476174086277e-06,5.433372611538933e-05,-0.13722121149476313,1.2,-1.2,0,0.7,0.35,0,0,-1.026234765996849,-0.002678985956735106,0.6661569623170722
19.200500000000602,-0.384569855367351,-0.03024628888566382,-3.0368666699883947e-05,0.9904369497583922,8.007687550981836e-06,5.4335914073947787e-05,-0.13796610285420086,1.2,-1.2,0,0.7,0.35,0,0,-1.0259594167850432,-0.002670086153538256,0.6659342765820199
19.220500000000555,-0.38349566919350553,-0.03055602100891566,-3.0341312753422196e-05,0.9903329016446056,8.05205008540545e-06,5.433881445902709e-05,-0.13871099777102233,1.2,-1.2,0,0.7,0.35,0,0,-1.0256794177093689,-0.0026612909215813964,0.6657074591033524
19.24050000000051,-0.3824222173280945,-0.030867331478776693,-3.0314766683045458e-05,0.9902282822667651,8.09731193673171e-06,5.4340853796844346e-05,-0.13945589259876173,1.2,-1.2,0,0.7,0.35,0,0,-1.0254019189289623,-0.002652529364067926,0.6654822675225499
19.260500000000462,-0.3813494961820273,-0.03118022054080854,-3.028826110263846e-05,0.9901230913604201,8.142407346084978e-06,5.4342891679918944e-05,-0.14020078792730806,1.2,-1.2,0,0.7,0.35,0,0,-1.0251214743478962,-0.0026439042522434435,0.6652543156804592
19.280500000000416,-0.38027750134153454,-0.0314946873700432,-3.0262618394825618e-05,0.9900173286119728,8.187539532401816e-06,5.43442262056834e-05,-0.1409456846720862,1.2,-1.2,0,0.7,0.35,0,0,-1.0248431759483296,-0.002635402606949925,0.6650276973709537
19.30050000000037,-0.37920623681578003,-0.03181073199618179,-3.0236824679281698e-05,0.9899109947523159,8.232818361346045e-06,5.434576264709847e-05,-0.1416905764235608,1.2,-1.2,0,0.7,0.35,0,0,-1.0245651145085657,-0.002626932186519437,0.6648008423730077
19.320500000000322,-0.37813569547711945,-0.03212835362507644,-3.021159228900388e-05,0.9898040890719805,8.277515553363325e-06,5.434698827901752e-05,-0.1424354669114283,1.2,-1.2,0,0.7,0.35,0,0,-1.0242865156546048,-0.0026186401693740753,0.6645731618889243
19.340500000000276,-0.37706588447218453,-0.03244755165076778,-3.018646770187721e-05,0.9896966126924531,8.322821920832961e-06,5.4348137557039546e-05,-0.14318034712241623,1.2,-1.2,0,0.7,0.35,0,0,-1.024010480752728,-0.0026103305288553585,0.6643471337286333
19.36050000000023,-0.37599679599748737,-0.03276832572568049,-3.01615446046266e-05,0.9895885647744855,8.367245668122218e-06,5.4349336817363196e-05,-0.14392522170805583,1.2,-1.2,0,0.7,0.35,0,0,-1.0237318996926048,-0.002602210828843998,0.6641186452145854
19.380500000000183,-0.3749284345486335,-0.03309067478188028,-3.0137140704936976e-05,0.9894799460807558,8.412126107728977e-06,5.435011019706385e-05,-0.14467008425837719,1.2,-1.2,0,0.7,0.35,0,0,-1.023456471872633,-0.002594129070041117,0.6638923065727538
19.400500000000136,-0.3738607993051698,-0.03341459872005041,-3.0112593101191202e-05,0.9893707566902715,8.456721468034012e-06,5.435114624757639e-05,-0.14541493314152765,1.2,-1.2,0,0.7,0.35,0,0,-1.0231787547162392,-0.0025861606846083567,0.6636636963824826
19.42050000000009,-0.37279388827529153,-0.033740096368837603,-3.0088656107437424e-05,0.9892609964884999,8.501369360472184e-06,5.435173894572568e-05,-0.1461597680628768,1.2,-1.2,0,0.7,0.35,0,0,-1.0229033081777525,-0.002578285616813206,0.6634365341977911
19.440500000000043,-0.3717277037600648,-0.03406716753652592,-3.0064624724506727e-05,0.9891506659665891,8.545960242845682e-06,5.4352514313627024e-05,-0.14690458464808015,1.2,-1.2,0,0.7,0.35,0,0,-1.0226267205876927,-0.0025704969147326306,0.6632080266014503
19.460499999999996,-0.37066224210370785,-0.03439581101640212,-3.0041377482633953e-05,0.9890397647764287,8.590561517153485e-06,5.435270152339855e-05,-0.14764938422822027,1.2,-1.2,0,0.7,0.35,0,0,-1.0223524719755728,-0.0025628346909798657,0.6629810408694372
19.48049999999995,-0.36959750785478335,-0.03472602688839464,-3.0017702074014502e-05,0.9889282937307088,8.635037629967769e-06,5.435337328830463e-05,-0.14839416036359765,1.2,-1.2,0,0.7,0.35,0,0,-1.0220760295431608,-0.002555231268649582,0.6627518409018263
19.500499999999903,-0.36853349667112173,-0.0350578137062816,-2.9994983352741162e-05,0.9888162523777968,8.679787098929466e-06,5.435324274336133e-05,-0.14913891512249777,1.2,-1.2,0,0.7,0.35,0,0,-1.0218029093154934,-0.002547740132206328,0.6625249862956686
19.520499999999856,-0.36747021060205615,-0.03539117165154059,-2.997193075824931e-05,0.9887036411512089,8.72411871544182e-06,5.435356016724239e-05,-0.14988364468454443,1.2,-1.2,0,0.7,0.35,0,0,-1.0215268722396644,-0.002540375141037463,0.662295314688787
19.54049999999981,-0.36640764895609074,-0.035726099150583585,-2.994967517781656e-05,0.9885904600856573,8.768882199323684e-06,5.435320563159687e-05,-0.15062834791786295,1.2,-1.2,0,0.7,0.35,0,0,-1.0212549193375584,-0.0025330779985168134,0.6620686166991759
19.560499999999763,-0.3653458107829491,-0.03606259642565922,-2.992732735230549e-05,0.9884767092518779,8.813118736949674e-06,5.4353095586792475e-05,-0.15137302347065545,1.2,-1.2,0,0.7,0.35,0,0,-1.020979618257633,-0.002525955315801995,0.6618387581188614
19.580499999999716,-0.3642846980510679,-0.036400662047017994,-2.9905511812861528e-05,0.9883623890091541,8.857755938573697e-06,5.4352540363507674e-05,-0.15211766813706226,1.2,-1.2,0,0.7,0.35,0,0,-1.0207077877107207,-0.002518878802320679,0.6616113696970679
19.60049999999967,-0.36322430941306716,-0.0367402960757897,-2.9883548061720513e-05,0.9882474993630389,8.901941997310743e-06,5.435227005300045e-05,-0.15286228105482857,1.2,-1.2,0,0.7,0.35,0,0,-1.0204329769200493,-0.0025119615267909343,0.6613811099483122
19.620499999999623,-0.3621646478933428,-0.03708149716098258,-2.98618186997732e-05,0.988132040831064,8.946574096117784e-06,5.435181628902878e-05,-0.15360685807891286,1.2,-1.2,0,0.7,0.35,0,0,-1.0201605719066276,-0.0025050741620981,0.6611524397553142
19.640499999999577,-0.36110570755191035,-0.03742426499107981,-2.984065422440608e-05,0.9880160127595717,8.990746040593811e-06,5.43510060087147e-05,-0.15435140263635763,1.2,-1.2,0,0.7,0.35,0,0,-1.0198878546985357,-0.00249838534848846,0.6609231300877954
19.66049999999953,-0.36004749482274645,-0.037768598599322696,-2.981954707469237e-05,0.9878994161250755,9.03526197551231e-06,5.435017550711278e-05,-0.1550959076963592,1.2,-1.2,0,0.7,0.35,0,0,-1.0196160135617278,-0.0024917562286621976,0.6606941400313511
19.680499999999483,-0.3589900064263649,-0.03811449706217811,-2.9799003743684606e-05,0.9877822505907052,9.079822790149172e-06,5.4348938702550487e-05,-0.15584037468419387,1.2,-1.2,0,0.7,0.35,0,0,-1.0193463682794415,-0.002485242547164711,0.6604665980873414
19.700499999999437,-0.35793324313879743,-0.03846196062081878,-2.9778079483485306e-05,0.9876645164833951,9.123772796340357e-06,5.4348206396995187e-05,-0.1565848008034263,1.2,-1.2,0,0.7,0.35,0,0,-1.0190726522765396,-0.0024788885428705418,0.6602352492175312
19.72049999999939,-0.3568772070395178,-0.03881098718283709,-2.975789946218048e-05,0.9875462140864515,9.168372770921254e-06,5.434679492077278e-05,-0.15732918357978373,1.2,-1.2,0,0.7,0.35,0,0,-1.018802887443232,-0.0024726087131504665,0.6600068210172292
19.740499999999344,-0.35582189430922684,-0.03916157691656877,-2.9738046740882343e-05,0.9874273430652042,9.212480595876158e-06,5.4345251053972454e-05,-0.15807352444009962,1.2,-1.2,0,0.7,0.35,0,0,-1.0185325155852434,-0.002466509108189061,0.6597775020910728
19.760499999999297,-0.3547673117862753,-0.03951372905708468,-2.9717741333628484e-05,0.9873079045040569,9.256705968009346e-06,5.434416512550639e-05,-0.15881781595536681,1.2,-1.2,0,0.7,0.35,0,0,-1.0182609928359105,-0.0024604465061521916,0.6595468006903656
19.78049999999925,-0.3537134556374787,-0.03986744197108237,-2.96983344799691e-05,0.9871878978741444,9.301324552444425e-06,5.434230149983363e-05,-0.15956206081405286,1.2,-1.2,0,0.7,0.35,0,0,-1.0179925815909434,-0.002454525012470279,0.6593183444472305
19.800499999999204,-0.3526603237663504,-0.04022271605613003,-2.9679042277439614e-05,0.98706732309874,9.345246226597863e-06,5.434052131290202e-05,-0.16030625886240782,1.2,-1.2,0,0.7,0.35,0,0,-1.0177225548394564,-0.0024487949405943453,0.6590881375680748
19.820499999999157,-0.351607923620309,-0.04057954994574197,-2.9659501121324455e-05,0.986946181297236,9.389480801602895e-06,5.4338988666295927e-05,-0.1610504026133251,1.2,-1.2,0,0.7,0.35,0,0,-1.0174525163201988,-0.0024430999190367853,0.6588575110950118
19.84049999999911,-0.35055625116732514,-0.04093794220528541,-2.9640807824602632e-05,0.9868244719033542,9.434012643584128e-06,5.433674734247993e-05,-0.16179449499652837,1.2,-1.2,0,0.7,0.35,0,0,-1.0171852698570627,-0.0024375589500185944,0.6586288751027733
19.860499999999064,-0.3495053043671266,-0.0412978932863823,-2.9622267977256015e-05,0.9867021948722323,9.477854070187764e-06,5.433454836077691e-05,-0.16253853571460053,1.2,-1.2,0,0.7,0.35,0,0,-1.0169164633374541,-0.0024322161185710697,0.6583985343217913
19.880499999999017,-0.34845509133799074,-0.041659401736616475,-2.9603338577168622e-05,0.9865793513951592,9.521953963037609e-06,5.4332732639018837e-05,-0.16328251700042362,1.2,-1.2,0,0.7,0.35,0,0,-1.0166472953880261,-0.002426904143377766,0.6581674721543443
19.90049999999897,-0.34740560785809227,-0.042022466014502026,-2.958534889942257e-05,0.9864559408743091,9.566420463275794e-06,5.4330107998698014e-05,-0.16402644198575414,1.2,-1.2,0,0.7,0.35,0,0,-1.0163810878243706,-0.002421750666810958,0.6579385672781818
19.920499999998924,-0.34635685278153383,-0.042387086389349,-2.9567651298069438e-05,0.9863319633624102,9.610464778830504e-06,5.432735766744201e-05,-0.16477030984321925,1.2,-1.2,0,0.7,0.35,0,0,-1.0161144813875613,-0.0024167752830956753,0.6577089502344541
19.940499999998877,-0.34530883106531945,-0.042753261840024814,-2.9549665507325136e-05,0.9862074196091476,9.654427186019737e-06,5.432494961751542e-05,-0.16551411560183482,1.2,-1.2,0,0.7,0.35,0,0,-1.0158465682298492,-0.0024119045912369547,0.6574778053769574
19.96049999999883,-0.3442615431774611,-0.043120990920416824,-2.953196170767887e-05,0.9860823097303831,9.698656288871077e-06,5.4322332663212446e-05,-0.1662578581355241,1.2,-1.2,0,0.7,0.35,0,0,-1.0155801871661454,-0.0024071277631666607,0.6572475892477454
19.980499999998784,-0.34321498795818733,-0.04349027271171003,-2.951492345655166e-05,0.9859566336274975,9.743096485033464e-06,5.431916306724087e-05,-0.16700153759900982,1.2,-1.2,0,0.7,0.35,0,0,-1.0153155235250084,-0.0024025053625071073,0.6570184840870877
20.000499999998738,-0.34216916352077725,-0.04386110771123304,-2.949772362431069e-05,0.9858303912222256,9.786703422781092e-06,5.431633661478771e-05,-0.1677451540182049,1.2,-1.2,0,0.7,0.35,0,0,-1.0150486532575562,-0.002398077535188162,0.6567870877894812
20.02049999999869,-0.34112407721254456,-0.0442334937648497,-2.9480450663333913e-05,0.9857035835532894,9.830674033798049e-06,5.4313593559296453e-05,-0.16848870087811477,1.2,-1.2,0,0.7,0.35,0,0,-1.0147822523671957,-0.0023937121604980485,0.6565556971693166
20.040499999998644,-0.3400797267893322,-0.04460742982939207,-2.9463817038918827e-05,0.9855762103555449,9.874987238139988e-06,5.431029327411732e-05,-0.16923217936928509,1.2,-1.2,0,0.7,0.35,0,0,-1.014517864577819,-0.0023894807405383284,0.6563256817420666
20.060499999998598,-0.3390361131700024,-0.04498290788788473,-2.944157607409722e-05,0.9854482714181665,9.921750443589906e-06,5.430861816355532e-05,-0.16997559033896317,1.2,-1.2,0,0.7,0.35,0,0,-1.0142545554205065,-0.002385411291804236,0.6560962237543412
20.08049999999855,-0.33799323021150185,-0.0453599228611314,-2.941579085105856e-05,0.9853197660846078,9.971968158769214e-06,5.4307583065923485e-05,-0.17071893718688355,1.2,-1.2,0,0.7,0.35,0,0,-1.013990177543959,-0.0023815527155326218,0.6558654634370813
20.100499999998505,-0.33695095594383623,-0.04573851790025386,-2.9355554293294033e-05,0.9851906811934305,1.00023814984369e-05,5.433749145180425e-05,-0.1714622950884953,1.2,-1.2,0,0.7,0.35,0,0,-1.0136437604149342,-0.0023789297128071667,0.6555617159204502
20.120499999998458,-0.33590831795521736,-0.04611896843513949,-2.9197276337364685e-05,0.9850609081076066,9.97135615464027e-06,5.4445856683752025e-05,-0.17220628401553353,1.2,-1.2,0,0.7,0.35,0,0,-1.0132589950465616,-0.0023814097447415615,0.6552186792425337
20.14049999999841,-0.33486620575988013,-0.046501178019348596,-2.9048302837628682e-05,0.9849305669599085,9.970553382057757e-06,5.452879278762922e-05,-0.17295021016244108,1.2,-1.2,0,0.7,0.35,0,0,-1.0128454572040628,-0.0023418801984936123,0.6548794706071254
20.160499999998365,-0.333826582868854,-0.04688473664611459,-2.9000950497138994e-05,0.9847999162342281,1.0113382252039286e-05,5.451811510572136e-05,-0.17369260752994548,1.2,-1.2,0,0.7,0.35,0,0,-1.0124734457835864,-0.002229241357954428,0.6546139191989783
20.180499999998318,-0.3327876105967884,-0.04726974786223092,-2.8957597836573297e-05,0.9846686654798242,1.0273455172927402e-05,5.449780759796986e-05,-0.17443513449596812,1.2,-1.2,0,0.7,0.35,0,0,-1.0121161890982526,-0.0022028178889486,0.6542898721188797
20.20049999999827,-0.33174889391816265,-0.0476563771563804,-2.8900174690116757e-05,0.9845367750174129,1.0409997338416697e-05,5.448545105526033e-05,-0.17517801106668462,1.2,-1.2,0,0.7,0.35,0,0,-1.0117561241873572,-0.0021648191381219133,0.6539840125384698
20.220499999998225,-0.3307107541692043,-0.04804466905797612,-2.8838399624407297e-05,0.9844043053885222,1.0533199870157714e-05,5.447823519684693e-05,-0.17592089260151877,1.2,-1.2,0,0.7,0.35,0,0,-1.0113915314351727,-0.002115706715054121,0.6536786927138538
20.24049999999818,-0.329673226092306,-0.04843457105904145,-2.8776594358304554e-05,0.9842712571208664,1.0649101718197502e-05,5.447503456870691e-05,-0.17666377479488177,1.2,-1.2,0,0.7,0.35,0,0,-1.0110288078764087,-0.0020724965901838116,0.6533663172156198
20.26049999999813,-0.3286364553868194,-0.048826060759541046,-2.8720380970311483e-05,0.984137651560212,1.0764218429419895e-05,5.4471373917392004e-05,-0.17740653792505015,1.2,-1.2,0,0.7,0.35,0,0,-1.0106679903910625,-0.0020237231070245614,0.6530572281024722
20.280499999998085,-0.3276004788674601,-0.04921911350583893,-2.8665646659698578e-05,0.9840034917238536,1.0879555743599262e-05,5.446934415515566e-05,-0.17814916556074736,1.2,-1.2,0,0.7,0.35,0,0,-1.0102956483268763,-0.001987177806393541,0.652724069647635
20.30049999999804,-0.32656526404384706,-0.04961374200396638,-2.8616994781146057e-05,0.9838687757429257,1.0994782398343065e-05,5.4466316171549096e-05,-0.1788916684215676,1.2,-1.2,0,0.7,0.35,0,0,-1.009942890827376,-0.001941808221033608,0.6524147391972143
20.320499999997992,-0.325530708295991,-0.05000992922262042,-2.8569817630359092e-05,0.9837334833287057,1.109710928977698e-05,5.446449573584015e-05,-0.1796341579111412,1.2,-1.2,0,0.7,0.35,0,0,-1.0095790788332928,-0.0018928990803844122,0.6520998946835995
20.340499999997945,-0.32449698160009943,-0.05040766772563974,-2.8526457843351404e-05,0.9835976439545734,1.1199486332930537e-05,5.446174789631592e-05,-0.180376472178337,1.2,-1.2,0,0.7,0.35,0,0,-1.0092230375673592,-0.0018445599929460216,0.6517878987900182
20.3604999999979,-0.3234640473606728,-0.05080691628282885,-2.848912857577633e-05,0.9834612450553162,1.1293114914327252e-05,5.4455517673182146e-05,-0.18111868037645767,1.2,-1.2,0,0.7,0.35,0,0,-1.0088496885518488,-0.0017861146518507575,0.6514686617720336
20.380499999997852,-0.3224319275178674,-0.051207693424530416,-2.845225768715366e-05,0.9833242957299946,1.1383651066576991e-05,5.445102407611045e-05,-0.18186073334452552,1.2,-1.2,0,0.7,0.35,0,0,-1.0084830596532741,-0.0017291785924656016,0.6511505838286159
20.400499999997805,-0.3214006483441063,-0.05160997652857379,-2.841689587885191e-05,0.9831867974219994,1.1472567515838099e-05,5.4446783834928225e-05,-0.18260262396526547,1.2,-1.2,0,0.7,0.35,0,0,-1.0081163284584573,-0.001667367636004481,0.6508349453205258
20.42049999999776,-0.3203700931221303,-0.05201378377217478,-2.837740600393658e-05,0.9830487328179602,1.1551072729043359e-05,5.44468266411774e-05,-0.18334444580384235,1.2,-1.2,0,0.7,0.35,0,0,-1.0077361359558863,-0.0015938873717510674,0.6505158143757998
20.440499999997712,-0.31934038928837577,-0.052419105284089336,-2.834151813902277e-05,0.9829101238549485,1.1629293633598325e-05,5.444532954363396e-05,-0.18408608128784448,1.2,-1.2,0,0.7,0.35,0,0,-1.007366196868329,-0.0015142555700867937,0.6502069857725191
20.460499999997666,-0.3183113977016897,-0.05282593408195722,-2.830212262963853e-05,0.9827709453594355,1.1697100730773818e-05,5.4447095942391546e-05,-0.18482766528854008,1.2,-1.2,0,0.7,0.35,0,0,-1.0069839980332171,-0.0014265335278378117,0.6498933381659862
20.48049999999762,-0.3172831977084525,-0.053234276190467576,-2.8260184078129845e-05,0.9826312132410742,1.1762755335796756e-05,5.445152490488056e-05,-0.18556911289609387,1.2,-1.2,0,0.7,0.35,0,0,-1.0065969349011448,-0.0013315552569086195,0.6495779393009017
20.500499999997572,-0.31625565316102294,-0.05364413123215265,-2.82161697945501e-05,0.9824909035042196,1.1816879305148945e-05,5.445729151664611e-05,-0.18631055103301353,1.2,-1.2,0,0.7,0.35,0,0,-1.0062114078391386,-0.0012212834882616046,0.649274026926857
20.520499999997526,-0.315228850921569,-0.05405550185457621,-2.817225874455881e-05,0.9823500316551418,1.1866856866302323e-05,5.4463439790447336e-05,-0.18705189707686684,1.2,-1.2,0,0.7,0.35,0,0,-1.005811743671499,-0.0010957747585318269,0.6489647271964927
20.54049999999748,-0.31420284820829597,-0.05446838572257163,-2.812722192455078e-05,0.982208609209068,1.1920117344494201e-05,5.447092393179346e-05,-0.1877930906248113,1.2,-1.2,0,0.7,0.35,0,0,-1.005419092886842,-0.0009736713578427242,0.6486545959309928
20.560499999997432,-0.31317766167244054,-0.05488275181248111,-2.8085455668892365e-05,0.9820666337950987,1.197422223950424e-05,5.447579740294345e-05,-0.18853414458757675,1.2,-1.2,0,0.7,0.35,0,0,-1.0050174552164752,-0.000848391317622395,0.6483384561750889
20.580499999997386,-0.3121531335781272,-0.05529862390248234,-2.8041734845686618e-05,0.9819240811086227,1.2019961845929777e-05,5.448139826698465e-05,-0.1892751854477616,1.2,-1.2,0,0.7,0.35,0,0,-1.004615756510787,-0.0007095779461358162,0.648032303445549
20.60049999999734,-0.3111294096522751,-0.05571599831697055,-2.7997381715587134e-05,0.9817809766955181,1.2067363493588961e-05,5.448801730542337e-05,-0.19001608006752846,1.2,-1.2,0,0.7,0.35,0,0,-1.0042060821506975,-0.0005723234375455125,0.64771163147419
20.620499999997293,-0.3101064935385865,-0.056134869430128326,-2.7953245338738503e-05,0.9816373215501846,1.2118651309400489e-05,5.4494286276500203e-05,-0.1907568237922057,1.2,-1.2,0,0.7,0.35,0,0,-1.0038043570720934,-0.0004364688769515839,0.6473944623619096
20.640499999997246,-0.30908424902335396,-0.05655524543608428,-2.7905472905531366e-05,0.9814930913804779,1.216261915168181e-05,5.450268798145269e-05,-0.191497541639367,1.2,-1.2,0,0.7,0.35,0,0,-1.0034015686600892,-0.00029113355006815856,0.6470795458281916
20.6604999999972,-0.30806111951114745,-0.05697735554289222,-2.775239429693221e-05,0.9813480417356989,1.2100417798133332e-05,5.459091177804548e-05,-0.19223948047922593,1.2,-1.2,0,0.7,0.35,0,0,-1.0029875377978443,-0.00025866307773096377,0.6466707457818217
20.680499999997153,-0.30703675224290344,-0.05740148956983443,-2.7513861756804447e-05,0.9812021478768076,1.1943103634311049e-05,5.474232800180255e-05,-0.192982750168457,1.2,-1.2,0,0.7,0.35,0,0,-1.0025447000196317,-0.00024442070231051933,0.6462339429562025
20.700499999997106,-0.3060118661700937,-0.05782753620535358,-2.726849491038813e-05,0.9810555227676512,1.1767636992893011e-05,5.489461150680044e-05,-0.1937267614326834,1.2,-1.2,0,0.7,0.35,0,0,-1.002073065717465,-0.00022679177555286136,0.6457772771432053
20.72049999999706,-0.30498690254336847,-0.0582553372146719,-2.705454037486542e-05,0.9809082209225405,1.1614816875518421e-05,5.501717430827901e-05,-0.1944712291440151,1.2,-1.2,0,0.7,0.35,0,0,-1.0015946954967203,-0.00020961015030324562,0.6453166090567863
20.740499999997013,-0.3039621418285142,-0.05868478573516318,-2.68813494264486e-05,0.9807602751735749,1.149739083734762e-05,5.510453009967111e-05,-0.1952159816018032,1.2,-1.2,0,0.7,0.35,0,0,-1.0011116766003694,-0.00019452789060523724,0.6448521717443837
20.760499999996966,-0.30293777229937935,-0.059115819591403974,-2.674387982073577e-05,0.9806117090040323,1.141376036523709e-05,5.516377016608993e-05,-0.19596089658622268,1.2,-1.2,0,0.7,0.35,0,0,-1.0006291149117434,-0.00018122817222260474,0.644387689529428
20.78049999999692,-0.30191389603027646,-0.059548403477546245,-2.663580785096901e-05,0.9804625347788457,1.1358496202154007e-05,5.5201600614630854e-05,-0.1967059092117207,1.2,-1.2,0,0.7,0.35,0,0,-1.0001482498826109,-0.00016992639677103032,0.6439239856502357
20.800499999996873,-0.3008905915827073,-0.05998251734339721,-2.6549301121124962e-05,0.9803127630773413,1.1326221671463754e-05,5.522548479775493e-05,-0.1974509644684764,1.2,-1.2,0,0.7,0.35,0,0,-0.9996697039468099,-0.00016009919830149412,0.6434613767732041
20.820499999996827,-0.29986787574011803,-0.06041815645781872,-2.647984373933629e-05,0.9801623953789361,1.1310797095810245e-05,5.5239308081185486e-05,-0.19819605320417308,1.2,-1.2,0,0.7,0.35,0,0,-0.999203619774173,-0.0001519641433701438,0.6430093170248911
20.84049999999678,-0.29884579407246126,-0.060855318279041476,-2.64212061129133e-05,0.9800114389965131,1.1308381270115593e-05,5.524863477786994e-05,-0.19894113766562338,1.2,-1.2,0,0.7,0.35,0,0,-0.9987404358677698,-0.00014481689280295348,0.6425586585865626
20.860499999996733,-0.2978243597186912,-0.061294011025576495,-2.6368644368408243e-05,0.9798598971095664,1.1316662799650772e-05,5.5256946780781576e-05,-0.19968620096298925,1.2,-1.2,0,0.7,0.35,0,0,-0.99828265498295,-0.00013819393883797847,0.6421116449166496
20.880499999996687,-0.2968035919050455,-0.06173423238441473,-2.6321672235789516e-05,0.9797077721274287,1.1335229643092388e-05,5.526360051577347e-05,-0.20043123022762407,1.2,-1.2,0,0.7,0.35,0,0,-0.9978249012109868,-0.0001320624450057387,0.6416633001703426
20.90049999999664,-0.2957834515062614,-0.062175992387213705,-2.628120320669871e-05,0.9795550571151904,1.1361055960455476e-05,5.526674875037316e-05,-0.20117625828255772,1.2,-1.2,0,0.7,0.35,0,0,-0.9973826435811056,-0.00012711982029410375,0.6412284639590358
20.920499999996593,-0.29476395838968517,-0.06261929990819098,-2.6241661814215035e-05,0.9794017568115563,1.1392708674972297e-05,5.527121223403754e-05,-0.20192126081652495,1.2,-1.2,0,0.7,0.35,0,0,-0.9969490068639333,-0.00012237409079067692,0.6408004514743648
20.940499999996547,-0.29374513334891955,-0.06306415274514969,-2.6202867453711405e-05,0.9792478740767555,1.1429299606479029e-05,5.527683048064511e-05,-0.2026662229627725,1.2,-1.2,0,0.7,0.35,0,0,-0.9965119763555224,-0.0001176510042699208,0.6403678085183814
20.9604999999965,-0.2927269328678388,-0.06351055728450128,-2.616794559865755e-05,0.9790934011450583,1.1469770453291975e-05,5.5279532782536924e-05,-0.20341118122369978,1.2,-1.2,0,0.7,0.35,0,0,-0.9960884447380917,-0.00011390083605875653,0.6399470229338957
20.980499999996454,-0.29170939881175034,-0.06395851117576698,-2.6132598241013473e-05,0.978938344542859,1.1512460300462994e-05,5.5283587242562065e-05,-0.2041561030066831,1.2,-1.2,0,0.7,0.35,0,0,-0.9956540611868769,-0.00011020744226631398,0.639514371046104
21.000499999996407,-0.2906924822138548,-0.06440802685212814,-2.6097431193367773e-05,0.9787826975385117,1.155670491513928e-05,5.528757101367488e-05,-0.20490101954105,1.2,-1.2,0,0.7,0.35,0,0,-0.9952381588631322,-0.00010701608572567147,0.6390983687435114
21.02049999999636,-0.2896762112026081,-0.06485909637601737,-2.606271540358888e-05,0.9786264631677245,1.1600814817084069e-05,5.529155532350996e-05,-0.20564591509703056,1.2,-1.2,0,0.7,0.35,0,0,-0.9948230191094184,-0.00010424080642819891,0.6386818620628625
21.040499999996314,-0.288660599274989,-0.06531171849134333,-2.6027154416475968e-05,0.9784696442511632,1.1645497605522753e-05,5.529634733946046e-05,-0.20639077519525456,1.2,-1.2,0,0.7,0.35,0,0,-0.9944054374568737,-0.00010155122423298826,0.6382617519493438
21.060499999996267,-0.2876456460549584,-0.06576589184722481,-2.5990790556440434e-05,0.9783122403698835,1.1690645556618241e-05,5.5301473522403625e-05,-0.2071356008694188,1.2,-1.2,0,0.7,0.35,0,0,-0.9939855652044235,-9.903297748814867e-05,0.6378381740879159
21.08049999999622,-0.28663132480386777,-0.06622161716908231,-2.5955894432955982e-05,0.9781542461865749,1.1735109602599712e-05,5.5304530774613407e-05,-0.20788041627548726,1.2,-1.2,0,0.7,0.35,0,0,-0.9935758018068929,-9.739075097460561e-05,0.637423400454109
21.100499999996174,-0.2856176813340697,-0.06667888197007694,-2.5921378559900517e-05,0.9779956678203936,1.1777236746335322e-05,5.530750715713497e-05,-0.20862519149642098,1.2,-1.2,0,0.7,0.35,0,0,-0.9931528464177924,-9.61603129146788e-05,0.6369943652335447
21.120499999996127,-0.284604683966346,-0.06713769733767992,-2.5884706892277876e-05,0.9778365023534743,1.1818561524739707e-05,5.531186751172765e-05,-0.2093699392607296,1.2,-1.2,0,0.7,0.35,0,0,-0.9927448370676609,-9.519092272337223e-05,0.6365788149535632
21.14049999999608,-0.28359238079965043,-0.06759804534576609,-2.584779053414952e-05,0.9776767557166456,1.1857943602361632e-05,5.53167063538824e-05,-0.2101146309299414,1.2,-1.2,0,0.7,0.35,0,0,-0.9923264106884837,-9.447052185738658e-05,0.6361517239660982
21.160499999996034,-0.2825807549124327,-0.06805992722242407,-2.5811150087566416e-05,0.977516425123585,1.189608937674205e-05,5.532094152931676e-05,-0.2108592786947787,1.2,-1.2,0,0.7,0.35,0,0,-0.9919103280153984,-9.431252917145534e-05,0.6357257670382763
21.180499999995988,-0.2815698160946906,-0.06852333902664394,-2.5774472541108576e-05,0.9773555119300129,1.1933117070100044e-05,5.5324887779546174e-05,-0.2116038754294895,1.2,-1.2,0,0.7,0.35,0,0,-0.9914958968336192,-9.464486986932845e-05,0.6353002468116937
21.20049999999594,-0.2805595751569875,-0.06898827699965229,-2.5737227490320866e-05,0.977194017795697,1.1969244770848967e-05,5.532908730692027e-05,-0.2123484127082931,1.2,-1.2,0,0.7,0.35,0,0,-0.9910825921573444,-9.5341600793012e-05,0.6348746148300727
21.220499999995894,-0.27955004551667084,-0.06945473561391244,-2.5699690629991668e-05,0.9770319443982652,1.200423145010099e-05,5.53335140210596e-05,-0.21309288214167157,1.2,-1.2,0,0.7,0.35,0,0,-0.9906633984581131,-9.642328372950417e-05,0.6344418113526671
21.240499999995848,-0.27854123157315513,-0.06992271309423298,-2.5661904787301922e-05,0.976869292524449,1.203819992618115e-05,5.533814892443533e-05,-0.21383727952710488,1.2,-1.2,0,0.7,0.35,0,0,-0.9902431012253777,-9.785825738992464e-05,0.6340065909905486
21.2604999999958,-0.27753313655824197,-0.070392208258012,-2.5623693639197582e-05,0.9767060626028251,1.2071643297975822e-05,5.534303760646503e-05,-0.21458160234817372,1.2,-1.2,0,0.7,0.35,0,0,-0.9898231668073418,-9.965571651476787e-05,0.6335704053595634
21.280499999995754,-0.2765257565645292,-0.0708632217613641,-2.5585451899498134e-05,0.9765422539397064,1.210490274627273e-05,5.5347638782778955e-05,-0.215325853209661,1.2,-1.2,0,0.7,0.35,0,0,-0.989408264518353,-0.00010194242504931857,0.6331380236073988
21.300499999995708,-0.27551911528522927,-0.07133574808684683,-2.5546260196479813e-05,0.9763778704550602,1.2138583217457587e-05,5.535290652977204e-05,-0.21607001382503804,1.2,-1.2,0,0.7,0.35,0,0,-0.9889891240584323,-0.0001044258336907208,0.6327000244649307
21.32049999999566,-0.2745132055871884,-0.07180979027707833,-2.5506244393512324e-05,0.9762129108356636,1.2172704611641158e-05,5.53585577355602e-05,-0.2168140897290015,1.2,-1.2,0,0.7,0.35,0,0,-0.988571313593025,-0.00010709796777066538,0.6322619595131029
21.340499999995615,-0.2735080311059031,-0.07228534752547427,-2.5465825762134592e-05,0.9760473754985766,1.2207643808760012e-05,5.536418633053085e-05,-0.21755807860918308,1.2,-1.2,0,0.7,0.35,0,0,-0.9881540799688716,-0.00010991510830014571,0.6318230817625518
21.360499999995568,-0.2725035932511674,-0.07276242051538315,-2.5424943567140954e-05,0.9758812645948438,1.2243505785414176e-05,5.536982421887796e-05,-0.21830197937042584,1.2,-1.2,0,0.7,0.35,0,0,-0.9877372480267524,-0.00011284792071009008,0.6313832042304257
21.38049999999552,-0.27149989082166925,-0.07324101059964158,-2.5383602525886837e-05,0.9757145777483124,1.2280263330640916e-05,5.537546196312861e-05,-0.21904579327662477,1.2,-1.2,0,0.7,0.35,0,0,-0.9873217026866522,-0.0001159105043186515,0.6309432288925602
21.400499999995475,-0.27049692535765263,-0.0737211156384871,-2.534256363402837e-05,0.9755473144353654,1.2318032570521014e-05,5.538045584556178e-05,-0.21978952222346324,1.2,-1.2,0,0.7,0.35,0,0,-0.9869061135485157,-0.0001192334617485163,0.6305018460605615
21.420499999995428,-0.2694946986549478,-0.0742027360808592,-2.530148045912463e-05,0.9753794751220769,1.2356361262897496e-05,5.538534690275307e-05,-0.22053316369736006,1.2,-1.2,0,0.7,0.35,0,0,-0.9864904468278297,-0.00012275177511184983,0.6300590392035308
21.44049999999538,-0.2684932073320054,-0.07468587786638048,-2.5259352544408986e-05,0.9752110596678386,1.2394614137906793e-05,5.5391105640217174e-05,-0.22127671788900827,1.2,-1.2,0,0.7,0.35,0,0,-0.9860757479874233,-0.000126251580592894,0.6296156965853492
21.460499999995335,-0.2674924545506836,-0.07517053978597035,-2.5216278166941084e-05,0.9750420684914827,1.243409046693056e-05,5.5397385254016905e-05,-0.2220201825248612,1.2,-1.2,0,0.7,0.35,0,0,-0.9856607459058842,-0.00012971531041206555,0.6291705959624466
21.48049999999529,-0.26649243761108127,-0.0756567238899229,-2.5172866772186532e-05,0.9748725007022986,1.2474280190029996e-05,5.540369043771102e-05,-0.22276356108948878,1.2,-1.2,0,0.7,0.35,0,0,-0.985247011148733,-0.00013321134704071086,0.6287253287906303
21.50049999999524,-0.2654935304388386,-0.07614428722326115,-2.5135739745503466e-05,0.9747024078270455,1.2513204440171313e-05,5.540964043221539e-05,-0.2235066284237458,1.2,-1.2,0,0.7,0.35,0,0,-0.9846208904728075,-0.0001354666701226975,0.628055713462513
21.520499999995195,-0.26449778362581244,-0.07663237128478127,-2.516433848302363e-05,0.9745320964385071,1.2597966472987544e-05,5.5376139784358676e-05,-0.2242480541408145,1.2,-1.2,0,0.7,0.35,0,0,-0.9826178982947205,-0.00013019168404847622,0.6259399919877972
21.54049999999515,-0.2635044814105442,-0.0771212143285631,-2.5194431767398882e-05,0.9743614929404399,1.2701751395976344e-05,5.533918253528732e-05,-0.22498817269162563,1.2,-1.2,0,0.7,0.35,0,0,-0.9791419098509234,-0.0001195195058098222,0.6222287841735036
21.560499999995102,-0.26250331227078244,-0.07761503297817564,-2.4544919837591428e-05,0.9741890587236108,1.2409943974623469e-05,5.581758283480837e-05,-0.22573363638057126,1.2,-1.2,0,0.7,0.35,0,0,-0.9770499283038201,-0.0001324620764498934,0.6199083583399064
21.580499999995055,-0.2615050262984893,-0.07810968166491751,-2.4401140170341187e-05,0.9740162721806476,1.2388587675170904e-05,5.584505006730013e-05,-0.22647803040287878,1.2,-1.2,0,0.7,0.35,0,0,-0.9740400533858905,-0.0001262062129241628,0.6165480083255179
21.60049999999501,-0.26051089893028206,-0.07860441487619009,-2.451736183897474e-05,0.9738434296373109,1.2547352667226065e-05,5.5678990812967355e-05,-0.22722009439011634,1.2,-1.2,0,0.7,0.35,0,0,-0.9694994912997402,-0.00011025264444141953,0.611381288895431
21.620499999994962,-0.2595199910478756,-0.07909957958935926,-2.4679197619854317e-05,0.9736704193593579,1.2744317007603677e-05,5.550368023969136e-05,-0.2279603281746533,1.2,-1.2,0,0.7,0.35,0,0,-0.9635123617732199,-8.759247804097381e-05,0.6042623533421706
21.640499999994915,-0.25853159412771054,-0.07959547266929347,-2.4816695129360236e-05,0.9734971347725447,1.292722748929729e-05,5.536540994406164e-05,-0.22869920279092415,1.2,-1.2,0,0.7,0.35,0,0,-0.9562144907859992,1.0905384943584624e-05,0.595000680268572
21.66049999999487,-0.25754519659432823,-0.0800923140244718,-2.4915646618077744e-05,0.9733234928226281,1.3084409430380425e-05,5.5265240324022625e-05,-0.2294370830840369,1.2,-1.2,0,0.7,0.35,0,0,-0.9481407456362217,0.00013148464555726725,0.5830348851380043
21.680499999994822,-0.25656043705386844,-0.08059025866903606,-2.4979799631314843e-05,0.973149433034982,1.3216817669391524e-05,5.519452146806963e-05,-0.230174233489707,1.2,-1.2,0,0.7,0.35,0,0,-0.9398395722057833,0.00023753991476834773,0.5678472986697014
21.700499999994776,-0.2555770643002379,-0.08108941256845578,-2.501697281377458e-05,0.9729749128651152,1.3327708369497e-05,5.51451155363388e-05,-0.2309108393222584,1.2,-1.2,0,0.7,0.35,0,0,-0.9313101936079854,0.0003254789071475801,0.5494249529310695
21.72049999999473,-0.2545949070802903,-0.08158984597802042,-2.5034625631879383e-05,0.9727999031958806,1.3420076224917007e-05,5.5111093554928725e-05,-0.23164702701470977,1.2,-1.2,0,0.7,0.35,0,0,-0.9225581042318731,0.00041923517092719894,0.5277674530575992
21.740499999994682,-0.2536138516055126,-0.08209160379187778,-2.5038759520016463e-05,0.9726243846804656,1.3496503475810999e-05,5.5088309295844496e-05,-0.2323828804109015,1.2,-1.2,0,0.7,0.35,0,0,-0.9138681662409229,0.0005240776767426936,0.5027076224132913
21.760499999994636,-0.25263382468447493,-0.08259471339868754,-2.5033865786453044e-05,0.9724483449027612,1.3559409012122452e-05,5.507378157630401e-05,-0.23311845332126954,1.2,-1.2,0,0.7,0.35,0,0,-0.9053882171786046,0.000615325450469192,0.47418498915418067
21.78049999999459,-0.2516547810310319,-0.08309919056264438,-2.5023148998042376e-05,0.9722717762118087,1.3611179469319304e-05,5.506527848186798e-05,-0.23385377902545135,1.2,-1.2,0,0.7,0.35,0,0,-0.8971988205028438,0.0007099638693977678,0.442230413826131
21.800499999994543,-0.25067669379897534,-0.08360504374431224,-2.5008790696522734e-05,0.97209467409786,1.3654157789728703e-05,5.506108465742663e-05,-0.2345888773416488,1.2,-1.2,0,0.7,0.35,0,0,-0.8894139062690031,0.0007886548682618257,0.4068796588160394
21.820499999994496,-0.24969954766312583,-0.08411227719012002,-2.499219051492356e-05,0.9719170360017398,1.3690564625293952e-05,5.505987376812346e-05,-0.2353237597663499,1.2,-1.2,0,0.7,0.35,0,0,-0.8822263209012783,0.0008633346333176801,0.3681757250357803
21.84049999999445,-0.2487233339115401,-0.08462089305935992,-2.4974171523230828e-05,0.971738860468253,1.3722412929117872e-05,5.5060630905214e-05,-0.23605843309630595,1.2,-1.2,0,0.7,0.35,0,0,-0.8767777748025116,0.0009248573494314639,0.3266367109619194
21.860499999994403,-0.2477398810223622,-0.08513885740302764,-2.677250693922009e-05,0.9715599273093287,1.5189403602790582e-05,5.407049362373669e-05,-0.23679380163415326,1.2,-1.2,0,0.7,0.35,0,0,-0.8754196488508459,0.001035306528917081,0.29510686565351557
21.880499999994356,-0.24673387490590512,-0.08567809647087325,-2.8704244730650596e-05,0.9713779789194373,1.75266701597128e-05,5.288880705703339e-05,-0.23753908934316428,1.2,-1.2,0,0.7,0.35,0,0,-0.8758523129263699,0.0012746785179166007,0.29646552269309717
21.90049999999431,-0.24573250634001778,-0.08620961798542554,-2.7248394447442246e-05,0.9711940490633014,1.7339323350319167e-05,5.348972536692499e-05,-0.23828998279874583,1.2,-1.2,0,0.7,0.35,0,0,-0.8766012316399495,0.0014194433120530852,0.30242717070147435
21.920499999994263,-0.24473811094975334,-0.08673629274886643,-2.556582577604499e-05,0.9710098681974876,1.637617354117319e-05,5.431054749275581e-05,-0.23903939559261617,1.2,-1.2,0,0.7,0.35,0,0,-0.8772538655530714,0.001598799827425073,0.3059232459989225
21.940499999994216,-0.2437491852682299,-0.08726146624929257,-2.4723454809085365e-05,0.9708258225464902,1.5701490463446076e-05,5.475144704860334e-05,-0.23978577737779488,1.2,-1.2,0,0.7,0.35,0,0,-0.8774426146114701,0.0017435427787811557,0.30748119545211594
21.96049999999417,-0.24276571184415738,-0.08778519509271303,-2.4514963828075896e-05,0.9706419327305473,1.5407457236393902e-05,5.487445076568213e-05,-0.24052907345373598,1.2,-1.2,0,0.7,0.35,0,0,-0.8773811319848439,0.0017647507835579753,0.30814307172397376
21.980499999994123,-0.2417868631227817,-0.08830829922475582,-2.4606489274106762e-05,0.9704581385763011,1.5310730965452806e-05,5.4845990447445414e-05,-0.24126955470701392,1.2,-1.2,0,0.7,0.35,0,0,-0.8772773077882482,0.0017922895244501203,0.30845583202347265
22.000499999994076,-0.24081174482475615,-0.08883129541579457,-2.477591578495236e-05,0.9702743159863318,1.526033674307456e-05,5.4783564352920624e-05,-0.24200774471726966,1.2,-1.2,0,0.7,0.35,0,0,-0.8771801771098207,0.001833832880086902,0.30852866392408757
22.02049999999403,-0.2398397700545106,-0.08935447153439088,-2.496877125219023e-05,0.9700903592189626,1.524707950287301e-05,5.471049139700365e-05,-0.2427440868995849,1.2,-1.2,0,0.7,0.35,0,0,-0.8770856777640249,0.0018789634963656526,0.30851918341083184
22.040499999993983,-0.23886967640713633,-0.08987852548844669,-2.505749969748997e-05,0.9699060690956443,1.5210471759996443e-05,5.470434450843817e-05,-0.2434793911350863,1.2,-1.2,0,0.7,0.35,0,0,-0.8769983043537846,0.001926718803759987,0.30845916634841675
22.060499999993937,-0.2379018228608159,-0.09040326359906146,-2.5168300488008625e-05,0.9697214684661137,1.5204957602338768e-05,5.4661484582859066e-05,-0.2442135753328543,1.2,-1.2,0,0.7,0.35,0,0,-0.8769061032636538,0.001973471474466271,0.30842130152281444
22.08049999999389,-0.23693620882691258,-0.09092869325746517,-2.5284867073351948e-05,0.969536564852467,1.521473609785793e-05,5.4602074023209136e-05,-0.24494661908506246,1.2,-1.2,0,0.7,0.35,0,0,-0.8768139226926289,0.0020201365119898312,0.30838552325636204
22.100499999993843,-0.23597258917940206,-0.0914549369214265,-2.5381265561282654e-05,0.9693513220548421,1.5225434600862001e-05,5.4551065921668637e-05,-0.2456786747418184,1.2,-1.2,0,0.7,0.35,0,0,-0.876722687199012,0.002066902293454422,0.30834763552595323
22.120499999993797,-0.235010728356812,-0.09198211375902302,-2.5451863283515478e-05,0.9691656997092769,1.5234794612528964e-05,5.4513764069189434e-05,-0.24640990910103283,1.2,-1.2,0,0.7,0.35,0,0,-0.876632792136684,0.0021140714441844613,0.3083039279810855
22.14049999999375,-0.2340504422415672,-0.09251031324409315,-2.5502631092584296e-05,0.968979663317859,1.5248067925693342e-05,5.448583857209993e-05,-0.24714046385648702,1.2,-1.2,0,0.7,0.35,0,0,-0.8765434495388099,0.00216107390951782,0.30825943439644143
22.160499999993704,-0.23309158365269472,-0.09303961441104275,-2.553364291998031e-05,0.9687931858232386,1.5264037208845212e-05,5.446637308935283e-05,-0.24787044983798157,1.2,-1.2,0,0.7,0.35,0,0,-0.8764549447535548,0.002208036024880433,0.3082139064138087
22.180499999993657,-0.23213403094989868,-0.09357008420353514,-2.5550576174065437e-05,0.9686062449769414,1.5283133339363015e-05,5.445200004904331e-05,-0.24859995774954205,1.2,-1.2,0,0.7,0.35,0,0,-0.8763671081352524,0.002255324270871289,0.3081659701691791
22.20049999999361,-0.2311776909323814,-0.09410176652319949,-2.556009631861204e-05,0.9684188221817116,1.5308362202641347e-05,5.443899917020992e-05,-0.24932906297950058,1.2,-1.2,0,0.7,0.35,0,0,-0.876280228630475,0.0023025506009091744,0.30811507982851694
22.220499999993564,-0.2302224962563751,-0.09463469824455109,-2.555984501582534e-05,0.9682309045254186,1.5336700548159156e-05,5.442896830810605e-05,-0.2500578179624926,1.2,-1.2,0,0.7,0.35,0,0,-0.8761915865899521,0.0023491944940621737,0.30807721554894424
22.240499999993517,-0.2292683723525068,-0.09516892286838206,-2.555004078935315e-05,0.9680424792487767,1.5365337827992556e-05,5.4422612693998945e-05,-0.25078627389067265,1.2,-1.2,0,0.7,0.35,0,0,-0.8761075655554474,0.0023966414977393278,0.3080178965270571
22.26049999999347,-0.2283152835334176,-0.09570445467401936,-2.5537602254922158e-05,0.9678535377961247,1.5399435570658225e-05,5.4416098603680324e-05,-0.2515144651451872,1.2,-1.2,0,0.7,0.35,0,0,-0.8760215890006419,0.002443697576597658,0.3079706949122547
22.280499999993424,-0.22736319068276786,-0.09624131385375181,-2.552193832884644e-05,0.9676640724991205,1.5436967521230426e-05,5.441006394820199e-05,-0.25224242227599675,1.2,-1.2,0,0.7,0.35,0,0,-0.8759344493585017,0.0024905018907861,0.30793119467298563
22.300499999993377,-0.22641205132677933,-0.09677952790808786,-2.5500020611305912e-05,0.9674740765552716,1.5473451380347032e-05,5.440667304756993e-05,-0.25297017214290385,1.2,-1.2,0,0.7,0.35,0,0,-0.8758491059308564,0.002537609844783067,0.3078847521528547
22.32049999999333,-0.22546184324003654,-0.09731910661843507,-2.547442969303449e-05,0.9672835450016932,1.5510255571662034e-05,5.440467481341694e-05,-0.25369773425973074,1.2,-1.2,0,0.7,0.35,0,0,-0.8757664778991175,0.0025851671286057643,0.3078263238972554
22.340499999993284,-0.22451255220766103,-0.09786005570900991,-2.5449328866384598e-05,0.9670924741467727,1.55506992943187e-05,5.440172326413157e-05,-0.2544251230663005,1.2,-1.2,0,0.7,0.35,0,0,-0.8756824121865894,0.002632459943077322,0.30777704256739385
22.360499999993237,-0.22356416522769415,-0.09840238089827014,-2.542387397682517e-05,0.9669008609739701,1.5593549370635627e-05,5.4398360660341696e-05,-0.2551523502644153,1.2,-1.2,0,0.7,0.35,0,0,-0.8755968239218593,0.0026794101030863183,0.3077375026312132
22.38049999999319,-0.22261665376030207,-0.09894610445098731,-2.5392616227167374e-05,0.966708701901055,1.5632566816845964e-05,5.439811347058239e-05,-0.2558794295468982,1.2,-1.2,0,0.7,0.35,0,0,-0.8755145776875016,0.0027269788432322107,0.30768292598166536
22.400499999993144,-0.22167001253415208,-0.09949122715730342,-2.5361484002655435e-05,0.9665159948350364,1.5673048510857373e-05,5.439756261162424e-05,-0.2566063688284071,1.2,-1.2,0,0.7,0.35,0,0,-0.8754336873481755,0.002774882621153312,0.30762337497488057
22.420499999993098,-0.2207242445125659,-0.1000377413536518,-2.533223203953234e-05,0.9663227385019536,1.5716909523871385e-05,5.439552926605387e-05,-0.2573331728483305,1.2,-1.2,0,0.7,0.35,0,0,-0.8753505121504807,0.002822296121576458,0.30757719888626056
22.44049999999305,-0.21977933734130942,-0.10058565922438235,-2.530042732254089e-05,0.9661289316600206,1.5759336304897192e-05,5.439477254595196e-05,-0.2580598461642567,1.2,-1.2,0,0.7,0.35,0,0,-0.8752672021766928,0.0028698749494205492,0.30753284379767054
22.460499999993004,-0.21883528528946822,-0.10113498240878419,-2.5268624272833693e-05,0.9659345728294233,1.580218718729727e-05,5.439396434031062e-05,-0.2587863941640425,1.2,-1.2,0,0.7,0.35,0,0,-0.8751853877277331,0.0029179026373194507,0.3074808437131493
22.480499999992958,-0.21789208206396138,-0.1016857163801766,-2.523582702842706e-05,0.9657396609925688,1.584458848096323e-05,5.4393640255998026e-05,-0.25951282044677404,1.2,-1.2,0,0.7,0.35,0,0,-0.8751043835574974,0.002966167455236819,0.30742629082899087
22.50049999999291,-0.21694973336216505,-0.10223785355517073,-2.520434019097531e-05,0.96554419587503,1.588875610306282e-05,5.439239522570783e-05,-0.26023912580750835,1.2,-1.2,0,0.7,0.35,0,0,-0.8750230781208684,0.0030143290877972795,0.3073747785541964
22.520499999992865,-0.21600822981431678,-0.10279140323970637,-2.5170820203893547e-05,0.9653481766312544,1.5931109668722214e-05,5.4392335645562176e-05,-0.26096531314024474,1.2,-1.2,0,0.7,0.35,0,0,-0.8749434876350721,0.0030628004707986298,0.3073162979669789
22.540499999992818,-0.2150675726445815,-0.1033463616758271,-2.5140116437160393e-05,0.9651516025419127,1.597615452097156e-05,5.439059868776539e-05,-0.26169138483565474,1.2,-1.2,0,0.7,0.35,0,0,-0.874864949614075,0.0031111986304677244,0.3072553401145645
22.56049999999277,-0.2141277620214754,-0.10390273290680133,-2.510613084796674e-05,0.9649544740127703,1.6018653940905568e-05,5.439060641137849e-05,-0.26241733911424825,1.2,-1.2,0,0.7,0.35,0,0,-0.8747854106797556,0.003159347565567987,0.30720346282502964
22.580499999992725,-0.21318880117214595,-0.10446051049515753,-2.50759638968795e-05,0.9647567904626119,1.6064624461850028e-05,5.43883689285499e-05,-0.26314317783311886,1.2,-1.2,0,0.7,0.35,0,0,-0.8747060365900672,0.0032075069340208235,0.307152239075585
22.600499999992678,-0.21225067839658932,-0.10501970773282025,-2.5041232136315673e-05,0.9645585510318603,1.6106387576404247e-05,5.4388846363555576e-05,-0.2638689038400605,1.2,-1.2,0,0.7,0.35,0,0,-0.8746281826743993,0.0032562831288399903,0.30709390033209677
22.62049999999263,-0.21131340796084072,-0.10558030615775227,-2.5011459028600376e-05,0.9643597560017474,1.6152762361625282e-05,5.438632410203627e-05,-0.26459451578871646,1.2,-1.2,0,0.7,0.35,0,0,-0.8745505911809708,0.0033047267400728294,0.3070362328270084
22.640499999992585,-0.2103769778148531,-0.10614232602702292,-2.4975989028748457e-05,0.9641604055263555,1.6193874124586017e-05,5.4387133780755895e-05,-0.2653200128053894,1.2,-1.2,0,0.7,0.35,0,0,-0.874473558463401,0.0033535880517918193,0.3069783746037239
22.66049999999254,-0.2094413963703383,-0.10670575367579979,-2.4942579661370796e-05,0.9639604990935348,1.6236738331329504e-05,5.438677243622107e-05,-0.26604539643788633,1.2,-1.2,0,0.7,0.35,0,0,-0.8743974395314799,0.0034028265186363095,0.3069154114827857
22.68049999999249,-0.20850666822772299,-0.10727058633879402,-2.4910746774113667e-05,0.9637600372316926,1.6281167404487505e-05,5.4385375020928125e-05,-0.26677066445230196,1.2,-1.2,0,0.7,0.35,0,0,-0.8743200478054852,0.003451896012263729,0.3068599599311939
22.700499999992445,-0.20757278972156543,-0.10783682860911178,-2.487847488945617e-05,0.963559019743799,1.632499573968074e-05,5.43842407812552e-05,-0.26749581724995075,1.2,-1.2,0,0.7,0.35,0,0,-0.8742442535480378,0.0035012903003522893,0.3067979794071717
22.7204999999924,-0.20663975977079813,-0.10840448248188654,-2.4846033470642686e-05,0.9633574464048572,1.6368494362334607e-05,5.438322457937727e-05,-0.2682208553242096,1.2,-1.2,0,0.7,0.35,0,0,-0.874168777875825,0.0035508618949490187,0.30673609996893003
22.740499999992352,-0.20570758460453864,-0.1089735414075264,-2.4814881734026426e-05,0.9631553174185408,1.64132269129099e-05,5.4381379469046165e-05,-0.2689457776237861,1.2,-1.2,0,0.7,0.35,0,0,-0.8740931875742075,0.0036004274342856676,0.30667651345989494
22.760499999992305,-0.20477626084657333,-0.10954400915884349,-2.478219935584724e-05,0.9629526325253428,1.6456344047332422e-05,5.438047482703759e-05,-0.26967058475937744,1.2,-1.2,0,0.7,0.35,0,0,-0.8740189782961468,0.003650265871559752,0.3066114315693048
22.78049999999226,-0.2038457930195442,-0.11011588331453462,-2.475046842988071e-05,0.9627493921458024,1.650021639400656e-05,5.437898494728225e-05,-0.2703952749098187,1.2,-1.2,0,0.7,0.35,0,0,-0.8739443872386592,0.0037001477856869183,0.30655001290833267
22.800499999992212,-0.2029161813226652,-0.1106891609995213,-2.4718759205238295e-05,0.9625455957883515,1.6543909525105313e-05,5.437752545060855e-05,-0.2711198495090885,1.2,-1.2,0,0.7,0.35,0,0,-0.8738720618512411,0.003750324814281428,0.306478485341202
22.820499999992165,-0.20198743228187946,-0.11126384058382602,-2.4687055893430576e-05,0.9623412446831884,1.6587515140133156e-05,5.4375995410471924e-05,-0.2718443038757994,1.2,-1.2,0,0.7,0.35,0,0,-0.8737989057355212,0.0038003022927818237,0.3064138594836624
22.84049999999212,-0.20105954392810635,-0.11183992592376867,-2.46576004032234e-05,0.9621363385725226,1.66329843844689e-05,5.4373122568751965e-05,-0.27256863863102243,1.2,-1.2,0,0.7,0.35,0,0,-0.8737245324085909,0.0038503166213769455,0.3063573937039951
22.860499999992072,-0.2001325078497369,-0.11241742169932267,-2.462518396797809e-05,0.9619308759616577,1.6675541403757474e-05,5.4372111171483105e-05,-0.27329285873809245,1.2,-1.2,0,0.7,0.35,0,0,-0.8736528079728775,0.003900992424927538,0.3062882116127903
22.880499999992026,-0.19920633631671641,-0.11299631694217928,-2.4593994334398696e-05,0.9617248578642045,1.6719279247383355e-05,5.437029723536241e-05,-0.27401696029701145,1.2,-1.2,0,0.7,0.35,0,0,-0.8735807289004274,0.0039516533470647765,0.30622208747706076
22.90049999999198,-0.1982810326486624,-0.1135766100243448,-2.456410821379399e-05,0.9615182847623269,1.6764093332752047e-05,5.436766660217599e-05,-0.27474094130805227,1.2,-1.2,0,0.7,0.35,0,0,-0.8735086332982938,0.004002353464543707,0.30615746070392336
22.920499999991932,-0.19735659040256504,-0.11415830819541305,-2.453262035461437e-05,0.961311156123734,1.6807060440617812e-05,5.43660855754668e-05,-0.27546480333048207,1.2,-1.2,0,0.7,0.35,0,0,-0.8734382746220385,0.004053469515330685,0.3060855815102592
22.940499999991886,-0.19643301679036354,-0.11474140541450371,-2.45019539884136e-05,0.9611034724592733,1.6850670314236073e-05,5.436399873393786e-05,-0.27618854427245526,1.2,-1.2,0,0.7,0.35,0,0,-0.873367569898633,0.004104639942776166,0.30601703757252424
22.96049999999184,-0.19551031467201602,-0.1153258991402546,-2.447270705895539e-05,0.9608952338982661,1.68954575552234e-05,5.4361043020634706e-05,-0.2769121633858232,1.2,-1.2,0,0.7,0.35,0,0,-0.873296861314914,0.0041558846844050555,0.3059500135852651
22.980499999991792,-0.19458847914054533,-0.11591179481788716,-2.44418241075514e-05,0.9606864399675143,1.6938467551436996e-05,5.4359137052290306e-05,-0.2776356620117723,1.2,-1.2,0,0.7,0.35,0,0,-0.873227689082429,0.0042075123260047025,0.30587674507336227
23.000499999991746,-0.19366751877584798,-0.11649908460043841,-2.4411867013164565e-05,0.9604770913319498,1.6982210052711943e-05,5.4356658951770386e-05,-0.27835903754589125,1.2,-1.2,0,0.7,0.35,0,0,-0.8731583324629397,0.004259162483981348,0.30580584362145014
23.0204999999917,-0.19274743487968968,-0.11708776864816405,-2.4382728161991998e-05,0.9602671881850984,1.702651687085753e-05,5.435369033766957e-05,-0.27908228903113413,1.2,-1.2,0,0.7,0.35,0,0,-0.8730888013715673,0.004310883854295713,0.30573729752099155
23.040499999991653,-0.19182822058436802,-0.11767785124141138,-2.4352719470342735e-05,0.9600567294456921,1.7069460337766243e-05,5.435142751604286e-05,-0.27980541989139035,1.2,-1.2,0,0.7,0.35,0,0,-0.8730238820256526,0.004363267351224099,0.30564736895264016
23.060499999991606,-0.19090989556661497,-0.1182693192592964,-2.4324403299531262e-05,0.9598457176123595,1.7114389845027532e-05,5.434787183652463e-05,-0.28052842125998745,1.2,-1.2,0,0.7,0.35,0,0,-0.8729545917626979,0.004414750884845648,0.30558361464188005
23.08049999999156,-0.18999243841375202,-0.11886218842696454,-2.429309922647095e-05,0.9596341499127806,1.715552007966193e-05,5.4346529551267905e-05,-0.2812513023495528,1.2,-1.2,0,0.7,0.35,0,0,-0.8728921506260848,0.004467427258524136,0.30548587224215584
23.100499999991513,-0.18907586812777885,-0.11945644716132818,-2.4263963685710514e-05,0.9594220287657973,1.7198930392633328e-05,5.4343659377184944e-05,-0.28197405460411595,1.2,-1.2,0,0.7,0.35,0,0,-0.8728267623337279,0.004519424158004604,0.30540810134604907
23.120499999991466,-0.18816019217782437,-0.1200520882862316,-2.4238829855415983e-05,0.959209354551644,1.7246354722110562e-05,5.433815571381337e-05,-0.2826966764759453,1.2,-1.2,0,0.7,0.35,0,0,-0.8727565299634081,0.004570741791730849,0.3053570181952677
23.14049999999142,-0.1872453919271995,-0.12064912783060452,-2.421028255407549e-05,0.9589961251231497,1.7289991839978878e-05,5.433498794608299e-05,-0.2834191749821271,1.2,-1.2,0,0.7,0.35,0,0,-0.8726897875887247,0.0046232321214112115,0.3052863298499161
23.160499999991373,-0.18633145867074327,-0.1212475711077727,-2.417421546943132e-05,0.958782339106394,1.7325905846800918e-05,5.433677006684002e-05,-0.28414155444953876,1.2,-1.2,0,0.7,0.35,0,0,-0.8726325933210722,0.00467752064597446,0.3051668397818896
23.180499999991326,-0.18541844563497004,-0.12184737549457558,-2.4154115397824068e-05,0.9585680025706419,1.7377674251717755e-05,5.4328061954731844e-05,-0.2848637941090565,1.2,-1.2,0,0.7,0.35,0,0,-0.8725624080808726,0.004728922758881581,0.3051214880904038
23.20049999999128,-0.18450631248014127,-0.12244857787871133,-2.4125118383941224e-05,0.9583531111964968,1.742053650117023e-05,5.432516184330476e-05,-0.2855859082750701,1.2,-1.2,0,0.7,0.35,0,0,-0.8724966578385919,0.004782017824964267,0.30504975609628965
23.220499999991233,-0.18359506913977705,-0.12305116817110463,-2.4096261786504632e-05,0.9581376658063795,1.746302732224431e-05,5.432230466968359e-05,-0.2863078938961229,1.2,-1.2,0,0.7,0.35,0,0,-0.8724325556670185,0.0048358452542867384,0.3049684254945064
23.240499999991187,-0.18268471889443086,-0.12365514491435449,-2.406823082501534e-05,0.9579216667136091,1.7506117745230397e-05,5.4318932835935034e-05,-0.287029749649076,1.2,-1.2,0,0.7,0.35,0,0,-0.8723689541341724,0.00489002777767858,0.30488540089672683
23.26049999999114,-0.18177526388749515,-0.12426050633292637,-2.404077601610689e-05,0.9577051139105398,1.7549674824035848e-05,5.4315179729018687e-05,-0.2877514752898248,1.2,-1.2,0,0.7,0.35,0,0,-0.8723054000583204,0.004944409661942789,0.30480346744535675
23.280499999991093,-0.18086670479516037,-0.12486725237551005,-2.401384745017157e-05,0.9574880073249685,1.75935627792971e-05,5.4311110541809676e-05,-0.2884730707876063,1.2,-1.2,0,0.7,0.35,0,0,-0.8722420643855148,0.004999025900773264,0.3047217945579552
23.300499999991047,-0.17995904162756748,-0.12547538385900575,-2.3987417503961632e-05,0.9572703467904915,1.763775528998857e-05,5.430674815126995e-05,-0.2891945364202072,1.2,-1.2,0,0.7,0.35,0,0,-0.872179394391055,0.00505399176612254,0.30463817804519205
23.320499999991,-0.17905227398130533,-0.12608490098281372,-2.3959970793850787e-05,0.9570521319914762,1.7680916353308405e-05,5.4303024346493705e-05,-0.28991587295133875,1.2,-1.2,0,0.7,0.35,0,0,-0.8721174971684539,0.00510929002974776,0.30455205370260324
23.340499999990953,-0.1781464103421026,-0.12669579416081192,-2.3932647942730347e-05,0.9568333635120266,1.7724168568822077e-05,5.429919199625524e-05,-0.29063707817089146,1.2,-1.2,0,0.7,0.35,0,0,-0.872056251200844,0.0051646691883182215,0.3044639944485391
23.360499999990907,-0.1772414491373039,-0.1273080668295222,-2.3904655231033653e-05,0.9566140415516162,1.776617815577906e-05,5.429593948229761e-05,-0.29135815115180025,1.2,-1.2,0,0.7,0.35,0,0,-0.8719978994891074,0.005220571935016913,0.304362622403942
23.38049999999086,-0.17633740618736232,-0.12792170934285382,-2.388216871404042e-05,0.9563941682342382,1.781351162632377e-05,5.428902443807296e-05,-0.29207908467214944,1.2,-1.2,0,0.7,0.35,0,0,-0.8719336467530828,0.005275472439435654,0.3042948809884625
23.400499999990814,-0.17543426367137024,-0.12853673358591008,-2.3856499024934185e-05,0.9561737408600803,1.7857278073099613e-05,5.428432899062286e-05,-0.29279988733599244,1.2,-1.2,0,0.7,0.35,0,0,-0.8718749306390068,0.005331357582453374,0.3042004413326972
23.420499999990767,-0.17453202719672758,-0.12915313575400908,-2.3831426934063405e-05,0.9559527599954782,1.79012429401381e-05,5.42793390172463e-05,-0.29352055701488206,1.2,-1.2,0,0.7,0.35,0,0,-0.8718182341472329,0.005387358664816313,0.3040996222015607
23.44049999999072,-0.1736307079109725,-0.1297709131700371,-2.380385620527268e-05,0.9557312275786709,1.794348012274882e-05,5.427566370043204e-05,-0.29424108714309516,1.2,-1.2,0,0.7,0.35,0,0,-0.8717564736904948,0.00544308446002503,0.304025325955607
23.460499999990674,-0.17273030004206352,-0.13039006429231093,-2.3775498444416948e-05,0.9555091418916009,1.798597950580021e-05,5.42726930465805e-05,-0.29496148306610287,1.2,-1.2,0,0.7,0.35,0,0,-0.8716979854962311,0.005500005812983835,0.30393148632497197
23.480499999990627,-0.1718308080212329,-0.131010587928962,-2.3748301835380014e-05,0.9552865037071171,1.8029307682757676e-05,5.426897092800567e-05,-0.295681742021477,1.2,-1.2,0,0.7,0.35,0,0,-0.8716394571403876,0.005557245974739775,0.3038382544233482
23.50049999999058,-0.17093223417187284,-0.13163248210182674,-2.372220453195352e-05,0.9550633130869864,1.8072848018945036e-05,5.4264555139123155e-05,-0.29640186356370996,1.2,-1.2,0,0.7,0.35,0,0,-0.871581255470307,0.005614760593814154,0.3037443089812301
23.520499999990534,-0.17003458009200262,-0.13225574593539896,-2.3696688036074134e-05,0.954839570120469,1.811626735686023e-05,5.425979977816108e-05,-0.2971218471601053,1.2,-1.2,0,0.7,0.35,0,0,-0.8715235607030699,0.005672558395470265,0.3036489512034146
23.540499999990487,-0.16913784816390848,-0.13288037866589394,-2.3671939545247047e-05,0.9546152751197486,1.815984104385266e-05,5.425460092556865e-05,-0.29784169156567963,1.2,-1.2,0,0.7,0.35,0,0,-0.871465924650127,0.0057306167027466205,0.3035544112002467
23.56049999999044,-0.16824203840397778,-0.13350637994704373,-2.3647049131397144e-05,0.9543904278046578,1.8202967620663997e-05,5.4249540934567506e-05,-0.2985613974385862,1.2,-1.2,0,0.7,0.35,0,0,-0.8714092541143631,0.005789050822569711,0.30345614544129323
23.580499999990394,-0.16734715362623584,-0.13413374852997056,-2.3622600510678153e-05,0.9541650285140675,1.8245985374478545e-05,5.4244246028240225e-05,-0.2992809634530664,1.2,-1.2,0,0.7,0.35,0,0,-0.8713529991021666,0.005847790431816227,0.3033570138880906
23.600499999990348,-0.16645319697348618,-0.13476248219111578,-2.359967535168176e-05,0.9539390774330475,1.8289988846999676e-05,5.423799514196975e-05,-0.3000003887829185,1.2,-1.2,0,0.7,0.35,0,0,-0.8712961036532835,0.0059066792443907504,0.30326231281039195
23.6204999999903,-0.16556016597794745,-0.1353925831027533,-2.3574926087273377e-05,0.9537125740765644,1.8332729008984046e-05,5.423292850901322e-05,-0.3007196747320537,1.2,-1.2,0,0.7,0.35,0,0,-0.8712408896710682,0.0059661273094642146,0.3031600265357934
23.640499999990254,-0.16466806660772787,-0.13602404626125403,-2.3551241444436613e-05,0.9534855189812925,1.8376271197450484e-05,5.42271815578244e-05,-0.3014388193559371,1.2,-1.2,0,0.7,0.35,0,0,-0.8711854475106696,0.0060257591156614556,0.3030600274001651
23.660499999990208,-0.16377689855280464,-0.13665687287250589,-2.352692513105001e-05,0.9532579121170056,1.8418942622775163e-05,5.4221874043814445e-05,-0.30215782251508616,1.2,-1.2,0,0.7,0.35,0,0,-0.8711306618478533,0.006085750659584451,0.30295775911512973
23.68049999999016,-0.162886663950264,-0.13729105995049468,-2.350515056030228e-05,0.9530297533806239,1.8462966351654178e-05,5.421501172956473e-05,-0.30287668429761716,1.2,-1.2,0,0.7,0.35,0,0,-0.8710781148857303,0.006145967532350279,0.30284769209676626
23.700499999990114,-0.16199736870896045,-0.1379266050924143,-2.348411464109051e-05,0.9528010436423019,1.8507566741007877e-05,5.420767209846585e-05,-0.3035954017325316,1.2,-1.2,0,0.7,0.35,0,0,-0.8710239806476378,0.006206202896715478,0.302746667068844
23.720499999990068,-0.16110900750835225,-0.13856351408338133,-2.3458564139333136e-05,0.952571782236751,1.8548884046862143e-05,5.420318762699899e-05,-0.3043139766823915,1.2,-1.2,0,0.7,0.35,0,0,-0.8709707549747999,0.006267039286111328,0.3026413876724554
23.74049999999002,-0.16022158940320994,-0.13920177783516471,-2.3436076106763372e-05,0.9523419698950493,1.859267785709601e-05,5.4196812835516384e-05,-0.3050324066282742,1.2,-1.2,0,0.7,0.35,0,0,-0.8709169509452158,0.006328214749478837,0.3025387425172276
23.760499999989975,-0.1593351082672481,-0.13984140282444263,-2.3411684509243558e-05,0.9521116058008834,1.863432071668816e-05,5.419170984916938e-05,-0.3057506938917455,1.2,-1.2,0,0.7,0.35,0,0,-0.8708652180461542,0.00639009808650136,0.3024264125934128
23.780499999989928,-0.15844957250004382,-0.14048238069140281,-2.3391557723785327e-05,0.9518806906367251,1.867875179233972e-05,5.4183889241278736e-05,-0.3064688361125164,1.2,-1.2,0,0.7,0.35,0,0,-0.8708140653312154,0.006452012061529653,0.30231436227393316
23.80049999998988,-0.1575649837753277,-0.14112471275934108,-2.3372040512948904e-05,0.9516492247473893,1.872410037712561e-05,5.417566121160319e-05,-0.30718683199658353,1.2,-1.2,0,0.7,0.35,0,0,-0.8707614636312817,0.0065140577182141645,0.302210365528365
23.820499999989835,-0.15668133465739173,-0.14176840504052193,-2.334677752916414e-05,0.9514172069114288,1.876460491391149e-05,5.417112913633279e-05,-0.3079046850995171,1.2,-1.2,0,0.7,0.35,0,0,-0.8707116590120199,0.006576909870694795,0.3020931849191609
23.840499999989788,-0.1557986362472008,-0.14241344762235456,-2.3322410033698094e-05,0.9511846383526898,1.8805907930357718e-05,5.416607782903329e-05,-0.30862239140126396,1.2,-1.2,0,0.7,0.35,0,0,-0.8706617748155487,0.006640219256248148,0.30197588899384287
23.86049999998974,-0.15491689097100064,-0.1430598396755939,-2.3303099245119752e-05,0.9509515193675454,1.8850985360529866e-05,5.415780386792065e-05,-0.30933994977068446,1.2,-1.2,0,0.7,0.35,0,0,-0.8706115992120439,0.006703623147313693,0.3018625640324907
23.880499999989695,-0.15403609950544753,-0.1437075815600393,-2.3281862483035315e-05,0.9507178498887432,1.8894703016692555e-05,5.415067888097654e-05,-0.31005736019907665,1.2,-1.2,0,0.7,0.35,0,0,-0.8705602095971842,0.006767290598898989,0.3017552394137637
23.90049999998965,-0.1531562570306927,-0.14435667566423074,-2.325987608913124e-05,0.950483628932822,1.893702798151749e-05,5.414426488453511e-05,-0.31077462547717855,1.2,-1.2,0,0.7,0.35,0,0,-0.8705129846667159,0.006831980386613268,0.30162768455332234
23.9204999999896,-0.15227737492975643,-0.14500711474567052,-2.32402966458024e-05,0.9502488581125764,1.898122472926373e-05,5.413617211169563e-05,-0.3114917404438399,1.2,-1.2,0,0.7,0.35,0,0,-0.870463627654408,0.006896441267348225,0.30151329332723387
23.940499999989555,-0.15139944291262813,-0.14565890710143065,-2.3217221203486116e-05,0.9500135357294368,1.9021917384759483e-05,5.4130500121185335e-05,-0.31220871006253054,1.2,-1.2,0,0.7,0.35,0,0,-0.8704183466276799,0.006961868073062089,0.3013800331771633
23.96049999998951,-0.15052247902384797,-0.1463120405346684,-2.3198119266774805e-05,0.9497776643568462,1.906668446273796e-05,5.4122033005955344e-05,-0.3129255262776125,1.2,-1.2,0,0.7,0.35,0,0,-0.8703672016547381,0.007026702783300064,0.30127732133637347
23.980499999989462,-0.14964647071164897,-0.1469665215988393,-2.317645788304559e-05,0.9495412415183899,1.9108797849726987e-05,5.411543469633987e-05,-0.3136421963991579,1.2,-1.2,0,0.7,0.35,0,0,-0.8703214385208001,0.007092875741483796,0.3011474261027881
24.000499999989415,-0.14877143062334627,-0.14762234247956776,-2.3156637655498102e-05,0.9493042692501883,1.91526168358473e-05,5.410755745334791e-05,-0.31435871403369253,1.2,-1.2,0,0.7,0.35,0,0,-0.870272832281468,0.007158990444581146,0.30103204837239445
24.02049999998937,-0.1478973556418074,-0.14827950659867145,-2.3136373982499876e-05,0.9490667470237817,1.919587418793558e-05,5.410003367420581e-05,-0.31507508057350925,1.2,-1.2,0,0.7,0.35,0,0,-0.8702259110585737,0.00722596372976149,0.30090799001882657
24.040499999989322,-0.14702424628880323,-0.14893801244039725,-2.3114571082148384e-05,0.9488286745462546,1.9237455599893857e-05,5.40935640348063e-05,-0.3157912966859676,1.2,-1.2,0,0.7,0.35,0,0,-0.8701801655669452,0.007293594272585332,0.30077807767665016
24.060499999989275,-0.14615210144787127,-0.14959785917813612,-2.3094444618106336e-05,0.9485900512872149,1.9279501562700186e-05,5.408627339727487e-05,-0.3165073637403975,1.2,-1.2,0,0.7,0.35,0,0,-0.8701398684619291,0.007362149176988287,0.300624094276268
24.08049999998923,-0.14528094229239746,-0.1502590367163506,-2.307790794523875e-05,0.9483508809594539,1.9325822133700777e-05,5.407608913680525e-05,-0.3172232704038547,1.2,-1.2,0,0.7,0.35,0,0,-0.8700895100293286,0.007429191052356102,0.3005230593974276
24.100499999989182,-0.14441074787297167,-0.15092155691636694,-2.3057309114816825e-05,0.9481111595564454,1.9367520020573013e-05,5.406900367916474e-05,-0.317939028472403,1.2,-1.2,0,0.7,0.35,0,0,-0.8700453368704352,0.0074981249879784865,0.30038864936604837
24.120499999989136,-0.14354152558301297,-0.15158541591360755,-2.303616109951186e-05,0.94787088827635,1.940854254898509e-05,5.406228397634754e-05,-0.31865463413982004,1.2,-1.2,0,0.7,0.35,0,0,-0.8700026951838158,0.007567705279038825,0.30024788592138807
24.14049999998909,-0.14267328609179,-0.15225060615192115,-2.3019279754609233e-05,0.9476300685589524,1.9453450918837254e-05,5.4052685441068796e-05,-0.3193700829176502,1.2,-1.2,0,0.7,0.35,0,0,-0.8699568453417832,0.007637227396125403,0.3001236900547493
24.160499999989042,-0.14180601957894304,-0.15291713564619272,-2.299969276035389e-05,0.9473886985300891,1.9495731200300715e-05,5.404492075573085e-05,-0.3200853801668041,1.2,-1.2,0,0.7,0.35,0,0,-0.8699131789194697,0.007707808527805456,0.2999881643669098
24.180499999988996,-0.1409397315809538,-0.1535849964537384,-2.2979352795501788e-05,0.9471467785307074,1.953790425271684e-05,5.403763316622676e-05,-0.3208005246521701,1.2,-1.2,0,0.7,0.35,0,0,-0.8698720309300623,0.007778890550381625,0.29984239807059565
24.20049999998895,-0.1400744313037525,-0.154254183534629,-2.2960510208720183e-05,0.9469043101685951,1.9581000873814904e-05,5.402939913009594e-05,-0.32151551141670487,1.2,-1.2,0,0.7,0.35,0,0,-0.8698291808102462,0.007850034600862935,0.29970567694596706
24.220499999988903,-0.13921011892241617,-0.154924698095194,-2.294360075358832e-05,0.9466612935923071,1.9625287510189175e-05,5.4020007748793206e-05,-0.32223033983600474,1.2,-1.2,0,0.7,0.35,0,0,-0.8697870284076362,0.007921744744788633,0.2995662544763676
24.240499999988856,-0.13834678923989913,-0.1555965457391457,-2.2923898656122695e-05,0.9464177277746796,1.9666624502599134e-05,5.401248295605597e-05,-0.32294501273388376,1.2,-1.2,0,0.7,0.35,0,0,-0.869746057876833,0.007994244164070517,0.29942135273880244
24.26049999998881,-0.13748444587759204,-0.15626972246546061,-2.2903768026123572e-05,0.9461736127867244,1.970693437562197e-05,5.400537435359598e-05,-0.3236595296931225,1.2,-1.2,0,0.7,0.35,0,0,-0.8697065569328484,0.008067666316252718,0.2992686875175023
24.280499999988763,-0.13662310018389212,-0.1569442189660222,-2.2889595483109407e-05,0.9459289503264598,1.97531155913963e-05,5.3994340282494326e-05,-0.32437388555293306,1.2,-1.2,0,0.7,0.35,0,0,-0.8696630237451652,0.008140731962518908,0.2991374118773692
24.300499999988716,-0.13576274027637347,-0.15762004560106901,-2.2871530861320057e-05,0.9456837383178218,1.979562376950544e-05,5.398598565016484e-05,-0.3250880861780024,1.2,-1.2,0,0.7,0.35,0,0,-0.8696244877197532,0.008215119266920274,0.2989823802695849
24.32049999998867,-0.1349033726503237,-0.15829719723244975,-2.2852637852431146e-05,0.9454379774987405,1.983705754475925e-05,5.397821721542264e-05,-0.32580212920718543,1.2,-1.2,0,0.7,0.35,0,0,-0.8695860845687106,0.008290069600627135,0.298826986312259
24.340499999988623,-0.13404500313216397,-0.15897566918099143,-2.2836513822192967e-05,0.945191668378531,1.988039596542609e-05,5.39682970788701e-05,-0.32651601296108307,1.2,-1.2,0,0.7,0.35,0,0,-0.8695481757027756,0.00836553772532468,0.2986704972260701
24.360499999988576,-0.13318763040860968,-0.15965546353910684,-2.281890092843025e-05,0.9449448110525418,1.992220884280763e-05,5.395980518125906e-05,-0.3272297369682674,1.2,-1.2,0,0.7,0.35,0,0,-0.8695094835172937,0.00844130851061723,0.29851853228530867
24.38049999998853,-0.13233125671969478,-0.16033657945115398,-2.280246027267165e-05,0.9446974055968842,1.9964869237123073e-05,5.395067211434408e-05,-0.32794330081470513,1.2,-1.2,0,0.7,0.35,0,0,-0.8694707661799939,0.008517831023191202,0.29836628983024094
24.400499999988483,-0.13147588626539683,-0.16101901292391116,-2.2788937118502548e-05,0.9444494522247382,2.001008099789949e-05,5.3939455417916316e-05,-0.3286567036932677,1.2,-1.2,0,0.7,0.35,0,0,-0.8694307767726747,0.008594752282559648,0.298220613270011
24.420499999988436,-0.13062151558093385,-0.16170276710006265,-2.2772291452730404e-05,0.9442009499978046,2.005259154917123e-05,5.392996445736834e-05,-0.3293699481019729,1.2,-1.2,0,0.7,0.35,0,0,-0.8693941721465752,0.008672859336087982,0.2980586156311188
24.44049999998839,-0.12976814828493843,-0.16238783877058435,-2.27535890540021e-05,0.9439518989977926,2.009361253762307e-05,5.392130113596874e-05,-0.3300830335948847,1.2,-1.2,0,0.7,0.35,0,0,-0.8693589985457771,0.008751796589343877,0.29789021657152426
24.460499999988343,-0.1289157872908505,-0.1630742262764115,-2.2734502484474022e-05,0.9437022998397617,2.0134061184036293e-05,5.3913128728126124e-05,-0.3307959582055666,1.2,-1.2,0,0.7,0.35,0,0,-0.869324377696512,0.008831494082866572,0.29771902116837434
24.480499999988297,-0.1280644377218261,-0.16376192560404404,-2.271858205318457e-05,0.9434521532040295,2.0177176044086688e-05,5.390301799400386e-05,-0.3315087197978762,1.2,-1.2,0,0.7,0.35,0,0,-0.8692881783857555,0.008911425611393537,0.29755654869061826
24.50049999998825,-0.1272141000921669,-0.16445093622068627,-2.2703709360497147e-05,0.943201458961697,2.0220939587023172e-05,5.389236263830423e-05,-0.3322213185502279,1.2,-1.2,0,0.7,0.35,0,0,-0.8692519070967819,0.008991909984142185,0.29739489259717367
24.520499999988203,-0.12636477546467811,-0.1651412587306043,-2.2690103375089025e-05,0.9429502172609703,2.0265463772250316e-05,5.388099695765127e-05,-0.3329337538514801,1.2,-1.2,0,0.7,0.35,0,0,-0.8692166079613419,0.009073256846845212,0.2972287662308435
24.540499999988157,-0.1255164520185623,-0.16583290051732671,-2.2668768149208484e-05,0.9426984255264903,2.0302450752234572e-05,5.3875081798022235e-05,-0.3336460327879861,1.2,-1.2,0,0.7,0.35,0,0,-0.8691893495495419,0.009156519694150433,0.2970249668578175
24.56049999998811,-0.12466915865817862,-0.16652584064667406,-2.2657833958593287e-05,0.9424460886426184,2.034928559779986e-05,5.3861883186255e-05,-0.3343581413500112,1.2,-1.2,0,0.7,0.35,0,0,-0.8691535966440256,0.009238563380063944,0.2968648631288328
24.580499999988064,-0.12382288130253301,-0.16722008956487605,-2.2641187959762984e-05,0.9421932039710218,2.0390692382871007e-05,5.385261633788478e-05,-0.33507008681011263,1.2,-1.2,0,0.7,0.35,0,0,-0.8691204177491839,0.009321878798881834,0.29669058847228347
24.600499999988017,-0.12297762473760955,-0.16791564606724002,-2.2626212202945906e-05,0.9419397724536593,2.0433175875100398e-05,5.384234752585221e-05,-0.33578186632609686,1.2,-1.2,0,0.7,0.35,0,0,-0.8690868786327534,0.009406233835052753,0.2965166251593899
24.62049999998797,-0.12213338875186529,-0.1686125075180599,-2.261110831251348e-05,0.9416857934300608,2.0475223232863143e-05,5.3832259065920885e-05,-0.3364934815636859,1.2,-1.2,0,0.7,0.35,0,0,-0.8690559577125048,0.009491728079528134,0.29633038766506503
24.640499999987924,-0.12129017950524838,-0.16931067368944888,-2.2598981213642536e-05,0.941431268023733,2.0520159761303843e-05,5.3820042840484134e-05,-0.3372049291892883,1.2,-1.2,0,0.7,0.35,0,0,-0.869022286318464,0.009578885711374522,0.29615479161098174
24.660499999987877,-0.12044799695661039,-0.17001014305674775,-2.2582948862481935e-05,0.9411761955981756,2.056153063641186e-05,5.3810467173872925e-05,-0.337916210799365,1.2,-1.2,0,0.7,0.35,0,0,-0.8689926443143192,0.009668343027228065,0.2959602964483178
24.68049999998783,-0.11960684093065758,-0.1707109137125774,-2.2568943141063428e-05,0.940920576503197,2.0604068732484457e-05,5.379966752846647e-05,-0.33862732523226713,1.2,-1.2,0,0.7,0.35,0,0,-0.8689627325345488,0.009757685718742904,0.2957692776116721
24.700499999987784,-0.11876670958209916,-0.17141298472744895,-2.2555034702520324e-05,0.9406644095836031,2.064619383533041e-05,5.378895081783147e-05,-0.33933827550574874,1.2,-1.2,0,0.7,0.35,0,0,-0.8689334224493857,0.009847268191797327,0.2955753514004317
24.720499999987737,-0.11792760452608596,-0.1721163591780228,-2.2541161361182072e-05,0.9404076948531028,2.068833301096882e-05,5.3778208174438515e-05,-0.340049061373461,1.2,-1.2,0,0.7,0.35,0,0,-0.8689048548287668,0.009937985524923214,0.29537781707067734
24.74049999998769,-0.11708952963687115,-0.17282103140615893,-2.2525013330866784e-05,0.9401504323715417,2.0728593860426365e-05,5.376893384506234e-05,-0.34075968246086646,1.2,-1.2,0,0.7,0.35,0,0,-0.8688780738178372,0.010030429543193357,0.2951702541693285
24.760499999987644,-0.11625249519633966,-0.17352699391647514,-2.251420515674308e-05,0.9398926243154639,2.077330983797472e-05,5.37560617626657e-05,-0.3414701325682035,1.2,-1.2,0,0.7,0.35,0,0,-0.8688488369362805,0.010125065973102218,0.29497020649800093
24.780499999987597,-0.11541649114369901,-0.17423425590084102,-2.249713245872237e-05,0.9396342683093187,2.0812534386607413e-05,5.3747408266258764e-05,-0.3421804180499894,1.2,-1.2,0,0.7,0.35,0,0,-0.8688219471667724,0.010220634395173749,0.2947590100349741
24.80049999998755,-0.11458153129167398,-0.17494280674249776,-2.248833017980841e-05,0.9393753672882557,2.0858480239917063e-05,5.3733274818953065e-05,-0.3428905306504003,1.2,-1.2,0,0.7,0.35,0,0,-0.8687915675363754,0.010317017687307464,0.2945633438005112
24.820499999987504,-0.1137475993320218,-0.17565266028384827,-2.2472701856854977e-05,0.9391159174564155,2.0898247659658046e-05,5.3723830219852197e-05,-0.34360048058320247,1.2,-1.2,0,0.7,0.35,0,0,-0.8687670776335148,0.010413695870078723,0.29434665457930514
24.840499999987458,-0.11291470637247558,-0.17636380792510437,-2.2460096709038664e-05,0.9388559203913084,2.0940579103458285e-05,5.371236828217375e-05,-0.3443102633129947,1.2,-1.2,0,0.7,0.35,0,0,-0.8687444875985747,0.010511607602715103,0.29412248117966233
24.86049999998741,-0.11208286876470426,-0.17707623551055357,-2.244943214996372e-05,0.9385953783498902,2.0985683574138252e-05,5.369912945075666e-05,-0.3450198724946598,1.2,-1.2,0,0.7,0.35,0,0,-0.8687125439135758,0.010613197084785414,0.2939219259939001
24.880499999987364,-0.11125207562190269,-0.17778994737677384,-2.24365218903082e-05,0.9383342905775512,2.1027227909146915e-05,5.368788130536312e-05,-0.3457293100126038,1.2,-1.2,0,0.7,0.35,0,0,-0.868682629424156,0.010717561962466213,0.29370578764049776
24.900499999987318,-0.11042231845890732,-0.17850496039306601,-2.2424391381607042e-05,0.9380726550757154,2.1068751734263056e-05,5.367640076116926e-05,-0.34643858109937836,1.2,-1.2,0,0.7,0.35,0,0,-0.8686588384378539,0.010820449296307483,0.2934794877943946
24.92049999998727,-0.10959360125193227,-0.17922126874426775,-2.240915973688671e-05,0.937810471207471,2.11080522370002e-05,5.366686046775851e-05,-0.34714768725707934,1.2,-1.2,0,0.7,0.35,0,0,-0.8686391506035683,0.010924844112647155,0.2932363250305115
24.940499999987225,-0.10876593452786103,-0.17993886402965512,-2.2399147660379204e-05,0.9375477408421393,2.1152254412195582e-05,5.365357839236578e-05,-0.34785662321663013,1.2,-1.2,0,0.7,0.35,0,0,-0.8686169410655455,0.011030069467089516,0.2930051578012455
24.960499999987178,-0.10793932965888632,-0.18065773007822783,-2.2389103403422796e-05,0.9372844651827144,2.11968331802165e-05,5.364009546609024e-05,-0.34856538554565,1.2,-1.2,0,0.7,0.35,0,0,-0.8685884561548611,0.011140227720820527,0.29277542524579186
24.98049999998713,-0.10711376742655694,-0.18137788854276835,-2.237489278411803e-05,0.9370206417142546,2.123666828995666e-05,5.362984441038172e-05,-0.3492739808148476,1.2,-1.2,0,0.7,0.35,0,0,-0.8685672884476783,0.011250277802985159,0.2925268762113381
25.000499999987085,-0.10628927119454637,-0.18209931625807624,-2.236431334056197e-05,0.9367562741900461,2.1279479073580723e-05,5.361709448233097e-05,-0.34998239875452836,1.2,-1.2,0,0.7,0.35,0,0,-0.8685406459472972,0.011363887047637732,0.29228275172613255
25.020499999987038,-0.10546582530825495,-0.18282197743457634,-2.2351919604837687e-05,0.9364913557602988,2.13198376194233e-05,5.3605920728157934e-05,-0.35069065750046285,1.2,-1.2,0,0.7,0.35,0,0,-0.8685290686273465,0.011466384096764108,0.29203058540545546
25.04049999998699,-0.1046435229953408,-0.18354554378004967,-2.234248689954779e-05,0.936225891466771,2.13567970636292e-05,5.3594234815241594e-05,-0.3513987433369616,1.2,-1.2,0,0.7,0.35,0,0,-0.8685732044093767,0.011504088681580024,0.2917590461381373
25.060499999986945,-0.10382241902535218,-0.18427018125805503,-2.2337417726257698e-05,0.935959917436494,2.138994016355294e-05,5.358161997226548e-05,-0.35210656004078256,1.2,-1.2,0,0.7,0.35,0,0,-0.8686409703163809,0.011509831169316092,0.2914751830711487
25.0804999999869,-0.10300250373213084,-0.18499596991380157,-2.2338911920355505e-05,0.9356934373731455,2.1426522478242272e-05,5.356535773357345e-05,-0.35281409825641086,1.2,-1.2,0,0.7,0.35,0,0,-0.8687135445899589,0.011508125530624806,0.2911963915049229
25.10049999998685,-0.1021838216579605,-0.1857228491628407,-2.234200949007517e-05,0.9354264535455652,2.1468585250727806e-05,5.354686754842909e-05,-0.3535213525078753,1.2,-1.2,0,0.7,0.35,0,0,-0.8687730669948184,0.011494234356391707,0.29092466722517835
25.120499999986805,-0.1013662880746621,-0.18645094847430022,-2.2343435348272978e-05,0.9351589611403348,2.1505028778042698e-05,5.353151004938142e-05,-0.3542283360642409,1.2,-1.2,0,0.7,0.35,0,0,-0.8688461200960179,0.011486075121588911,0.29064030942602703
25.14049999998676,-0.10055005261854767,-0.18718004723434306,-2.2346239731887213e-05,0.9348909712105135,2.1549858298019066e-05,5.351214515033343e-05,-0.354935020279932,1.2,-1.2,0,0.7,0.35,0,0,-0.8688848077544344,0.011453563726657023,0.29038058024869107
25.160499999986712,-0.09973496901630223,-0.18791036662907465,-2.2346862871822102e-05,0.9346224741464652,2.1586293478052627e-05,5.3496099896652484e-05,-0.3556414310686235,1.2,-1.2,0,0.7,0.35,0,0,-0.8689413531647672,0.011430071621442403,0.2900990745570183
25.180499999986665,-0.09892093890182112,-0.18864200659572225,-2.2345282793151225e-05,0.9343534453101884,2.1618340430682798e-05,5.348320519570387e-05,-0.3563476335114002,1.2,-1.2,0,0.7,0.35,0,0,-0.8690257140703421,0.011421385157132988,0.2897866447853162
25.20049999998662,-0.09810805980531265,-0.1893748073047347,-2.2344376520688554e-05,0.9340838857919775,2.1660984958194506e-05,5.3467023666184994e-05,-0.35705362479022734,1.2,-1.2,0,0.7,0.35,0,0,-0.8690942296335303,0.01140243210248182,0.28948166961218347
25.220499999986572,-0.09729623713360434,-0.19010891872041727,-2.233977139431664e-05,0.9338137890776431,2.169917965258724e-05,5.3453453567868124e-05,-0.35775942195884824,1.2,-1.2,0,0.7,0.35,0,0,-0.8691819435409307,0.011395349825774236,0.28916214716650573
25.240499999986525,-0.09648546291049526,-0.1908443233579759,-2.233525184930961e-05,0.9335431438290267,2.1740129010076502e-05,5.343919805898651e-05,-0.35846505447733196,1.2,-1.2,0,0.7,0.35,0,0,-0.8692706309002507,0.0113937044643883,0.28883965402865097
25.26049999998648,-0.0956757463110643,-0.19158100798583366,-2.2328094369853634e-05,0.9332719483555346,2.1781400508007158e-05,5.3425137106879795e-05,-0.3591705264689604,1.2,-1.2,0,0.7,0.35,0,0,-0.8693655017342332,0.011393776904555272,0.28850513587002763
25.280499999986432,-0.09486709235544066,-0.1923189672261645,-2.2321569151822407e-05,0.9330002034241307,2.182535289869799e-05,5.340962619888803e-05,-0.3598758356455702,1.2,-1.2,0,0.7,0.35,0,0,-0.869461616527622,0.011395684840897065,0.28815908727318296
25.300499999986386,-0.09405949980759686,-0.19305820447017522,-2.2311475383216855e-05,0.9327279086379728,2.1867443238534352e-05,5.3396274988795706e-05,-0.36058098274657674,1.2,-1.2,0,0.7,0.35,0,0,-0.869560703880702,0.011397397934163514,0.28780795185512414
25.32049999998634,-0.09325297262265582,-0.1937987153747104,-2.2300520444244768e-05,0.9324550646390283,2.190908685298768e-05,5.338347397855324e-05,-0.3612859658210115,1.2,-1.2,0,0.7,0.35,0,0,-0.8696644971718529,0.011400984107163033,0.2874369927115828
25.340499999986292,-0.09244751592204735,-0.1945404944376936,-2.2293100810989054e-05,0.932181672285136,2.195423263308976e-05,5.3368119095815195e-05,-0.36199078237648885,1.2,-1.2,0,0.7,0.35,0,0,-0.8697691075165764,0.011403977003842446,0.28707377556557256
25.360499999986246,-0.09164322593333947,-0.1952834108042427,-2.2286024551653834e-05,0.9319077448309434,2.200339255409817e-05,5.3351001915196325e-05,-0.36269539808719325,1.2,-1.2,0,0.7,0.35,0,0,-0.8698551661944801,0.01139117337714216,0.2867168968852661
25.3804999999862,-0.0908399985671257,-0.19602764048632945,-2.2277626930247452e-05,0.9316332794982145,2.2043339511487177e-05,5.33375360397494e-05,-0.3633998200338041,1.2,-1.2,0,0.7,0.35,0,0,-0.8699626787962642,0.011388536003842514,0.2863394447233394
25.400499999986152,-0.09003782654321513,-0.19677316004445292,-2.227033264677029e-05,0.9313582629739658,2.2084846911270738e-05,5.3323495596636054e-05,-0.3641040821784099,1.2,-1.2,0,0.7,0.35,0,0,-0.8700778117918703,0.011394947198909868,0.28593552488848895
25.420499999986106,-0.08923684218613016,-0.19751979644120887,-2.226438391926778e-05,0.9310827162423401,2.2131792774365183e-05,5.330658238776168e-05,-0.3648081306431909,1.2,-1.2,0,0.7,0.35,0,0,-0.870171581566883,0.011381552536437006,0.2855453014123784
25.44049999998606,-0.08843688100817411,-0.19826779297142463,-2.2257087419065734e-05,0.9308066214836482,2.2171215446900868e-05,5.329303571700506e-05,-0.36551201084298884,1.2,-1.2,0,0.7,0.35,0,0,-0.8702956005441579,0.011384480337000463,0.2851257884172638
25.460499999986013,-0.08763802903620249,-0.19901699632951292,-2.2253184928036282e-05,0.9305299781681915,2.2219347906505937e-05,5.327524820473609e-05,-0.36621572385460505,1.2,-1.2,0,0.7,0.35,0,0,-0.8704191796970565,0.011378084151815916,0.2846968192481774
25.480499999985966,-0.08684028366700344,-0.19976745190627843,-2.2242289703535102e-05,0.9302527987179315,2.225782926467606e-05,5.326317060726711e-05,-0.3669192379053996,1.2,-1.2,0,0.7,0.35,0,0,-0.8705581056799468,0.011370887165221671,0.28423586826921576
25.50049999998592,-0.08604357156879285,-0.20051923645925543,-2.2235399548118013e-05,0.9299750645709189,2.229854245404722e-05,5.3249098885605085e-05,-0.3676225998814875,1.2,-1.2,0,0.7,0.35,0,0,-0.8707173063576065,0.011379138752543509,0.2837515645949451
25.520499999985873,-0.08524802391814706,-0.20127215324358488,-2.2238347082033493e-05,0.9296967891819691,2.235531759996366e-05,5.322518829641237e-05,-0.3683257754380715,1.2,-1.2,0,0.7,0.35,0,0,-0.8708569107458374,0.01136991067463553,0.28329851309180265
25.540499999985826,-0.08445352816673653,-0.20202640718456824,-2.2226928684933784e-05,0.929417970099823,2.2392274605535964e-05,5.3213826010368496e-05,-0.3690287705889604,1.2,-1.2,0,0.7,0.35,0,0,-0.8710412419645653,0.011365661471300314,0.2827680043986253
25.56049999998578,-0.08366006542313321,-0.20278198418339824,-2.22187688724042e-05,0.9291385914899956,2.243254954892338e-05,5.320045822453609e-05,-0.369731624926079,1.2,-1.2,0,0.7,0.35,0,0,-0.8712604836624698,0.011362671618870036,0.28219137451456827
25.580499999985733,-0.08286764821648533,-0.2035388650103854,-2.2208345566722666e-05,0.9288586515885245,2.247413256959166e-05,5.318752555171092e-05,-0.3704343424078664,1.2,-1.2,0,0.7,0.35,0,0,-0.8715005994480048,0.011360262525319409,0.28156151235235205
25.600499999985686,-0.08207636410354513,-0.20429692013590725,-2.220633485588878e-05,0.9285781616461283,2.2529817433556923e-05,5.316589472021177e-05,-0.37113689439301495,1.2,-1.2,0,0.7,0.35,0,0,-0.8717398923726192,0.01134250533123561,0.28093629455317215
25.62049999998564,-0.08128618291551515,-0.20505624576783085,-2.2196700078608856e-05,0.9282971341332016,2.2572183975178906e-05,5.3151506381814986e-05,-0.37183924944187735,1.2,-1.2,0,0.7,0.35,0,0,-0.8720053916285112,0.011326011495768722,0.2802515501895313
25.640499999985593,-0.08049702107095566,-0.20581693338260226,-2.2187657416081185e-05,0.9280155459283121,2.261259136581025e-05,5.313820305241168e-05,-0.3725414650483604,1.2,-1.2,0,0.7,0.35,0,0,-0.8723121631792718,0.01131601615138909,0.2794900099411491
25.660499999985547,-0.0797088921123111,-0.20657897084717006,-2.2178337854543028e-05,0.927733393225735,2.265617032126279e-05,5.312405391229739e-05,-0.3732435501899474,1.2,-1.2,0,0.7,0.35,0,0,-0.8726534894484483,0.011315575152640048,0.2786351237965028
25.6804999999855,-0.07892183453534289,-0.20734231766739297,-2.21691425751659e-05,0.9274506783055434,2.2706696217495174e-05,5.310737414157628e-05,-0.37394549866872195,1.2,-1.2,0,0.7,0.35,0,0,-0.8730176659079535,0.011312916209870611,0.2776981777957093
25.700499999985453,-0.07813589143953265,-0.20810690316376454,-2.2155861728716494e-05,0.927167416734693,2.2752197205617472e-05,5.309343083988474e-05,-0.3746472714553528,1.2,-1.2,0,0.7,0.35,0,0,-0.8734010444549578,0.011304229115293048,0.2766550733639626
25.720499999985407,-0.07735103329255692,-0.2088727650311994,-2.2144337868597713e-05,0.9268835986574473,2.2799434755473192e-05,5.3078485432419944e-05,-0.3753488926354791,1.2,-1.2,0,0.7,0.35,0,0,-0.8738286291481872,0.011303270679765895,0.2754398906776475
25.74049999998536,-0.07656717170965795,-0.2096401035189048,-2.2090341094491885e-05,0.926599218170782,2.2800091241898574e-05,5.309799147302361e-05,-0.37605037634079685,1.2,-1.2,0,0.7,0.35,0,0,-0.8744116861827185,0.01134646907858175,0.27375297285103445
25.760499999985313,-0.07578420573311222,-0.2104089110536414,-2.1947808590424386e-05,0.9263142251348407,2.2718255395888508e-05,5.318524671382309e-05,-0.3767518453412676,1.2,-1.2,0,0.7,0.35,0,0,-0.875303179207081,0.011467648910365337,0.2709119632183881
25.780499999985267,-0.07500215559616082,-0.2111789763915217,-2.1630120773250373e-05,0.92602859485145,2.24581392582971e-05,5.341148692998305e-05,-0.37745335892040366,1.2,-1.2,0,0.7,0.35,0,0,-0.876926435653095,0.011561959197002522,0.26513285072156273
25.80049999998522,-0.07422113933217767,-0.21195082536100404,-2.181090757741429e-05,0.9257424842108082,2.2610696400518593e-05,5.3284723343093194e-05,-0.3781545313449212,1.2,-1.2,0,0.7,0.35,0,0,-0.878863751311151,0.011635548356888336,0.2580085746199593
25.820499999985174,-0.07343826104764531,-0.21272951859222158,-2.25128352905353e-05,0.9254554169420454,2.328581457121579e-05,5.2757074647791214e-05,-0.37885652683712295,1.2,-1.2,0,0.7,0.35,0,0,-0.8794993637092184,0.012277798621470899,0.25753190767995976
25.840499999985127,-0.07265531035593514,-0.2135091942943596,-2.233022578834367e-05,0.925167037919359,2.336471002328385e-05,5.280248247095437e-05,-0.37956020420153175,1.2,-1.2,0,0.7,0.35,0,0,-0.8798661054734103,0.012992631475770849,0.2582703487711438
25.86049999998508,-0.07187372287443716,-0.21428899760239198,-2.201482450140426e-05,0.9248779549263524,2.3283127533822536e-05,5.295418540507149e-05,-0.38026407290854974,1.2,-1.2,0,0.7,0.35,0,0,-0.8799737770529069,0.013279382414396478,0.25871042808220746
25.880499999985034,-0.07109452808732732,-0.21506793001862015,-2.1826205196163278e-05,0.924588532521627,2.3255594339383274e-05,5.3028614759216604e-05,-0.3809672455430355,1.2,-1.2,0,0.7,0.35,0,0,-0.8799196913037297,0.013329832604918442,0.2589716714392771
25.900499999984987,-0.07031756026638422,-0.21584678944956692,-2.1762122815197386e-05,0.9242989001221957,2.3254894536363353e-05,5.304617248656428e-05,-0.381669411766534,1.2,-1.2,0,0.7,0.35,0,0,-0.8798797688880525,0.013326907976934255,0.2590977289592319
25.92049999998494,-0.06954234177788005,-0.21662623856346816,-2.1738600147132536e-05,0.9240089535769519,2.3246317562341733e-05,5.3059059661198075e-05,-0.3823708283250316,1.2,-1.2,0,0.7,0.35,0,0,-0.8799125224966573,0.013319454805495845,0.25896523874770533
25.940499999984894,-0.06876896073426617,-0.21740619814444967,-2.178633593854293e-05,0.9237187075786698,2.3269424934821685e-05,5.302600777227043e-05,-0.3830714631970998,1.2,-1.2,0,0.7,0.35,0,0,-0.8799653940954953,0.0133080621647789,0.25877809055690065
25.960499999984847,-0.06799733415794221,-0.21818676011341043,-2.1855249804875797e-05,0.92342813970718,2.3300332565514075e-05,5.297984853956326e-05,-0.3837713739287604,1.2,-1.2,0,0.7,0.35,0,0,-0.8800227015079113,0.013295294063846863,0.2585837123774653
25.9804999999848,-0.0672273515268412,-0.21896803111782026,-2.1918279233107562e-05,0.923137214263849,2.3326838968133355e-05,5.293885468845701e-05,-0.38447064945782,1.2,-1.2,0,0.7,0.35,0,0,-0.8800845929560591,0.013282830857962046,0.2583750461474254
26.000499999984754,-0.0664589224131231,-0.2197500967553028,-2.1973448019301607e-05,0.9228458999264556,2.3352268289114326e-05,5.290289215921843e-05,-0.3851693674799259,1.2,-1.2,0,0.7,0.35,0,0,-0.8801440040172165,0.013273008046894118,0.2581666928939964
26.020499999984708,-0.0656919704686146,-0.22053303139989608,-2.2019598469594747e-05,0.9225541690062783,2.3377792159852827e-05,5.287150324305038e-05,-0.38586759634260354,1.2,-1.2,0,0.7,0.35,0,0,-0.8802041481405453,0.01326348654450201,0.25795864352998876
26.04049999998466,-0.06492648111229712,-0.22131682551610835,-2.2057825200884193e-05,0.9222620071081831,2.340629530567235e-05,5.284247622876563e-05,-0.3865653720971439,1.2,-1.2,0,0.7,0.35,0,0,-0.8802520228780474,0.013243845762761317,0.25776061940673894
26.060499999984614,-0.06416235196704587,-0.22210162189922497,-2.208861999784166e-05,0.921969391784622,2.343270545001566e-05,5.2817505664342944e-05,-0.3872627496590815,1.2,-1.2,0,0.7,0.35,0,0,-0.8803132492809206,0.01323149191900609,0.257550256348954
26.080499999984568,-0.06339955111093089,-0.222887435135463,-2.2113239780215706e-05,0.9216763047535508,2.346092995686576e-05,5.279451990404362e-05,-0.38795977358247197,1.2,-1.2,0,0.7,0.35,0,0,-0.8803790816901108,0.013220840007513815,0.2573340892043985
26.10049999998452,-0.06263805118594692,-0.2236742902099311,-2.213361992079205e-05,0.9213827343883954,2.349201561474032e-05,5.277214583965494e-05,-0.38865647226591965,1.2,-1.2,0,0.7,0.35,0,0,-0.8804464717102676,0.013210813317189018,0.2571158847363946
26.120499999984474,-0.06187782733901976,-0.22446221194666888,-2.2149766964616627e-05,0.9210886708985966,2.3524680322557984e-05,5.275083188798815e-05,-0.389352869523516,1.2,-1.2,0,0.7,0.35,0,0,-0.8805171521964766,0.013200601841392698,0.256887766624726
26.140499999984428,-0.06111893561773992,-0.22525109803048518,-2.2164680472665245e-05,0.9207941187975552,2.3563928467589326e-05,5.272751298983922e-05,-0.39004895519971006,1.2,-1.2,0,0.7,0.35,0,0,-0.8805669400717747,0.013172962919597644,0.256662915803272
26.16049999998438,-0.06036129008913791,-0.2260411104245679,-2.2177930266956815e-05,0.9204990718991203,2.3599346686356813e-05,5.270615228101345e-05,-0.3907447444278579,1.2,-1.2,0,0.7,0.35,0,0,-0.8806247541618772,0.013157603063320516,0.2564544332861592
26.180499999984335,-0.059604851316080655,-0.2268322706082375,-2.218426928871624e-05,0.9202035101577937,2.3630558349522412e-05,5.268984283421601e-05,-0.3914402847927812,1.2,-1.2,0,0.7,0.35,0,0,-0.8807001094964079,0.013149427099576705,0.256206409014403
26.200499999984288,-0.0588496304440757,-0.22762455450629393,-2.2193264140843556e-05,0.9199074311477705,2.366791336668619e-05,5.266964966170373e-05,-0.3921355821458299,1.2,-1.2,0,0.7,0.35,0,0,-0.8807709648824168,0.01314172856037844,0.2559828115917625
26.22049999998424,-0.05809561608551049,-0.22841797342902112,-2.2201926424707737e-05,0.9196108303532713,2.370754996618268e-05,5.26486383967909e-05,-0.39283064717895894,1.2,-1.2,0,0.7,0.35,0,0,-0.8808457302796799,0.013135565152171078,0.255744979978374
26.240499999984195,-0.05734280003282924,-0.22921254085263573,-2.2204490536057814e-05,0.9193137048250393,2.3743680154633298e-05,5.263139107744126e-05,-0.39352548683285243,1.2,-1.2,0,0.7,0.35,0,0,-0.880920010718691,0.01313322886220486,0.2554971582406188
26.260499999984148,-0.056591188031423434,-0.23000824326982763,-2.221254122601658e-05,0.9190160547067514,2.378603705935519e-05,5.26094014411143e-05,-0.39422010077837527,1.2,-1.2,0,0.7,0.35,0,0,-0.8809907095174232,0.01313051246824681,0.2552670685995087
26.2804999999841,-0.05584077197998965,-0.23080509336679414,-2.2214049038266646e-05,0.9187178764122282,2.382346847890508e-05,5.259171479961187e-05,-0.3949144973626056,1.2,-1.2,0,0.7,0.35,0,0,-0.8810678043686666,0.013126817960415685,0.2550179245742191
26.300499999984055,-0.055091611593374924,-0.2316029994527369,-2.221881020011309e-05,0.918419182453062,2.3865682732635342e-05,5.257066573929642e-05,-0.39560864749017255,1.2,-1.2,0,0.7,0.35,0,0,-0.8811303578394085,0.013107317784387918,0.2547768454479732
26.32049999998401,-0.05434365644595631,-0.23240204477136486,-2.2221892568683063e-05,0.9181199650368627,2.390458587274771e-05,5.25519146562564e-05,-0.39630256934264013,1.2,-1.2,0,0.7,0.35,0,0,-0.8812018527565953,0.013090716918300953,0.2545097354756815
26.34049999998396,-0.05359691530990207,-0.23320223231907436,-2.2229356890329386e-05,0.9178202299777414,2.394551312199978e-05,5.253029497480756e-05,-0.39699624949209067,1.2,-1.2,0,0.7,0.35,0,0,-0.8812701463718078,0.013079198763329077,0.2542757191692108
26.360499999983915,-0.05285138400019786,-0.23400353683047245,-2.223272065401252e-05,0.917519966370623,2.3985280544007565e-05,5.251124607948077e-05,-0.3976897131917371,1.2,-1.2,0,0.7,0.35,0,0,-0.8813393894918934,0.013062904190791744,0.2540186966130947
26.38049999998387,-0.05210704753032669,-0.23480600910031799,-2.223666186509233e-05,0.9172191789211318,2.4023344228420277e-05,5.249250024504696e-05,-0.39838294954310177,1.2,-1.2,0,0.7,0.35,0,0,-0.88141639384265,0.013054365826524097,0.2537597955616757
26.400499999983822,-0.05136387947104656,-0.23560966895889898,-2.224276345914878e-05,0.916917855622936,2.4063529908866424e-05,5.2472479639400485e-05,-0.3990759861322438,1.2,-1.2,0,0.7,0.35,0,0,-0.8815038445294054,0.01305301245555344,0.25348822767729984
26.420499999983775,-0.05062195705026418,-0.2364143884138271,-2.2245494929775787e-05,0.9166160063241537,2.4104923350162888e-05,5.2452194107899207e-05,-0.39976880020591904,1.2,-1.2,0,0.7,0.35,0,0,-0.881576955305419,0.013036400861195101,0.25321392270920945
26.44049999998373,-0.049881202985730275,-0.2372203191290894,-2.2248785019691888e-05,0.9163136262568761,2.4142707822924358e-05,5.243294846113944e-05,-0.40046140263936963,1.2,-1.2,0,0.7,0.35,0,0,-0.8816633340153187,0.013034056780640272,0.25293945240107807
26.460499999983682,-0.04914162155829334,-0.23802742960023046,-2.225159136413388e-05,0.9160107073546141,2.418118786521772e-05,5.2413851468285474e-05,-0.4011538117477624,1.2,-1.2,0,0.7,0.35,0,0,-0.8817571749560954,0.013036143312161083,0.25265240380652393
26.480499999983635,-0.04840321983365699,-0.23883570788935485,-2.2254341164806757e-05,0.9157072498095167,2.4221375730234883e-05,5.239428980832694e-05,-0.4018460268740449,1.2,-1.2,0,0.7,0.35,0,0,-0.881855239939477,0.013040839423682046,0.25235106880983743
26.50049999998359,-0.04766600155449323,-0.239645150508252,-2.2255976130956233e-05,0.9154032542418029,2.426157521500011e-05,5.2375231866510224e-05,-0.402538046390312,1.2,-1.2,0,0.7,0.35,0,0,-0.8819543171908143,0.013047651740684394,0.2520421422908986
26.520499999983542,-0.046929971832242436,-0.2404557519592809,-2.225857993666911e-05,0.9150987220716734,2.430308077484189e-05,5.2355241652032887e-05,-0.40322986686390083,1.2,-1.2,0,0.7,0.35,0,0,-0.8820540499801793,0.01305454272955172,0.2517393266727421
26.540499999983496,-0.04619513183750907,-0.24126751127339913,-2.226076832236542e-05,0.9147936532833968,2.4344024317698e-05,5.233564417423505e-05,-0.40392148813942125,1.2,-1.2,0,0.7,0.35,0,0,-0.8821570189794382,0.01306323796836036,0.2514256789724402
26.56049999998345,-0.045461484474583404,-0.24208042609685265,-2.2263061323424705e-05,0.9144880485691272,2.438481904243895e-05,5.231603836200527e-05,-0.4046129084602238,1.2,-1.2,0,0.7,0.35,0,0,-0.8822604592733151,0.013075930529997894,0.25110386657864936
26.580499999983402,-0.04472903117524909,-0.24289449577698383,-2.2264436352971218e-05,0.9141819080274288,2.4424499041063765e-05,5.2297229223715365e-05,-0.40530412742010585,1.2,-1.2,0,0.7,0.35,0,0,-0.8823690763224619,0.013088970263796577,0.25077103912441095
26.600499999983356,-0.043997777882089625,-0.24370971181231554,-2.227049433455206e-05,0.9138752331837291,2.4468264924272187e-05,5.2274827616990607e-05,-0.4059951414020002,1.2,-1.2,0,0.7,0.35,0,0,-0.8824772713305813,0.013104397215827047,0.2504391928975017
26.62049999998331,-0.04326774587999819,-0.2445260313881721,-2.2268922882517962e-05,0.9135680242900455,2.4507005594282173e-05,5.225754938151368e-05,-0.4066859496753452,1.2,-1.2,0,0.7,0.35,0,0,-0.8825873056311019,0.013112001165071807,0.25007879543099343
26.640499999983263,-0.04253900457136427,-0.2453433654074038,-2.2277149018834236e-05,0.9132603047175771,2.4553763508277e-05,5.223248944048764e-05,-0.40737649968553413,1.2,-1.2,0,0.7,0.35,0,0,-0.8826730442224352,0.013103546179025524,0.2497579443161037
26.660499999983216,-0.041811506002683525,-0.2461618153169012,-2.2286588481446607e-05,0.9129520721446538,2.459515344721292e-05,5.2209068980146107e-05,-0.4080667967821844,1.2,-1.2,0,0.7,0.35,0,0,-0.8827599660833082,0.01310082288401832,0.249426149997413
26.68049999998317,-0.04108525616916022,-0.24698134364417637,-2.2296080937566793e-05,0.9126433188335786,2.4637019325957885e-05,5.2185722302742956e-05,-0.4087568583621561,1.2,-1.2,0,0.7,0.35,0,0,-0.882852408276044,0.01308980323059778,0.249081540717815
26.700499999983123,-0.04036027350759419,-0.2478019363888742,-2.2302285248564814e-05,0.9123340525608123,2.4675030159229914e-05,5.2165123904697604e-05,-0.40944666711051525,1.2,-1.2,0,0.7,0.35,0,0,-0.8829368601362926,0.013084466007482299,0.24872259284840925
26.720499999983076,-0.039636480627049143,-0.2486237128086909,-2.2312405369019387e-05,0.9120242550965691,2.4715426186768273e-05,5.214242139216969e-05,-0.41013626368057926,1.2,-1.2,0,0.7,0.35,0,0,-0.8830438039189661,0.013087612873916696,0.24835063110723593
26.74049999998303,-0.038913903789537296,-0.249446636235347,-2.231759570639759e-05,0.9117139307645625,2.4751414211059316e-05,5.212330054900631e-05,-0.4108256383435173,1.2,-1.2,0,0.7,0.35,0,0,-0.8831551884932476,0.013100107380457356,0.24795996444797277
26.760499999982983,-0.03819248795044226,-0.2502707780647398,-2.2322781525846176e-05,0.9114030617905493,2.478848769763694e-05,5.210412326505251e-05,-0.41151483038829084,1.2,-1.2,0,0.7,0.35,0,0,-0.8833006610678202,0.013114636519664184,0.24753619927621082
26.780499999982936,-0.03747225153073273,-0.25109609810538003,-2.2327690520929097e-05,0.9110916466453595,2.4828859849829115e-05,5.208362101473525e-05,-0.412203842878584,1.2,-1.2,0,0.7,0.35,0,0,-0.8834495078911307,0.013142844299721441,0.24709414716676398
26.80049999998289,-0.036753245307828725,-0.25192250072366407,-2.2332670269780385e-05,0.9107796918369356,2.4874629807365388e-05,5.20606586212242e-05,-0.41289266112194184,1.2,-1.2,0,0.7,0.35,0,0,-0.8835927553801791,0.013159964712454156,0.2466387845024338
26.820499999982843,-0.036035673712640784,-0.2527496830279485,-2.2342344852132185e-05,0.9104672547404964,2.4925836279464663e-05,5.20320666612159e-05,-0.4135811585610143,1.2,-1.2,0,0.7,0.35,0,0,-0.883679668596684,0.013121927356211129,0.24625107153889575
26.840499999982796,-0.03531921255683713,-0.25357824607563734,-2.2348443686667054e-05,0.91015428640112,2.4956587502575563e-05,5.201446176284639e-05,-0.414269443258047,1.2,-1.2,0,0.7,0.35,0,0,-0.8838374086900844,0.013137351205787438,0.24576883854696727
26.86049999998275,-0.034603970948119185,-0.2544079073699993,-2.2359013227817866e-05,0.9098407768583455,2.499970381102757e-05,5.19904264363819e-05,-0.4149575369092768,1.2,-1.2,0,0.7,0.35,0,0,-0.8839886455260085,0.013147077657567157,0.24528186183094647
26.880499999982703,-0.03388995681539177,-0.2552386912549964,-2.236451973366217e-05,0.9095267364941303,2.5039327701473662e-05,5.196955134754368e-05,-0.4156454165205425,1.2,-1.2,0,0.7,0.35,0,0,-0.8841420893919495,0.01316084587428003,0.2447655867191074
26.900499999982657,-0.03317720092792992,-0.25607055208994006,-2.2365654062046843e-05,0.9092121711044481,2.5076023663512666e-05,5.1951518549456986e-05,-0.4163330692940076,1.2,-1.2,0,0.7,0.35,0,0,-0.8843357238697795,0.01315697750200987,0.24419989482718912
26.92049999998261,-0.032465667743861365,-0.25690356358350386,-2.2382356564979088e-05,0.9088970831320491,2.5123409669701652e-05,5.1922415750815456e-05,-0.4170204898406442,1.2,-1.2,0,0.7,0.35,0,0,-0.8845192064427081,0.013164224224320882,0.24365965519720525
26.940499999982563,-0.0317552728171516,-0.2577378431905866,-2.2388301610814327e-05,0.9085814412993067,2.5160690085789676e-05,5.190257787023289e-05,-0.4177077461569723,1.2,-1.2,0,0.7,0.35,0,0,-0.8847421613842529,0.013198079366854359,0.24301929055554503
26.960499999982517,-0.031046039546486597,-0.2585733338924676,-2.2389338214538365e-05,0.9082652423719556,2.5197880715058323e-05,5.188491363106802e-05,-0.41839484482009975,1.2,-1.2,0,0.7,0.35,0,0,-0.8849999247850823,0.013247461746426301,0.24231582888924463
26.98049999998247,-0.030337975337571058,-0.25941003854569705,-2.2387473696050373e-05,0.9079484878583607,2.5235345496817514e-05,5.186822548570052e-05,-0.4190817820766991,1.2,-1.2,0,0.7,0.35,0,0,-0.8853156276982965,0.013295917786840987,0.24150242474933328
27.000499999982424,-0.029631082740899133,-0.2602479435302772,-2.239039019729712e-05,0.9076311780082297,2.5279394130197903e-05,5.184669227539401e-05,-0.41976855692186626,1.2,-1.2,0,0.7,0.35,0,0,-0.8856919305187173,0.013347760332980274,0.24057446009744393
27.020499999982377,-0.0289254271365729,-0.2610869110578125,-2.23945577437363e-05,0.9073133218424246,2.5329429066006965e-05,5.182175167035537e-05,-0.420455149427607,1.2,-1.2,0,0.7,0.35,0,0,-0.8860792245745017,0.013392452875182967,0.23953494717374318
27.04049999998233,-0.028220979417586174,-0.2619270784094105,-2.2378118374170192e-05,0.9069949309631276,2.5353121505070416e-05,5.181600688416186e-05,-0.42114153426076706,1.2,-1.2,0,0.7,0.35,0,0,-0.886540604527601,0.013454086209641452,0.23829877383713316
27.060499999982284,-0.027517663094318943,-0.26276851808932644,-2.2362233772331534e-05,0.9066759782505953,2.5372311970223255e-05,5.181302113985808e-05,-0.4218277695161659,1.2,-1.2,0,0.7,0.35,0,0,-0.8871923476907253,0.013559757000515298,0.2366416676471821
27.080499999982237,-0.026815620596551286,-0.26361099289818346,-2.2395088216808727e-05,0.9063564925127626,2.5445172404018946e-05,5.176647980383414e-05,-0.42251379285502283,1.2,-1.2,0,0.7,0.35,0,0,-0.8879072928114599,0.013678685877356133,0.23495016328465526
27.10049999998219,-0.026114782555358755,-0.2644547429838738,-2.2423694061849536e-05,0.9060364712470694,2.5510879064960338e-05,5.172425074568951e-05,-0.42319960945628843,1.2,-1.2,0,0.7,0.35,0,0,-0.8886586001984074,0.013807344277888182,0.23321736772047438
27.120499999982144,-0.025415132207547445,-0.26529962451317124,-2.2444610203798796e-05,0.9057158933080675,2.557049382938295e-05,5.1687724360681234e-05,-0.42388526429176426,1.2,-1.2,0,0.7,0.35,0,0,-0.8893938085982196,0.013920331684181813,0.2315912272222556
27.140499999982097,-0.02471669450379058,-0.2661456073157685,-2.2451784531478392e-05,0.9053947653120991,2.561527362530225e-05,5.166322861159758e-05,-0.42457074277464946,1.2,-1.2,0,0.7,0.35,0,0,-0.8901227665367526,0.01404393719397685,0.2299934154364238
27.16049999998205,-0.024019431773398343,-0.2669927705695585,-2.234980402789977e-05,0.905073065647465,2.5550935738934503e-05,5.173150285044286e-05,-0.42525609050371327,1.2,-1.2,0,0.7,0.35,0,0,-0.8910322284326795,0.014162304884961775,0.22770667562040733
27.180499999982004,-0.023323287118328883,-0.2678411119035019,-2.2066656360851065e-05,0.9047507546695366,2.52995479018053e-05,5.195773972758339e-05,-0.42594139102138184,1.2,-1.2,0,0.7,0.35,0,0,-0.8924813896721504,0.014337963382343345,0.2231287700158086
27.200499999981957,-0.02262830771706415,-0.26869057286671316,-2.1794716636474486e-05,0.9044278682240758,2.5039707308803936e-05,5.2185305684300324e-05,-0.42662656718652786,1.2,-1.2,0,0.7,0.35,0,0,-0.8946223472093029,0.014507059748557477,0.21529792535230735
27.22049999998191,-0.021934557920324702,-0.2695411377417385,-2.1630622400992234e-05,0.9041044401427171,2.4887602127505226e-05,5.2321296844060254e-05,-0.42731154671657645,1.2,-1.2,0,0.7,0.35,0,0,-0.8973702085665466,0.01463473529474624,0.2041954014541484
27.240499999981864,-0.021242055030419923,-0.27039280539199817,-2.154584888013546e-05,0.9037804742980399,2.482482115296684e-05,5.2384354879369765e-05,-0.4279963211491621,1.2,-1.2,0,0.7,0.35,0,0,-0.8984764832007704,0.014611290949813538,0.1993949036896771
27.260499999981818,-0.020550801969992285,-0.2712455763415027,-2.150638597309598e-05,0.9034559704996851,2.4815401605224542e-05,5.240436624413251e-05,-0.4286808906476336,1.2,-1.2,0,0.7,0.35,0,0,-0.89817975958364,0.014310747745690704,0.20095183674356162
27.28049999998177,-0.019860801507650582,-0.27209944705779365,-2.1490661269412257e-05,0.9031309296725355,2.4833375772745064e-05,5.240203285789208e-05,-0.4293652530260833,1.2,-1.2,0,0.7,0.35,0,0,-0.89789473191626,0.014033051952098584,0.2024244216419232
27.300499999981724,-0.019172058735272227,-0.2729544105714997,-2.148706816251056e-05,0.9028053539823151,2.4864001429495544e-05,5.2388922985729025e-05,-0.43004940350853804,1.2,-1.2,0,0.7,0.35,0,0,-0.8977055114301432,0.013890483500139782,0.20324209201941476
27.320499999981678,-0.018484580214859086,-0.2738104583469696,-2.148978054547448e-05,0.9024792461618587,2.4899900482081902e-05,5.237083450771842e-05,-0.43073333616567805,1.2,-1.2,0,0.7,0.35,0,0,-0.8976174021133363,0.013854209311189244,0.20358550429317346
27.34049999998163,-0.017798372878631796,-0.27466758165887983,-2.1495955263576608e-05,0.9021526089952393,2.4937700025868563e-05,5.235047632595087e-05,-0.4314170450047407,1.2,-1.2,0,0.7,0.35,0,0,-0.8975747235606822,0.013854871791119432,0.20369654449209496
27.360499999981585,-0.017113443354667877,-0.2755257723041233,-2.1504203342742742e-05,0.9018254450529655,2.4975981632679802e-05,5.232905282370786e-05,-0.43210052452281494,1.2,-1.2,0,0.7,0.35,0,0,-0.8975381710565827,0.013858020202651596,0.20372382462907718
27.380499999981538,-0.01642979767512555,-0.27638502286686545,-2.1513825440668063e-05,0.90149775659585,2.5014206324453394e-05,5.230708226798271e-05,-0.432783769902371,1.2,-1.2,0,0.7,0.35,0,0,-0.8975020041182286,0.013861197118505201,0.2037233476316582
27.40049999998149,-0.015747441209700102,-0.27724532674909097,-2.1524447498231385e-05,0.9011695455665413,2.5052202410710158e-05,5.2284785429535554e-05,-0.4334667770222785,1.2,-1.2,0,0.7,0.35,0,0,-0.8974666196532742,0.013864463454948668,0.20371100326794814
27.420499999981445,-0.015066378705252776,-0.2781066780998274,-2.1535851659312222e-05,0.9008408136184185,2.5089939031392693e-05,5.22622589471475e-05,-0.43414954239116543,1.2,-1.2,0,0.7,0.35,0,0,-0.8974303569566631,0.013867517147630898,0.2036968781203407
27.440499999981398,-0.014386614364201137,-0.27896907171222474,-2.154789854853248e-05,0.9005115621559734,2.5127432758966187e-05,5.2239548814892985e-05,-0.4348320630577416,1.2,-1.2,0,0.7,0.35,0,0,-0.8973944897334669,0.013870773067171374,0.20367970361402513
27.46049999998135,-0.013708151929291947,-0.27983250291968026,-2.156049122184598e-05,0.9001817923751361,2.516471197082243e-05,5.2216680223648285e-05,-0.4355143365222827,1.2,-1.2,0,0.7,0.35,0,0,-0.8973581825652416,0.013873829353449378,0.20366311327176462
27.480499999981305,-0.013030994761516177,-0.2806969675028378,-2.1573557904766413e-05,0.899851505299215,2.520180467552322e-05,5.2193669291850125e-05,-0.4361963606581652,1.2,-1.2,0,0.7,0.35,0,0,-0.8973221151880522,0.013877083397771385,0.20364516892750564
27.50049999998126,-0.012355145907095737,-0.28156246161045806,-2.158704322696534e-05,0.8995207018094137,2.5238735166822606e-05,5.217052762604611e-05,-0.43687813364546135,1.2,-1.2,0,0.7,0.35,0,0,-0.8972858256372062,0.013880156339340142,0.2036279434700524
27.52049999998121,-0.011680608153369932,-0.2824289816936061,-2.1600903384766634e-05,0.8991893826701945,2.527552367150012e-05,5.214726415803328e-05,-0.43755965391590246,1.2,-1.2,0,0.7,0.35,0,0,-0.8972496671597238,0.013883413773219716,0.2036099077768469
27.540499999981165,-0.011007384074808958,-0.28329652445143094,-2.1615103204216304e-05,0.898857548550155,2.531218683525402e-05,5.212388597631748e-05,-0.4382409201076507,1.2,-1.2,0,0.7,0.35,0,0,-0.8972133936613018,0.013886505582511971,0.20359247582881562
27.56049999998112,-0.010335476070706352,-0.2841650867866449,-2.162961419024042e-05,0.8985252000391655,2.5348738330479565e-05,5.210039878280896e-05,-0.43892193102824895,1.2,-1.2,0,0.7,0.35,0,0,-0.8971771866454094,0.01388977122430661,0.20357445967683419
27.580499999981072,-0.00966488639601693,-0.28503466576897163,-2.164441313565938e-05,0.8981923376624477,2.5385189390208125e-05,5.2076807196149834e-05,-0.439602685624264,1.2,-1.2,0,0.7,0.35,0,0,-0.8971409179429178,0.013892880939007982,0.20355694895723087
27.600499999981025,-0.008995617186598356,-0.2859052586051192,-2.165948107923801e-05,0.8978589618921221,2.5421549240323452e-05,5.2053114977656056e-05,-0.44028318295640023,1.2,-1.2,0,0.7,0.35,0,0,-0.8971046950189997,0.01389615857069679,0.20353892688277242
27.62049999998098,-0.008327670479893901,-0.28677686261407787,-2.1674802498503193e-05,0.8975250731567193,2.5457825445692776e-05,5.202932520747566e-05,-0.4409634221790681,1.2,-1.2,0,0.7,0.35,0,0,-0.8970684084861348,0.013899282588209832,0.20352141703866472
27.640499999980932,-0.007661048231898997,-0.287649475206778,-2.1690364671905663e-05,0.8971906718490055,2.5494024190725778e-05,5.2005440423444663e-05,-0.4416434025235963,1.2,-1.2,0,0.7,0.35,0,0,-0.897032196108447,0.013902575823108622,0.20350333825653935
27.660499999980885,-0.006995752331092567,-0.28852309386932473,-2.1706157167615367e-05,0.8968557583324388,2.5530150510447802e-05,5.198146273042677e-05,-0.44232312328442175,1.2,-1.2,0,0.7,0.35,0,0,-0.8969958669397111,0.013905710620297999,0.20348589447007942
27.68049999998084,-0.006331784609883691,-0.2893977161491717,-2.1722171430053414e-05,0.8965203329464857,2.556620848330855e-05,5.195739388614555e-05,-0.4430025838077246,1.2,-1.2,0,0.7,0.35,0,0,-0.8969596866617976,0.013909021424865713,0.20346771303086147
27.700499999980792,-0.00566914685401957,-0.2902733396437194,-2.173840044327541e-05,0.8961843960110167,2.5602201393355842e-05,5.193323536846421e-05,-0.4436817834820762,1.2,-1.2,0,0.7,0.35,0,0,-0.8969232926550458,0.013912165321723392,0.20345038614804764
27.720499999980746,-0.0050078408103175365,-0.2911499619909142,-2.175483845590384e-05,0.8958479478299216,2.563813186715426e-05,5.1908988428164036e-05,-0.44436072173073615,1.2,-1.2,0,0.7,0.35,0,0,-0.8968871598144151,0.013915492970593716,0.20343207316196354
27.7404999999807,-0.004347868193017014,-0.2920275808615017,-2.177148075508501e-05,0.8955109886941004,2.567400198943391e-05,5.1884654130493295e-05,-0.4450393980053257,1.2,-1.2,0,0.7,0.35,0,0,-0.8968506843186383,0.01391864719463185,0.20341489456234033
27.760499999980652,-0.003689230688993851,-0.2929061939526514,-2.178832348073119e-05,0.8951735188839175,2.5709813400573358e-05,5.186023338805687e-05,-0.44571781178062186,1.2,-1.2,0,0.7,0.35,0,0,-0.8968146065682242,0.01392198822399821,0.2033964428171445
27.780499999980606,-0.0030319299620361695,-0.29378579898271495,-2.1805363472450568e-05,0.8948355386712258,2.574556737847702e-05,5.1835726987057624e-05,-0.44639596255029074,1.2,-1.2,0,0.7,0.35,0,0,-0.8967780406021449,0.013925156959091451,0.2033794210214262
27.80049999998056,-0.002375967656345944,-0.2946663936869251,-2.1822598143259334e-05,0.8944970483210266,2.578126490700672e-05,5.181113560842884e-05,-0.44707384982338544,1.2,-1.2,0,0.7,0.35,0,0,-0.8967420171707363,0.013928506062832935,0.20336084442839658
27.820499999980512,-0.0017213453994019661,-0.2955479758138715,-2.1840025375245854e-05,0.894158048092835,2.5816906732859292e-05,5.1786459845021926e-05,-0.4477514731214891,1.2,-1.2,0,0.7,0.35,0,0,-0.8967053606701423,0.013931695512600005,0.20334396537524013
27.840499999980466,-0.0010680648042965283,-0.29643054312262124,-2.1857643433815595e-05,0.8938185382417845,2.58524934125341e-05,5.176170021574713e-05,-0.4484288319763721,1.2,-1.2,0,0.7,0.35,0,0,-0.8966693826848048,0.01393504699079766,0.20332529462307222
27.86049999998042,-0.0004161274716389373,-0.2973140933803694,-2.1875450896718e-05,0.8934785190195538,2.5888025350859704e-05,5.1736857177320884e-05,-0.44910592592809595,1.2,-1.2,0,0.7,0.35,0,0,-0.8966326886474055,0.013938279247276763,0.2033083950804924
27.880499999980373,0.00023446500889688719,-0.2981986243605267,-2.1893446595929453e-05,0.893137990675089,2.5923502832358283e-05,5.171193113411036e-05,-0.4497827545234615,1.2,-1.2,0,0.7,0.35,0,0,-0.8965966944052223,0.013941616759959603,0.20328979931834565
27.900499999980326,0.0008837110573166703,-0.2990841338411686,-2.191162956966693e-05,0.8927969534552193,2.5958926046605028e-05,5.168692244646409e-05,-0.4504593173147552,1.2,-1.2,0,0.7,0.35,0,0,-0.8965602472705592,0.01394495388459881,0.20327213678131406
27.92049999998028,0.0015316091022888074,-0.29997061960377747,-2.1929999023207726e-05,0.892455407605139,2.599429510857042e-05,5.1661831437779606e-05,-0.45113561385873513,1.2,-1.2,0,0.7,0.35,0,0,-0.8965239644146902,0.013948210517160884,0.2032543434063136
27.940499999980233,0.002178157580322208,-0.30085807943222725,-2.1948554296828723e-05,0.8921133533688043,2.6029610074808316e-05,5.1636658400544315e-05,-0.4518116437158103,1.2,-1.2,0,0.7,0.35,0,0,-0.8964876851284241,0.01395160018073549,0.2032362140487823
27.960499999980186,0.002823354935102669,-0.3017465111119638,-2.1967294839637268e-05,0.8917707909892542,2.6064870956260214e-05,5.161140360149051e-05,-0.4524874064493794,1.2,-1.2,0,0.7,0.35,0,0,-0.8964511793263232,0.013954837924532702,0.2032189325250618
27.98049999998014,0.0034671996169578804,-0.30263591242934584,-2.1986220188497226e-05,0.8914277207088649,2.610007772829758e-05,5.1586067285999835e-05,-0.4531629016253007,1.2,-1.2,0,0.7,0.35,0,0,-0.896415038639886,0.013958246506132881,0.203200480571363
28.000499999980093,0.004109690082426502,-0.3035262811711145,-2.2005329950774626e-05,0.8910841427695576,2.6135230338549076e-05,5.1560649681860347e-05,-0.4538381288114627,1.2,-1.2,0,0.7,0.35,0,0,-0.8963783528741426,0.013961497722204293,0.20318354323730803
28.020499999980046,0.004750824793911204,-0.30441761512396837,-2.2024623790454018e-05,0.8907400574129694,2.617032871296774e-05,5.153515100245071e-05,-0.4545130875774442,1.2,-1.2,0,0.7,0.35,0,0,-0.8963423007802115,0.013964905432652488,0.20316491622750601
28.04049999998,0.005390602219399282,-0.30530991207422253,-2.204410141705407e-05,0.890395464880577,2.620537276051179e-05,5.1509571449434346e-05,-0.45518777749423744,1.2,-1.2,0,0.7,0.35,0,0,-0.8963057257604532,0.013968261038120102,0.20314749616779898
28.060499999979953,0.006029020832237498,-0.3062031698075355,-2.2063762576705943e-05,0.8900503654138134,2.62403623767463e-05,5.1483911215024023e-05,-0.4558621981340268,1.2,-1.2,0,0.7,0.35,0,0,-0.8962694745303735,0.013971593149980059,0.20312947674099366
28.080499999979907,0.006666079110950385,-0.30709738610868964,-2.2083607044863258e-05,0.8897047592541512,2.6275297446607e-05,5.1458170483869664e-05,-0.45653634907001533,1.2,-1.2,0,0.7,0.35,0,0,-0.8962331491772558,0.013975025615287698,0.20311136167295712
28.10049999997986,0.007301775539093293,-0.3079925587614164,-2.210363462077271e-05,0.8893586466431672,2.6310177846528903e-05,5.143234943461473e-05,-0.4572102298762809,1.2,-1.2,0,0.7,0.35,0,0,-0.8961965869081355,0.013978313525180286,0.20309409883753832
28.120499999979813,0.007936108605133248,-0.30888868554825555,-2.212384512276888e-05,0.8890120278226067,2.634500344609681e-05,5.140644824118138e-05,-0.45788384012766237,1.2,-1.2,0,0.7,0.35,0,0,-0.8961604257029739,0.01398176340979628,0.20307561112077768
28.140499999979767,0.008569076802351945,-0.309785764250443,-2.2144238384710487e-05,0.8886649030344205,2.6379774109325892e-05,5.1380467073803936e-05,-0.4585571793996699,1.2,-1.2,0,0.7,0.35,0,0,-0.8961237293088431,0.013985099021297069,0.20305851125650368
28.16049999997972,0.00920067862876649,-0.31068379264782015,-2.216481425311201e-05,0.8883172725208024,2.641448969568106e-05,5.1354406099872754e-05,-0.4592302472684071,1.2,-1.2,0,0.7,0.35,0,0,-0.8960875662077967,0.01398851230289932,0.20304012327588833
28.180499999979673,0.009830912587064346,-0.3115827685187619,-2.218557258466079e-05,0.887969136524223,2.644915006088748e-05,5.132826548460303e-05,-0.4599030433105185,1.2,-1.2,0,0.7,0.35,0,0,-0.8960511646441458,0.013991969205324924,0.20302212020345908
28.200499999979627,0.010459777184549638,-0.31248268964011816,-2.2206513244585697e-05,0.8876204952874485,2.64837550575983e-05,5.130204539155041e-05,-0.46057556710313496,1.2,-1.2,0,0.7,0.35,0,0,-0.89601460267193,0.013995297302082002,0.20300477510101353
28.22049999997958,0.011087270933098588,-0.3133835537871683,-2.222763610502034e-05,0.8872713490535611,2.6518304535943317e-05,5.1275745983027994e-05,-0.46124781822383937,1.2,-1.2,0,0.7,0.35,0,0,-0.8959783979100934,0.01399877880697272,0.20298631548185905
28.240499999979534,0.01171339234912237,-0.3142853587335845,-2.2248941043752916e-05,0.8869216980659707,2.655279834399987e-05,5.1249367420416605e-05,-0.46191979625063234,1.2,-1.2,0,0.7,0.35,0,0,-0.8959417391327125,0.01400217344408032,0.20296900834889334
28.260499999979487,0.012338139953535901,-0.3151881022514012,-2.2270427943123763e-05,0.886571542568436,2.6587236328192474e-05,5.122290986440539e-05,-0.4625915007619101,1.2,-1.2,0,0.7,0.35,0,0,-0.8959054609931186,0.014005593810325258,0.20295085848350802
28.28049999997944,0.01296151227173155,-0.31609178211099337,-2.2292096689436435e-05,0.8862208828050652,2.662161833364732e-05,5.119637347516724e-05,-0.4632629313364415,1.2,-1.2,0,0.7,0.35,0,0,-0.8958690967230548,0.014009091471068021,0.2029326957832144
28.300499999979394,0.013583507833556812,-0.31699639608105806,-2.2313947172084872e-05,0.885869719020327,2.6655944204494845e-05,5.116975841249039e-05,-0.4639340875533531,1.2,-1.2,0,0.7,0.35,0,0,-0.8958324073293165,0.014012449089027556,0.20291555813745604
28.320499999979347,0.014204125173295275,-0.31790194192860166,-2.2335979282949113e-05,0.8855180514590625,2.6690213784144186e-05,5.1143064835873156e-05,-0.46460496899211734,1.2,-1.2,0,0.7,0.35,0,0,-0.8957962126150694,0.014015955231172291,0.20289703270992396
28.3404999999793,0.014823362829650327,-0.31880841741892957,-2.2358192916097642e-05,0.8851658803664769,2.6724426915520764e-05,5.111629290458713e-05,-0.4652755752325393,1.2,-1.2,0,0.7,0.35,0,0,-0.895759683539693,0.014019443379047982,0.20287924289924156
28.360499999979254,0.015441219345731082,-0.3197158203156393,-2.2380587967121987e-05,0.884813205988158,2.6758583441280464e-05,5.108944277772639e-05,-0.4659459058547514,1.2,-1.2,0,0.7,0.35,0,0,-0.8957231537235144,0.014022842940607213,0.20286168408893565
28.380499999979207,0.016057693269040215,-0.3206241483806156,-2.2403164332881567e-05,0.8844600285700701,2.679268320399358e-05,5.106251461423276e-05,-0.46661596043920617,1.2,-1.2,0,0.7,0.35,0,0,-0.8956868732103407,0.014026375496015632,0.20284328185343514
28.40049999997916,0.016672783151463397,-0.3215333993740286,-2.2425921911226006e-05,0.8841063483585575,2.6826726046308612e-05,5.103550857291589e-05,-0.46728573856667194,1.2,-1.2,0,0.7,0.35,0,0,-0.8956502339492303,0.014029843346787483,0.20282578125223458
28.420499999979114,0.017286487549260005,-0.32244357105433247,-2.244886060066415e-05,0.8837521656003485,2.6860711811096607e-05,5.100842481246304e-05,-0.46795523981823095,1.2,-1.2,0,0.7,0.35,0,0,-0.8956138204750768,0.014033296927723832,0.20280785717661579
28.440499999979068,0.017898805023054944,-0.3233546611782676,-2.2471980300307847e-05,0.8833974805425501,2.689464034157177e-05,5.098126349143929e-05,-0.4686244637752736,1.2,-1.2,0,0.7,0.35,0,0,-0.895577467836638,0.014036848722664612,0.2027895648293171
28.46049999997902,0.0185097341378315,-0.32426666750086186,-2.2495280909359176e-05,0.883042293432659,2.6928511481402727e-05,5.09540247682902e-05,-0.46929341001950253,1.2,-1.2,0,0.7,0.35,0,0,-0.8955407475349837,0.014040304816638151,0.2027722729308416
28.480499999978974,0.01911927346292483,-0.32517958777543343,-2.2518762327330033e-05,0.8826866045185473,2.696232507479776e-05,5.092670880133751e-05,-0.46996207813292806,1.2,-1.2,0,0.7,0.35,0,0,-0.8955044049954789,0.014043811404281641,0.20275407996566752
28.500499999978928,0.01972742157201624,-0.32609341975359535,-2.2542424453653447e-05,0.882330414048477,2.69960809665853e-05,5.08993157487695e-05,-0.4706304676978692,1.2,-1.2,0,0.7,0.35,0,0,-0.8954680052785533,0.014047380917076555,0.20273585097969754
28.52049999997888,0.020334177043127896,-0.32700816118526005,-2.2566267187547563e-05,0.881973722271086,2.7029779002280984e-05,5.087184576863595e-05,-0.47129857829695626,1.2,-1.2,0,0.7,0.35,0,0,-0.8954312537703473,0.014050845346016687,0.2027186149674085
28.540499999978834,0.020939538458618148,-0.3279238098186458,-2.2590290428151552e-05,0.8816165294353965,2.706341902813667e-05,5.084429901883975e-05,-0.4719664095131301,1.2,-1.2,0,0.7,0.35,0,0,-0.8953949196989703,0.01405438515287065,0.20270033202629956
28.560499999978788,0.021543504405177053,-0.32884036340028083,-2.2614494074246794e-05,0.8812588357908101,2.7097000891191575e-05,5.0816675657124714e-05,-0.47263396092964466,1.2,-1.2,0,0.7,0.35,0,0,-0.8953584987649481,0.014057973402819814,0.20268211095354302
28.58049999997874,0.022146073473822355,-0.32975781967501133,-2.263887802437526e-05,0.8809006415871062,2.7130524439307214e-05,5.0788975841065095e-05,-0.473301232130068,1.2,-1.2,0,0.7,0.35,0,0,-0.895321761449073,0.01406147087818988,0.2026647737762226
28.600499999978695,0.022747244259895702,-0.33067617638600705,-2.2663442176652406e-05,0.8805419470744413,2.7163989521199992e-05,5.076119972805405e-05,-0.4739682226982839,1.2,-1.2,0,0.7,0.35,0,0,-0.895285366947715,0.0140650176687038,0.20264660968348328
28.620499999978648,0.02334701536305899,-0.33159543127476904,-2.2688186428822002e-05,0.8801827525033488,2.7197395986469144e-05,5.0733347475288096e-05,-0.47463493221849745,1.2,-1.2,0,0.7,0.35,0,0,-0.8952489473671602,0.014068625904489408,0.20262834697510596
28.6404999999786,0.023945385387291056,-0.33251558208113663,-2.2713110678252954e-05,0.8798230581247365,2.7230743685617715e-05,5.070541923975885e-05,-0.4753013602752314,1.2,-1.2,0,0.7,0.35,0,0,-0.8952122610462766,0.014072173693658593,0.2026107884795073
28.660499999978555,0.024542352940884325,-0.3334366265432945,-2.273821482198655e-05,0.8794628641898804,2.726403247006795e-05,5.067741517823452e-05,-0.4759675064533343,1.2,-1.2,0,0.7,0.35,0,0,-0.8951757436041367,0.014075709312104162,0.20259291814487376
28.680499999978508,0.025137916636441708,-0.3343585623977811,-2.2763498756571984e-05,0.8791021709504334,2.7297262192181174e-05,5.064933544724597e-05,-0.47663337033797737,1.2,-1.2,0,0.7,0.35,0,0,-0.8951393400286184,0.014079336507821501,0.20257458591323899
28.70049999997846,0.025732075090873555,-0.3352813873794957,-2.2788962378144497e-05,0.878740978658413,2.733043270527005e-05,5.062118020307575e-05,-0.477298951514664,1.2,-1.2,0,0.7,0.35,0,0,-0.8951027280724833,0.014082937312978184,0.2025567515164579
28.720499999978415,0.026324826925394677,-0.3362050992217063,-2.2814605582545714e-05,0.8783792875662062,2.7363543863609142e-05,5.059294960173984e-05,-0.4779642495692258,1.2,-1.2,0,0.7,0.35,0,0,-0.8950660434381832,0.01408646140397776,0.20253926679209164
28.74049999997837,0.026916170765521465,-0.33712969565605755,-2.28404282651659e-05,0.878017097926565,2.7396595522444024e-05,5.0564643798972946e-05,-0.4786292640878286,1.2,-1.2,0,0.7,0.35,0,0,-0.8950296594975313,0.01409010388120532,0.20252086586107476
28.76049999997832,0.027506105241069043,-0.3380551744125792,-2.286643032107358e-05,0.8776544099926031,2.7429587538001823e-05,5.0536262950212025e-05,-0.4792939946569739,1.2,-1.2,0,0.7,0.35,0,0,-0.894993127788392,0.014093747160526221,0.20250277072593192
28.780499999978275,0.02809462898614845,-0.33898153321969304,-2.289261164494062e-05,0.8772912240177985,2.746251976749901e-05,5.0507807210583284e-05,-0.4799584408635013,1.2,-1.2,0,0.7,0.35,0,0,-0.8949563386930466,0.01409730318904177,0.20248543118701823
28.80049999997823,0.02868174063916391,-0.33990876980422224,-2.291897213118873e-05,0.8769275402559892,2.749539206914632e-05,5.0479276734883526e-05,-0.4806226022945923,1.2,-1.2,0,0.7,0.35,0,0,-0.8949198883134479,0.01410092967489864,0.2024672182080172
28.820499999978182,0.02926743884281006,-0.3408368818913981,-2.2945511673914093e-05,0.87656335896137,2.752820430215771e-05,5.045067167756763e-05,-0.4812864785377718,1.2,-1.2,0,0.7,0.35,0,0,-0.8948834241939871,0.014104599153328014,0.20244892895236952
28.840499999978135,0.029851722244069328,-0.3417658672048691,-2.2972230166927343e-05,0.8761986803884911,2.756095632675783e-05,5.042199219272986e-05,-0.48195006918090944,1.2,-1.2,0,0.7,0.35,0,0,-0.8948467867564776,0.014108249562289956,0.20243104723678937
28.86049999997809,0.030434589494209165,-0.3426957234667087,-2.299912750367244e-05,0.8758335047922609,2.759364800418302e-05,5.039323843409283e-05,-0.48261337381222513,1.2,-1.2,0,0.7,0.35,0,0,-0.8948100155856081,0.014111818950684266,0.20241365340814535
28.880499999978042,0.031016039248779464,-0.3436264483974238,-2.302620357744421e-05,0.8754678324279351,2.7626279196690045e-05,5.036441055498838e-05,-0.4832763920202889,1.2,-1.2,0,0.7,0.35,0,0,-0.8947735873701836,0.014115504379195624,0.20239526090582122
28.900499999977995,0.031596070167609895,-0.34455803971596194,-2.305345828121022e-05,0.8751016635511268,2.765884976756058e-05,5.0335508708344056e-05,-0.48393912339402423,1.2,-1.2,0,0.7,0.35,0,0,-0.8947370608496661,0.014119198630742494,0.20237705361117161
28.92049999997795,0.032174680914807324,-0.34549049513972063,-2.3080891507678074e-05,0.8747349984177901,2.769135958110553e-05,5.0306533046669646e-05,-0.48460156752271066,1.2,-1.2,0,0.7,0.35,0,0,-0.8947003629235873,0.014122861142838884,0.20235928254896654
28.940499999977902,0.03275187015875318,-0.34642381238455466,-2.310850314936828e-05,0.8743678372842355,2.772380850267185e-05,5.027748372204308e-05,-0.48526372399598766,1.2,-1.2,0,0.7,0.35,0,0,-0.8946636384870138,0.014126472113572801,0.20234170356535683
28.960499999977856,0.033327636572101,-0.34735798916478444,-2.3136293098725886e-05,0.8740001804071105,2.7756196398638644e-05,5.0248360886097574e-05,-0.4859255924038522,1.2,-1.2,0,0.7,0.35,0,0,-0.8946271742765188,0.014130182087061433,0.20232333782894724
28.98049999997781,0.033901978831773615,-0.3482930231932048,-2.3164261247738625e-05,0.8736320280434106,2.7788523136430394e-05,5.021916469000441e-05,-0.4865871723366666,1.2,-1.2,0,0.7,0.35,0,0,-0.8945906159647184,0.014133901363616072,0.20230514688533846
29.000499999977762,0.03447489561896095,-0.3492289121810927,-2.3192407488253875e-05,0.873263380450469,2.7820788584514333e-05,5.018989528446428e-05,-0.4872484633851576,1.2,-1.2,0,0.7,0.35,0,0,-0.8945539101480835,0.014137596252738357,0.20228732519524698
29.020499999977716,0.035046385619117285,-0.35016565383821496,-2.3220731712020436e-05,0.8728942378859649,2.7852992612407806e-05,5.0160552819690145e-05,-0.48790946514041944,1.2,-1.2,0,0.7,0.35,0,0,-0.8945171252963595,0.014141230259683626,0.20226982860161952
29.04049999997767,0.03561644752195879,-0.35110324587283714,-2.3249233810556603e-05,0.8725246006079088,2.788513509067902e-05,5.0131137445403256e-05,-0.48857017719391843,1.2,-1.2,0,0.7,0.35,0,0,-0.8944806360798231,0.014144965020275846,0.20225146694402407
29.060499999977623,0.03618508002146108,-0.3520416859917315,-2.327791367516879e-05,0.8721544688746526,2.7917215890949334e-05,5.010164931081252e-05,-0.48923059913749,1.2,-1.2,0,0.7,0.35,0,0,-0.8944440727846653,0.014148711370983842,0.20223323370127755
29.080499999977576,0.03675228181585671,-0.35298097190018524,-2.3306771197012914e-05,0.8717838429448764,2.794923488589481e-05,5.0072088564609115e-05,-0.48989073056334603,1.2,-1.2,0,0.7,0.35,0,0,-0.894407417685756,0.014152449279360354,0.2022152139477061
29.10049999997753,0.0373180516076328,-0.3539211013020087,-2.333580626702489e-05,0.8714127230775989,2.7981191949249513e-05,5.004245535495309e-05,-0.49055057106407435,1.2,-1.2,0,0.7,0.35,0,0,-0.8943706263230518,0.01415614105936792,0.20219759634045956
29.120499999977483,0.037882388103528515,-0.35486207189954333,-2.33650187760002e-05,0.8710411095321647,2.8013086955809074e-05,5.0012749829462784e-05,-0.4912101202326423,1.2,-1.2,0,0.7,0.35,0,0,-0.8943339699700262,0.0141598504618729,0.20217965959976109
29.140499999977436,0.03844529001453267,-0.3558038813936702,-2.3394408614572225e-05,0.8706690025682503,2.804491978142674e-05,4.9982972135206885e-05,-0.4918693776623974,1.2,-1.2,0,0.7,0.35,0,0,-0.8942974132091527,0.014163621591910492,0.20216136430650605
29.16049999997739,0.039006756055881345,-0.3567465274838184,-2.3423975673285246e-05,0.8702964024458548,2.8076690303017686e-05,4.9953122418694655e-05,-0.4925283429470711,1.2,-1.2,0,0.7,0.35,0,0,-0.8942607975606239,0.014167397169548814,0.20214318318198224
29.180499999977343,0.03956678494705556,-0.35769000786797234,-2.345371984233996e-05,0.8699233094253073,2.8108398398560628e-05,4.992320082586306e-05,-0.493187015680779,1.2,-1.2,0,0.7,0.35,0,0,-0.8942240902852541,0.014171162278102733,0.20212522044157297
29.200499999977296,0.04012537541177876,-0.35863432024268077,-2.348364101194921e-05,0.8695497237672554,2.814004394709792e-05,4.989320750207319e-05,-0.4938453954580272,1.2,-1.2,0,0.7,0.35,0,0,-0.8941872650356129,0.014174883710204728,0.20210761762375606
29.22049999997725,0.04068252617801465,-0.3595794623030653,-2.351373907211896e-05,0.8691756457326724,2.8171626828732002e-05,4.9863142592098766e-05,-0.4945034818737075,1.2,-1.2,0,0.7,0.35,0,0,-0.8941505993639042,0.014178638099795322,0.20208960597673267
29.240499999977203,0.04123823597796471,-0.36052543174282736,-2.3544013912759098e-05,0.8688010755828441,2.820314692462946e-05,4.9833006240117e-05,-0.49516127452310604,1.2,-1.2,0,0.7,0.35,0,0,-0.894114010841105,0.014182439201238,0.20207131898588868
29.260499999977156,0.041792503548065955,-0.3614722262542578,-2.3574465423485093e-05,0.8684260135793821,2.823460411701812e-05,4.9802798589705664e-05,-0.49581877300190186,1.2,-1.2,0,0.7,0.35,0,0,-0.8940773692050317,0.01418624771672562,0.20205312662639277
29.28049999997711,0.04234532762898862,-0.36241984352824375,-2.360509349395244e-05,0.8680504599842082,2.8265998289187346e-05,4.977251978383631e-05,-0.4964759769061692,1.2,-1.2,0,0.7,0.35,0,0,-0.8940406572544435,0.01419005395711565,0.20203508891058833
29.300499999977063,0.042896706965633885,-0.3633682812542778,-2.3635898013587353e-05,0.8676744150595576,2.8297329325485743e-05,4.974216996486181e-05,-0.49713288583238185,1.2,-1.2,0,0.7,0.35,0,0,-0.8940038865356605,0.014193843010523326,0.20201722062077768
29.320499999977017,0.04344664030713156,-0.3643175371204656,-2.366687887164097e-05,0.8672978790679808,2.832859711131824e-05,4.971174927451836e-05,-0.4977894993774117,1.2,-1.2,0,0.7,0.35,0,0,-0.8939670294053293,0.014197588786940805,0.20199964677756568
29.34049999997697,0.0439951264068379,-0.36526760881353487,-2.3698035957297204e-05,0.8669208522723372,2.835980153314913e-05,4.9681257853908385e-05,-0.4984458171385337,1.2,-1.2,0,0.7,0.35,0,0,-0.8939304145879369,0.014201419482588882,0.20198135653411423
29.360499999976923,0.04454216402233334,-0.36621849401884277,-2.3729369159718523e-05,0.8665433349357899,2.8390942478499077e-05,4.965069584350504e-05,-0.49910183871342473,1.2,-1.2,0,0.7,0.35,0,0,-0.8938937661795673,0.014205261085172513,0.2019631133632341
29.380499999976877,0.04508775191542028,-0.3671701904203843,-2.3760878367680053e-05,0.8661653273218163,2.842201983593902e-05,4.9620063383146126e-05,-0.4997575637001704,1.2,-1.2,0,0.7,0.35,0,0,-0.8938570872983437,0.014209107224956217,0.20194492532896993
29.40049999997683,0.04563188885212082,-0.36812269570080036,-2.3792563470095285e-05,0.8657868296941902,2.8453033495088708e-05,4.958936061202769e-05,-0.5004129916972614,1.2,-1.2,0,0.7,0.35,0,0,-0.89382036094419,0.014212954271191717,0.20192683593047564
29.420499999976784,0.04617457360267471,-0.3690760075413866,-2.3824424355547644e-05,0.8654078423169932,2.848398334661509e-05,4.9558587668700075e-05,-0.5010681223036002,1.2,-1.2,0,0.7,0.35,0,0,-0.8937835782512491,0.014216794556783536,0.20190888383812491
29.440499999976737,0.04671580494153706,-0.3700301236221006,-2.3856460912590673e-05,0.8650283654546052,2.8514869282227216e-05,4.952774469106428e-05,-0.5017229551184993,1.2,-1.2,0,0.7,0.35,0,0,-0.8937467320534885,0.014220614118859514,0.2018911212997223
29.46049999997669,0.0472555816473762,-0.37098504162157053,-2.38886730296874e-05,0.8646483993717033,2.8545691194675702e-05,4.9496831816371806e-05,-0.5023774897416861,1.2,-1.2,0,0.7,0.35,0,0,-0.8937099335789019,0.014224439015964882,0.20187325231969974
29.480499999976644,0.04779390250307162,-0.3719407592171035,-2.3921060595115992e-05,0.8642679443332668,2.857644897774728e-05,4.946584918121897e-05,-0.5030317257733019,1.2,-1.2,0,0.7,0.35,0,0,-0.8936732594266433,0.014228316097924998,0.20185499503274232
29.500499999976597,0.04833076629571174,-0.3728972740846937,-2.3953623497155085e-05,0.8638870006045621,2.8607142526260643e-05,4.943479692154681e-05,-0.5036856628139076,1.2,-1.2,0,0.7,0.35,0,0,-0.8936365593822975,0.014232201509416616,0.20183677398341965
29.52049999997655,0.04886617181659184,-0.3738545838990297,-2.398636162382463e-05,0.8635055684511557,2.863777173606054e-05,4.9403675172637716e-05,-0.504339300464481,1.2,-1.2,0,0.7,0.35,0,0,-0.8935998296449772,0.014236094217325777,0.20181860000618462
29.540499999976504,0.04940011786121206,-0.37481268633350406,-2.4019274863097643e-05,0.8631236481388996,2.86683365040178e-05,4.937248406911559e-05,-0.5049926383264218,1.2,-1.2,0,0.7,0.35,0,0,-0.8935630826342245,0.01423998986708821,0.20180045783051545
29.560499999976457,0.04993260322927522,-0.37577157906022024,-2.4052363102764025e-05,0.8627412399339403,2.869883672802019e-05,4.934122374494608e-05,-0.5056456760015531,1.2,-1.2,0,0.7,0.35,0,0,-0.893526303557373,0.014243886715207224,0.20178238166538634
29.58049999997641,0.05046362672468478,-0.3767312597500009,-2.4085626230648704e-05,0.8623583441027072,2.8729272306966627e-05,4.930989433343529e-05,-0.5062984130921214,1.2,-1.2,0,0.7,0.35,0,0,-0.8934894888223567,0.014247782250860088,0.2017643861781756
29.600499999976364,0.05099318715554285,-0.3776917260723965,-2.4119064134342684e-05,0.8619749609119154,2.8759643140765715e-05,4.927849596722826e-05,-0.5069508492008019,1.2,-1.2,0,0.7,0.35,0,0,-0.893452637229002,0.01425167140231548,0.20174648806217033
29.620499999976317,0.051521283334148134,-0.3786529756956935,-2.4152676701330908e-05,0.8615910906285661,2.878994913032948e-05,4.9247028778310455e-05,-0.5076029839306959,1.2,-1.2,0,0.7,0.35,0,0,-0.8934157826901076,0.014255558217313816,0.20172860762770828
29.64049999997627,0.05204791407699388,-0.37961500628692185,-2.418646381895943e-05,0.8612067335199394,2.8820190177564714e-05,4.921549289801301e-05,-0.508254816885338,1.2,-1.2,0,0.7,0.35,0,0,-0.893378976164314,0.014259461290344234,0.20171058941208175
29.660499999976224,0.05257307820476598,-0.38057781551186304,-2.4220425374566356e-05,0.8608218898535964,2.885036618536699e-05,4.9183888457006925e-05,-0.5089063476686901,1.2,-1.2,0,0.7,0.35,0,0,-0.8933422243666824,0.014263396519222005,0.20169237819369656
29.680499999976178,0.05309677454234098,-0.38154140103505924,-2.4254561255236495e-05,0.8604365598973723,2.8880477057618267e-05,4.915221558531384e-05,-0.5095575758851536,1.2,-1.2,0,0.7,0.35,0,0,-0.8933054561554682,0.014267339964408252,0.20167418433750975
29.70049999997613,0.05361900191878407,-0.38250576051982016,-2.4288871348005493e-05,0.8600507439193842,2.8910522699177275e-05,4.9120474412300355e-05,-0.5102085011395597,1.2,-1.2,0,0.7,0.35,0,0,-0.8932686803567809,0.014271288211748957,0.20165599720259395
29.720499999976084,0.05413975916734717,-0.38347089162823217,-2.4323355539760624e-05,0.8596644421880171,2.8940503015872354e-05,4.90886650666851e-05,-0.5108591230371807,1.2,-1.2,0,0.7,0.35,0,0,-0.8932318772561088,0.014275245367522386,0.20163784812836552
29.740499999976038,0.054659045125467036,-0.38443679202116576,-2.435801371716746e-05,0.8592776549719291,2.897041791449445e-05,4.9056787676543984e-05,-0.5115094411837265,1.2,-1.2,0,0.7,0.35,0,0,-0.8931950707191009,0.014279208107714818,0.2016196967669008
29.76049999997599,0.05517685863476334,-0.3854034593582835,-2.4392845766849472e-05,0.8588903825400518,2.9000267302790708e-05,4.902484236930786e-05,-0.5121594551853487,1.2,-1.2,0,0.7,0.35,0,0,-0.8931582494355281,0.01428317586977432,0.20160156699062307
29.780499999975945,0.055693198541036826,-0.3863708912980487,-2.4427851575367658e-05,0.8585026251615787,2.903005108945846e-05,4.899282927177309e-05,-0.512809164648641,1.2,-1.2,0,0.7,0.35,0,0,-0.8931214290718286,0.014287148295275033,0.20158342671443483
29.800499999975898,0.05620806369426734,-0.387339085497733,-2.4463031029100367e-05,0.8581143831059744,2.9059769184132458e-05,4.896074851010333e-05,-0.5134585691806397,1.2,-1.2,0,0.7,0.35,0,0,-0.8930845743863641,0.014291125358517138,0.2015653486817925
29.82049999997585,0.056721452948612104,-0.38830803961342414,-2.449838401421316e-05,0.8577256566429603,2.908942149738482e-05,4.892860020983437e-05,-0.5141076683888294,1.2,-1.2,0,0.7,0.35,0,0,-0.8930477240072011,0.014295109932386075,0.20154724749797373
29.840499999975805,0.057233365162403814,-0.3892777513000352,-2.453391041667717e-05,0.8573364460425293,2.911900794070629e-05,4.889638449587987e-05,-0.5147564618811423,1.2,-1.2,0,0.7,0.35,0,0,-0.8930108627523106,0.014299098544014037,0.2015291623979011
29.860499999975758,0.057743799198148794,-0.39024821821131117,-2.4569610122526853e-05,0.8569467515749258,2.9148528426507436e-05,4.886410149253843e-05,-0.515404949265958,1.2,-1.2,0,0.7,0.35,0,0,-0.8929740125878323,0.01430309506255535,0.20151103768905074
29.88049999997571,0.05825275392252528,-0.39121943799983827,-2.4605483017448242e-05,0.8565565735106553,2.91779828681061e-05,4.8831751323499347e-05,-0.5160531301521087,1.2,-1.2,0,0.7,0.35,0,0,-0.8929371254997934,0.014307092285087452,0.20149299029014883
29.900499999975665,0.05876022820638167,-0.39219140831705124,-2.464152898708684e-05,0.856165912120481,2.9207371179715755e-05,4.879933411184757e-05,-0.5167010041488791,1.2,-1.2,0,0.7,0.35,0,0,-0.8929002500249966,0.014311101566189354,0.20147489282828454
29.92049999997562,0.0592662209247346,-0.39316412681324125,-2.467774791684606e-05,0.8557747676754137,2.9236693276444007e-05,4.876684998007616e-05,-0.5173485708660084,1.2,-1.2,0,0.7,0.35,0,0,-0.8928633680124343,0.014315115571682854,0.20145680076951752
29.94049999997557,0.059770730956767375,-0.3941375911375646,-2.4714139691957252e-05,0.8553831404467246,2.9265949074275958e-05,4.873429905008715e-05,-0.5179958299136903,1.2,-1.2,0,0.7,0.35,0,0,-0.8928264752705332,0.01431913558094252,0.20143871947740968
29.960499999975525,0.06027375718582814,-0.39511179893805015,-2.4750704197543483e-05,0.8549910307059253,2.929513849006889e-05,4.870168144320619e-05,-0.5186427809025792,1.2,-1.2,0,0.7,0.35,0,0,-0.8927896022642102,0.014323168912116884,0.20142056733488148
29.98049999997548,0.06077529849942822,-0.39608674786160764,-2.478744131845651e-05,0.8545984387247839,2.932426144154251e-05,4.866899728018346e-05,-0.5192894234437858,1.2,-1.2,0,0.7,0.35,0,0,-0.8927526928300172,0.014327199964292691,0.2014024996041019
30.000499999975432,0.06127535378924044,-0.39706243555403525,-2.4824350939459592e-05,0.8542053647753077,2.9353317847267185e-05,4.863624668121002e-05,-0.5199357571488835,1.2,-1.2,0,0.7,0.35,0,0,-0.8927158000202077,0.014331247392415512,0.20138436028001505
30.020499999975385,0.06177392195109743,-0.3980388596600283,-2.4861432944995055e-05,0.853811809129749,2.9382307626655107e-05,4.860342976592344e-05,-0.5205817816299093,1.2,-1.2,0,0.7,0.35,0,0,-0.8926789034281761,0.014335300084101655,0.201366219427784
30.04049999997534,0.062271001884989956,-0.39901601782318696,-2.489868721936857e-05,0.8534177720606062,2.9411230699951157e-05,4.857054665341878e-05,-0.5212274964993623,1.2,-1.2,0,0.7,0.35,0,0,-0.8926420267301137,0.014339366033800474,0.20134800684797174
30.060499999975292,0.06276659249506533,-0.39999390768602405,-2.4936113646815388e-05,0.8530232538406105,2.944008698822158e-05,4.853759746225427e-05,-0.5218729013702089,1.2,-1.2,0,0.7,0.35,0,0,-0.8926051123729462,0.014343429555285682,0.20132988099369034
30.080499999975245,0.06326069268962578,-0.4009725268899728,-2.4973712111153265e-05,0.8526282547427348,2.9468876413343485e-05,4.8504582310467696e-05,-0.5225179958558833,1.2,-1.2,0,0.7,0.35,0,0,-0.8925682119884102,0.014347508473167417,0.20131169108718386
30.1004999999752,0.06375330138112692,-0.401951873075396,-2.5011482496141045e-05,0.852232775040186,2.949759889799701e-05,4.847150131558263e-05,-0.5231627795702871,1.2,-1.2,0,0.7,0.35,0,0,-0.8925313055077227,0.01435159192591856,0.20129350602334717
30.120499999975152,0.06424441748617601,-0.40293194388159226,-2.5049424685127156e-05,0.851836815006404,2.952625436564903e-05,4.8438354594623534e-05,-0.5238072521277948,1.2,-1.2,0,0.7,0.35,0,0,-0.8924943877721037,0.014355681309236996,0.2012753327885925
30.140499999975106,0.06473403992553049,-0.40391273694680563,-2.508753856139741e-05,0.8514403749150603,2.9554842740546058e-05,4.840514226412301e-05,-0.5244514131432522,1.2,-1.2,0,0.7,0.35,0,0,-0.8924574596941153,0.014359777420207711,0.201257168123075
30.16049999997506,0.06522216762409647,-0.40489424990823236,-2.5125824007996162e-05,0.8510434550400571,2.958336394770598e-05,4.837186444013543e-05,-0.5250952622319784,1.2,-1.2,0,0.7,0.35,0,0,-0.8924205460138854,0.014363882610429025,0.20123895486272747
30.180499999975012,0.06570879951092717,-0.40587648040202967,-2.5164280907615e-05,0.8506460556555188,2.9611817912903013e-05,4.833852123824876e-05,-0.5257387990097703,1.2,-1.2,0,0.7,0.35,0,0,-0.8923835993800501,0.014367989218412066,0.20122080955432284
30.200499999974966,0.0661939345192215,-0.4068594260633232,-2.520290914275431e-05,0.8502481770358012,2.9640204562655254e-05,4.830511277359862e-05,-0.5263820230928988,1.2,-1.2,0,0.7,0.35,0,0,-0.8923466804267677,0.01437210579498529,0.20120258564869387
30.22049999997492,0.06667757158632226,-0.4078430845262152,-2.524170859560029e-05,0.8498498194554748,2.9668523824216457e-05,4.8271639160879706e-05,-0.5270249340981162,1.2,-1.2,0,0.7,0.35,0,0,-0.8923097103572413,0.0143762233793392,0.20118446763183767
30.240499999974872,0.06715970965371518,-0.40882745342379273,-2.5280679148119685e-05,0.8494509831893398,2.9696775625564726e-05,4.82381005143596e-05,-0.5276675316426545,1.2,-1.2,0,0.7,0.35,0,0,-0.8922727606895549,0.014380350259919093,0.20116628859313745
30.260499999974826,0.0676403476670269,-0.4098125303881352,-2.5319820682027787e-05,0.8490516685124082,2.9724959895389813e-05,4.8204496947889606e-05,-0.528309815344226,1.2,-1.2,0,0.7,0.35,0,0,-0.8922357830632596,0.014384480776538444,0.20114816145680783
30.28049999997478,0.06811948457602403,-0.41079831305032216,-2.5359133078677448e-05,0.8486518756999092,2.9753076563081048e-05,4.817082857492145e-05,-0.5289517848210281,1.2,-1.2,0,0.7,0.35,0,0,-0.8921988042282577,0.01438861741461368,0.2011300251645953
30.300499999974733,0.0685971193346114,-0.4117847990404421,-2.5398616219122346e-05,0.8482516050272899,2.9781125558715072e-05,4.8137095508520584e-05,-0.5295934396917428,1.2,-1.2,0,0.7,0.35,0,0,-0.8921618096301075,0.014392759000195553,0.2011119119429124
30.320499999974686,0.06907325090083088,-0.4127719859875997,-2.5438269984233045e-05,0.8478508567702048,2.9809106813046643e-05,4.8103297861380604e-05,-0.5302347795755374,1.2,-1.2,0,0.7,0.35,0,0,-0.892124798404941,0.01439690748424293,0.20109381914377114
30.34049999997464,0.0695478782368599,-0.4137598715199239,-2.5478094254378366e-05,0.8474496312045215,2.9837020257495018e-05,4.80694357458375e-05,-0.5308758040920697,1.2,-1.2,0,0.7,0.35,0,0,-0.8920877732490629,0.014401063652910185,0.20107574008769696
30.360499999974593,0.07002100030900991,-0.4147484532645758,-2.5518088909827436e-05,0.8470479286063146,2.9864865824130434e-05,4.803550927388396e-05,-0.531516512861485,1.2,-1.2,0,0.7,0.35,0,0,-0.8920507697834358,0.0144052395422841,0.20105757012970482
30.380499999974546,0.07049261608772546,-0.41573772884775734,-2.555825383036726e-05,0.84664574925186,2.9892643445665996e-05,4.800151855718604e-05,-0.53215690550442,1.2,-1.2,0,0.7,0.35,0,0,-0.8920138482896585,0.014409444027975048,0.20103915915928774
30.4004999999745,0.07096272454758237,-0.4167276958947178,-2.5598588895413707e-05,0.8462430934176443,2.9920353055441773e-05,4.796746370709683e-05,-0.5327969816420057,1.2,-1.2,0,0.7,0.35,0,0,-0.8919768681627093,0.014413636617767742,0.20102090388416066
30.420499999974453,0.07143132466728683,-0.4177183520297633,-2.5639093984204706e-05,0.8458399613803501,2.9947994587412974e-05,4.793334483467165e-05,-0.5334367408958637,1.2,-1.2,0,0.7,0.35,0,0,-0.89193990783039,0.01441783772671215,0.20100259103518595
30.440499999974406,0.07189841542967382,-0.4187096948762639,-2.567976897546856e-05,0.845436353416858,2.9975567976139333e-05,4.7899162050689074e-05,-0.5340761828881154,1.2,-1.2,0,0.7,0.35,0,0,-0.8919029008664168,0.014422031048988737,0.2009843975165945
30.46049999997436,0.07236399582170605,-0.41970172205666123,-2.572061374756344e-05,0.8450322698042518,3.000307315677266e-05,4.7864915465661774e-05,-0.5347153072413777,1.2,-1.2,0,0.7,0.35,0,0,-0.8918658646127673,0.014426229107007011,0.20096625673970317
30.480499999974313,0.0728280648344725,-0.4206944311924775,-2.57616281786336e-05,0.8446277108198004,3.0030510065044355e-05,4.783060518985335e-05,-0.5353541135787644,1.2,-1.2,0,0.7,0.35,0,0,-0.8918288193684434,0.014430430717750582,0.20094812986673866
30.500499999974267,0.07329062146318734,-0.42168781990432247,-2.5802812146193915e-05,0.8442226767409733,3.0057878637251464e-05,4.779623133329796e-05,-0.535992601523892,1.2,-1.2,0,0.7,0.35,0,0,-0.8917917400345996,0.01443463900111122,0.20093006091719043
30.52049999997422,0.07375166470718864,-0.422681885811902,-2.584416552756283e-05,0.8438171678454243,3.0085178810245294e-05,4.776179400581227e-05,-0.536630770700878,1.2,-1.2,0,0.7,0.35,0,0,-0.891754650691964,0.014438853651147799,0.20091200132931505
30.540499999974173,0.07421119356993706,-0.4236766265340258,-2.5885688199647433e-05,0.8434111844109994,3.0112410521419714e-05,4.772729331701767e-05,-0.5372686207343425,1.2,-1.2,0,0.7,0.35,0,0,-0.8917176935211868,0.014443121762277317,0.2008935319801328
30.560499999974127,0.07466920705901467,-0.42467203968861506,-2.592738003880402e-05,0.8430047267157252,3.0139573708697046e-05,4.769272937635632e-05,-0.5379061512494114,1.2,-1.2,0,0.7,0.35,0,0,-0.8916807164687854,0.014447378426817734,0.20087513794649386
30.58049999997408,0.07512570418612396,-0.42566812289271116,-2.5969240921106193e-05,0.8425977950378166,3.016666831051674e-05,4.765810229310541e-05,-0.5385433618717136,1.2,-1.2,0,0.7,0.35,0,0,-0.8916436734291942,0.014451621399782079,0.20085691885773274
30.600499999974033,0.07558068396708652,-0.42666487376248297,-2.601127072209294e-05,0.8421903896556641,3.0193694265823464e-05,4.762341217639734e-05,-0.5391802522273899,1.2,-1.2,0,0.7,0.35,0,0,-0.8916066061355358,0.014455865536475355,0.200838751233658
30.620499999973987,0.07603414542184177,-0.42766228991323485,-2.6053469316824196e-05,0.8417825108478417,3.022065151405098e-05,4.75886591352363e-05,-0.5398168219430874,1.2,-1.2,0,0.7,0.35,0,0,-0.8915694928317881,0.014460113383376386,0.2008206741016507
30.64049999997394,0.07648608757444612,-0.42866036895941506,-2.609583658003726e-05,0.8413741588930964,3.0247539995114044e-05,4.755384327852104e-05,-0.5404530706459645,1.2,-1.2,0,0.7,0.35,0,0,-0.8915323697807096,0.0144643642820303,0.2008026132391093
30.660499999973894,0.07693650945307166,-0.42965910851462347,-2.613837238596353e-05,0.8409653340703527,3.0274359649392514e-05,4.7518964715054194e-05,-0.5410889979636916,1.2,-1.2,0,0.7,0.35,0,0,-0.8914953812237247,0.014468678575263755,0.20078411288681558
30.680499999973847,0.07738541009000502,-0.4306585061916191,-2.6181076608292378e-05,0.8405560366587005,3.030111041772065e-05,4.748402355356649e-05,-0.5417246035244528,1.2,-1.2,0,0.7,0.35,0,0,-0.8914583475602759,0.014472968838093445,0.2007657725530969
30.7004999999738,0.07783278852164623,-0.4316585596023293,-2.6223949120236004e-05,0.8401462669374105,3.032779224137552e-05,4.7449019902734516e-05,-0.542359886956945,1.2,-1.2,0,0.7,0.35,0,0,-0.8914212747600065,0.014477251309257318,0.20074753734268724
30.720499999973754,0.078278643788508,-0.4326592663578558,-2.6266989794678533e-05,0.839736025185906,3.0354405062061117e-05,4.741395387119741e-05,-0.5429948478903845,1.2,-1.2,0,0.7,0.35,0,0,-0.891384139332518,0.01448153181211739,0.20072944095441309
30.740499999973707,0.07872297493521412,-0.43366062406848493,-2.6310198503702527e-05,0.8393253116837878,3.0380948821901568e-05,4.737882556757791e-05,-0.5436294859545028,1.2,-1.2,0,0.7,0.35,0,0,-0.8913469773216753,0.014485817348915556,0.20071139192519813
30.76049999997366,0.07916578101049884,-0.4346626303436936,-2.635357511910464e-05,0.838914126710812,3.0407423463420544e-05,4.734363510049781e-05,-0.544263800779551,1.2,-1.2,0,0.7,0.35,0,0,-0.8913099567517475,0.014490161145880521,0.20069290134098217
30.780499999973614,0.07960706106720564,-0.435665282792159,-2.6397119512146844e-05,0.8385024705468989,3.0433828929535908e-05,4.730838257859897e-05,-0.5448977919963025,1.2,-1.2,0,0.7,0.35,0,0,-0.8912728952327502,0.014494486937637685,0.20067454703258744
30.800499999973567,0.08004681416228611,-0.43666857902176504,-2.6440831553459003e-05,0.8380903434721219,3.0460165163543096e-05,4.727306811056194e-05,-0.5455314592360512,1.2,-1.2,0,0.7,0.35,0,0,-0.8912357864176715,0.014498799852567983,0.2006563280584858
30.82049999997352,0.08048503935679924,-0.43767251663961165,-2.648471111320167e-05,0.8376777457667163,3.0486432109103872e-05,4.7237691805123524e-05,-0.5461648021306121,1.2,-1.2,0,0.7,0.35,0,0,-0.8911986063988209,0.014503110817281274,0.2006382651430379
30.840499999973474,0.0809217357159101,-0.43867709325202164,-2.6528758060936483e-05,0.8372646777110634,3.0512629710238674e-05,4.720225377109756e-05,-0.5467978203123294,1.2,-1.2,0,0.7,0.35,0,0,-0.8911614817663078,0.014507458002900195,0.20061999733017244
30.860499999973428,0.08135690230888905,-0.4396823064645494,-2.657297226554893e-05,0.8368511395857011,3.0538757911307334e-05,4.716675411739647e-05,-0.5474305134140708,1.2,-1.2,0,0.7,0.35,0,0,-0.8911244501906597,0.014511829285352171,0.20060147897058014
30.88049999997338,0.08179053820911059,-0.4406881538819891,-2.6617353595534705e-05,0.8364371316713138,3.0564816657000285e-05,4.713119295304237e-05,-0.5480628810692323,1.2,-1.2,0,0.7,0.35,0,0,-0.8910873011940645,0.014516168602708268,0.20058329018276796
30.900499999973334,0.08222264249405259,-0.4416946331083824,-2.6661901918856912e-05,0.8360226542487312,3.059080589232506e-05,4.709557038719368e-05,-0.5486949229117362,1.2,-1.2,0,0.7,0.35,0,0,-0.8910501131127493,0.014520506582019492,0.20056519046625765
30.920499999973288,0.08265321424529515,-0.4427017417470263,-2.6706617102653728e-05,0.8356077075989257,3.061672556259745e-05,4.705988652916263e-05,-0.5493266385760394,1.2,-1.2,0,0.7,0.35,0,0,-0.8910129794534082,0.014524887119553345,0.20054687047044026
30.94049999997324,0.0830822525485198,-0.44370947740048106,-2.6751499013548536e-05,0.8351922920030159,3.064257561342751e-05,4.702414148843125e-05,-0.5499580276971261,1.2,-1.2,0,0.7,0.35,0,0,-0.8909759033216115,0.014529277870952761,0.20052840992962004
30.960499999973194,0.08350975649350839,-0.44471783767057876,-2.679654751765914e-05,0.8347764077422521,3.066835599070618e-05,4.698833537467347e-05,-0.5505890899105158,1.2,-1.2,0,0.7,0.35,0,0,-0.8909387237251261,0.014533642721019393,0.20051023531531154
30.980499999973148,0.08393572517414241,-0.4457268201584313,-2.6841762480271124e-05,0.8343600550980256,3.0694066640596044e-05,4.6952468297772665e-05,-0.5512198248522624,1.2,-1.2,0,0.7,0.35,0,0,-0.8909014889281354,0.01453800661229275,0.20049218274966354
31.0004999999731,0.08436015768840176,-0.4467364224644378,-2.688714376611553e-05,0.8339432343518619,3.071970750951781e-05,4.6916540367846446e-05,-0.5518502321589545,1.2,-1.2,0,0.7,0.35,0,0,-0.8908644191705928,0.014542435981466208,0.20047362030233287
31.020499999973055,0.08478305313836415,-0.44774664218829363,-2.693269123939879e-05,0.8335259457854186,3.074527854414077e-05,4.6880551695257124e-05,-0.5524803114677171,1.2,-1.2,0,0.7,0.35,0,0,-0.8908272697714761,0.014546833265295947,0.2004553107490836
31.040499999973008,0.08520441063020397,-0.4487574769289974,-2.6978404763632013e-05,0.833108189680477,3.0770779691371266e-05,4.6844502390636885e-05,-0.5531100624162149,1.2,-1.2,0,0.7,0.35,0,0,-0.8907900339788041,0.014551219112653292,0.20043721473786721
31.06049999997296,0.08562422927419137,-0.4497689242848597,-2.7024284201466455e-05,0.8326899663189532,3.079621089833814e-05,4.680839256490474e-05,-0.5537394846426514,1.2,-1.2,0,0.7,0.35,0,0,-0.8907528833876656,0.014555650342729917,0.2004188271400811
31.080499999972915,0.08604250818469175,-0.4507809818535116,-2.7070329415130343e-05,0.8322712759828819,3.082157211238403e-05,4.677222232928597e-05,-0.554368577785769,1.2,-1.2,0,0.7,0.35,0,0,-0.8907157533914442,0.01456008087922949,0.2004004028208176
31.100499999972868,0.08645924648016445,-0.45179364723191145,-2.711654026602168e-05,0.8318521189544217,3.08468632810541e-05,4.6735991795333346e-05,-0.5549973414848561,1.2,-1.2,0,0.7,0.35,0,0,-0.8906785061597261,0.014564488075799862,0.20038228674864078
31.12049999997282,0.08687444328316196,-0.4528069180163544,-2.7162916614885805e-05,0.8314324955158504,3.087208435208679e-05,4.6699701074940195e-05,-0.5556257753797407,1.2,-1.2,0,0.7,0.35,0,0,-0.8906413167521903,0.014568930929119487,0.20036396128620443
31.140499999972775,0.08728809772032918,-0.45382079180247925,-2.7209458321667788e-05,0.8310124059495643,3.0897235273398446e-05,4.66633502803668e-05,-0.5562538791107973,1.2,-1.2,0,0.7,0.35,0,0,-0.8906041864017209,0.014573387454690615,0.20034548188112541
31.16049999997273,0.0877002089224026,-0.45483526618527753,-2.725616524579917e-05,0.8305918505380727,3.09223159930763e-05,4.662693952425404e-05,-0.5568816523189465,1.2,-1.2,0,0.7,0.35,0,0,-0.890566912571234,0.014577813579318906,0.20032738340605902
31.18049999997268,0.08811077602420926,-0.45585033875910114,-2.7303037245862084e-05,0.8301708295639949,3.094732645936969e-05,4.659046891964376e-05,-0.5575090946456567,1.2,-1.2,0,0.7,0.35,0,0,-0.8905297203693422,0.0145822844231236,0.2003090040307774
31.200499999972635,0.08851979816466597,-0.45686600711767056,-2.7350074179737034e-05,0.8297493433100659,3.097226662066976e-05,4.655393857999581e-05,-0.5581362057329421,1.2,-1.2,0,0.7,0.35,0,0,-0.8904925570230456,0.014586753886361992,0.20029057240619333
31.22049999997259,0.08892727448677853,-0.45788226885408273,-2.739727590459853e-05,0.829327392059122,3.099713642551205e-05,4.651734861921083e-05,-0.5587629852233684,1.2,-1.2,0,0.7,0.35,0,0,-0.8904552590624948,0.014591197801179056,0.20027249044750542
31.240499999972542,0.0893332041376408,-0.45889912156082,-2.7444642276784075e-05,0.8289049760941076,3.1021935822559656e-05,4.648069915164404e-05,-0.5593894327600512,1.2,-1.2,0,0.7,0.35,0,0,-0.8904181001548381,0.01459570310736726,0.20025396416833055
31.260499999972495,0.08973758626843395,-0.4599165628297578,-2.7492173151887794e-05,0.8284820956980665,3.1046664760593035e-05,4.64439902921256e-05,-0.5600155479866602,1.2,-1.2,0,0.7,0.35,0,0,-0.8903808761320956,0.01460017712274151,0.2002356580763774
31.28049999997245,0.09014042003442553,-0.4609345902521723,-2.7539868384785925e-05,0.8280587511541473,3.107132318850411e-05,4.640722215597947e-05,-0.5606413305474158,1.2,-1.2,0,0.7,0.35,0,0,-0.890343562453266,0.014604647982915726,0.20021755014844259
31.300499999972402,0.09054170459496859,-0.46195320141874907,-2.758772782968955e-05,0.8276349427455915,3.109591105527962e-05,4.637039485903937e-05,-0.5612667800870941,1.2,-1.2,0,0.7,0.35,0,0,-0.8903064075415008,0.014609174981117795,0.20019897072715465
31.320499999972355,0.09094143911350108,-0.46297239391959216,-2.7635751339784455e-05,0.8272106707557335,3.1120428309997034e-05,4.633350851766832e-05,-0.5618918962510269,1.2,-1.2,0,0.7,0.35,0,0,-0.8902691225742979,0.014613657403195342,0.20018078211009593
31.34049999997231,0.09133962275754473,-0.46399216534422993,-2.768393876762777e-05,0.8267859354680056,3.1144874901814244e-05,4.629656324877454e-05,-0.5625166786851027,1.2,-1.2,0,0.7,0.35,0,0,-0.8902338764598222,0.014619494395491213,0.20016470014463986
31.360499999972262,0.09173625469870439,-0.46501251328162607,-2.7732289964930825e-05,0.8263607371659286,3.116925077996239e-05,4.625955916983185e-05,-0.5631411270357676,1.2,-1.2,0,0.7,0.35,0,0,-0.890199696435493,0.01462595711898228,0.20014918834813877
31.380499999972216,0.09213133411266723,-0.4660334353201858,-2.7780804782732655e-05,0.825935076133107,3.119355589373101e-05,4.6222496398894794e-05,-0.5637652409500266,1.2,-1.2,0,0.7,0.35,0,0,-0.8901667078817326,0.014633087418110001,0.2001338898464276
31.40049999997217,0.09252486017920172,-0.4670549290477651,-2.7829483071015956e-05,0.8255089526532317,3.121779019246448e-05,4.618537505461697e-05,-0.5643890200754477,1.2,-1.2,0,0.7,0.35,0,0,-0.8901344583263221,0.014640695255961018,0.20011895933788917
31.420499999972122,0.0929168320821569,-0.4680769920516783,-2.7878324679070254e-05,0.8250823670100796,3.124195362555372e-05,4.614819525626483e-05,-0.5650124640601553,1.2,-1.2,0,0.7,0.35,0,0,-0.8901025158803146,0.014648473128238004,0.20010428447438847
31.440499999972076,0.0933072490094617,-0.46909962191870735,-2.7927329455444044e-05,0.8246553194875024,3.1266046142423665e-05,4.611095712373744e-05,-0.5656355725528401,1.2,-1.2,0,0.7,0.35,0,0,-0.8900711351464592,0.014656435781627699,0.2000887505676985
31.46049999997203,0.0936961101531239,-0.4701228162351086,-2.797649724773648e-05,0.8242278103694306,3.1290067692527683e-05,4.6073660777584245e-05,-0.5662583452027545,1.2,-1.2,0,0.7,0.35,0,0,-0.8900400813512258,0.014664600834447233,0.20007314663360554
31.480499999971983,0.09408341470922926,-0.4711465725866222,-2.80258279026499e-05,0.8237998399398707,3.131401822534104e-05,4.603630633902043e-05,-0.5668807816597189,1.2,-1.2,0,0.7,0.35,0,0,-0.8900091296998345,0.014672901120282422,0.20005851627683233
31.500499999971936,0.09446916187794083,-0.4721708885584802,-2.8075321266196993e-05,0.8233714084829004,3.1337897690348564e-05,4.599889392993943e-05,-0.5675028815741147,1.2,-1.2,0,0.7,0.35,0,0,-0.8899788041127207,0.014681376369326302,0.20004286686861228
31.52049999997189,0.09485335086349794,-0.47319576173541456,-2.8124977183538927e-05,0.8229425162826671,3.136170603703988e-05,4.596142367293269e-05,-0.5681246445968919,1.2,-1.2,0,0.7,0.35,0,0,-0.8899486044988,0.014690034461795402,0.20002778853959938
31.540499999971843,0.09523598087421566,-0.4742211897016655,-2.8174795498780477e-05,0.8225131636233827,3.138544321490711e-05,4.592389569130517e-05,-0.5687460703795707,1.2,-1.2,0,0.7,0.35,0,0,-0.889918607646407,0.014698696816780361,0.20001302577752098
31.560499999971796,0.09561705112248348,-0.47524717004099026,-2.822477605520296e-05,0.8220833507893304,3.140910917342567e-05,4.5886310109087776e-05,-0.5693671585742377,1.2,-1.2,0,0.7,0.35,0,0,-0.8898887763595548,0.014707488551176418,0.1999981474168994
31.58049999997175,0.09599656082476485,-0.47627370033667055,-2.8274918695422458e-05,0.8216530780648491,3.1432703862057546e-05,4.584866705105662e-05,-0.5699879088335494,1.2,-1.2,0,0.7,0.35,0,0,-0.8898591470089315,0.014716133492841092,0.1999835087530337
31.600499999971703,0.09637450920159603,-0.47730077817152167,-2.832522326104998e-05,0.8212223457343429,3.145622723024226e-05,4.581096664274418e-05,-0.5706083208107343,1.2,-1.2,0,0.7,0.35,0,0,-0.8898294770524114,0.014724698966574874,0.19996965989640955
31.620499999971656,0.09675089547758534,-0.4783284011279011,-2.8375689592848182e-05,0.8207911540822639,3.147967922738655e-05,4.577320901045581e-05,-0.571228394159593,1.2,-1.2,0,0.7,0.35,0,0,-0.8898003760335869,0.014733171746376448,0.1999544837271213
31.64049999997161,0.09712571888141235,-0.4793565667877155,-2.8426317530467704e-05,0.8203595033931297,3.150305980286115e-05,4.5735394281284564e-05,-0.5718481285344987,1.2,-1.2,0,0.7,0.35,0,0,-0.8897712320000087,0.014741397613295506,0.19994028734840003
31.660499999971563,0.09749897864582686,-0.4803852727324303,-2.8477106912951862e-05,0.8199273939515016,3.1526368905994954e-05,4.5697522583122276e-05,-0.5724675235903974,1.2,-1.2,0,0.7,0.35,0,0,-0.8897420913903498,0.014749535533947354,0.19992657236820716
31.680499999971516,0.09787067400764794,-0.4814145165430779,-2.852805757832393e-05,0.8194948260419962,3.1549606486068674e-05,4.565959404467666e-05,-0.5730865789828119,1.2,-1.2,0,0.7,0.35,0,0,-0.889713206773987,0.014757558759845987,0.19991275535176786
31.70049999997147,0.09824080420776328,-0.4824442958002656,-2.857916936381147e-05,0.8190617999492709,3.1572772492308106e-05,4.562160879548202e-05,-0.5737052943678388,1.2,-1.2,0,0.7,0.35,0,0,-0.8896845806629141,0.014765442362474394,0.1998988349818664
31.720499999971423,0.09860936849112803,-0.48347460808418447,-2.8630442105522342e-05,0.8186283159580321,3.159586687387863e-05,4.558356696591459e-05,-0.5743236694021556,1.2,-1.2,0,0.7,0.35,0,0,-0.8896561645172415,0.014773179772762157,0.19988488040841498
31.740499999971377,0.0989763661067639,-0.48450545097461745,-2.8681875638863954e-05,0.8181943743530267,3.1618889579883465e-05,4.554546868720394e-05,-0.5749417037430102,1.2,-1.2,0,0.7,0.35,0,0,-0.8896279191186975,0.014780770861286291,0.19987094250295095
31.76049999997133,0.09934179630775823,-0.48553682205094767,-2.8733469798164483e-05,0.81775997541904,3.164184055935548e-05,4.5507314091447576e-05,-0.5755593970482361,1.2,-1.2,0,0.7,0.35,0,0,-0.8895998208634981,0.014788216909649923,0.19985704989284467
31.780499999971283,0.09970565835126319,-0.4865687188921676,-2.8785224416899932e-05,0.8173251194408963,3.166471976125244e-05,4.5469103311618105e-05,-0.576176748976242,1.2,-1.2,0,0.7,0.35,0,0,-0.8895718568882173,0.014795519266135483,0.19984321707621366
31.800499999971237,0.10006795149849464,-0.4876011390768868,-2.8837139327631435e-05,0.816889806703449,3.1687527134452106e-05,4.54308364815821e-05,-0.5767937591860206,1.2,-1.2,0,0.7,0.35,0,0,-0.8895440203705122,0.014802679120797885,0.19982945093701987
31.82049999997119,0.10042867501473107,-0.48863408018334015,-2.8889214361953715e-05,0.816454037491589,3.171026262775023e-05,4.539251373610422e-05,-0.5774104273371428,1.2,-1.2,0,0.7,0.35,0,0,-0.8895163076154166,0.014809697531096717,0.19981575453613265
31.840499999971144,0.10078782816931284,-0.4896675397893977,-2.8941449350669473e-05,0.816017812090235,3.173292618985612e-05,4.535413521086646e-05,-0.5780267530897608,1.2,-1.2,0,0.7,0.35,0,0,-0.8894887164827611,0.014816575473246127,0.19980212908430528
31.860499999971097,0.10114541292991304,-0.490701514190275,-2.899281111862338e-05,0.8155811302928467,3.1756741174166304e-05,4.5315280005858014e-05,-0.5786427367973068,1.2,-1.2,0,0.7,0.35,0,0,-0.8894643557415003,0.014822438051956955,0.19978974351229636
31.88049999997105,0.1015014445375765,-0.49173599600173656,-2.9038044640833143e-05,0.8151439885650849,3.178661233930717e-05,4.52747214415773e-05,-0.579258383492216,1.2,-1.2,0,0.7,0.35,0,0,-0.889440795459872,0.01482803194205533,0.19977780954435298
31.900499999971004,0.10185593936650938,-0.4927709848117127,-2.907399284443367e-05,0.8147063807439363,3.181984068034636e-05,4.523570893366029e-05,-0.5798737018664868,1.2,-1.2,0,0.7,0.35,0,0,-0.8894183697540258,0.01483350865765757,0.199766577582965
31.920499999970957,0.10220890341442404,-0.4938064834050819,-2.910285869305916e-05,0.8142683034190665,3.185388148713225e-05,4.519913262653242e-05,-0.5804886966939191,1.2,-1.2,0,0.7,0.35,0,0,-0.8893967620238674,0.014839012848330377,0.19975591303318935
31.94049999997091,0.10256033808097881,-0.4948424936443005,-2.9127605857876144e-05,0.8138297549546188,3.188802458725861e-05,4.516423609477539e-05,-0.5811033702310211,1.2,-1.2,0,0.7,0.35,0,0,-0.8893759247732739,0.014844621369492536,0.19974584058502776
31.960499999970864,0.10291024378367221,-0.49587901635205645,-2.91501701080994e-05,0.8133907342957087,3.192214508194088e-05,4.513027048093541e-05,-0.5817177239057825,1.2,-1.2,0,0.7,0.35,0,0,-0.8893554043395756,0.014850390976921275,0.1997360818967577
31.980499999970817,0.10325862060743979,-0.49691605167106784,-2.9171629201040495e-05,0.8129512406864792,3.1956250260992956e-05,4.50967585386383e-05,-0.5823317587178248,1.2,-1.2,0,0.7,0.35,0,0,-0.8893351203176818,0.014856330749848797,0.19972653754972525
32.00049999997077,0.10360546845802193,-0.49795359926833166,-2.9192550351718616e-05,0.8125112735744779,3.19903563547956e-05,4.506343855241054e-05,-0.5829454753750835,1.2,-1.2,0,0.7,0.35,0,0,-0.8893151032651198,0.014862433647734168,0.1997171865778057
32.020499999970866,0.1039507871150877,-0.4989916584453644,-2.921322734945163e-05,0.8120708325632017,3.202446793220688e-05,4.503017732197098e-05,-0.5835588743621561,1.2,-1.2,0,0.7,0.35,0,0,-0.8892958179201579,0.014868527035795323,0.19970836565561878
32.04049999997096,0.10429457626001301,-0.5000302282097222,-2.9233813563197794e-05,0.8116299173808293,3.205858106981041e-05,4.499690970386863e-05,-0.5841719559854912,1.2,-1.2,0,0.7,0.35,0,0,-0.8892780070940446,0.014874152140299622,0.19970078986183457
32.06049999997106,0.10463683549527647,-0.5010693073291878,-2.9254391253568526e-05,0.8111885278564668,3.209268844937029e-05,4.496360434540646e-05,-0.5847847204077685,1.2,-1.2,0,0.7,0.35,0,0,-0.8892617224324741,0.014879067524934486,0.19969511654051464
32.08049999997115,0.1049775643597933,-0.5021088943756162,-2.9275006549005475e-05,0.8107466639011095,3.212678236264045e-05,4.493024605878351e-05,-0.5853971676753864,1.2,-1.2,0,0.7,0.35,0,0,-0.8892463882559131,0.01488365910536976,0.19968980021710497
32.10049999997125,0.10531676234144484,-0.5031489877609403,-2.929568687870085e-05,0.8103043254922131,3.216085594922537e-05,4.4896827254897754e-05,-0.5860092977407123,1.2,-1.2,0,0.7,0.35,0,0,-0.8892316455925334,0.01488794987060434,0.19968446704924503
32.120499999971344,0.10565442888733557,-0.5041895857666686,-2.93164496657032e-05,0.8098615126611799,3.219490350061319e-05,4.486334392389396e-05,-0.5866211104801083,1.2,-1.2,0,0.7,0.35,0,0,-0.8892173272952075,0.01489194317875793,0.19967917509499825
32.14049999997144,0.10599056341214533,-0.5052306865679352,-2.9337306713221177e-05,0.809418225483211,3.222892038377287e-05,4.48297937849681e-05,-0.5872326057085017,1.2,-1.2,0,0.7,0.35,0,0,-0.8892041735275186,0.014895352515629097,0.1996746517313212
32.160499999971535,0.10632516530489816,-0.5062722882530325,-2.935826646995618e-05,0.8089744640691138,3.2262902856239834e-05,4.479617543738834e-05,-0.5878437831911603,1.2,-1.2,0,0.7,0.35,0,0,-0.8891922884682346,0.01489826837488357,0.19967095786823819
32.18049999997163,0.10665823393443306,-0.5073143888392461,-2.9379335244975705e-05,0.8085302285586718,3.2296847881032356e-05,4.476248796446049e-05,-0.5884546426531924,1.2,-1.2,0,0.7,0.35,0,0,-0.8891808071135394,0.014901097026950099,0.19966731697032872
32.200499999971726,0.10698976865381961,-0.5083569862856853,-2.940051789211998e-05,0.808085519115263,3.233075297364481e-05,4.4728730740978296e-05,-0.5890651837872255,1.2,-1.2,0,0.7,0.35,0,0,-0.8891695978265644,0.014903885943408923,0.19966367222593184
32.22049999997182,0.10731976880392204,-0.5094000785036855,-2.942181822048252e-05,0.8076403359215311,3.236461608374907e-05,4.469490333291725e-05,-0.5896754062596266,1.2,-1.2,0,0.7,0.35,0,0,-0.889159140296307,0.01490632891467043,0.19966039914000616
32.24049999997192,0.10764823371627859,-0.5104436633652478,-2.944323925778889e-05,0.8071946791758423,3.239843550548238e-05,4.466100544028057e-05,-0.5902853097155167,1.2,-1.2,0,0.7,0.35,0,0,-0.8891493886498866,0.014908378823956145,0.1996577304884517
32.26049999997201,0.10797516271542909,-0.5114877387098942,-2.9464783429513094e-05,0.8067485490894438,3.2432209809146426e-05,4.4627036861338815e-05,-0.59089489378286,1.2,-1.2,0,0.7,0.35,0,0,-0.8891377814877773,0.014909943114606547,0.19965804584653632
32.28049999997211,0.10830055512079965,-0.5125323023502438,-2.9486452688137364e-05,0.8063019458841169,3.246593778849362e-05,4.459299746840428e-05,-0.5915041580757601,1.2,-1.2,0,0.7,0.35,0,0,-0.8891262319402128,0.014911471688771997,0.19965789874597348
32.3004999999722,0.10862441024823051,-0.5135773520765547,-2.9508248609228628e-05,0.8058548697902986,3.249961841937283e-05,4.4558887190490306e-05,-0.5921131021971592,1.2,-1.2,0,0.7,0.35,0,0,-0.8891155752775428,0.014913025442906878,0.19965647422824148
32.3204999999723,0.10894672741121636,-0.5146228856604265,-2.953017246637424e-05,0.8054073210455291,3.253325082675392e-05,4.452470600045985e-05,-0.5927217257410102,1.2,-1.2,0,0.7,0.35,0,0,-0.889105609759003,0.014914598450183385,0.19965420444230933
32.340499999972394,0.10926750592191464,-0.5156689008578254,-2.9552225289133873e-05,0.8049592998932045,3.256683425811803e-05,4.4490453905332255e-05,-0.5933300282940704,1.2,-1.2,0,0.7,0.35,0,0,-0.8890960709714486,0.01491616652317057,0.19965150354125485
32.36049999997249,0.10958674509196654,-0.5167153954115545,-2.957440790980572e-05,0.8045108065815403,3.260036806173327e-05,4.4456130938910995e-05,-0.5939380094373387,1.2,-1.2,0,0.7,0.35,0,0,-0.8890873086952982,0.014917520693420727,0.19964893540654735
32.380499999972585,0.10990444423316577,-0.517762367053277,-2.959672100049197e-05,0.804061841362736,3.263385166881718e-05,4.44217371561544e-05,-0.5945456687472429,1.2,-1.2,0,0.7,0.35,0,0,-0.889078971713837,0.014918797749526232,0.19964642744205457
32.40049999997268,0.11022060265800526,-0.5188098135051717,-2.9619165103258544e-05,0.8036124044922979,3.2667284578801094e-05,4.43872726288758e-05,-0.5951530057965991,1.2,-1.2,0,0.7,0.35,0,0,-0.8890707772613347,0.014920027855942014,0.19964387264054886
32.420499999972776,0.11053521968012303,-0.5198577324812903,-2.96417406544415e-05,0.8031624962284668,3.270066634712296e-05,4.435273744246017e-05,-0.5957600201553978,1.2,-1.2,0,0.7,0.35,0,0,-0.8890626642719316,0.014921229249741881,0.199641298201171
32.44049999997287,0.1108482946146678,-0.5209061216886697,-2.966444800434915e-05,0.8027121168317719,3.27339965750983e-05,4.431813169335576e-05,-0.5963667113914434,1.2,-1.2,0,0.7,0.35,0,0,-0.8890546175896007,0.014922399252888545,0.1996387289275856
32.46049999997297,0.11115982677859793,-0.521954978828245,-2.9687287433453495e-05,0.8022612665646528,3.276727490151713e-05,4.4283455487153606e-05,-0.5969730790708748,1.2,-1.2,0,0.7,0.35,0,0,-0.8890466248543225,0.014923523045436057,0.19963617850012838
32.48049999997306,0.11146981549092738,-0.5230043015955996,-2.9710259165363854e-05,0.8018099456911578,3.2800500995679923e-05,4.424870893710839e-05,-0.5975791227585866,1.2,-1.2,0,0.7,0.35,0,0,-0.8890386795166133,0.014924597288113954,0.19963365084914858
32.50049999997316,0.11177826007292699,-0.5240540876815802,-2.9733363377419166e-05,0.8013581544766912,3.283367455163239e-05,4.421389216299349e-05,-0.5981848420185799,1.2,-1.2,0,0.7,0.35,0,0,-0.8890307779026917,0.014925623715469124,0.1996311460267316
32.520499999973254,0.11208515984829086,-0.525104334772803,-2.9756600209561076e-05,0.8009058931878177,3.286679528341104e-05,4.417900529020253e-05,-0.5987902364142326,1.2,-1.2,0,0.7,0.35,0,0,-0.8890229173132995,0.014926604525372181,0.1996286632077956
32.54049999997335,0.11239051414327317,-0.5261550405520683,-2.977996977111198e-05,0.8004531620920929,3.289986292113284e-05,4.4144048449041995e-05,-0.599395305508536,1.2,-1.2,0,0.7,0.35,0,0,-0.8890150955579262,0.014927541821330242,0.1996262014416372
32.560499999973445,0.11269432228680147,-0.5272062026987038,-2.9803472146783143e-05,0.7999999614579324,3.293287720779494e-05,4.410902177415094e-05,-0.6000000488642702,1.2,-1.2,0,0.7,0.35,0,0,-0.8890073107422356,0.014928437576090723,0.19962375980150981
32.58049999997354,0.11299658361057048,-0.528257818888845,-2.9827107401089786e-05,0.7995462915545019,3.296583789666836e-05,4.407392540403378e-05,-0.6006044660441554,1.2,-1.2,0,0.7,0.35,0,0,-0.8889995611554521,0.014929293650509464,0.19962133740289967
32.600499999973636,0.11329729744912029,-0.5293098867956696,-2.9850875582206474e-05,0.7990921526516351,3.2998744749182224e-05,4.403875948066734e-05,-0.6012085566109712,1.2,-1.2,0,0.7,0.35,0,0,-0.8889916633641265,0.014930014697528964,0.19961970501932164
32.62049999997373,0.1135964631399016,-0.530362404089589,-2.9874776725115895e-05,0.798637545019753,3.3031597533218485e-05,4.400352414916594e-05,-0.6018123201276496,1.2,-1.2,0,0.7,0.35,0,0,-0.8889836729647307,0.014930530305780978,0.19961908284873375
32.64049999997383,0.11389408002333073,-0.531415368438408,-2.9898810854014477e-05,0.798182468929821,3.306439602174102e-05,4.3968219557495106e-05,-0.6024157561573548,1.2,-1.2,0,0.7,0.35,0,0,-0.8889760120899255,0.014930991105000065,0.1996180388797655
32.66049999997392,0.11419014744283597,-0.5324687775074579,-2.992297798433877e-05,0.7977269246532888,3.30971399917119e-05,4.3932845856224966e-05,-0.603018864263541,1.2,-1.2,0,0.7,0.35,0,0,-0.8889686118623187,0.014931404737395666,0.1996166780245269
32.68049999997402,0.11448466474489682,-0.5335226289597085,-2.9947278124338948e-05,0.7972709124620643,3.312982922322932e-05,4.389740319831225e-05,-0.6036216440100041,1.2,-1.2,0,0.7,0.35,0,0,-0.8889614176319232,0.014931793188761908,0.19961500462453852
32.70049999997411,0.11477763127907849,-0.5345769204558606,-2.9971711276501054e-05,0.79681443262848,3.3162463498844915e-05,4.386189173890889e-05,-0.6042240949609161,1.2,-1.2,0,0.7,0.35,0,0,-0.8889543382529471,0.014932154228509067,0.1996132117945653
32.72049999997421,0.11506904639806079,-0.5356316496544267,-2.9996277438476302e-05,0.7963574854252735,3.3195042603040714e-05,4.3826311635193925e-05,-0.6048262166808585,1.2,-1.2,0,0.7,0.35,0,0,-0.8889473003676005,0.014932461687178968,0.19961158844253515
32.740499999974304,0.1153589094576642,-0.5366868142117982,-3.0020976604005138e-05,0.7959000711255586,3.322756632181371e-05,4.37906630462298e-05,-0.6054280087348431,1.2,-1.2,0,0.7,0.35,0,0,-0.8889403428466409,0.01493273660465493,0.19960993112909725
32.7604999999744,0.11564721981687241,-0.5377424117823059,-3.004580876353291e-05,0.7954421900028277,3.326003444235623e-05,4.375494613283072e-05,-0.6060294706883321,1.2,-1.2,0,0.7,0.35,0,0,-0.8889334538270057,0.014932981646212382,0.19960825183330178
32.780499999974495,0.11593397683785293,-0.5387984400182696,-3.0070773904768817e-05,0.7949838423309229,3.329244675282371e-05,4.371916105745579e-05,-0.6066306021072533,1.2,-1.2,0,0.7,0.35,0,0,-0.88892662448971,0.014933201020438176,0.19960654949665468
32.80049999997459,0.1162191798859752,-0.5398548965700435,-3.0095872013183052e-05,0.7945250283840414,3.332480304214732e-05,4.368330798410598e-05,-0.6072314025580069,1.2,-1.2,0,0.7,0.35,0,0,-0.8889198450849475,0.014933396960066344,0.19960483715519764
32.820499999974686,0.11650282832982757,-0.5409117790860578,-3.012110307238449e-05,0.7940657484367145,3.335710309989381e-05,4.3647387078242354e-05,-0.6078318716074774,1.2,-1.2,0,0.7,0.35,0,0,-0.8889131093704346,0.014933572187027259,0.19960311717625667
32.84049999997478,0.11678492154123278,-0.5419690852128545,-3.0146467064233317e-05,0.7936060027638149,3.3389346716169665e-05,4.361139850671145e-05,-0.6084320088230378,1.2,-1.2,0,0.7,0.35,0,0,-0.8889064142777874,0.01493372992730791,0.1996013812821639
32.86049999997488,0.11706545889526217,-0.5430268125951203,-3.0171963969314395e-05,0.7931457916405426,3.3421533681538825e-05,4.357534243768364e-05,-0.6090318137725531,1.2,-1.2,0,0.7,0.35,0,0,-0.8888997517545046,0.014933870647134294,0.19959964864193244
32.88049999997497,0.11734443977024935,-0.544084958875718,-3.0197593766934182e-05,0.7926851153424306,3.345366378697691e-05,4.3539219040596754e-05,-0.6096312860243862,1.2,-1.2,0,0.7,0.35,0,0,-0.8888931203005644,0.01493399687163466,0.19959791092764365
32.90049999997507,0.1176218635478029,-0.5451435216957159,-3.022335643535564e-05,0.7922239741453287,3.348573682383023e-05,4.350302848610899e-05,-0.610230425147396,1.2,-1.2,0,0.7,0.35,0,0,-0.8888865186013285,0.014934110789932653,0.1995961606169314
32.92049999997516,0.11789772961281868,-0.5462024986944127,-3.024925195187669e-05,0.7917623683254226,3.3517752583788526e-05,4.346677094606452e-05,-0.6108292307109406,1.2,-1.2,0,0.7,0.35,0,0,-0.8888799413842553,0.014934212966711888,0.19959440878508566
32.94049999997526,0.11817203735349108,-0.547261887509365,-3.027528029318434e-05,0.7913002981592068,3.3549710858871326e-05,4.343044659344401e-05,-0.6114277022848774,1.2,-1.2,0,0.7,0.35,0,0,-0.8888733875642254,0.014934305105418978,0.19959264957992387
32.960499999975355,0.1184447861613246,-0.5483216857764106,-3.03014414349462e-05,0.7908377639235054,3.3581611441419376e-05,4.3394055602344e-05,-0.6120258394395616,1.2,-1.2,0,0.7,0.35,0,0,-0.8888668559338655,0.014934388621234997,0.19959087879362658
32.98049999997545,0.11871597543114433,-0.549381891129693,-3.0327735352285346e-05,0.7903747658954631,3.3613454124096324e-05,4.335759814794799e-05,-0.6126236417458489,1.2,-1.2,0,0.7,0.35,0,0,-0.8888603427109898,0.014934463823461952,0.1995891049635063
33.000499999975546,0.11898560456110648,-0.550442501201683,-3.035416201979151e-05,0.7899113043525401,3.364523869988649e-05,4.332107440649371e-05,-0.6132211087750907,1.2,-1.2,0,0.7,0.35,0,0,-0.888853844339827,0.014934531112027931,0.1995873353023405
33.02049999997564,0.11925367295270839,-0.5515035136232016,-3.038072141151031e-05,0.7894473795725189,3.3676964962098644e-05,4.328448455525344e-05,-0.6138182400991339,1.2,-1.2,0,0.7,0.35,0,0,-0.8888473630130589,0.014934592374644123,0.19958555402953884
33.04049999997574,0.11952018001079846,-0.5525649260234403,-3.040741350081665e-05,0.7889829918335023,3.370863270437951e-05,4.324782877251071e-05,-0.6144150352903219,1.2,-1.2,0,0.7,0.35,0,0,-0.8888408946797156,0.014934647415031688,0.1995837730487353
33.06049999997583,0.11978512514358564,-0.5536267360299838,-3.043423826071989e-05,0.7885181414139127,3.374024172072387e-05,4.321110723754009e-05,-0.6150114939214915,1.2,-1.2,0,0.7,0.35,0,0,-0.8888344378023474,0.014934696655292654,0.19958199442477872
33.08049999997593,0.12004850776264894,-0.5546889412688294,-3.046119566376248e-05,0.7880528285924908,3.377179180548188e-05,4.317432013058464e-05,-0.61560761556597,1.2,-1.2,0,0.7,0.35,0,0,-0.8888279936194977,0.014934741709318968,0.19958020539220694
33.10049999997602,0.12031032728294623,-0.5557515393644065,-3.0488285682004193e-05,0.7875870536482977,3.380328275338436e-05,4.313746763283709e-05,-0.6162033997975751,1.2,-1.2,0,0.7,0.35,0,0,-0.8888215588367322,0.014934782195375683,0.19957841714755012
33.12049999997612,0.12057058312282345,-0.5568145279395971,-3.051550828696242e-05,0.787120816860717,3.3834714359553494e-05,4.3100549926418406e-05,-0.616798846190614,1.2,-1.2,0,0.7,0.35,0,0,-0.8888151347455023,0.014934818627955735,0.19957662456647451
33.140499999976214,0.12082927470402331,-0.5578779046157567,-3.054286344984684e-05,0.7866541185094515,3.386608641952188e-05,4.3063567194356746e-05,-0.6173939543198789,1.2,-1.2,0,0.7,0.35,0,0,-0.8888087211968859,0.014934852003428272,0.19957482172284233
33.16049999997631,0.12108639246259077,-0.5589416698892723,-3.05659319977824e-05,0.7861869604591137,3.3897707568070633e-05,4.302823676048583e-05,-0.6179887217446417,1.2,-1.2,0,0.7,0.35,0,0,-0.888802313734069,0.014934881789658285,0.19957302304419583
33.180499999976405,0.12134191355486067,-0.5600058320002174,-3.0575686085944714e-05,0.7857193458057996,3.393028851431643e-05,4.2998040341854264e-05,-0.6185831444732468,1.2,-1.2,0,0.7,0.35,0,0,-0.8887959112770276,0.014934908380118067,0.19957122882253853
33.2004999999765,0.12159583315258968,-0.5610703968353848,-3.0574765076730385e-05,0.7852512732111349,3.3963737316205906e-05,4.297191636888798e-05,-0.6191772241613628,1.2,-1.2,0,0.7,0.35,0,0,-0.8887895197819107,0.014934933337629287,0.1995694157660766
33.220499999976596,0.12184815120920649,-0.5621353679564544,-3.056756501052691e-05,0.784782740607559,3.3997774653630643e-05,4.294813021068774e-05,-0.6197709633760669,1.2,-1.2,0,0.7,0.35,0,0,-0.8887831326024623,0.014934956546571697,0.19956759913369213
33.24049999997669,0.12209886798535144,-0.5632007475420743,-3.0557012125369284e-05,0.7843137462779672,3.4032190680265186e-05,4.292553139089604e-05,-0.6203643642236618,1.2,-1.2,0,0.7,0.35,0,0,-0.8887767463054862,0.014934977312497866,0.1995657923157178
33.26049999997679,0.12234798357204507,-0.5642665367831394,-3.054473793774983e-05,0.7838442889085677,3.406684985378137e-05,4.290348862766993e-05,-0.6209574282864825,1.2,-1.2,0,0.7,0.35,0,0,-0.888770365729388,0.014934996736082366,0.1995639772744136
33.28049999997688,0.12259549788182769,-0.5653327361199144,-3.0531597465998967e-05,0.7833743675183682,3.410166548320162e-05,4.288168248171428e-05,-0.6215501567157989,1.2,-1.2,0,0.7,0.35,0,0,-0.8887639895189784,0.014935015095016373,0.1995621551886936
33.30049999997698,0.12284141068212609,-0.5663993454048667,-3.051802968654313e-05,0.7829039813898898,3.4136581209611356e-05,4.28599581397969e-05,-0.6221425503223337,1.2,-1.2,0,0.7,0.35,0,0,-0.8887576158856895,0.014935032556031555,0.1995603289588173
33.32049999997707,0.1230857216250744,-0.5674663640227936,-3.050426025912497e-05,0.7824331300143266,3.4171559742380005e-05,4.283824240096933e-05,-0.6227346096477795,1.2,-1.2,0,0.7,0.35,0,0,-0.8887512436553868,0.014935049230183841,0.19955850055401625
33.34049999997717,0.12332843027125569,-0.56853379098315,-3.0490407209956338e-05,0.7819618130491979,3.42065759474703e-05,4.281650111036598e-05,-0.6233263350200029,1.2,-1.2,0,0.7,0.35,0,0,-0.8887448721771303,0.014935065191380336,0.19955667107034158
33.360499999977264,0.12356953610858047,-0.5696016249925681,-3.0476534291634435e-05,0.7814900302854058,3.4241612499217143e-05,4.279471841329355e-05,-0.6239177265959346,1.2,-1.2,0,0.7,0.35,0,0,-0.8887385011127593,0.014935080491024681,0.19955484107673194
33.38049999997736,0.12380903856737523,-0.5706698645124834,-3.046267758732575e-05,0.7810177816213534,3.4276657126345e-05,4.277288694271126e-05,-0.6245087843952657,1.2,-1.2,0,0.7,0.35,0,0,-0.8887321302915377,0.014935095167634761,0.19955301085990892
33.400499999977455,0.12404693703247402,-0.5717385078052336,-3.0448858754295986e-05,0.7805450670423963,3.431170087652633e-05,4.275100325878389e-05,-0.6250995083271471,1.2,-1.2,0,0.7,0.35,0,0,-0.8887257596283865,0.014935109252403484,0.19955118056242793
33.42049999997755,0.1242832308529233,-0.5728075529711071,-3.0435091660121468e-05,0.7800718866044241,3.434673702839207e-05,4.27290657472817e-05,-0.6256898982115202,1.2,-1.2,0,0.7,0.35,0,0,-0.8887193890811741,0.01493512277223763,0.199549350254712
33.440499999977646,0.12451791934978246,-0.5738769979782165,-3.0421385758429864e-05,0.7795982404206566,3.4381760407562704e-05,4.270707365188302e-05,-0.6262799537962374,1.2,-1.2,0,0.7,0.35,0,0,-0.8887130186290988,0.014935135751383754,0.19954751997144055
33.46049999997774,0.12475100182240302,-0.5749468406866597,-3.0407747848742628e-05,0.7791241286509808,3.441676695036426e-05,4.268502662576147e-05,-0.6268696747708614,1.2,-1.2,0,0.7,0.35,0,0,-0.8887066482619077,0.014935148212295869,0.19954568972966297
33.48049999997784,0.12498247755349044,-0.5760170788680974,-3.039418302754466e-05,0.7786495514933245,3.4451753417913004e-05,4.2662924521127324e-05,-0.6274590607778294,1.2,-1.2,0,0.7,0.35,0,0,-0.8887002779745509,0.014935160176103576,0.19954385953775283
33.50049999997793,0.1252123458131902,-0.5770877102216487,-3.0380695228562322e-05,0.7781745091766569,3.448671720171759e-05,4.264076728867348e-05,-0.6280481114214891,1.2,-1.2,0,0.7,0.35,0,0,-0.8886939077645436,0.014935171662870977,0.19954202939981885
33.52049999997803,0.12544060586239036,-0.5781587323868117,-3.036728754833598e-05,0.7776990019552976,3.4521656185897106e-05,4.261855492853585e-05,-0.6286368262754325,1.2,-1.2,0,0.7,0.35,0,0,-0.8886875376306651,0.014935182691746174,0.19954019931787498
33.540499999978124,0.12566725695539283,-0.5792301429539772,-3.0353962455273654e-05,0.7772230301042826,3.455656864552442e-05,4.259628746597686e-05,-0.6292252048884542,1.2,-1.2,0,0.7,0.35,0,0,-0.8886811675723165,0.014935193281053338,0.19953836929290658
33.56049999997822,0.12589229834207677,-0.5803019394729851,-3.034072193259741e-05,0.7767465939156052,3.459145316900253e-05,4.2573964939229953e-05,-0.6298132467893899,1.2,-1.2,0,0.7,0.35,0,0,-0.8886747975892048,0.014935203448354393,0.19953653932539403
33.580499999978315,0.1261157292696502,-0.5813741194600958,-3.0327567581696967e-05,0.7762696936951502,3.4626308597222615e-05,4.255158739351013e-05,-0.6304009514910476,1.2,-1.2,0,0.7,0.35,0,0,-0.8886684276811889,0.014935213210494389,0.19953470941557
33.60049999997841,0.12633754898406985,-0.5824466804036623,-3.031450069967517e-05,0.7757923297601956,3.466113397500829e-05,4.252915487822045e-05,-0.6309883184933981,1.2,-1.2,0,0.7,0.35,0,0,-0.8886620578482004,0.014935222583637877,0.19953287956354598
33.620499999978506,0.12655775673119188,-0.583519619768751,-3.0301522339240823e-05,0.7753145024373812,3.4695928511914144e-05,4.250666744581162e-05,-0.6315753472861741,1.2,-1.2,0,0.7,0.35,0,0,-0.8886556880902073,0.014935231583300086,0.1995310497693736
33.6404999999786,0.1267763517577053,-0.5845929350008993,-3.028863335609764e-05,0.7748362120610707,3.4730691550394255e-05,4.248412515148375e-05,-0.6321620373509695,1.2,-1.2,0,0.7,0.35,0,0,-0.8886493184071957,0.014935240224374952,0.19952922003307572
33.6604999999787,0.12699333331188817,-0.5856666235291723,-3.027583444693646e-05,0.7743574589720073,3.476542253987713e-05,4.24615280532823e-05,-0.6327483881629411,1.2,-1.2,0,0.7,0.35,0,0,-0.8886429487991597,0.014935248521160974,0.19952739035466077
33.68049999997879,0.12720870064422085,-0.5867406827686471,-3.0263126179738558e-05,0.7738782435162228,3.480012101566687e-05,4.2438876212333256e-05,-0.6333343991921957,1.2,-1.2,0,0.7,0.35,0,0,-0.8886365792660983,0.014935256487385596,0.19952556073413047
33.70049999997889,0.1274224530078843,-0.5878151101224268,-3.0250509018487405e-05,0.7733985660441667,3.483478658179487e-05,4.2416169693072055e-05,-0.633920069904899,1.2,-1.2,0,0.7,0.35,0,0,-0.8886302098080113,0.014935264136228239,0.19952373117148317
33.72049999997898,0.12763458965916352,-0.5888899029832798,-3.0237983343204145e-05,0.7729184269099983,3.48694188971265e-05,4.239340856341812e-05,-0.6345053997641757,1.2,-1.2,0,0.7,0.35,0,0,-0.8886238404248997,0.01493527148034237,0.1995219016667157
33.74049999997908,0.1278451098577767,-0.5899650587349629,-3.022554946615853e-05,0.7724378264710011,3.490401766416042e-05,4.237059289484083e-05,-0.6350903882308395,1.2,-1.2,0,0.7,0.35,0,0,-0.8886174711167651,0.014935278531876584,0.19952007221982426
33.760499999979174,0.1280540128671417,-0.591040574753299,-3.0213207644837265e-05,0.7719567650871312,3.493858262002072e-05,4.23477227623301e-05,-0.635675034763971,1.2,-1.2,0,0.7,0.35,0,0,-0.8886111018836087,0.01493528530249476,0.19951824283080474
33.78049999997927,0.12826129795459418,-0.5921164484070477,-3.0200958092811886e-05,0.7714752431206479,3.497311352926447e-05,4.232479824427027e-05,-0.63625933882139,1.2,-1.2,0,0.7,0.35,0,0,-0.8886047327254318,0.01493529180339547,0.199516413499653
33.800499999979365,0.12846696439156574,-0.5931926770586112,-3.0188800988379952e-05,0.770993260935799,3.500761017814757e-05,4.230181942223974e-05,-0.6368432998600259,1.2,-1.2,0,0.7,0.35,0,0,-0.8885983636422353,0.014935298045330548,0.19951458422636473
33.82049999997946,0.1286710114537302,-0.5942692580646072,-3.0176736481188427e-05,0.7705108188985998,3.504207237009726e-05,4.227878638075652e-05,-0.6374269173362275,1.2,-1.2,0,0.7,0.35,0,0,-0.8885919946340205,0.014935304038622936,0.19951275501093585
33.840499999979556,0.1288734384211241,-0.5953461887763344,-3.0164764698131407e-05,0.7700279173766335,3.5076499922134316e-05,4.225569920699259e-05,-0.638010190705995,1.2,-1.2,0,0.7,0.35,0,0,-0.8885856257007877,0.014935309793183785,0.19951092585336244
33.86049999997965,0.1290742445782467,-0.5964234665401512,-3.0152885747890532e-05,0.7695445567388924,3.511089266207085e-05,4.223255799046127e-05,-0.6385931194251773,1.2,-1.2,0,0.7,0.35,0,0,-0.8885792568425378,0.01493531531852892,0.1995090967536405
33.88049999997975,0.1292734292141441,-0.5975010886977864,-3.0141099724205027e-05,0.7690607373556626,3.514525042631654e-05,4.2209362822707075e-05,-0.6391757029496231,1.2,-1.2,0,0.7,0.35,0,0,-0.8885728880592711,0.014935320623794608,0.19950726771176608
33.90049999997984,0.12947099162247888,-0.5985790525865914,-3.0129406708936453e-05,0.7685764595984267,3.517957305816826e-05,4.218611379701184e-05,-0.6397579407353056,1.2,-1.2,0,0.7,0.35,0,0,-0.8885665193509881,0.014935325717752718,0.19950543872773552
33.92049999997994,0.1296669311015912,-0.5996573555397503,-3.0117806774514263e-05,0.768091723839774,3.5213860406482806e-05,4.216281100810559e-05,-0.6403398322384175,1.2,-1.2,0,0.7,0.35,0,0,-0.8885601507176889,0.014935330608825246,0.1995036098015449
33.940499999980034,0.12986124695454931,-0.6007359948864541,-3.0106299985501676e-05,0.7676065304533524,3.524811232464088e-05,4.213945455191916e-05,-0.6409213769154549,1.2,-1.2,0,0.7,0.35,0,0,-0.8885537821593735,0.01493533530509829,0.19950178093319074
33.96049999998013,0.13005393848919525,-0.6018149679520464,-3.009488640030444e-05,0.7671208798138105,3.5282328669739765e-05,4.211604452535314e-05,-0.6415025742232701,1.2,-1.2,0,0.7,0.35,0,0,-0.8885474136760421,0.014935339814335468,0.1994999521226693
33.980499999980225,0.13024500501818428,-0.6028942720581444,-3.0083566072121008e-05,0.7666347722967528,3.53165093019691e-05,4.2092581026077514e-05,-0.6420834236191317,1.2,-1.2,0,0.7,0.35,0,0,-0.8885410452676944,0.01493534414399077,0.1994981233699771
34.00049999998032,0.13043444585901992,-0.6039739045227447,-3.0072339049847686e-05,0.7661482082787179,3.5350654084116044e-05,4.206906415236591e-05,-0.6426639245607567,1.2,-1.2,0,0.7,0.35,0,0,-0.8885346769343303,0.014935348301220907,0.1994962946751106
34.020499999980416,0.1306222603340859,-0.6050538626603139,-3.0061205378937007e-05,0.7656611881371489,3.5384762881181795e-05,4.204549400295314e-05,-0.6432440765063482,1.2,-1.2,0,0.7,0.35,0,0,-0.8885283086759492,0.014935352292897202,0.1994944660380666
34.04049999998051,0.13080844777067505,-0.6061341437818673,-3.0050165102018867e-05,0.7651737122503651,3.541883556006543e-05,4.2021870676923486e-05,-0.6438238789146179,1.2,-1.2,0,0.7,0.35,0,0,-0.8885219404925511,0.014935356125616965,0.1994926374588412
34.06049999998061,0.13099300750101692,-0.6072147451950355,-3.0039218259270962e-05,0.7646857809975545,3.545287198932545e-05,4.1998194273610776e-05,-0.6444033312448066,1.2,-1.2,0,0.7,0.35,0,0,-0.8885155723841355,0.014935359805714431,0.1994908089374313
34.0804999999807,0.13117593886230178,-0.6082956642041302,-3.0028364888782507e-05,0.7641973947587609,3.548687203897797e-05,4.197446489252364e-05,-0.6449824329567041,1.2,-1.2,0,0.7,0.35,0,0,-0.8885092043507016,0.014935363339271243,0.1994889804738335
34.1004999999808,0.13135724119670458,-0.6093768981101971,-3.0017605027011538e-05,0.7637085539148621,3.5520835580327564e-05,4.195068263329336e-05,-0.6455611835106587,1.2,-1.2,0,0.7,0.35,0,0,-0.8885028363922488,0.01493536673212654,0.19948715206804465
34.12049999998089,0.13153691385140712,-0.610458444211068,-3.000693870883725e-05,0.763219258847569,3.555476248584134e-05,4.192684759562587e-05,-0.6461395823675913,1.2,-1.2,0,0.7,0.35,0,0,-0.8884964685087767,0.014935369989886642,0.1994853237200614
34.14049999998099,0.13171495617861909,-0.6115402998014069,-2.9996365967829435e-05,0.762729509939424,3.558865262903166e-05,4.1902959879262235e-05,-0.6467176289890023,1.2,-1.2,0,0.7,0.35,0,0,-0.8884901007002847,0.014935373117934332,0.1994834954298805
34.160499999981084,0.13189136753559882,-0.6126224621727543,-2.9985886836673638e-05,0.7622393075737813,3.562250588436697e-05,4.187901958395526e-05,-0.6472953228369792,1.2,-1.2,0,0.7,0.35,0,0,-0.8884837329667719,0.014935376121437772,0.19948166719749877
34.18049999998118,0.13206614728467245,-0.6137049286135683,-2.997550134689637e-05,0.7617486521348088,3.5656322127199405e-05,4.1855026809445816e-05,-0.6478726633742038,1.2,-1.2,0,0.7,0.35,0,0,-0.8884773653082373,0.014935379005359073,0.19947983902291297
34.200499999981275,0.13223929479325294,-0.6147876964092631,-2.996520952927795e-05,0.7612575440074927,3.569010123368556e-05,4.1830981655444735e-05,-0.6484496500639548,1.2,-1.2,0,0.7,0.35,0,0,-0.8884709977246806,0.014935381774462502,0.19947801090612
34.22049999998137,0.13241080943385858,-0.615870762842245,-2.9955011414051623e-05,0.7607659835776184,3.572384308074665e-05,4.180688422161955e-05,-0.6490262823701135,1.2,-1.2,0,0.7,0.35,0,0,-0.8884646302161004,0.014935384433322405,0.19947618284711666
34.240499999981466,0.1325806905841311,-0.6169541251919484,-2.994490703064609e-05,0.7602739712317772,3.57575475460184e-05,4.178273460758316e-05,-0.6496025597571659,1.2,-1.2,0,0.7,0.35,0,0,-0.8884582627824961,0.01493538698633075,0.19947435484589982
34.26049999998156,0.13274893762685258,-0.6180377807348701,-2.9934896407940493e-05,0.7597815073573673,3.579121450781177e-05,4.175853291287787e-05,-0.6501784816902055,1.2,-1.2,0,0.7,0.35,0,0,-0.8884518954238665,0.014935389437704413,0.19947252690246642
34.28049999998166,0.1329155499499629,-0.6191217267446021,-2.9924979574554413e-05,0.7592885923425833,3.582484384508753e-05,4.1734279236963654e-05,-0.6507540476349328,1.2,-1.2,0,0.7,0.35,0,0,-0.8884455281402108,0.014935391791492177,0.19947069901681336
34.30049999998175,0.13308052694657663,-0.6202059604918634,-2.991515655843246e-05,0.7587952265764202,3.585843543743236e-05,4.170997367920642e-05,-0.651329257057665,1.2,-1.2,0,0.7,0.35,0,0,-0.8884391609315282,0.014935394051581412,0.19946887118893758
34.32049999998185,0.1332438680149989,-0.6212904792445301,-2.99054273873461e-05,0.7583014104486728,3.5891989165032e-05,4.1685616338865597e-05,-0.651904109425326,1.2,-1.2,0,0.7,0.35,0,0,-0.8884327937978175,0.014935396221704544,0.19946704341883603
34.340499999981944,0.13340557255874216,-0.6223752802676684,-2.9895792088767343e-05,0.7578071443499338,3.592550490866445e-05,4.1661207315079905e-05,-0.6524786042054561,1.2,-1.2,0,0.7,0.35,0,0,-0.8884264267390775,0.014935398305445217,0.1994652157065056
34.36049999998204,0.13356563998654172,-0.6234603608235617,-2.9886250689777352e-05,0.7573124286715894,3.595898254968564e-05,4.163674670685322e-05,-0.6530527408662107,1.2,-1.2,0,0.7,0.35,0,0,-0.8884200597553078,0.014935400306244219,0.19946338805194333
34.380499999982135,0.13372406971237089,-0.624545718171743,-2.987680321724848e-05,0.7568172638058269,3.5992421970023e-05,4.161223461303787e-05,-0.6536265188763599,1.2,-1.2,0,0.7,0.35,0,0,-0.8884136928465063,0.014935402227405206,0.1994615604551462
34.40049999998223,0.13388086115545708,-0.6256313495690222,-2.986744969800059e-05,0.7563216501456262,3.602582305216606e-05,4.158767113232165e-05,-0.654199937705288,1.2,-1.2,0,0.7,0.35,0,0,-0.8884073260126725,0.01493540407210016,0.19945973291611116
34.420499999982326,0.13403601374029672,-0.6267172522695139,-2.9858190158426438e-05,0.7558255880847614,3.605918567916775e-05,4.156305636321144e-05,-0.6547729968229992,1.2,-1.2,0,0.7,0.35,0,0,-0.8884009592538056,0.01493540584349182,0.19945790543483513
34.44049999998242,0.13418952689666974,-0.6278034235246676,-2.984902462482203e-05,0.7553290780178047,3.609250973463939e-05,4.1538390404014564e-05,-0.6553456957001127,1.2,-1.2,0,0.7,0.35,0,0,-0.8883945925699043,0.014935407544186588,0.19945607801131524
34.46049999998252,0.13434140005965475,-0.6288898605832957,-2.9839953123419054e-05,0.7548321203401247,3.61257951027521e-05,4.151367335282737e-05,-0.6559180338078644,1.2,-1.2,0,0.7,0.35,0,0,-0.8883882259609664,0.01493540917721718,0.19945425064554845
34.48049999998261,0.1344916326696431,-0.6299765606916,-2.9830975680260675e-05,0.7543347154478758,3.6159041668233646e-05,4.14889053075156e-05,-0.6564900106181104,1.2,-1.2,0,0.7,0.35,0,0,-0.8883818594269909,0.014935410745135979,0.19945242333753183
34.50049999998271,0.13464022417235352,-0.6310635210932001,-2.982209232109462e-05,0.7538368637380151,3.619224931637695e-05,4.1464086365696754e-05,-0.6570616256033253,1.2,-1.2,0,0.7,0.35,0,0,-0.8883754929679776,0.014935412250625243,0.19945059608726215
34.5204999999828,0.1347871740188462,-0.6321507390291614,-2.9813303071725377e-05,0.7533385656082908,3.6225417933036445e-05,4.143921662472528e-05,-0.6576328782365998,1.2,-1.2,0,0.7,0.35,0,0,-0.8883691265839265,0.014935413696099156,0.19944876889473676
34.5404999999829,0.1349324816655363,-0.6332382117380218,-2.9804607957779024e-05,0.7528398214572414,3.6258547404637146e-05,4.141429618167504e-05,-0.6582037679916483,1.2,-1.2,0,0.7,0.35,0,0,-0.8883627602748339,0.014935415083996722,0.19944694175995262
34.560499999982994,0.1350761465742079,-0.6343259364558189,-2.9796007004712773e-05,0.7523406316842013,3.629163761816842e-05,4.138932513332043e-05,-0.6587742943428021,1.2,-1.2,0,0.7,0.35,0,0,-0.8883563940407001,0.01493541641656965,0.19944511468290693
34.58049999998309,0.13521816821202792,-0.6354139104161164,-2.9787500237856957e-05,0.7518409966893012,3.63246884611951e-05,4.136430357612573e-05,-0.6593444567650142,1.2,-1.2,0,0.7,0.35,0,0,-0.8883500278815236,0.014935417696040648,0.19944328766359656
34.600499999983185,0.1353585460515591,-0.6365021308500325,-2.9779087682520462e-05,0.7513409168734534,3.63576998218579e-05,4.13392316062266e-05,-0.6599142547338578,1.2,-1.2,0,0.7,0.35,0,0,-0.8883436617973026,0.014935418924526914,0.19944146070201876
34.62049999998328,0.13549727957077293,-0.6375905949862649,-2.977076936380812e-05,0.7508403926383729,3.639067158887528e-05,4.131410931940973e-05,-0.6604836877255302,1.2,-1.2,0,0.7,0.35,0,0,-0.8883372957880367,0.014935420104020568,0.19943963379817017
34.640499999983376,0.1356343682530633,-0.6386793000511184,-2.9762545306823704e-05,0.7503394243865633,3.642360365154944e-05,4.128893681110239e-05,-0.6610527552168485,1.2,-1.2,0,0.7,0.35,0,0,-0.8883309298537242,0.014935421236498807,0.1994378069520482
34.66049999998347,0.13576981158725884,-0.6397682432685319,-2.9754415536468875e-05,0.749838012521314,3.6456495899769177e-05,4.126371417635981e-05,-0.6616214566852531,1.2,-1.2,0,0.7,0.35,0,0,-0.8883245639943641,0.014935422323856546,0.19943598016364986
34.68049999998357,0.13590360906763607,-0.6408574218601039,-2.9746380077491994e-05,0.7493361574467099,3.648934822401098e-05,4.1238441509846316e-05,-0.6621897916088082,1.2,-1.2,0,0.7,0.35,0,0,-0.8883181982099547,0.014935423367812926,0.19943415343297213
34.70049999998366,0.13603576019393146,-0.6419468330451178,-2.973843895454545e-05,0.7488338595676275,3.6522160515346126e-05,4.121311890581684e-05,-0.6627577594662031,1.2,-1.2,0,0.7,0.35,0,0,-0.8883118325004952,0.014935424370198637,0.19943232676001219
34.72049999998376,0.13616626447135372,-0.6430364740405713,-2.9730592192278645e-05,0.7483311192897265,3.655493266544153e-05,4.118774645811122e-05,-0.6633253597367513,1.2,-1.2,0,0.7,0.35,0,0,-0.8883054668659839,0.01493542533256832,0.19943050014476688
34.740499999983854,0.1362951214105967,-0.6441263420611997,-2.972283981514902e-05,0.7478279370194599,3.658766456656111e-05,4.116232426013586e-05,-0.6638925919003936,1.2,-1.2,0,0.7,0.35,0,0,-0.8882991013064198,0.014935426256550572,0.19942867358723357
34.76049999998395,0.13642233052785052,-0.6452164343195036,-2.971518184755741e-05,0.7473243131640703,3.662035611157008e-05,4.113685240484607e-05,-0.6644594554376969,1.2,-1.2,0,0.7,0.35,0,0,-0.8882927358218018,0.0149354271437859,0.19942684708740935
34.780499999984045,0.13654789134481418,-0.6463067480257728,-2.9707618313841576e-05,0.7468202481315813,3.665300719393924e-05,4.111133098474444e-05,-0.6650259498298536,1.2,-1.2,0,0.7,0.35,0,0,-0.8882863704121285,0.014935427995482333,0.19942502064529105
34.80049999998414,0.1366718033887066,-0.6473972803881145,-2.970014923810461e-05,0.7463157423308086,3.6685617707745074e-05,4.108576009185469e-05,-0.6655920745586891,1.2,-1.2,0,0.7,0.35,0,0,-0.8882800050773988,0.014935428813251115,0.19942319426087604
34.820499999984236,0.13679406619227866,-0.6484880286124778,-2.9692774644364072e-05,0.7458107961713532,3.6718187547671806e-05,4.106013981771774e-05,-0.6661578291066553,1.2,-1.2,0,0.7,0.35,0,0,-0.8882736398176113,0.014935429598497044,0.19942136793416132
34.84049999998433,0.13691467929382414,-0.6495789899026799,-2.968549455672375e-05,0.7453054100636017,3.6750716609014864e-05,4.103447025337592e-05,-0.6667232129568351,1.2,-1.2,0,0.7,0.35,0,0,-0.8882672746327648,0.014935430352256444,0.19941954166514392
34.86049999998443,0.13703364223719153,-0.6506701614604316,-2.9678308999051707e-05,0.7447995844187207,3.678320478768486e-05,4.100875148936154e-05,-0.6672882255929428,1.2,-1.2,0,0.7,0.35,0,0,-0.8882609095228577,0.014935431075984792,0.19941771545382084
34.88049999998452,0.1371509545717943,-0.6517615404853616,-2.9671217994969055e-05,0.7442933196486667,3.6815651980207e-05,4.0982983615686305e-05,-0.6678528664993277,1.2,-1.2,0,0.7,0.35,0,0,-0.8882545444878892,0.01493543177094425,0.1994158893001894
34.90049999998462,0.13726661585262248,-0.6528531241750436,-2.966422156832404e-05,0.7437866161661776,3.68480580837233e-05,4.095716672182791e-05,-0.6684171351609706,1.2,-1.2,0,0.7,0.35,0,0,-0.8882481795278575,0.014935432437981499,0.1994140632042466
34.92049999998471,0.13738062564025308,-0.6539449097250221,-2.9657319742786004e-05,0.7432794743847684,3.688042299599174e-05,4.09313008967193e-05,-0.6689810310634864,1.2,-1.2,0,0.7,0.35,0,0,-0.888241814642762,0.014935433078468207,0.1994122371659895
34.94049999998481,0.13749298350086062,-0.6550368943288348,-2.9650512541716706e-05,0.7427718947187392,3.691274661539342e-05,4.090538622874027e-05,-0.6695445536931305,1.2,-1.2,0,0.7,0.35,0,0,-0.8882354498326009,0.014935433693518898,0.19941041118541528
34.960499999984904,0.13760368900622788,-0.6561290751780416,-2.9643799988690754e-05,0.7422638775831715,3.6945028840927435e-05,4.0879422805704286e-05,-0.6701077025367892,1.2,-1.2,0,0.7,0.35,0,0,-0.8882290850973732,0.014935434283808764,0.19940858526252092
34.980499999985,0.13771274173375575,-0.6572214494622464,-2.9637182107052397e-05,0.7417554233939213,3.697726957221958e-05,4.085341071485234e-05,-0.6706704770819916,1.2,-1.2,0,0.7,0.35,0,0,-0.8882227204370772,0.01493543485056868,0.19940675939730365
35.000499999985095,0.1378201412664737,-0.6583140143691241,-2.9630658920031923e-05,0.741246532567624,3.7009468709515635e-05,4.0827350042833444e-05,-0.6712328768169071,1.2,-1.2,0,0.7,0.35,0,0,-0.8882163558517118,0.014935435394890418,0.19940493358976055
35.02049999998519,0.1379258871930497,-0.6594067670844447,-2.962423045078724e-05,0.7407372055216954,3.704162615368468e-05,4.080124087571203e-05,-0.6717949012303434,1.2,-1.2,0,0.7,0.35,0,0,-0.8882099913412755,0.014935435917213323,0.19940310783988854
35.040499999985286,0.13802997910779982,-0.6604997047920996,-2.9617896722545127e-05,0.7402274426743225,3.707374180622316e-05,4.077508329894072e-05,-0.6723565498117533,1.2,-1.2,0,0.7,0.35,0,0,-0.8882036269057659,0.014935436418724609,0.19940128214768446
35.06049999998538,0.13813241661069806,-0.6615928246741248,-2.9611657758287163e-05,0.7397172444444667,3.7105815569252525e-05,4.074887739736067e-05,-0.6729178220512301,1.2,-1.2,0,0.7,0.35,0,0,-0.8881972625451825,0.014935436900327484,0.1993994565131457
35.08049999998548,0.138233199307386,-0.6626861239107259,-2.960551358093448e-05,0.7392066112518699,3.713784734551682e-05,4.072262325519868e-05,-0.6734787174395166,1.2,-1.2,0,0.7,0.35,0,0,-0.8881908982595238,0.01493543736258479,0.19939763093626942
35.10049999998557,0.13833232680918187,-0.6637795996803038,-2.95994642135024e-05,0.7386955435170366,3.716983703838869e-05,4.069632095604646e-05,-0.6740392354679976,1.2,-1.2,0,0.7,0.35,0,0,-0.8881845340487894,0.014935437806301239,0.19939580541705262
35.12049999998567,0.13842979873309003,-0.6648732491594783,-2.959350967875624e-05,0.7381840416612485,3.72017845518658e-05,4.066997058286162e-05,-0.6745993756287095,1.2,-1.2,0,0.7,0.35,0,0,-0.8881781699129783,0.014935438232388387,0.19939397995549282
35.140499999985764,0.13863540983835046,-0.6662411798468534,0.00019411701643442587,0.7376363638433742,-0.0001394170178807322,-0.000150536720186691,-0.6751981580525203,0,0,0,0,0,0,0,-0.8881718058520888,0.014935438641493217,0.19939215455158704
35.16049999998586,0.13878409487576937,-0.666992291521594,-0.00018726414419295594,0.7370939247796164,4.0024908541608864e-05,4.524046069251042e-05,-0.6757903094927363,0,0,0,0,0,0,0,-0.8881654418661196,0.014935439034044993,0.1993903292053321
35.180499999985955,0.13891095802529524,-0.6682431191415379,-0.0002318138821416152,0.7366468044570196,-4.41066268713238e-05,-5.322648770099969e-05,-0.676277665389599,0,0,0,0,0,0,0,-0.8881590779550694,0.014935439410984568,0.1993885039167254
35.20049999998605,0.138987838637118,-0.669115054118217,-0.00015069467006189715,0.7362439795404312,1.7282182430192838e-05,1.1026262406620964e-05,-0.6767161902675417,0,0,0,0,0,0,0,-0.8881527141189369,0.014935439773046368,0.19938667868576415
35.220499999986146,0.13907413407445576,-0.6701373913560804,-9.51524090745271e-05,0.7359463454797847,3.955642033343001e-05,2.9714553994265732e-05,-0.6770398615497337,0,0,0,0,0,0,0,-0.8881463503577204,0.014935440120293091,0.19938485351244475
35.24049999998624,0.13915192261751333,-0.67106205127794,-6.691077220300473e-05,0.7356817981567246,3.970886185396904e-05,3.158507965322475e-05,-0.677327313258868,0,0,0,0,0,0,0,-0.888139986671419,0.014935440453716668,0.1993830283967648
35.26049999998634,0.13923013701319759,-0.6719988252927606,-5.724419487756951e-05,0.7354932226494902,4.330236019987737e-05,3.556257042411859e-05,-0.6775320776884856,0,0,0,0,0,0,0,-0.8881336230600314,0.014935440773931824,0.19938120333872147
35.28049999998643,0.13930229349861448,-0.6728584879798074,-5.4782075183157834e-05,0.7353281186889904,2.3925586644236023e-05,1.7510406353427412e-05,-0.6777112637298137,0,0,0,0,0,0,0,-0.8881272595235559,0.01493544108129472,0.19937937833831176
35.30049999998653,0.13936772071545447,-0.673641870986315,-5.581266451149065e-05,0.7352073016930594,3.501496583008708e-05,3.062683224726879e-05,-0.6778423278116814,0,0,0,0,0,0,0,-0.888120896061991,0.014935441376189433,0.1993775533955326
35.32049999998662,0.13943453350328963,-0.6744321926493916,-5.74939922434268e-05,0.7351060385637467,-9.853138171170437e-06,-1.6053078356118713e-05,-0.6779521455916547,0,0,0,0,0,0,0,-0.8881145326753357,0.014935441659364068,0.19937572851038138
35.34049999998672,0.139485353270457,-0.6750391532380731,-6.134777384979136e-05,0.7350261868664837,2.4431880794266014e-05,2.2234218042645616e-05,-0.6780387183113068,0,0,0,0,0,0,0,-0.8881081693635893,0.01493544193139808,0.1993739036828553
35.360499999986814,0.139536447027202,-0.6756373266055478,-8.439705315706736e-05,0.7349599876840517,3.4675489509770794e-05,3.433490011223315e-05,-0.6781104733907175,0,0,0,0,0,0,0,-0.8881018061267494,0.014935442192203547,0.199372078912951
35.38049999998691,0.13958701809248505,-0.6762258744033478,-8.288848631080952e-05,0.7348976578448703,1.2838380584798766e-05,1.2003157398789393e-05,-0.6781780239621624,0,0,0,0,0,0,0,-0.8880954429648158,0.01493544244262444,0.1993702542006661
35.400499999987005,0.13963264550430418,-0.6767587492116808,-6.931482117967884e-05,0.7348409012262775,-1.2045379529697138e-05,-1.4236135797180118e-05,-0.6782395222465232,0,0,0,0,0,0,0,-0.8880890798777871,0.014935442683127426,0.19936842954599757
35.4204999999871,0.13967013059823233,-0.6772036118208709,-5.80518282725712e-05,0.7347939966858075,9.654108591202697e-06,9.412565022673012e-06,-0.6782903377261831,0,0,0,0,0,0,0,-0.8880827168656618,0.014935442913988548,0.19936660494894254
35.440499999987196,0.139711817409839,-0.6776929312662112,-5.1849376633159364e-05,0.7347485305529841,2.1423485429791882e-06,1.7281929327991754e-06,-0.6783395881434715,0,0,0,0,0,0,0,-0.8880763539284382,0.014935443135404578,0.19936478040949798
35.46049999998729,0.13975061166708444,-0.6781452683986801,-4.931323794917398e-05,0.7347075651974991,-7.885219336932804e-06,-8.985562911927311e-06,-0.6783839572827806,0,0,0,0,0,0,0,-0.888069991066115,0.014935443348006018,0.1993629559276612
35.48049999998739,0.13978498784543414,-0.6785430175493317,-4.864686215734268e-05,0.734672071347967,-1.0963627338357702e-05,-1.2308526236435888e-05,-0.6784223959375074,0,0,0,0,0,0,0,-0.8880636282786915,0.014935443552305925,0.1993611315034293
35.50049999998748,0.1398156569614993,-0.6788948437504494,-4.870573098831393e-05,0.7346411440244601,-8.769753962327457e-06,-9.895155741736015e-06,-0.6784558860615848,0,0,0,0,0,0,0,-0.8880572655661654,0.014935443748105558,0.199359307136799
35.52049999998758,0.13984345452224448,-0.6792110818169567,-4.897096501263656e-05,0.7346137521012072,-4.048243393608853e-06,-4.703073634411614e-06,-0.6784855453031255,0,0,0,0,0,0,0,-0.8880509029285361,0.01493544393605058,0.19935748282776786
35.540499999987674,0.13986898128802044,-0.6794992484796327,-4.924227779217161e-05,0.7345891697886301,1.3898139802623682e-06,1.2700236204387572e-06,-0.678512160263696,0,0,0,0,0,0,0,-0.8880445403658022,0.014935444116556996,0.1993556585763328
35.56049999998777,0.13989270843677298,-0.6797653297819066,-4.94470512296619e-05,0.7345672316756733,6.144782038607454e-06,6.432337088055681e-06,-0.6785359106703234,0,0,0,0,0,0,0,-0.8880381778779625,0.014935444289918815,0.19935383438249113
35.580499999987865,0.13991489540472218,-0.6800126023617571,-4.957652861326373e-05,0.7345476535856088,9.746036449963868e-06,1.0310727698278981e-05,-0.6785571047528568,0,0,0,0,0,0,0,-0.8880318154650171,0.01493544445602222,0.1993520102462401
35.60049999998796,0.13993567989889621,-0.6802428015775407,-4.9651344702347865e-05,0.734529823460106,1.2184646036671617e-05,1.2960323720908039e-05,-0.6785764055220523,0,0,0,0,0,0,0,-0.8880254531269635,0.014935444615509002,0.19935018616757683
35.620499999988056,0.13995514101291362,-0.6804569434776894,-4.969720559573457e-05,0.7345134927561018,1.3874129809971225e-05,1.4809716656493359e-05,-0.6785940823109301,0,0,0,0,0,0,0,-0.8880190908638003,0.014935444768739169,0.19934836214649831
35.64049999998815,0.13997336019469786,-0.6806560359710362,-4.97614330900164e-05,0.734498517837102,1.5179754037731622e-05,1.624267478900927e-05,-0.6786102908156124,0,0,0,0.02,0.0,0,0,-0.8880127286755259,0.014935444915729781,0.19934653818300144
35.66049999998825,0.13999043827518196,-0.6808413213752302,-4.977748776237771e-05,0.7344847614838719,1.6251680505920597e-05,1.742044170205796e-05,-0.6786251797423892,0,0,0,0.02,0.0,0,0,-0.8880063665621386,0.014935445056646377,0.19934471427708328
35.68049999998834,0.1400064686225087,-0.6810139495943437,-4.9772765753407715e-05,0.7344721014203842,1.720733513876052e-05,1.8469979580991473e-05,-0.6786388815842272,0,0,0,0.02,0.0,0,0,-0.8880000045236371,0.014935445191939452,0.199342890428741
35.70049999998844,0.14002154095531055,-0.6811750227517244,-4.978145447370211e-05,0.7344604254367186,1.8115835608628026e-05,1.9466640870074256e-05,-0.6786515179089933,0,0,0,0.02,0.0,0,0,-0.8879936425600203,0.014935445321990455,0.19934106663797183
35.72049999998853,0.14003574146393993,-0.6813256022321186,-4.9802074623270584e-05,0.7344496300394572,1.899711481423588e-05,2.0432441202456487e-05,-0.6786632008268388,0,0,0,0.02,0.0,0,0,-0.8879872806712863,0.01493544544652259,0.1993392429047726
35.74049999998863,0.14004914907712784,-0.6814666616135885,-4.9824491007066294e-05,0.7344396226426357,1.985354875969059e-05,2.1370075951402103e-05,-0.6786740306227276,0,0,0,0.02,0.0,0,0,-0.8879809188574339,0.014935445566011878,0.19933741922914058
35.760499999988724,0.1400618343852387,-0.6815990716879728,-4.984335656479301e-05,0.7344303217489041,2.0685395816549783e-05,2.227983854623388e-05,-0.6786840955640007,0,0,0,0.02,0.0,0,0,-0.8879745571184626,0.014935445680761127,0.19933559561107295
35.78049999998882,0.1400738602879778,-0.6817236077620366,-4.9858159602032785e-05,0.7344216557959123,2.149380610179731e-05,2.3163021776892198e-05,-0.678693473152263,0,0,0,0.02,0.0,0,0,-0.8879681954543709,0.014935445791060617,0.19933377205056696
35.800499999988915,0.14008528301952144,-0.6818409622585936,-4.9870099309919875e-05,0.734413561766805,2.2280080062533043e-05,2.402113478093503e-05,-0.6787022316300266,0,0,0,0.02,0.0,0,0,-0.8879618338651566,0.014935445896554612,0.19933194854761926
35.82049999998901,0.1400961530166009,-0.6819517555398562,-4.988025785284275e-05,0.7344059840022769,2.3045050723602985e-05,2.4855205660659806e-05,-0.6787104312685877,0,0,0,0.02,0.0,0,0,-0.8879554723508205,0.014935445997859217,0.19933012510222792
35.840499999989106,0.1401065155936739,-0.6820565443222022,-4.9889211790845295e-05,0.734398873240056,2.3789094160123023e-05,2.5665767287315504e-05,-0.6787181254092763,0,0,0,0.02,0.0,0,0,-0.8879491109113614,0.014935446095182613,0.19932830171438967
35.8604999999892,0.1401164115048943,-0.6821558286536598,-4.989720791931002e-05,0.7343921858106021,2.4512365711825445e-05,2.6453101689544022e-05,-0.6787253613352766,0,0,0,0.02,0.0,0,0,-0.8879427495467774,0.014935446188615803,0.1993264783841017
35.8804999999893,0.1401258774436529,-0.682250058107482,-4.99043664969754e-05,0.7343858829395782,2.5214983776604758e-05,2.72174367602935e-05,-0.6787321810275919,0,0,0,0.02,0.0,0,0,-0.8879363882570662,0.014935446277979906,0.1993246551113609
35.90049999998939,0.14013494649419,-0.6823396373861722,-4.991077834010887e-05,0.7343799301366151,2.5897109329462207e-05,2.7959033354418993e-05,-0.6787386218274112,0,0,0,0.02,0.0,0,0,-0.8879300270422258,0.014935446363807949,0.1993228318961643
35.92049999998949,0.14014364853610478,-0.6824249313483294,-4.991652867666501e-05,0.7343742966616325,2.655896153793895e-05,2.8678203754315654e-05,-0.6787447170143689,0,0,0,0.02,0.0,0,0,-0.8879236659022561,0.014935446446300585,0.199321008738509
35.940499999989584,0.1401520106024521,-0.6825062694642703,-4.992169603399817e-05,0.7343689550613796,2.7200810879658515e-05,2.9375305639590313e-05,-0.6787504963086701,0,0,0,0.02,0.0,0,0,-0.8879173048371551,0.014935446525368842,0.1993191856383922
35.96049999998968,0.14016005719484495,-0.6825839497402741,-4.992634928964698e-05,0.7343638807679489,2.7822969463178517e-05,3.0050732879063957e-05,-0.6787559863060322,0,0,0,0.02,0.0,0,0,-0.8879109438469215,0.014935446601027108,0.19931736259581087
35.980499999989775,0.14016781056041944,-0.6826582421703737,-4.9930547639707926e-05,0.7343590517509044,2.8425783433657032e-05,3.070490848227132e-05,-0.6787612108545208,0,0,0,0.02,0.0,0,0,-0.8879045829315543,0.014935446673713633,0.1993155396107623
36.00049999998987,0.14017529093554193,-0.6827293917756794,-4.993434212651487e-05,0.7343544482154236,2.9009627092217935e-05,3.133827930689382e-05,-0.6787661913815195,0,0,0,0.02,0.0,0,0,-0.8878982220910523,0.014935446743623518,0.19931371668324366
36.020499999989966,0.14018251676056223,-0.6827976212843447,-4.993777722424412e-05,0.7343500523399042,2.957489781822368e-05,3.1951311514413595e-05,-0.6787709471779259,0,0,0,0.02,0.0,0,0,-0.8878918613254138,0.014935446810464407,0.19931189381325198
36.04049999999006,0.1401895048692824,-0.6828631334975047,-4.994089199187926e-05,0.734345848047528,3.012201142716807e-05,3.25444863662972e-05,-0.6787754956455611,0,0,0,0.02,0.0,0,0,-0.8878855006346377,0.014935446874492428,0.1993100710007842
36.06049999999016,0.1401962706562927,-0.6829261133800637,-4.9943720862363047e-05,0.7343418208070686,3.065139794400851e-05,3.311829634507497e-05,-0.6787798525128964,0,0,0,0.02,0.0,0,0,-0.8878791400187237,0.014935446935988313,0.19930824824583812
36.08049999999025,0.14020282822491115,-0.6829867299100947,-4.99462942344045e-05,0.73433795745894,3.11634978369838e-05,3.367324166440039e-05,-0.6787840320234269,0,0,0,0.02,0.0,0,0,-0.8878727794776704,0.014935446995181945,0.19930642554841066
36.10049999999035,0.14020919103334847,-0.6830451441222258,-4.9948656594706126e-05,0.734334245320535,3.165497674609189e-05,3.420537869140372e-05,-0.6787880479041108,0,0,0,0.02,0.0,0,0,-0.8878664190114763,0.014935447051601873,0.19930460290849883
36.12049999999044,0.14021537740457812,-0.6831015851337068,-4.995095774173968e-05,0.7343306611235435,3.206152516252788e-05,3.4637939726065905e-05,-0.6787919253395179,0,0,0,0.02,0.0,0,0,-0.8878600586201396,0.014935447105747518,0.19930278032609966
36.14049999999054,0.14022139776750445,-0.6831562025580926,-4.9952917561465805e-05,0.7343271960944013,3.232687724798143e-05,3.491247205051378e-05,-0.6787956738314017,0,0,0,0.02,0.0,0,0,-0.8878536983036583,0.014935447157780527,0.19930095780121
36.160499999990634,0.14022725504999253,-0.6832090433193526,-4.995449269724782e-05,0.7343238533609961,3.2465919328669304e-05,3.505390502040673e-05,-0.678799289998337,0,0,0,0.02,0.0,0,0,-0.8878473380620318,0.014935447207839615,0.19929913533382745
36.18049999999073,0.14023294969223435,-0.6832601106953139,-4.995586424638213e-05,0.7343206314303403,3.253089515864609e-05,3.5119311727408135e-05,-0.6788027754540505,0,0,0,0.02,0.0,0,0,-0.887840977895258,0.014935447255489216,0.19929731292394864
36.200499999990825,0.14023848473991665,-0.6833094391213825,-4.9957160232266084e-05,0.7343175263573101,3.255897195994631e-05,3.514757175684156e-05,-0.6788061344662718,0,0,0,0.02,0.0,0,0,-0.8878346178033361,0.014935447301224966,0.19929549057157087
36.22049999999092,0.14024386542998882,-0.6833570909660072,-4.99584269247914e-05,0.7343145329987164,3.257010466097512e-05,3.515909906299354e-05,-0.6788093726002188,0,0,0,0.02,0.0,0,0,-0.8878282577862644,0.014935447345195441,0.19929366827669132
36.240499999991016,0.14024909798408378,-0.6834031412897168,-4.995966133336402e-05,0.7343116458227275,3.25738484930762e-05,3.516347556166069e-05,-0.6788124958422551,0,0,0,0.02,0.0,0,0,-0.887821897844042,0.014935447387442175,0.19929184603930714
36.26049999999111,0.1402541888083649,-0.6834476676059368,-4.996084446954073e-05,0.7343088593627081,3.257450467804499e-05,3.51649199159094e-05,-0.6788155101084304,0,0,0,0.02,0.0,0,0,-0.887815537976667,0.014935447427634786,0.19929002385941516
36.28049999999121,0.14025914409933107,-0.6834907448339067,-4.9961959616561145e-05,0.7343061684235762,3.257393515119458e-05,3.5165211600676e-05,-0.6788184210209909,0,0,0,0.02,0.0,0,0,-0.8878091781841386,0.014935447466218651,0.1992882017370128
36.3004999999913,0.14026396968761826,-0.6835324433003505,-4.9962997929446266e-05,0.7343035681525893,3.257292288124762e-05,3.516507708437752e-05,-0.6788212338317037,0,0,0,0.02,0.0,0,0,-0.8878028184664556,0.014935447503340431,0.19928637967209722
36.3204999999914,0.14026867099766355,-0.6835728282233281,-4.9963957672179584e-05,0.7343010540465988,3.257178810781184e-05,3.516480434052393e-05,-0.6788239534139674,0,0,0,0.02,0.0,0,0,-0.8877964588236166,0.014935447538933137,0.1992845576646655
36.34049999999149,0.14027325305734747,-0.6836119598342879,-4.99648416782321e-05,0.734298621933372,3.25706568888827e-05,3.516450367111515e-05,-0.6788265842830266,0,0,0,0.02,0.0,0,0,-0.8877900992556201,0.014935447572793085,0.19928273571471464
36.36049999999159,0.14027772052636872,-0.6836498937387387,-4.996565511070699e-05,0.7342962679443518,3.256957524491585e-05,3.5164215034935365e-05,-0.6788291306254448,0,0,0,0.02,0.0,0,0,-0.8877837397624653,0.014935447605306712,0.19928091382224186
36.380499999991684,0.14028207772969403,-0.6836866813411888,-4.996640401477967e-05,0.7342939884862594,3.256855685939334e-05,3.5163951181932394e-05,-0.6788315963298459,0,0,0,0.02,0.0,0,0,-0.8877773803441511,0.014935447636619865,0.19927909198724456
36.40049999999178,0.1402863286905417,-0.6837223702638456,-4.996709452464824e-05,0.7342917802143207,3.2567602761846425e-05,3.5163714654421296e-05,-0.6788339850158863,0,0,0,0.02,0.0,0,0,-0.8877710210006768,0.01493544766654843,0.19927727020971991
36.420499999991875,0.14029047716088847,-0.6837570047335809,-4.996773247652235e-05,0.7342896400080325,3.256670935388422e-05,3.516350436769612e-05,-0.6788363000604879,0,0,0,0.02,0.0,0,0,-0.8877646617320407,0.014935447695035365,0.19927544848966497
36.44049999999197,0.1402945266489498,-0.6837906259302966,-4.996832324290405e-05,0.7342875649495607,3.2565871630454585e-05,3.5163318105695934e-05,-0.678838544621215,0,0,0,0.02,0.0,0,0,-0.887758302538241,0.01493544772240068,0.19927362682707644
36.46049999999207,0.14029848044365592,-0.6838232722970482,-4.996887168010988e-05,0.7342855523046131,3.2565084436082736e-05,3.516315344002297e-05,-0.6788407216569854,0,0,0,0.02,0.0,0,0,-0.8877519434192762,0.014935447748791322,0.199271805221952
36.48049999999216,0.14030234163635014,-0.6838549798148562,-4.9969382132869756e-05,0.7342835995055343,3.25643429245831e-05,3.5163008050204114e-05,-0.6788428339463571,0,0,0,0.02,0.0,0,0,-0.8877455843751448,0.014935447773898767,0.19926998367428836
36.50049999999226,0.14030611313999228,-0.6838857822458209,-4.996985846551646e-05,0.7342817041363536,3.256364270031053e-05,3.516287982102462e-05,-0.67884488410372,0,0,0,0.02,0.0,0,0,-0.8877392254058449,0.014935447797783467,0.1992681621840825
36.52049999999235,0.1403097977061472,-0.6839157113481219,-4.9970304104369715e-05,0.7342798639195515,3.256297983545081e-05,3.5162766859233124e-05,-0.6788468745936131,0,0,0,0.02,0.0,0,0,-0.8877328665113755,0.01493544782073063,0.19926634075133162
36.54049999999245,0.14031339794001843,-0.6839447970662048,-4.997072208287251e-05,0.7342780767043344,3.2562350841874356e-05,3.516266748267719e-05,-0.6788488077434209,0,0,0,0.02,0.0,0,0,-0.8877265076917357,0.014935447842892965,0.19926451937603312
36.560499999992544,0.14031691631375995,-0.6839730676991317,-4.997111508548347e-05,0.7342763404562103,3.2561752628913574e-05,3.516258020124854e-05,-0.6788506857546529,0,0,0,0.02,0.0,0,0,-0.8877201489469236,0.014935447863874154,0.1992626980581837
36.58049999999264,0.14032035517827351,-0.6840005500497012,-4.9971485487823825e-05,0.7342746532477138,3.25611824592569e-05,3.5162503696550574e-05,-0.6788525107129807,0,0,0,0.02,0.0,0,0,-0.8877137902769382,0.01493544788387473,0.19926087679778068
36.600499999992735,0.1403237167736726,-0.6840272695566705,-4.9971835393063156e-05,0.734273013250136,3.2560637907458945e-05,3.516243680261794e-05,-0.6788542845971971,0,0,0,0.02,0.0,0,0,-0.8877074316817788,0.01493544790311015,0.19925905559482127
36.62049999999283,0.14032700323857455,-0.6840532504120989,-4.9972166664537764e-05,0.7342714187261298,3.2560116822482684e-05,3.516237848837585e-05,-0.6788560092872153,0,0,0,0.02,0.0,0,0,-0.887701073161444,0.014935447921734511,0.1992572344493029
36.640499999992926,0.14033021661835984,-0.6840785156656082,-4.9972480954419664e-05,0.7342698680230747,3.255961729446064e-05,3.5162327841940654e-05,-0.6788576865712419,0,0,0,0.02,0.0,0,0,-0.8876947147159322,0.01493544793921165,0.1992554133612222
36.66049999999302,0.14033335887252454,-0.6841030873171203,-4.997277972875886e-05,0.73426835956713,3.255913762543779e-05,3.516228405666852e-05,-0.6788593181522312,0,0,0,0.02,0.0,0,0,-0.8876883563452423,0.014935447955935939,0.19925359233057685
36.68049999999312,0.14033643188123218,-0.6841269863994585,-4.997306429000075e-05,0.734266891857861,3.255867630368662e-05,3.516224641878681e-05,-0.6788609056536881,0,0,0,0.02,0.0,0,0,-0.8876819980493732,0.014935447971993735,0.19925177135736363
36.70049999999321,0.14033943745116237,-0.6841502330520106,-4.997333579654096e-05,0.7342654634634054,3.255823198121269e-05,3.5162214296467087e-05,-0.6788624506249047,0,0,0,0.02,0.0,0,0,-0.8876756398283235,0.014935447987582156,0.19924995044157975
36.72049999999331,0.14034237732073804,-0.6841728465865298,-4.9973595279964486e-05,0.7342640730160833,3.255780345403397e-05,3.516218713017001e-05,-0.6788639545457102,0,0,0,0.02,0.0,0,0,-0.887669281682091,0.014935448002063987,0.19924812958322213
36.7404999999934,0.14034525316480648,-0.6841948455459924,-4.99738436601072e-05,0.7342627192084228,3.25573896449177e-05,3.5162164424113424e-05,-0.6788654188307794,0,0,0,0.02,0.0,0,0,-0.887662923610675,0.014935448015953786,0.199246308782288
36.7604999999935,0.14034806659883758,-0.6842162477573418,-4.997408175845423e-05,0.7342614007895278,3.255698958823562e-05,3.5162145738761425e-05,-0.6788668448335539,0,0,0,0.02,0.0,0,0,-0.8876565656140744,0.014935448029341391,0.19924448803877448
36.780499999993594,0.14035081918269673,-0.684237070378834,-4.9974310309667806e-05,0.7342601165617749,3.2556602416704545e-05,3.516213068418603e-05,-0.678868233849824,0,0,0,0.02,0.0,0,0,-0.8876502076922875,0.014935448042299702,0.19924266735267915
36.80049999999369,0.14035351242404198,-0.6842573299426167,-4.9974529971877865e-05,0.7342588653777813,3.255622734974589e-05,3.516211891422274e-05,-0.6788695871210094,0,0,0,0.02,0.0,0,0,-0.887643849845313,0.014935448054321959,0.19924084672399847
36.820499999993785,0.14035614778138883,-0.6842770423931045,-4.997474133571285e-05,0.7342576461376307,3.2555863683286364e-05,3.5162110121316986e-05,-0.6788709058371597,0,0,0,0.02,0.0,0,0,-0.8876374920731497,0.014935448065815291,0.19923902615272987
36.84049999999388,0.14035872666688212,-0.684296223121631,-4.9974944932245954e-05,0.7342564577863214,3.255551078080434e-05,3.516210403198112e-05,-0.678872191139724,0,0,0,0.02,0.0,0,0,-0.8876311343757963,0.014935448076906548,0.19923720563887043
36.860499999993976,0.14036125044880776,-0.684314886997808,-4.9975141240006075e-05,0.7342552993113961,3.255516806546663e-05,3.5162100402796835e-05,-0.6788734441241023,0,0,0,0.02,0.0,0,0,-0.887624776753252,0.014935448087623896,0.19923538518241737
36.88049999999407,0.14036372045387507,-0.684333048397981,-4.9975330690835014e-05,0.7342541697407713,3.255483501323604e-05,3.516209901687648e-05,-0.6788746658420098,0,0,0,0.02,0.0,0,0,-0.8876184192055142,0.014935448097509197,0.19923356478336765
36.90049999999417,0.1403661379692948,-0.6843507212310979,-4.9975513675524576e-05,0.73425306814071,3.255451114681569e-05,3.5162099680764267e-05,-0.6788758573036641,0,0,0,0.02,0.0,0,0,-0.8876120617325826,0.014935448106999134,0.19923174444171857
36.92049999999426,0.140368504244677,-0.6843679189622932,-4.9975690548525813e-05,0.7342519936139384,3.255419603032401e-05,3.5162102221689514e-05,-0.6788770194798242,0,0,0,0.02,0.0,0,0,-0.8876057043344558,0.014935448116140624,0.19922992415746726
36.94049999999436,0.1403708204937682,-0.6843846546344428,-4.997586163197176e-05,0.7342509452978966,3.2553889264634225e-05,3.5162106485143e-05,-0.6788781533036808,0,0,0,0.02,0.0,0,0,-0.8875993470111324,0.014935448124949355,0.19922810393061083
36.960499999994454,0.14037308789604613,-0.6844009408879166,-4.9976027219521685e-05,0.7342499223631075,3.255359048326087e-05,3.516211233275365e-05,-0.6788792596726332,0,0,0,0.02,0.0,0,0,-0.8875929897626103,0.014935448133020189,0.1992262837611461
36.98049999999455,0.1403753075981874,-0.6844167899787251,-4.997618757947465e-05,0.7342489240116381,3.255329934875258e-05,3.5162119640405845e-05,-0.6788803394499369,0,0,0,0.02,0.0,0,0,-0.887586632588889,0.01493544814076989,0.19922446364907057
37.000499999994645,0.1403774807154218,-0.6844322137952411,-4.997634295749728e-05,0.7342479494756685,3.255301554952713e-05,3.516212829657259e-05,-0.6788813934662677,0,0,0,0.02,0.0,0,0,-0.8875802754899674,0.014935448148294434,0.19922264359438138
37.02049999999474,0.14037960833278662,-0.6844472238736447,-4.99764935792134e-05,0.7342469980161486,3.2552738797077216e-05,3.516213820086698e-05,-0.6788824225211729,0,0,0,0.02,0.0,0,0,-0.8875739184658437,0.014935448155471504,0.1992208235970756
37.040499999994836,0.14038169150628974,-0.6844618314122346,-4.9976639652600734e-05,0.73424606892152,3.2552468823513366e-05,3.5162149262740324e-05,-0.678883427384447,0,0,0,0.02,0.0,0,0,-0.8875675615165164,0.014935448162053236,0.19921900365715003
37.06049999999493,0.14038373126399264,-0.6844760472847217,-4.997678136963007e-05,0.734245161506527,3.255220537941731e-05,3.516216140034109e-05,-0.678884408797426,0,0,0,0.02,0.0,0,0,-0.8875612046419848,0.014935448168339605,0.19921718377460235
37.08049999999503,0.1403857286070212,-0.684489882052612,-4.99769189081214e-05,0.734244275111082,3.2551948231926614e-05,3.516217453952015e-05,-0.6788853674742098,0,0,0,0.02,0.0,0,0,-0.8875548478422476,0.014935448174465892,0.19921536394942946
37.10049999999512,0.140387684510511,-0.6845033459767724,-4.997705243317228e-05,0.7342434090992018,3.2551697163065125e-05,3.516218861294107e-05,-0.678886304102822,0,0,0,0.02,0.0,0,0,-0.8875484911173032,0.014935448180252947,0.1992135441816284
37.12049999999522,0.14038959992449435,-0.6845164490282628,-4.9977182098570895e-05,0.7342425628579926,3.2551451968267486e-05,3.51622035592934e-05,-0.6788872193462984,0,0,0,0.02,0.0,0,0,-0.8875421344671497,0.014935448185524879,0.19921172447119623
37.14049999999531,0.14039147577473482,-0.684529200898506,-4.997730804782492e-05,0.7342417357966892,3.255121245506951e-05,3.5162219322610054e-05,-0.6788881138437319,0,0,0,0.02,0.0,0,0,-0.8875357778917866,0.014935448190556514,0.1992099048181303
37.16049999999541,0.1403933129635143,-0.6845416110088605,-4.9977430415339606e-05,0.7342409273457504,3.25509784419562e-05,3.516223585165243e-05,-0.6788889882112561,0,0,0,0.02,0.0,0,0,-0.8875294213912129,0.014935448195488775,0.19920808522242783
37.180499999995504,0.14039511237037605,-0.6845536885196538,-4.997754932734238e-05,0.7342401369559871,3.255074975734879e-05,3.5162253099386006e-05,-0.6788898430429756,0,0,0,0.02,0.0,0,0,-0.8875230649654267,0.014935448200080591,0.19920626568408575
37.2004999999956,0.1403968748528298,-0.6845654423387261,-4.99776649025464e-05,0.7342393640977455,3.255052623870401e-05,3.516227102249737e-05,-0.6788906789118676,0,0,0,0.02,0.0,0,0,-0.887516708614427,0.014935448204234703,0.1992044462031012
37.220499999995695,0.14039860124702033,-0.6845768811295277,-4.997777725298354e-05,0.7342386082601151,3.2550307731712046e-05,3.516228958098475e-05,-0.6788914963706218,0,0,0,0.02,0.0,0,0,-0.8875103523382126,0.014935448208243749,0.19920262677947168
37.24049999999579,0.14040029236836388,-0.6845880133188126,-4.997788648461868e-05,0.734237868950187,3.255009408958568e-05,3.516230873778825e-05,-0.6788922959524522,0,0,0,0.02,0.0,0,0,-0.8875039961367824,0.014935448212170034,0.19920080741319393
37.260499999995886,0.14040194901215466,-0.6845988471039596,-4.9977992697759104e-05,0.7342371456923413,3.254988517244005e-05,3.516232845847314e-05,-0.6788930781718718,0,0,0,0.02,0.0,0,0,-0.887497640010133,0.01493544821574678,0.1991989881042652
37.28049999999598,0.1404035719541447,-0.684609390459957,-4.997809598769382e-05,0.7342364380275626,3.2549680846729855e-05,3.5162348710937235e-05,-0.6788938435254261,0,0,0,0.02,0.0,0,0,-0.8874912839582647,0.014935448218957176,0.19919716885268252
37.30049999999608,0.14040516195109795,-0.6846196511460716,-4.9978196445178424e-05,0.7342357455127916,3.254948098475224e-05,3.516236946516929e-05,-0.6788945924923949,0,0,0,0.02,0.0,0,0,-0.8874849279811776,0.014935448222063306,0.19919534965844304
37.32049999999617,0.14040671974132152,-0.6846296367122346,-4.997829415671043e-05,0.7342350677203047,3.2549285464200614e-05,3.516239069303113e-05,-0.6788953255354695,0,0,0,0.02,0.0,0,0,-0.8874785720788683,0.014935448225179143,0.19919353052154415
37.34049999999627,0.14040824604517552,-0.6846393545051608,-4.997838920494576e-05,0.7342344042371183,3.254909416776539e-05,3.516241236805703e-05,-0.6788960431013905,0,0,0,0.02,0.0,0,0,-0.8874722162513358,0.014935448227882436,0.19919171144198264
37.360499999996364,0.1404097415655634,-0.6846488116742214,-4.9978481668901e-05,0.7342337546644218,3.25489069827902e-05,3.516243446528415e-05,-0.6788967456215693,0,0,0,0.02,0.0,0,0,-0.8874658604985785,0.014935448230297362,0.19918989241975565
37.38049999999646,0.14041120698840326,-0.6846580151770915,-4.997857162442229e-05,0.7342331186170316,3.254872380094051e-05,3.5162456961111365e-05,-0.6788974335126703,0,0,0,0.02,0.0,0,0,-0.8874595048205961,0.014935448232642548,0.1991880734548604
37.400499999996555,0.14041264298308237,-0.6846669717851813,-4.9978659144246686e-05,0.7342324957228701,3.254854451792386e-05,3.516247983315837e-05,-0.6788981071771805,0,0,0,0.02,0.0,0,0,-0.8874531492173866,0.014935448235038958,0.1991862545472944
37.42049999999665,0.14041405020289568,-0.684675688088873,-4.9978744298247e-05,0.7342318856224676,3.2548369033227724e-05,3.5162503060159975e-05,-0.678898767003947,0,0,0,0.02,0.0,0,0,-0.8874467936889485,0.01493544823699067,0.1991844356970543
37.440499999996746,0.14041542928546932,-0.6846841705025682,-4.997882715367764e-05,0.7342312879684809,3.254819724989356e-05,3.516252662185455e-05,-0.678899413368695,0,0,0,0.02,0.0,0,0,-0.8874404382352811,0.014935448238722233,0.19918261690413727
37.46049999999684,0.1404167808531694,-0.6846924252695653,-4.9978907775345035e-05,0.7342307024252391,3.254802907430839e-05,3.516255049890341e-05,-0.6789000466345269,0,0,0,0.02,0.0,0,0,-0.8874340828563841,0.014935448240416921,0.19918079816854095
37.48049999999694,0.1404181055134977,-0.6847004584667681,-4.9978986225757014e-05,0.7342301286682975,3.254786441600282e-05,3.5162574672810315e-05,-0.6789006671523948,0,0,0,0.02,0.0,0,0,-0.8874277275522562,0.014935448242202552,0.19917897949026242
37.50049999999703,0.1404194038594756,-0.684708276009242,-4.9979062565249026e-05,0.7342295663840201,3.254770318748594e-05,3.5162599125848454e-05,-0.6789012752615607,0,0,0,0.02,0.0,0,0,-0.8874213723228952,0.014935448243503664,0.19917716086929874
37.52049999999713,0.1404206764700146,-0.6847158836546234,-4.997913685212492e-05,0.7342290152691736,3.254754530408416e-05,3.516262384100594e-05,-0.6789018712900333,0,0,0,0.02,0.0,0,0,-0.8874150171682995,0.01493544824469955,0.19917534230564674
37.54049999999722,0.1404219239102766,-0.6847232870073895,-4.9979209142777516e-05,0.7342284750305356,3.25473906838031e-05,3.516264880192576e-05,-0.6789024555549866,0,0,0,0.02,0.0,0,0,-0.8874086620884675,0.014935448245851456,0.19917352379930353
37.56049999999732,0.1404231467320231,-0.6847304915229968,-4.997927949176691e-05,0.7342279453845268,3.2547239247193426e-05,3.5162673992861766e-05,-0.6789030283631685,0,0,0,0.02,0.0,0,0,-0.887402307083398,0.014935448247130174,0.19917170535026635
37.580499999997414,0.14042434547395408,-0.6847375025118926,-4.997934795193914e-05,0.7342274260568482,3.254709091722586e-05,3.516269939864016e-05,-0.6789035900112833,0,0,0,0.02,0.0,0,0,-0.8873959521530889,0.014935448247875755,0.1991698869585321
37.60049999999751,0.14042552066203676,-0.6847443251434078,-4.997941457451005e-05,0.7342269167821387,3.2546945619184325e-05,3.51627250046184e-05,-0.6789041407863666,0,0,0,0.02,0.0,0,0,-0.8873895972975394,0.014935448248581708,0.19916806862409803
37.620499999997605,0.14042667280982574,-0.6847509644495346,-4.997947940912363e-05,0.7342264173036456,3.2546803280560446e-05,3.516275079665556e-05,-0.6789046809661431,0,0,0,0.02,0.0,0,0,-0.8873832425167484,0.014935448249268865,0.19916625034696134
37.6404999999977,0.14042780241877326,-0.6847574253285929,-4.997954250395303e-05,0.7342259273729058,3.2546663830961924e-05,3.5162776761082253e-05,-0.6789052108193684,0,0,0,0.02,0.0,0,0,-0.8873768878107144,0.014935448250069422,0.19916443212711926
37.660499999997796,0.1404289099785316,-0.6847637125487939,-4.997960390573876e-05,0.734225446749442,3.254652720202138e-05,3.516280288467377e-05,-0.6789057306061606,0,0,0,0.02,0.0,0,0,-0.8873705331794358,0.01493544825037605,0.1991626139645686
37.68049999999789,0.1404299959672468,-0.6847698307516994,-4.997966365986843e-05,0.7342249752004687,3.254639332731901e-05,3.516282915463106e-05,-0.6789062405783142,0,0,0,0.02,0.0,0,0,-0.8873641786229116,0.014935448250663176,0.1991607958593067
37.70049999999799,0.14043106085184426,-0.6847757844555877,-4.997972181041699e-05,0.7342245125006128,3.254626214230028e-05,3.516285555855746e-05,-0.6789067409796082,0,0,0,0.02,0.0,0,0,-0.887357824141141,0.014935448250955158,0.19915897781133085
37.72049999999808,0.14043210508830672,-0.6847815780587224,-4.997977840021657e-05,0.7342240584316413,3.2546133584208544e-05,3.516288208444245e-05,-0.6789072320460962,0,0,0,0.02,0.0,0,0,-0.8873514697341224,0.014935448251342581,0.1991571598206382
37.74049999999818,0.14043312912194533,-0.6847872158425315,-4.997983347089498e-05,0.7342236127822014,3.2546007592018095e-05,3.5162908720642266e-05,-0.6789077140063884,0,0,0,0.02,0.0,0,0,-0.8873451154018533,0.014935448251274607,0.19915534188722533
37.760499999998274,0.14043413338766272,-0.6847927019747009,-4.9979887062906925e-05,0.7342231753475728,3.2545884106366236e-05,3.5162935455873855e-05,-0.6789081870819226,0,0,0,0.02,0.0,0,0,-0.8873387611443336,0.014935448251205434,0.1991535240110899
37.78049999999837,0.14043511831020994,-0.684798040512182,-4.9979939215567783e-05,0.7342227459294204,3.254576306950532e-05,3.5162962279190263e-05,-0.678908651487223,0,0,0,0.02,0.0,0,0,-0.8873324069615618,0.014935448251208142,0.19915170619222905
37.800499999998465,0.14043608430443583,-0.684803235404118,-4.9979989967118464e-05,0.7342223243355793,3.2545644425234476e-05,3.516298917997679e-05,-0.678909107430151,0,0,0,0.02,0.0,0,0,-0.8873260528535368,0.01493544825124406,0.19914988843063994
37.82049999999856,0.14043703177553085,-0.684808290494692,-4.998003935485681e-05,0.7342219103798141,3.2545528118856095e-05,3.5163016147937176e-05,-0.6789095551121411,0,0,0,0.02,0.0,0,0,-0.8873196988202567,0.0149354482508693,0.19914807072631924
37.840499999998656,0.14043796111926385,-0.6848132095258983,-4.998008741501018e-05,0.734221503881619,3.254541409711987e-05,3.516304317308532e-05,-0.6789099947284396,0,0,0,0.02,0.0,0,0,-0.887313344861721,0.014935448250506057,0.19914625307926462
37.86049999999875,0.14043887272221323,-0.6848179961402399,-4.9980134182793836e-05,0.7342211046660037,3.254530230818111e-05,3.516307024573047e-05,-0.6789104264683182,0,0,0,0.02,0.0,0,0,-0.887306990977929,0.014935448250232498,0.19914443548947341
37.88049999999885,0.14043976696199156,-0.6848226538833531,-4.998017969247927e-05,0.7342207125633035,3.2545192701548065e-05,3.516309735647859e-05,-0.6789108505152949,0,0,0,0.02,0.0,0,0,-0.8873006371688797,0.0149354482499633,0.19914261795694274
37.90049999999894,0.14044064420746516,-0.684827186206565,-4.998022397745415e-05,0.7342203274089841,3.254508522804432e-05,3.516312449622056e-05,-0.6789112670473336,0,0,0,0.02,0.0,0,0,-0.8872942834345715,0.01493544824932118,0.19914080048166977
37.92049999999904,0.14044150481896814,-0.6848315964693786,-4.998026707018661e-05,0.7342199490434616,3.254497983976991e-05,3.5163151656120085e-05,-0.6789116762370445,0,0,0,0.02,0.0,0,0,-0.8872879297750027,0.014935448248704433,0.1991389830636514
37.94049999999913,0.14044234914850987,-0.6848358879418995,-4.998030900229348e-05,0.734219577311925,3.254487649005752e-05,3.516317882761277e-05,-0.6789120782518737,0,0,0,0.02,0.0,0,0,-0.8872815761901715,0.014935448248195954,0.19913716570288473
37.96049999999923,0.14044317753997876,-0.6848400638071913,-4.9980349804563156e-05,0.7342192120641727,3.2544775133434136e-05,3.5163206002395056e-05,-0.6789124732542852,0,0,0,0.02,0.0,0,0,-0.8872752226800763,0.014935448247659761,0.19913534839936683
37.980499999999324,0.14044399032933963,-0.6848441271635732,-4.9980389506972614e-05,0.7342188531544449,3.254467572558999e-05,3.5163233172427935e-05,-0.6789128614019344,0,0,0,0.02,0.0,0,0,-0.8872688692447156,0.014935448246789277,0.19913353115309465
38.00049999999942,0.1404447878448268,-0.684848081026856,-4.9980428138700646e-05,0.7342185004412678,3.2544578223341155e-05,3.516326032991461e-05,-0.6789132428478396,0,0,0,0.02,0.0,0,0,-0.8872625158840879,0.014935448245957274,0.19913171396406537
38.020499999999515,0.14044557040713213,-0.6848519283325213,-4.9980465728147365e-05,0.7342181537873069,3.254448258459548e-05,3.5163287467313864e-05,-0.6789136177405461,0,0,0,0.02,0.0,0,0,-0.8872561625981923,0.01493544824525123,0.1991298968322763
38.04049999999961,0.14044633832958808,-0.6848556719378401,-4.998050230298415e-05,0.7342178130592192,3.254438876832142e-05,3.5163314577316584e-05,-0.6789139862242797,0,0,0,0.02,0.0,0,0,-0.8872498093870271,0.014935448244481286,0.1991280797577245
38.060499999999706,0.14044709191834687,-0.6848593146239395,-4.998053789014836e-05,0.7342174781275128,3.254429673451716e-05,3.516334165285526e-05,-0.6789143484390963,0,0,0,0.02,0.0,0,0,-0.8872434562505908,0.014935448243416142,0.19912626274040693
38.0804999999998,0.14044783147255438,-0.6848628590978121,-4.9980572515871156e-05,0.7342171488664182,3.25442064441887e-05,3.5163368687090604e-05,-0.6789147045210308,0,0,0,0.02,0.0,0,0,-0.8872371031888825,0.014935448242401447,0.19912444578032096
38.1004999999999,0.1404485572845202,-0.6848663079942758,-4.998060620569848e-05,0.7342168251537565,3.2544117859306996e-05,3.516339567341117e-05,-0.6789150546022323,0,0,0,0.02,0.0,0,0,-0.8872307502019011,0.014935448241529857,0.1991226288774638
38.12049999999999,0.1404492696398829,-0.6848696638778815,-4.998063898450296e-05,0.7342165068708152,3.25440309427915e-05,3.516342260542092e-05,-0.6789153988111004,0,0,0,0.02,0.0,0,0,-0.8872243972896452,0.014935448240554207,0.19912081203183243
