time,bx,by,bz,qw,qx,qy,qz,drive,steer,stage,lift1,lift2,tilt,reach,px,py,pz,rel_x,rel_y,rel_z
0.0005,-4.439175593286145e-07,-7.269363700832274e-10,-4.772305638194308e-08,0.9999999999999978,-1.1305188413553425e-08,6.488949278263546e-08,-8.820162148791531e-10,-2.0,0.0,0.0,0,0,0.0,0.0,-1.5,0.0,0.35,-2.0,0.0,0.45
0.020500000000000015,-0.0003042348595312709,2.2746507808562547e-07,-1.248849424160634e-05,0.9999999998690233,-3.279873133252115e-07,1.6181524385511992e-05,6.416466164061012e-08,-1.999999794416392,-1.233501647490698e-07,0.0,0,0,0.0,0.0,-1.5,-3.015232593880642e-20,0.34999039309283364,-1.9997401995785073,5.1258554629712714e-08,0.4505508742806463
0.04050000000000003,-0.0011054662409053482,3.5627032063813784e-07,-2.5911161713631726e-05,0.9999999993979741,-2.3473348774508907e-07,3.468139468735801e-05,1.0942849715543577e-06,-1.9999957697450448,-2.5381529731305363e-06,0.0,0,0,0.0,0.0,-1.5,1.354338680440482e-20,0.34997890611295995,-1.9989817017088203,3.806044209506539e-06,0.4512006199357266
0.06050000000000005,-0.0023387013103634926,4.114063989856973e-07,-3.468223843743005e-05,0.9999999989513425,-1.2153799623788695e-07,4.5702804610778683e-05,2.9248377412528964e-06,-1.9999885148960699,-6.89106235807202e-06,0.0,0,0,0.0,0.0,-1.5,-2.4952488598195658e-20,0.34997164110086065,-1.9977750211496628,1.0347621399249767e-05,0.45145181272405854
0.08050000000000006,-0.003955692790835942,4.469107899712126e-07,-3.968538789197226e-05,0.9999999986946073,-5.290860964228483e-08,5.081526663992946e-05,5.347135138270037e-06,-1.999978878691361,-1.2672785183376334e-05,0.0,0,0,0.0,0.0,-1.5,-2.777201541227848e-20,0.34996768353041646,-1.9961720577517614,1.8670169779395803e-05,0.4514589569746416
0.10050000000000008,-0.005914601629252039,4.70795802511826e-07,-4.2472602149144676e-05,0.999999998578628,-1.9593873227623987e-08,5.26746536567798e-05,8.253666547693293e-06,-1.999967297109035,-1.9621734579011728e-05,0.0,0,0,0.0,0.0,-1.5,2.194509857999026e-20,0.3499656466833704,-1.9942199979004585,2.8277440273399996e-05,0.45141789812863575
0.1205000000000001,-0.008177233130602384,4.799268308743296e-07,-4.4109880229898025e-05,0.9999999985267082,-6.222169243939572e-09,5.3034871255068255e-05,1.1570955355355533e-05,-1.9999540659055528,-2.756045666831852e-05,0.0,0,0,0.0,0.0,-1.5,3.3027781121169933e-20,0.34996462423810876,-1.9919606262392249,3.8867991997773245e-05,0.4513940817856289
0.1405000000000001,-0.01070876434629171,4.69368074944972e-07,-4.5166574998569294e-05,0.9999999984902405,-2.6973472978752373e-09,5.279508774431008e-05,1.5238043014436643e-05,-1.99993942983009,-3.63421019459409e-05,0.0,0,0,0.0,0.0,-1.5,9.082331388102776e-20,0.3499641169513933,-1.9894307039633676,5.022654619420251e-05,0.45138788151493076
0.16050000000000011,-0.013477833359503763,4.342339366128291e-07,-4.591642668572504e-05,0.9999999984450387,-3.59024202792309e-09,5.235656106251302e-05,1.9201913565697753e-05,-1.9999236016648476,-4.583900109143002e-05,0.0,0,0,0.0,0.0,-1.5,1.639781100198376e-19,0.34996386666749707,-1.9866625282053858,6.219280794776073e-05,0.4513868935141011
0.18050000000000013,-0.016456475238962015,3.700511752514662e-07,-4.648881596463829e-05,0.9999999983800008,-6.231918925730808e-09,5.188136705009178e-05,2.3416306832770357e-05,-1.9999067670883877,-5.5939746967403886e-05,0.0,0,0,0.0,0.0,-1.5,2.5670035549929387e-19,0.3499637435193156,-1.983684482911047,7.464729864656737e-05,0.4513841936505092
0.20050000000000015,-0.01961990225433011,2.7283406963542287e-07,-4.69484801023539e-05,0.9999999982899708,-9.385355265656249e-09,5.1428978069609e-05,2.7840984190935757e-05,-1.9998890876227904,-6.654742632576927e-05,0.0,0,0,0.0,0.0,-1.5,1.801663281895984e-19,0.3499636830070817,-1.9805215326345935,8.750105191081855e-05,0.45137859242681094
0.22050000000000017,-0.02294621064004905,1.3909238071249512e-07,-4.733074527951687e-05,0.9999999981723737,-1.2509559699792008e-08,5.101796877511422e-05,3.244103127120294e-05,-1.9998707034247154,-7.757794517075922e-05,0.0,0,0,0.0,0.0,-1.5,2.0741854243686055e-19,0.34996365329223195,-1.9771956510633548,0.00010068720761846012,0.4513710640417195
0.24050000000000019,-0.026416073531617734,-3.4184381521873505e-08,-4.7656232583882674e-05,0.9999999980258095,-1.5387907590241557e-08,5.065144594370398e-05,3.71861958949699e-05,-1.9998517359386065,-8.895843683607295e-05,0.0,0,0,0.0,0.0,-1.5,1.9905687713717615e-19,0.3499636387053058,-1.9737261899891423,0.00011415431606979774,0.45136265213394217
0.2605000000000002,-0.030012449283138926,-2.495547379861927e-07,-4.793755315536403e-05,0.9999999978494819,-1.794958174619255e-08,5.0327032185968044e-05,4.205028680092627e-05,-1.9998322903085004,-0.00010062581489975741,0.0,0,0,0.0,0.0,-1.5,1.8628203242777293e-19,0.3499636315457668,-1.9701301980189605,0.00012786124104512752,0.4513539718762161
0.2805000000000002,-0.03372031583261051,-5.09159899173957e-07,-4.8182842084795795e-05,0.9999999976429642,-2.018657242272502e-08,5.004070335096401e-05,4.7010641794503764e-05,-1.9998124575123537,-0.00011252549258777833,0.0,0,0,0.0,0.0,-1.5,-1.721587197929397e-20,0.3499636280320043,-1.9664226976321988,0.0001417734582409293,0.45134533271604643
0.3005000000000002,-0.037526433170403974,-8.147619806559831e-07,-4.839774864977286e-05,0.9999999974060869,-2.2116100124310274e-08,4.978822533492144e-05,5.2047663007868284e-05,-1.9997923162274267,-0.0001246102635439783,0.0,0,0,0.0,0.0,-1.5,-1.6958716737793743e-19,0.34996362630758443,-1.9626169273727672,0.00015586050159089094,0.45133690953434974
0.32050000000000023,-0.04141913262861724,-1.167783382200751e-06,-4.858652289203227e-05,0.9999999971388813,-2.3764043209357935e-08,4.9565648020917434e-05,5.714441286374676e-05,-1.9997719344521423,-0.00013683932871462188,0.0,0,0,0.0,0.0,-1.5,-2.9098439816870997e-19,0.34996362546132137,-1.9587245543435443,0.00017009431070219694,0.4513288239029698
0.34050000000000025,-0.04538813063741931,-1.56934561921694e-06,-4.8752574704199896e-05,0.9999999968415401,-2.5157872696475556e-08,4.936943424338823e-05,6.228626349380094e-05,-1.9997513709134074,-0.0001491774519555733,0.0,0,0,0.0,0.0,-1.5,-3.3041230556602165e-19,0.3499636250460198,-1.9547558610362448,0.00018444825602445146,0.45132116498039176
0.36050000000000026,-0.04942436438512416,-2.0203064406730257e-06,-4.889875392321238e-05,0.9999999965143879,-2.6323809168065038e-08,4.919645840579487e-05,6.746059271203143e-05,-1.9997306762870597,-0.00016159422776418353,0.0,0,0,0.0,0.0,-1.5,-3.903492324069274e-19,0.3499636248422124,-1.9507199097811272,0.0001988966507482254,0.45131399238159947
0.3805000000000003,-0.05351984691875327,-2.521294495701038e-06,-4.9027497142713474e-05,0.9999999961578591,-2.728581729010276e-08,4.9043967364505114e-05,7.265652034933537e-05,-1.9997098942562905,-0.0001740634462256807,0.0,0,0,0.0,0.0,-1.5,-3.3762775657311143e-19,0.34996362474219495,-1.9466246875845241,0.00021341459287351833,0.4513073391295523
0.4005000000000003,-0.057667539427693336,-3.0727411348506135e-06,-4.9140913846585115e-05,0.9999999957724743,-2.8065378574762506e-08,4.8909536239620764e-05,7.786467951960305e-05,-1.999689062429832,-0.00018656254210078771,0.0,0,0,0.0,0.0,-1.5,-3.4855687500360807e-19,0.3499636246931121,-1.9424772337355074,0.0002279780139128561,0.45130121696252556
0.4205000000000003,-0.06186123868640394,-3.6749091679891944e-06,-4.924084362648144e-05,0.9999999953588213,-2.8681578284152465e-08,4.8791028221230875e-05,8.307701810839951e-05,-1.9996682131388157,-0.00019907211671057467,0.0,0,0,0.0,0.0,-1.5,-3.5483914523468603e-19,0.34996362466902486,-1.9382837522525882,0.00024256384050801852,0.45129562203384843
0.44050000000000034,-0.06609547786026916,-4.327918566611128e-06,-4.932889778360098e-05,0.9999999949175454,-2.9151306384030076e-08,4.868655961211779e-05,8.82866264188725e-05,-1.9996473741286236,-0.00021157552282584645,0.0,0,0,0.0,0.0,-1.5,6.730159284754499e-20,0.34996362465718334,-1.9340497109817905,0.00025715020098611034,0.4512905396521114
0.46050000000000035,-0.07036543908845133,-5.031769209823721e-06,-4.940649139111518e-05,0.9999999944493242,-2.9489488265031584e-08,4.859446947582451e-05,9.348758746982003e-05,-1.9996265691598092,-0.00022405850411448823,0.0,0,0,0.0,0.0,-1.5,4.775182889107774e-16,0.34996362465097336,-1.9297799289353978,0.0002717166302854744,0.45128594782542636
0.48050000000000037,-0.07466687644525662,-5.7863608440890715e-06,-4.9474869080240025e-05,0.9999999939548662,-2.970931115914571e-08,4.851329313162332e-05,9.867484692315098e-05,-1.9996058185302177,-0.00023650888186939055,0.0,0,0,0.0,0.0,-1.4999999999999731,2.4706995713357167e-13,0.3499636246476993,-1.925478653269015,0.00028624424408825173,0.4512818198560154
0.5005000000000003,-0.07899604804755442,-6.591510467853829e-06,-4.9535126486654313e-05,0.9999999934348999,-2.9822433676563784e-08,4.844173890982284e-05,0.00010384410003165267,-1.9995851395287776,-0.0002489162827334468,0.0,0,0,0.0,0.0,-1.4999999999998803,1.0655415941790452e-12,0.349963624646437,-1.9211496271269946,0.00030071586535420605,0.4512781262607498
0.5204999999999981,-0.08334965622219861,-7.446967372022437e-06,-4.958822852507415e-05,0.9999999928901571,-2.98391748064797e-08,4.837866771653408e-05,0.00010899169335284625,-1.999564546830026,-0.0002612719019843723,0.0,0,0,0.0,0.0,-1.4999999999997864,1.8717005698397106e-12,0.3499636246460228,-1.9167961494398629,0.0003151160965009801,0.4512748362062237
0.5404999999999959,-0.08772479477640768,-8.352426072300187e-06,-4.963502519952546e-05,0.9999999923213752,-2.9768682388006038e-08,4.832307504046054e-05,0.0001141145392795326,-1.9995440528371793,-0.0002735682976924281,0.0,0,0,0.0,0.0,-1.499999999999694,2.653102176062754e-12,0.3499636246458854,-1.9124211276281993,0.00032943134107795774,0.4512719185762887
0.5604999999999937,-0.0921189025277369,-9.30753736456392e-06,-4.9676265397518215e-05,0.999999991729289,-2.961908232316815e-08,4.827407509245281e-05,0.0001192100416998544,-1.999523667980533,-0.00028579921168017105,0.0,0,0,0.0,0.0,-1.499999999999609,3.3660314259898448e-12,0.3499636246458388,-1.9080271240547022,0.00034364977542498444,0.45126934274698244
0.5804999999999915,-0.0965297223504486,-1.0311917723153974e-05,-4.9712608977599035e-05,0.9999999911146246,-2.939761026549112e-08,4.823088681477042e-05,0.00012427603132559705,-1.9995034009770505,-0.0002979594137697106,0.0,0,0,0.0,0.0,-1.4999999999995262,4.040654616130984e-12,0.34996362464582276,-1.9036163969657574,0.00035776128076412403,0.45126707913201025
0.6004999999999893,-0.10095526508335155,-1.1365157246866024e-05,-4.974463738573952e-05,0.9999999904780956,-2.911072752287726e-08,4.81928215347573e-05,0.0001293107094222735,-1.999483259056226,-0.00031004456626444467,0.0,0,0,0.0,0.0,-1.4999999999994478,4.6672685157302054e-12,0.3499636246458169,-1.8991909365761346,0.000371757343626661,0.451265099550452
0.6204999999999871,-0.10539377772195876,-1.2466826340279801e-05,-4.977286299169491e-05,0.9999999898204043,-2.876422283956062e-08,4.815927206807583e-05,0.0001343125988427429,-1.99946324815663,-0.00032205110602205876,0.0,0,0,0.0,0.0,-1.4999999999993743,5.24424524497849e-12,0.3499636246458146,-1.8947524968728795,0.00038563093396182,0.45126337745862505
0.6404999999999849,-0.109843715386348,-1.3616481300163366e-05,-4.979773730629845e-05,0.9999999891422361,-2.8363301576763525e-08,4.8129703101418564e-05,0.00013928050141147986,-1.9994433730969687,-0.0003339761418187592,0.0,0,0,0.0,0.0,-1.4999999999993057,5.772529681686651e-12,0.3499636246458145,-1.8903026236460823,0.0003993763691097321,0.45126188807950607
0.6604999999999827,-0.11430371661650117,-1.4813668958903695e-05,-4.981965821684946e-05,0.9999999884442579,-2.7912663680973195e-08,4.810364270522066e-05,0.00014421346083234355,-1.9994236377249681,-0.00034581736501912983,0.0,0,0,0.0,0.0,-1.4999999999992448,6.2314828787746235e-12,0.3499636246458145,-1.885842679194118,0.0004129891710668798,0.45126060845596694
0.6804999999999805,-0.1187725816001176,-1.6057930519808903e-05,-4.98389763600585e-05,0.999999987727119,-2.741657170361313e-08,4.8080674844466415e-05,0.0001491107304015361,-1.9994040450469672,-0.0003575729718196641,0.0,0,0,0.0,0.0,-1.499999999999188,6.649825140016555e-12,0.3499636246458145,-1.8813738640977962,0.0004264659233202923,0.4512595174482485
0.7004999999999783,-0.12324925298479349,-1.7348804703058454e-05,-4.9856000736236035e-05,0.9999999869914475,-2.6878910017823135e-08,4.806043277101794e-05,0.00015397174490171912,-1.999384597340736,-0.0003692415955583783,0.0,0,0,0.0,0.0,-1.499999999999138,7.0102412216181946e-12,0.3499636246458145,-1.8768972364110927,0.00043980413184999904,0.45125859569151455
0.720499999999976,-0.12773279896778836,-1.8685830306248023e-05,-4.9871003655515124e-05,0.9999999862378538,-2.6303236231541234e-08,4.804259319439631e-05,0.0001587960961349799,-1.9993652962536794,-0.0003808222477923451,0.0,0,0,0.0,0.0,-1.4999999999990914,7.336448911619968e-12,0.3499636246458145,-1.8724137285749427,0.00045300209424755094,0.45125782552575555
0.7404999999999738,-0.13222239839301853,-2.0068548269980958e-05,-4.98842250959768e-05,0.9999999854669261,-2.5692825759505143e-08,4.8026871139856666e-05,0.0001635835116232111,-1.9993461428883377,-0.00039231426699739555,0.0,0,0,0.0,0.0,-1.499999999999051,7.615947432700786e-12,0.3499636246458145,-1.867924162324156,0.0004660587790528523,0.4512571909074203
0.7604999999999716,-0.13671732761701508,-2.1496503326805875e-05,-4.9895876543660134e-05,0.9999999846792348,-2.5050710370114548e-08,4.8013015413208994e-05,0.00016833383606596389,-1.999327137876806,-0.0004037172739163708,0.0,0,0,0.0,0.0,-1.4999999999990155,7.856060290958311e-12,0.3499636246458145,-1.8634292618255937,0.0004789737170599529,0.45125667730995683
0.7804999999999694,-0.14121694893386602,-2.2969245300967357e-05,-4.990614437624147e-05,0.9999999838753262,-2.437971144941434e-08,4.800080460112006e-05,0.00017304701519922004,-1.9993082814455256,-0.00041503113268461785,0.0,0,0,0.0,0.0,-1.4999999999989844,8.06172747516775e-12,0.3499636246458145,-1.858929665257351,0.0004917469050101189,0.4512562716186038
0.8004999999999672,-0.1457207003740921,-2.4486330116849494e-05,-4.991519284449747e-05,0.9999999830557303,-2.3682468662955503e-08,4.799004354397653e-05,0.00017772308174489828,-1.9992895734716853,-0.0004262559169887936,0.0,0,0,0.0,0.0,-1.4999999999989557,8.245897086850068e-12,0.3499636246458145,-1.8544259350140329,0.000504378721764275,0.4512559620234458
0.820499999999965,-0.15022808671436877,-2.604732056556389e-05,-4.992316669989763e-05,0.9999999822209571,-2.2961464589304375e-08,4.798056022569801e-05,0.00018236214318117334,-1.9992710135323044,-0.0004373918806173549,0.0,0,0,0.0,0.0,-1.4999999999989309,8.402225472853302e-12,0.3499636246458145,-1.8499185667009814,0.0005168698563816851,0.45125573791359197
0.8404999999999628,-0.15473867155437052,-2.765178687177217e-05,-4.993019350984899e-05,0.9999999813714958,-2.221904586133978e-08,4.797220303138161e-05,0.0001869643710987099,-1.9992526009469582,-0.00044843943182506504,0.0,0,0,0.0,0.0,-1.499999999998909,8.535655719056765e-12,0.3499636246458145,-1.845407997061231,0.0005292212473608138,0.4512555897745403
0.8604999999999606,-0.15925207033406988,-2.9299307096431653e-05,-4.9936385697883324e-05,0.9999999805078181,-2.1457441268953792e-08,4.796483832942575e-05,0.00019152999193832403,-1.9992343348149584,-0.00045939911102497175,0.0,0,0,0.0,0.0,-1.4999999999988896,8.649463227659702e-12,0.3499636246458145,-1.8408946109618052,0.0005414340318903139,0.451255509090122
0.8804999999999584,-0.16376794417986343,-3.098946740561617e-05,-4.994184234169007e-05,0.9999999796303779,-2.067877723016571e-08,4.795834833983174e-05,0.00019605927893206278,-1.9992162140476966,-0.00047027157138206376,0.0,0,0,0.0,0.0,-1.4999999999988716,8.750976047464291e-12,0.3499636246458145,-1.8363787475509432,0.0005535095040138309,0.4512554882499125
0.9004999999999562,-0.16828599448114365,-3.2721862230793404e-05,-4.994665075758387e-05,0.9999999787396104,-1.9885090989046102e-08,4.795262925490363e-05,0.00020055254509269437,-1.999198237396791,-0.00048105756192544645,0.0,0,0,0.0,0.0,-1.4999999999988558,8.836660675422404e-12,0.3499636246458145,-1.8318607056846459,0.0005654490804836695,0.4512555204626376
0.920499999999954,-0.1728059581106157,-3.449609434184558e-05,-4.9950887896798126e-05,0.9999999778359355,-1.9078341836121353e-08,4.794758958252344e-05,0.00020501013711662536,-1.999180403478551,-0.0004917579128694171,0.0,0,0,0.0,0.0,-1.4999999999988416,8.912474289200947e-12,0.3499636246458145,-1.8273407487092481,0.0005772542732066199,0.4512555996758121
0.9404999999999518,-0.17732760321195015,-3.631177485062187e-05,-4.995462157606183e-05,0.9999999769197554,-1.8260420620292e-08,4.7943148685693604e-05,0.00020943243008268795,-1.9991627107952672,-0.0005023735228396831,0.0,0,0,0.0,0.0,-1.4999999999988294,8.976592579428193e-12,0.3499636246458145,-1.8228191086763994,0.000588926667131512,0.45125572050163437
0.9604999999999496,-0.18185072548742845,-3.8168523159826764e-05,-4.995791156185277e-05,0.9999999759914564,-1.7433157794024922e-08,4.793923549512958e-05,0.00021381982284439315,-1.9991451577536967,-0.0005129053477819667,0.0,0,0,0.0,0.0,-1.4999999999988192,9.030811867081847e-12,0.3499636246458145,-1.8182959900578415,0.000600467902668932,0.4512558781490301
0.9804999999999474,-0.18637514492623636,-4.0065966869515044e-05,-4.9960810526170706e-05,0.9999999750514091,-1.6598330183860687e-08,4.793578737443532e-05,0.00021817273402645026,-1.999127742681142,-0.0005233543913147898,0.0,0,0,0.0,0.0,-1.4999999999988105,9.076599462104207e-12,0.3499636246458145,-1.8137715730193171,0.0006118796617391226,0.45125606836161586
1.0004999999999453,-0.19090070292110126,-4.200374165132014e-05,-4.996336488868998e-05,0.9999999740999701,-1.5757666657044543e-08,4.793274911979662e-05,0.00022249159854783397,-1.9991104638394024,-0.0005337216963585689,0.0,0,0,0.0,0.0,-1.499999999998803,9.11520873679021e-12,0.3499636246458145,-1.809246016305936,0.0006231636567279419,0.45125628736129475
1.0204999999999431,-0.19542725972717842,-4.398149109872965e-05,-4.9965615558949746e-05,0.999999973137481,-1.4912852834462116e-08,4.7930072078260824e-05,0.0002267768646036906,-1.9990933194368905,-0.0005440083378656979,0.0,0,0,0.0,0.0,-1.4999999999987967,9.147736066939233e-12,0.3499636246458145,-1.8047194597850975,0.000634321621725007,0.4512565317971457
1.040499999999941,-0.19995469222256368,-4.5998866560198993e-05,-4.996759859043251e-05,0.9999999721642686,-1.4065534981217699e-08,4.7927713370571786e-05,0.00023102899104707937,-1.999076307639145,-0.0005542154165130597,0.0,0,0,0.0,0.0,-1.4999999999987914,9.176519355884209e-12,0.3499636246458145,-1.8001920266876068,0.0006453553055338414,0.45125679869925156
1.0604999999999387,-0.20448289193462962,-4.805552696061367e-05,-4.996934575698147e-05,0.9999999711806506,-1.3217323178862732e-08,4.792563520615495e-05,0.000235248445119136,-1.99905942657794,-0.0005643440532359989,0.0,0,0,0.0,0.0,-1.499999999998787,9.200813139775098e-12,0.3499636246458145,-1.7956638255828328,0.0006562664660348401,0.45125708543710097
1.0804999999999365,-0.2090117633006345,-5.015113861554103e-05,-4.997088506100114e-05,0.9999999701869268,-1.2369793881312496e-08,4.792380427935575e-05,0.00023943570048284274,-1.9990426743591776,-0.0005743953844934424,0.0,0,0,0.0,0.0,-1.4999999999987832,9.221379161721365e-12,0.3499636246458145,-1.7911349521193871,0.0006670568655905691,0.4512573896821834
1.1004999999999343,-0.2135412221347957,-5.228537504181924e-05,-4.99722411809506e-05,0.9999999691833861,-1.1524491925419215e-08,4.792219123727967e-05,0.00024359123552136183,-1.999026049069724,-0.0005843705581655811,0.0,0,0,0.0,0.0,-1.49999999999878,9.238711633509957e-12,0.3499636246458145,-1.7866054905592668,0.0006777282672271725,0.45125770937444737
1.120499999999932,-0.21807119427732158,-5.445791676728923e-05,-4.9973435865934244e-05,0.9999999681703059,-1.0682932089057517e-08,4.792077021076227e-05,0.00024771553186688286,-1.9990095487833095,-0.0005942707300143013,0.0,0,0,0.0,0.0,-1.4999999999987774,9.253354477341925e-12,0.3499636246458145,-1.7820755151298764,0.0006882824314107764,0.4512580426922591
1.14049999999993,-0.22260161440380466,-5.6668451141860306e-05,-4.99744882835295e-05,0.9999999671479556,-9.846600234293956e-09,4.791951840097976e-05,0.0002518090731303167,-1.9989931715656333,-0.0006040970606200347,0.0,0,0,0.0,0.0,-1.4999999999987754,9.265687075399827e-12,0.3499636246458145,-1.7775450912156088,0.0006987211132764682,0.4512583880255511
1.1604999999999277,-0.22713242497594116,-5.8916672151594464e-05,-4.9975415326093675e-05,0.9999999661165849,-9.016954102972021e-09,4.791841571509194e-05,0.0002558723438059701,-1.9989769154787584,-0.0006138507127449343,0.0,0,0,0.0,0.0,-1.499999999998774,9.27605987115353e-12,0.3499636246458145,-1.7730142764079195,0.000709046060210013,0.45125874395183807
1.1804999999999255,-0.2316635753168027,-6.120228023707557e-05,-4.997623188080692e-05,0.9999999650764381,-8.195423810114952e-09,4.791744444512694e-05,0.00025990582832865106,-1.9989607785848973,-0.0006235328490616254,0.0,0,0,0.0,0.0,-1.4999999999987732,9.285240165879124e-12,0.3499636246458145,-1.7684831214308745,0.0007192590097115869,0.451259109214859
1.2004999999999233,-0.23619502079587543,-6.352498211699135e-05,-4.997695106785825e-05,0.9999999640277529,-7.383412076705864e-09,4.791658898495862e-05,0.00026391001026354545,-1.9989447589496683,-0.000633144630199034,0.0,0,0,0.0,0.0,-1.4999999999987728,9.293011954671848e-12,0.3499636246458145,-1.7639516709567857,0.0007293616874908968,0.4512594827055491
1.220499999999921,-0.2407267221108389,-6.588449061757827e-05,-4.9977584450197175e-05,0.9999999629707498,-6.58229423824289e-09,4.7915835580869325e-05,0.0002678853716117229,-1.9989288546448796,-0.0006426872130722572,0.0,0,0,0.0,0.0,-1.4999999999987728,9.29953912098186e-12,0.3499636246458145,-1.7594199643249833,0.000739355805765826,0.4512598634451007
1.240499999999919,-0.2452586446546007,-6.82805245083555e-05,-4.9978142218269186e-05,0.9999999619056424,-5.793418055971981e-09,4.7915172111693446e-05,0.00027183239221632925,-1.9989130637509174,-0.0006521617494495757,0.0,0,0,0.0,0.0,-1.4999999999987728,9.305059085704132e-12,0.3499636246458145,-1.754888036175366,0.0007492430617386969,0.45126025056993513
1.2604999999999167,-0.24979075795746844,-7.071280834439657e-05,-4.997863335290425e-05,0.9999999608326375,-5.018103368156323e-09,4.791458789507139e-05,0.00027575154925643354,-1.9988973843587763,-0.0006615693847342285,0.0,0,0,0.0,0.0,-1.4999999999987728,9.309734969263124e-12,0.3499636246458145,-1.7503559170066987,0.0007590251362375843,0.45126064331834925
1.2804999999999145,-0.25432303519554017,-7.318107231524387e-05,-4.9979065769000506e-05,0.9999999597519279,-4.257641597779178e-09,4.791407351668531e-05,0.00027964331681716305,-1.9988818145717895,-0.0006709112569263098,0.0,0,0,0.0,0.0,-1.4999999999987728,9.313712478655718e-12,0.3499636246458145,-1.7458236336686237,0.0007687036925126236,0.45126104101866166
1.3004999999999123,-0.2588554527574523,-7.568505210046079e-05,-4.997944644195049e-05,0.9999999586637025,-3.513295145410905e-09,4.791362067975716e-05,0.00028350816552621965,-1.9988663525070844,-0.0006801884957493342,0.0,0,0,0.0,0.0,-1.4999999999987728,9.317250877437889e-12,0.3499636246458145,-1.7412912097953246,0.000778280375179347,0.45126144307872473
1.32049999999991,-0.26338798986255996,-7.822448873172912e-05,-4.9979781519300186e-05,0.9999999575681374,-2.7862966833885647e-09,4.7913222072405455e-05,0.00028734656224813364,-1.998850996296813,-0.0006894022219121609,0.0,0,0,0.0,0.0,-1.4999999999987728,9.320269135305334e-12,0.3499636246458145,-1.7367586661876437,0.0007877568093013986,0.4512618489766109
1.3404999999999079,-0.26792062822444423,-8.07991284613349e-05,-4.9980076418909665e-05,0.9999999564654051,-2.0778483682288522e-09,4.791287125074749e-05,0.00029115896982871844,-1.9988357440891802,-0.0006985535464918868,0.0,0,0,0.0,0.0,-1.4999999999987728,9.32285019263714e-12,0.3499636246458145,-1.7322260211499112,0.0007971345996072662,0.45126225825238875
1.3604999999999057,-0.2724533517543647,-8.340872263683733e-05,-4.9980335915624885e-05,0.9999999553556654,-1.3891209992077138e-09,4.7912562535872537e-05,0.00029494584688315563,-1.9988205940492936,-0.0007076435704238548,0.0,0,0,0.0,0.0,-1.4999999999987728,9.325033292849887e-12,0.3499636246458145,-1.7276932907867133,0.0008064153298319901,0.4512626705008251
1.3804999999999035,-0.27698614629991836,-8.605302758167995e-05,-4.9980564217542064e-05,0.9999999542390748,-7.212531056392741e-10,4.7912290923039976e-05,0.0002987076476219732,-1.998805544359862,-0.0007166733840827888,0.0,0,0,0.0,0.0,-1.4999999999987728,9.326876498301372e-12,0.3499636246458145,-1.7231604892645074,0.0008156005621769146,0.4512630853649511
1.4004999999999013,-0.2815189994147234,-8.873180448148291e-05,-4.998076503341825e-05,0.9999999531157814,-7.535002467349987e-11,4.791205200165343e-05,0.00030244482170992094,-1.9987905932217673,-0.0007256440669396013,0.0,0,0,0.0,0.0,-1.4999999999987728,9.328432765177801e-12,0.3499636246458145,-1.718627629042123,0.0008246918368785591,0.45126350253036046
1.420499999999899,-0.2860519001554475,-9.144481927573617e-05,-4.9980941631787394e-05,0.999999951985922,5.47517069148055e-10,4.7911841884741305e-05,0.0003061578141533829,-1.9987757388545129,-0.000734556687292276,0.0,0,0,0.0,0.0,-1.4999999999987728,9.329795851812888e-12,0.3499636246458145,-1.7140947210739057,0.0008336906718778069,0.4512639217201735
1.4404999999998969,-0.2905848389029338,-9.419184255461277e-05,-4.9981096893265866e-05,0.9999999508496344,1.1463121385083909e-09,4.7911657146785084e-05,0.0003098470652125167,-1.9987609794965815,-0.0007434123020511052,0.0,0,0,0.0,0.0,-1.4999999999987728,9.330940257736798e-12,0.3499636246458145,-1.709561774988787,0.0008425985625798403,0.4512643426905965
1.4604999999998947,-0.2951178072045638,-9.697264946061313e-05,-4.998123335660211e-05,0.9999999497070394,1.7200352692011832e-09,4.7911494768951316e-05,0.0003135130103348138,-1.9987463134056984,-0.0007522119565809504,0.0,0,0,0.0,0.0,-1.4999999999987728,9.331917169203463e-12,0.3499636246458145,-1.7050287992480244,0.000851416981696082,0.45126476522699366
1.4804999999998925,-0.29965079763533725,-9.978701959476121e-05,-4.998135325921588e-05,0.9999999485582607,2.267723652855153e-09,4.791135209080805e-05,0.00031715608010718057,-1.9987317388590293,-0.0007609566845824034,0.0,0,0,0.0,0.0,-1.4999999999987728,9.332757170918643e-12,0.3499636246458145,-1.7004958012842948,0.0008601473791582827,0.4512651891404265
1.5004999999998903,-0.30418380367544573,-0.00010263473692707347,-4.998145857301677e-05,0.9999999474034096,2.7884525607194937e-09,4.7911226767775465e-05,0.00032077670022401673,-1.9987172541533047,-0.0007696475080171794,0.0,0,0,0.0,0.0,-1.4999999999987728,9.333522069965493e-12,0.3499636246458145,-1.6959627876241892,0.0008687911820963292,0.45126561426458955
1.520499999999888,-0.3087168196023858,-0.00010551558971103541,-4.9981551035923686e-05,0.9999999462425962,3.2813363057482715e-09,4.791111673362708e-05,0.00032437529146909377,-1.9987028576048997,-0.0007782854370601555,0.0,0,0,0.0,0.0,-1.4999999999987728,9.334195239294685e-12,0.3499636246458145,-1.6914297639962375,0.0008773497948710903,0.451266040453123
1.5404999999998858,-0.3132498403958802,-0.00010842937040182838,-4.9981632179737224e-05,0.9999999450759199,3.745529177298379e-09,4.7911020167439824e-05,0.0003279522697093163,-1.9986885475498557,-0.0007868714700865808,0.0,0,0,0.0,0.0,-1.4999999999987728,9.33473721809315e-12,0.3499636246458145,-1.6868967354260378,0.0008858245991547864,0.45126646757722444
1.5604999999998836,-0.31778286165409314,-0.0001113758755780619,-4.9981703354286835e-05,0.9999999439034771,4.18022635255397e-09,4.791093546447097e-05,0.00033150804589869077,-1.9986743223438639,-0.000795406593681669,0.0,0,0,0.0,0.0,-1.4999999999987728,9.335149420840592e-12,0.3499636246458145,-1.6823637063201478,0.0008942169540515939,0.45126689552356014
1.5804999999998814,-0.32231587951979285,-0.00011435490586678025,-4.9981765749380464e-05,0.9999999427253591,4.584664777028484e-09,4.791086121048236e-05,0.0003350430260910433,-1.9986601803622221,-0.0008038917826667102,0.0,0,0,0.0,0.0,-1.4999999999987728,9.335466929733652e-12,0.3499636246458145,-1.677830680539989,0.0009025281962519294,0.451267324192416
1.6004999999998792,-0.326848890615285,-0.00011736626587152385,-4.998182041355977e-05,0.999999941541648,4.958124010844003e-09,4.791079615912378e-05,0.00033855761146021847,-1.998646119999747,-0.0008123280001518296,0.0,0,0,0.0,0.0,-1.4999999999987728,9.335737009605472e-12,0.3499636246458145,-1.673297661466943,0.0009107596402147196,0.4512677534960607
1.620499999999877,-0.3313818919850746,-0.00012040976410323989,-4.998186827088752e-05,0.9999999403524259,5.299927032627418e-09,4.791073921199184e-05,0.0003420521983266461,-1.9986321396706739,-0.0008207161975956722,0.0,0,0,0.0,0.0,-1.4999999999987728,9.335965824467695e-12,0.3499636246458145,-1.6687646520597952,0.000918912578372594,0.451268183357323
1.6404999999998748,-0.33591488104533873,-0.00012348521291385013,-4.998191013587862e-05,0.9999999391577657,5.609441001327025e-09,4.791068940106615e-05,0.00034552717818931854,-1.9986182378085262,-0.0008290573148842739,0.0,0,0,0.0,0.0,-1.4999999999987728,9.336156634789294e-12,0.3499636246458145,-1.6642316549052623,0.0009269882813557066,0.45126861370831667
1.6604999999998726,-0.3404478555394006,-0.00012659242843229604,-4.998194672625822e-05,0.9999999379577371,5.8860779761869084e-09,4.791064587321357e-05,0.00034898293776232945,-1.998604412865971,-0.0008373522804173916,0.0,0,0,0.0,0.0,-1.4999999999987728,9.336296773276337e-12,0.3499636246458145,-1.6596986722625875,0.0009349879982302843,0.45126904448933314
1.6804999999998704,-0.34498081349849524,-0.00012973123050289356,-4.9981978674683294e-05,0.9999999367524062,6.129295584663975e-09,4.791060787655002e-05,0.0003524198590152429,-1.9985906633146575,-0.0008456020112054929,0.0,0,0,0.0,0.0,-1.4999999999987728,9.33641310066067e-12,0.3499636246458145,-1.6551657061028087,0.0009429129567487804,0.45126947564785924
1.7004999999998682,-0.34951375320719547,-0.00013290144262584222,-4.998200653878149e-05,0.9999999355418315,6.338597636863216e-09,4.791057474840848e-05,0.0003558383192166679,-1.9985769876450439,-0.0008538074129736728,0.0,0,0,0.0,0.0,-1.4999999999987728,9.33651671380036e-12,0.3499636246458145,-1.6506327581433509,0.0009507643636087619,0.45126990713770987
1.720499999999866,-0.3540466731729477,-0.00013610289189974574,-4.998203080989809e-05,0.9999999343260689,6.513534694466739e-09,4.7910545904745006e-05,0.00035923869098046475,-1.9985633843662125,-0.0008619693802724981,0.0,0,0,0.0,0.0,-1.4999999999987728,9.336622704707376e-12,0.3499636246458145,-1.6460998298785363,0.0009585434047184313,0.4512703389182724
1.7404999999998638,-0.358579572099228,-0.00013933540896600904,-4.9982051921091006e-05,0.9999999331051693,6.653704578366261e-09,4.7910520830789386e-05,0.0003626213423141129,-1.9985498520056737,-0.0008700887965957804,0.0,0,0,0.0,0.0,-1.4999999999987728,9.336726033272646e-12,0.3499636246458145,-1.641566922606446,0.0009662512454667732,0.4512707709538349
1.7604999999998616,-0.3631124488618883,-0.00014259882795498996,-4.998207025393661e-05,0.9999999318791797,6.758752818776861e-09,4.7910499072821874e-05,0.0003659866366688233,-1.9985363891091703,-0.0008781665344978151,0.0,0,0,0.0,0.0,-1.4999999999987728,9.33679083889842e-12,0.3499636246458145,-1.6370340374525998,0.0009738890309968439,0.45127120321299663
1.7804999999998594,-0.367645302488317,-0.00014589298643379162,-4.998208614476124e-05,0.9999999306481439,6.82837305386685e-09,4.791048023092211e-05,0.00036933493299101965,-1.9985229942404699,-0.000886203455718082,0.0,0,0,0.0,0.0,-1.4999999999987728,9.336877870271679e-12,0.3499636246458145,-1.6325011753908176,0.0009814578864810273,0.4512716356681511
1.8004999999998572,-0.37217813213907547,-0.0001492177253555907,-4.998209988995721e-05,0.9999999294120989,6.862307364224788e-09,4.791046395256756e-05,0.0003726665857748814,-1.9985096659811505,-0.0008942004113096757,0.0,0,0,0.0,0.0,-1.4999999999987728,9.336989737040879e-12,0.3499636246458145,-1.6279683372615883,0.0009889589173968038,0.45127206829502575
1.820499999999855,-0.3767109370917197,-0.00015257288901040518,-4.998211175063373e-05,0.99999992817108,6.8603465462261145e-09,4.791044992700627e-05,0.00037598194511568125,-1.998496402930396,-0.0009021582417624074,0.0,0,0,0.0,0.0,-1.4999999999987728,9.337066674611373e-12,0.3499636246458145,-1.623435523788279,0.0009963932098026394,0.45127250107228406
1.8404999999998528,-0.38124371672654717,-0.0001559583249772125,-4.9982121956901226e-05,0.9999999269251184,6.82233032454261e-09,4.791043788029238e-05,0.00037928135676366286,-1.9984832037047733,-0.0009100777771360313,0.0,0,0,0.0,0.0,-1.4999999999987728,9.337169180600719e-12,0.3499636246458145,-1.6189027355913979,0.0010037618306132884,0.4512729339811709
1.8604999999998506,-0.38577647051403885,-0.00015937388407733744,-4.9982130711571385e-05,0.9999999256742418,6.748147505798862e-09,4.791042757091162e-05,0.0003825651621782686,-1.998470066938017,-0.0009179598371897412,0.0,0,0,0.0,0.0,-1.4999999999987728,9.337236414950383e-12,0.3499636246458145,-1.6143699732011627,0.0010110658278733777,0.45127336700520093
1.8804999999998484,-0.39030919800379726,-0.00016281942032903262,-4.9982138193261335e-05,0.9999999244184721,6.637736064461349e-09,4.791041878593254e-05,0.0003858336985825302,-1.9984569912808157,-0.0009258052315106013,0.0,0,0,0.0,0.0,-1.4999999999987728,9.337264674897385e-12,0.3499636246458145,-1.6098372370685659,0.001018306231029628,0.45127380012988294
1.9004999999998462,-0.39484189881480103,-0.00016629479090318546,-4.99821445592005e-05,0.9999999231578295,6.4910831642684165e-09,4.79104113376036e-05,0.00038908729901749076,-1.9984439754005878,-0.0009336147596473054,0.0,0,0,0.0,0.0,-1.4999999999987728,9.33733280013211e-12,0.3499636246458145,-1.605304527575144,0.001025484051200823,0.4512742333424831
1.920499999999844,-0.399374572626821,-0.00016979985608008434,-4.9982149947974275e-05,0.9999999218923337,6.3082251236189255e-09,4.791040506036353e-05,0.0003923262923964957,-1.9984310179812717,-0.0009413892112370092,0.0,0,0,0.0,0.0,-1.4999999999987728,9.337374856552432e-12,0.3499636246458145,-1.6007718450415773,0.001032600281445048,0.45127466663181426
1.9404999999998418,-0.4039072191728594,-0.0001733344792071893,-4.998215448181359e-05,0.9999999206219964,6.089247306826096e-09,4.79103998082071e-05,0.00039555100355926454,-1.9984181177231024,-0.0009491293661385569,0.0,0,0,0.0,0.0,-1.4999999999987728,9.337461272563771e-12,0.3499636246458145,-1.5962391897352257,0.0010396558970247457,0.4512750999880423
1.9604999999998396,-0.40843983823248964,-0.0001768985266578502,-4.9982158268177505e-05,0.9999999193468265,5.834283961283673e-09,4.791039545236757e-05,0.00039876175332564034,-1.9984052733424011,-0.000956835994559313,0.0,0,0,0.0,0.0,-1.4999999999987728,9.337523505781826e-12,0.3499636246458145,-1.5917065618768182,0.001046651855668335,0.4512755334025266
1.9804999999998374,-0.41297242962599295,-0.00018049186779092575,-4.998216140157564e-05,0.9999999180668314,5.5435179805075675e-09,4.791039187926341e-05,0.00040195885854894586,-1.9983924835713607,-0.000964509857183593,0.0,0,0,0.0,0.0,-1.4999999999987728,9.337557322995332e-12,0.3499636246458145,-1.5871739616463234,0.0010535890978292624,0.4512759668676771
2.0004999999998354,-0.41750499320919243,-0.0001841143749112551,-4.998216396525598e-05,0.9999999167820177,5.217180613080226e-09,4.7910388988701954e-05,0.00040514263216885464,-1.9983797471578342,-0.0009721517052994954,0.0,0,0,0.0,0.0,-1.4999999999987728,9.337565592249493e-12,0.3499636246458145,-1.5826413891881272,0.0010604685469415697,0.45127640037682965
2.020499999999842,-0.42203733628874657,-0.00018776576488405212,-4.998383686387818e-05,0.9999999154925465,4.84829742105006e-09,4.790821827804704e-05,0.0004083132403902031,-1.981649822048462,-0.000979761991999517,0.0,0,0,0.0,0.0,-1.4999999999987728,9.337555117944393e-12,0.3499636246458145,-1.5781088774252527,0.0010672907317102835,0.45127682300893707
2.0404999999998488,-0.42656377042576055,-0.00019144122485702933,-5.001723009363332e-05,0.9999999142019269,4.311500211768116e-09,4.786602566339499e-05,0.00041146686574853464,-1.9423069412811658,-0.0009873319346381138,0.0,0,0,0.0,0.0,-1.4999999999987728,9.337533381425722e-12,0.3499636246458145,-1.573576971138929,0.0010740445402667154,0.4512772659897499
2.0604999999998554,-0.43107350250552223,-0.00019513162589628296,-5.008911603990643e-05,0.9999999129137381,3.581967339919865e-09,4.777548350071195e-05,0.00041459621362825944,-1.9031075440299394,-0.0009948440180041374,0.0,0,0,0.0,0.0,-1.4999999999987728,9.337506304137792e-12,0.3499636246458145,-1.5690471360539286,0.0010807096831671472,0.4512776800143075
2.080499999999862,-0.4355571790120895,-0.00019882880786768143,-5.0179995492173695e-05,0.9999999116295396,2.7528659333905204e-09,4.766197474686537e-05,0.0004176951629839667,-1.8641332682414826,-0.0010022834777116073,0.0,0,0,0.0,0.0,-1.4999999999987728,9.337480736597955e-12,0.3499636246458145,-1.564522134519232,0.001087271708777219,0.4512778960172844
2.100499999999869,-0.4400069504308723,-0.00020252564492468582,-5.027516630825644e-05,0.9999999103508228,1.8960151434643045e-09,4.7544374466353824e-05,0.0004207586950894611,-1.8254526218297453,-0.0010096382086937083,0.0,0,0,0.0,0.0,-1.4999999999987728,9.337463791384125e-12,0.3499636246458145,-1.5600059312878107,0.0010937209480391227,0.4512777989649538
2.1204999999998755,-0.4444162508240572,-0.00020621590388772594,-5.0366896230416905e-05,0.9999999090791964,1.0491247650660506e-09,4.743217748298507e-05,0.00042378271146326454,-1.787122910982812,-0.0010168983237255347,0.0,0,0,0.0,0.0,-1.4999999999987728,9.337454297634534e-12,0.3499636246458145,-1.5555034758142552,0.0011000512226613413,0.4512773356721664
2.140499999999882,-0.4487796129074445,-0.00020989413060839573,-5.04518444352621e-05,0.9999999078162619,2.2758649683904978e-10,4.732912910573704e-05,0.0004267638935932955,-1.7491918536610456,-0.0010240558152785795,0.0,0,0,0.0,0.0,-1.4999999999987728,9.337452170810366e-12,0.3499636246458145,-1.5510204747418117,0.0011062588723877865,0.4512764973380107
2.160499999999889,-0.453092505506675,-0.00021355554911547085,-5.05289529483254e-05,0.9999999065635033,-5.649159050833568e-10,4.72361463233222e-05,0.0004296995822226375,-1.7116989973357,-0.0010311042648007529,0.0,0,0,0.0,0.0,-1.4999999999987728,9.33745555290503e-12,0.3499636246458145,-1.5465631699691365,0.0011123419977836255,0.45127530473976163
2.1804999999998955,-0.45735119074069164,-0.0002171959711404354,-5.059822812962903e-05,0.9999999053222483,-1.3300272387319997e-09,4.715293863986972e-05,0.0004325876723374056,-1.6746769648553212,-0.0010380385897933663,0.0,0,0,0.0,0.0,-1.4999999999987728,9.337459445268708e-12,0.3499636246458145,-1.5421381287303972,0.0011182998813636675,0.45127379796736006
2.200499999999902,-0.4615525997397332,-0.00022081171567917148,-5.066011338201438e-05,0.9999999040936606,-2.071398825312358e-09,4.7078789399186717e-05,0.0004354265224909028,-1.6381525388765203,-0.001044854825361874,0.0,0,0,0.0,0.0,-1.4999999999987728,9.337462515086697e-12,0.3499636246458145,-1.5377520496804882,0.0011241325588252497,0.4512720292137115
2.220499999999909,-0.4656942256174033,-0.00022439953832842697,-5.0715187043780446e-05,0.9999999028787492,-2.793102056232247e-09,4.701289927590396e-05,0.0004382148772560034,-1.6021475959553202,-0.0010515499373520143,0.0,0,0,0.0,0.0,-1.4999999999987728,9.33746625890298e-12,0.3499636246458145,-1.5334115879138035,0.0011298405137001118,0.45127005750379473
2.2404999999999156,-0.46977403221767794,-0.0002279565699440764,-5.076402672318749e-05,0.9999999016783863,-3.4989315993748505e-09,4.695452201713558e-05,0.0004409518015223445,-1.5666799031354914,-0.0010581216639922175,0.0,0,0,0.0,0.0,-1.4999999999987728,9.33746953622379e-12,0.3499636246458145,-1.5291232010072233,0.0011354244704359533,0.4512679447268875
2.2604999999999222,-0.47379037706186017,-0.00023148026401063987,-5.0807155536878444e-05,0.9999999004933218,-4.192138523767973e-09,4.6903007246707765e-05,0.0004436366253324019,-1.531763790724989,-0.0010645683829029196,0.0,0,0,0.0,0.0,-1.4999999999987728,9.337470044609106e-12,0.3499636246458145,-1.52489301737803,0.0011408852634476904,0.4512657526005261
2.280499999999929,-0.47774194691437577,-0.00023496835201596266,-5.084502724031536e-05,0.9999998993242037,-4.875362186987452e-09,4.685780396371383e-05,0.00044626889798541253,-1.497410715018529,-0.001070889000426689,0.0,0,0,0.0,0.0,-1.4999999999987728,9.337468130329457e-12,0.3499636246458145,-1.5207267274948713,0.0011462237627178512,0.45126354034084604
2.3004999999999356,-0.48162770443483166,-0.00023841880607506117,-5.087802885370847e-05,0.9999998981715906,-5.550649830120804e-09,4.681844886355648e-05,0.00044884835020611347,-1.463629724309778,-0.001077082860384948,0.0,0,0,0.0,0.0,-1.4999999999987728,9.33746657559596e-12,0.3499636246458145,-1.5166294978034893,0.0011514408397198194,0.45126136290057667
2.3204999999999423,-0.485446844462797,-0.00024182980802767718,-5.0906490308854956e-05,0.9999998970359637,-6.219512066492305e-09,4.6784550051491135e-05,0.00045137486325965857,-1.4304278408529905,-0.0010831496695653086,0.0,0,0,0.0,0.0,-1.4999999999987728,9.337465135809993e-12,0.3499636246458145,-1.5126059066476247,0.0011565373605362103,0.4512592696846641
2.340499999999949,-0.4891987585776854,-0.00024519972423579003,-5.093069608624687e-05,0.9999998959177387,-6.882990696473432e-09,4.6755770643982035e-05,0.0004538484439856286,-1.3978103706015645,-0.0010890894374774973,0.0,0,0,0.0,0.0,-1.4999999999987728,9.337410267899468e-12,0.3499636246458145,-1.508659900986021,0.0011615141958914086,0.45125730367735634
2.3604999999999556,-0.4928830066812973,-0.00024852708532488443,-5.095089650638076e-05,0.9999998948172698,-7.541728250955543e-09,4.673181406392031e-05,0.00045626920481796996,-1.3657811516370384,-0.0010949024281273977,0.0,0,0,0.0,0.0,-1.4999999999987728,9.337343458422343e-12,0.3499636246458145,-1.5047947723287676,0.0011663722403269985,0.45125550092473005
2.3804999999999623,-0.49649929446056035,-0.0002518105701428462,-5.096731766627574e-05,0.9999998937348615,-8.196034657823406e-09,4.6712411649900876e-05,0.0004586373479514335,-1.334342751245777,-0.0011005891217910956,0.0,0,0,0.0,0.0,-1.4999999999987728,9.337287901599882e-12,0.3499636246458145,-1.501013150035814,0.0011711124348837954,0.451253890321005
2.400499999999969,-0.5000474556997584,-0.00025504899325046773,-5.0980169664258286e-05,0.9999998926707703,-8.845949052309402e-09,4.66973126772499e-05,0.000460953152906864,-1.3034966206285297,-0.0011061501849866317,0.0,0,0,0.0,0.0,-1.4999999999987728,9.33724971642385e-12,0.3499636246458145,-1.497317009929971,0.001175735789414297,0.4512524936496226
2.4204999999999757,-0.5035274385228583,-0.0002582412953055959,-5.098965307197982e-05,0.9999998916252113,-9.491295961917444e-09,4.668627665982486e-05,0.0004632169668364753,-1.2732432152594586,-0.0011115864470601976,0.0,0,0,0.0,0.0,-1.4999999999987728,9.337232186437085e-12,0.3499636246458145,-1.493707696067748,0.0011802434020522909,0.4512513258327223
2.4404999999999824,-0.5069392947556132,-0.0002613865357569621,-5.099596376450682e-05,0.9999998905983573,-1.0131735649463503e-08,4.6679067704814694e-05,0.0004654291969950172,-1.2435820879620092,-0.0011168988820022818,0.0,0,0,0.0,0.0,-1.4999999999987728,9.337232256539033e-12,0.3499636246458145,-1.490185953474167,0.0011846364744479546,0.45125039534569705
2.460499999999989,-0.5102831717024565,-0.00026448388732184445,-5.099929628614997e-05,0.9999998895903488,-1.0766808614139013e-08,4.6675450656749266e-05,0.0004675903048828841,-1.2145119608520214,-0.0011220885943048486,0.0,0,0,0.0,0.0,-1.4999999999987728,9.337198850461044e-12,0.3499636246458145,-1.486751969672591,0.0011889163221785917,0.45124970475697257
2.4804999999999957,-0.5135593057335635,-0.00026753263178220653,-5.09998459566867e-05,0.9999998886012857,-1.1395974433059163e-08,4.667518875993902e-05,0.0004697008016420231,-1.1860307814246742,-0.0011271568078454308,0.0,0,0,0.0,0.0,-1.4999999999987728,9.337149445197385e-12,0.3499636246458145,-1.4834054229172782,0.0011930843803117466,0.4512492513568833
2.5005000000000024,-0.516768017171855,-0.0002705321566951957,-5.0997809925231726e-05,0.9999998876312376,-1.2018645167694002e-08,4.6678042576275245e-05,0.0004717612443546971,-1.1581357672396975,-0.0011321048569598701,0.0,0,0,0.0,0.0,-1.4999999999987728,9.337070677483833e-12,0.3499636246458145,-1.4801455351557533,0.0011971422044723312,0.45124902784353166
2.520500000000009,-0.5199097060573467,-0.0002734819526744771,-5.09933873727821e-05,0.9999998866802416,-1.2634213622050037e-08,4.6683769910880716e-05,0.0004737722329582763,-1.130823442896019,-0.0011369341790077314,0.0,0,0,0.0,0.0,-1.4999999999987728,9.336941952248013e-12,0.3499636246458145,-1.4769711278998696,0.001201091467990917,0.45124902303747305
2.5405000000000157,-0.5229848484465496,-0.0002763816109575455,-5.098677905003128e-05,0.9999998857483027,-1.3242076787344421e-08,4.669212651792707e-05,0.00047573440754623895,-1.1040896722872582,-0.0011416463078793625,0.0,0,0,0.0,0.0,-1.4999999999987728,9.336772687242841e-12,0.3499636246458145,-1.4738806793609311,0.0012049339558212297,0.4512492226011353
2.5605000000000224,-0.5259939929772519,-0.0002792308210298706,-5.09781863199608e-05,0.9999998848353963,-1.384165482064157e-08,4.670286738132452e-05,0.00047764844587636784,-1.0779296884966285,-0.0011462428680033554,0.0,0,0,0.0,0.0,-1.4999999999987728,9.33661090074486e-12,0.3499636246458145,-1.4708723813966305,0.0012086715559437484,0.45124960974276335
2.580500000000029,-0.5289377574937395,-0.00028202936812863363,-5.096780985635935e-05,0.9999998839414652,-1.4432405953919543e-08,4.671574838841175e-05,0.0004795150609517088,-1.0523381231254187,-0.0011507255685437201,0.0,0,0,0.0,0.0,-1.4999999999987728,9.33647086141967e-12,0.3499636246458145,-1.4679441950189747,0.0012123062489444911,0.45125016588841116
2.600500000000036,-0.5318168255843594,-0.00028477713049625253,-5.0955848129914636e-05,0.9999998830664318,-1.5013837700542446e-08,4.673052823869883e-05,0.00048133499857854536,-1.0273090363535446,-0.0011550961975395069,0.0,0,0,0.0,0.0,-1.4999999999987728,9.3363132896276e-12,0.3499636246458145,-1.4650939034164885,0.0012158400963950136,0.4512508713090323
2.6205000000000425,-0.5346319429324324,-0.00028747407629642655,-5.0942495795266795e-05,0.999999882210183,-1.5585514777232928e-08,4.674697045323162e-05,0.0004831090348384881,-1.002835948602272,-0.0011593566158467183,0.0,0,0,0.0,0.0,-1.4999999999987728,9.336148905533751e-12,0.3499636246458145,-1.4623191616448665,0.0012192752285763407,0.45125170569288897
2.640500000000049,-0.5373839134231133,-0.0002901202601427637,-5.092794207117011e-05,0.9999998813725882,-1.6147064132592056e-08,4.6764845373003176e-05,0.00048483797343928107,-0.9789118743062004,-0.0011635087507860574,0.0,0,0,0.0,0.0,-1.4999999999987728,9.335980119309822e-12,0.3499636246458145,-1.4596175423342375,0.0012226138319986007,0.4512526486565482
2.660500000000056,-0.5400735949832981,-0.0002927158192220752,-5.091236919150599e-05,0.9999998805534834,-1.669817747684284e-08,4.6783932056362947e-05,0.0004865226429312651,-0.9555293580003112,-0.0011675545894719974,0.0,0,0,0.0,0.0,-1.4999999999987728,9.335832741690625e-12,0.3499636246458145,-1.456986576943103,0.0012258581370780913,0.4512536801902207
2.6805000000000625,-0.5427018951595076,-0.00029526096902116,-5.0895950985563924e-05,0.9999998797526916,-1.7238611687516237e-08,4.680402000557512e-05,0.0004881638937942507,-0.9326805126847078,-0.001171496171827968,0.0,0,0,0.0,0.0,-1.4999999999987728,9.335750824031674e-12,0.3499636246458145,-1.454423792257764,0.0012290104062492248,0.4512547810356505
2.700500000000069,-0.545269766460391,-0.000297755998687513,-5.087885163282998e-05,0.9999998789700064,-1.7768187460425356e-08,4.682491067105369e-05,0.0004897625954130123,-0.9103570602397267,-0.0011753355833329592,0.0,0,0,0.0,0.0,-1.4999999999987728,9.33571093816948e-12,0.3499636246458145,-1.4519267419874657,0.0012320729227135849,0.4512559329966084
2.720500000000076,-0.5477782015066495,-0.0003002012660711115,-5.086122462152225e-05,0.9999998782052073,-1.8286786537488328e-08,4.6846418698384664e-05,0.0004913196329694883,-0.8885503735226378,-0.0011790749475682814,0.0,0,0,0.0,0.0,-1.4999999999987728,9.335663397457686e-12,0.3499636246458145,-1.4494930334402834,0.001235047979964786,0.4512571191838415
2.7405000000000825,-0.550228228042379,-0.0003025971925066405,-5.08432119308465e-05,0.9999998774580562,-1.879434783412199e-08,4.68683728978509e-05,0.0004928359042861949,-0.867251519678815,-0.0011827164186417605,0.0,0,0,0.0,0.0,-1.4999999999987728,9.335637632026925e-12,0.3499636246458145,-1.447120349380205,0.0012379378721742993,0.4512583241976054
2.760500000000089,-0.5526209038687209,-0.000304944257403574,-5.0824943443763955e-05,0.9999998767282939,-1.929086275608737e-08,4.68906169288162e-05,0.0004943123166590887,-0.8464513041396153,-0.0011862621735879485,0.0,0,0,0.0,0.0,-1.4999999999987728,9.33557962705574e-12,0.3499636246458145,-1.4448064652632397,0.0012407448854808926,0.45125953425204407
2.780500000000096,-0.5549573117638328,-0.00030724299271590947,-5.080653658922139e-05,0.9999998760156528,-1.9776369948892583e-08,4.691300970196802e-05,0.0004957497837194145,-0.8261403147512649,-0.0011897144048322872,0.0,0,0,0.0,0.0,-1.4999999999987728,9.335543423340267e-12,0.3499636246458145,-1.4425492621292466,0.0012434712901946531,0.4512607372465043
2.8005000000001026,-0.5572385544532497,-0.00030949397736452616,-5.078809620654868e-05,0.9999998753198505,-2.0250949735740498e-08,4.693542551119877e-05,0.0004971492223633725,-0.8063089654780362,-0.001193075312817804,0.0,0,0,0.0,0.0,-1.4999999999987728,9.335526475321092e-12,0.3499636246458145,-1.440346735487103,0.0012461193339005912,0.4512619227893948
2.8205000000001093,-0.5594657496921545,-0.00031169783168358723,-5.076971461653012e-05,0.9999998746405944,-2.0714718407620236e-08,4.6957753913854154e-05,0.000498511549786268,-0.7869475391446006,-0.0011963470988796132,0.0,0,0,0.0,0.0,-1.4999999999987728,9.335524983656939e-12,0.3499636246458145,-1.4381970005756295,0.0012486912354309372,0.45126308218061495
2.840500000000116,-0.5616400255165577,-0.0003138552119586198,-5.0751471880618655e-05,0.9999998739775827,-2.116782256436126e-08,4.697989938327342e-05,0.0004998376806543759,-0.7680462287214164,-0.0011995319584487518,0.0,0,0,0.0,0.0,-1.4999999999987728,9.33546267505479e-12,0.3499636246458145,-1.43609829441169,0.0012511891796623648,0.4512642083586797
2.8605000000001226,-0.5637625157143312,-0.0003159668051183422,-5.073343622674938e-05,0.9999998733305088,-2.1610433624935256e-08,4.7001780761353376e-05,0.0005011285244434913,-0.7495951767092873,-0.0012026320746524987,0.0,0,0,0.0,0.0,-1.4999999999987728,9.335406601933328e-12,0.3499636246458145,-1.4340489750523142,0.0012536153130878421,0.4512652958186874
2.8805000000001293,-0.5658343555599274,-0.0003180333236354333,-5.0715664617470696e-05,0.9999998726990598,-2.204274262752248e-08,4.702333054108587e-05,0.0005023849829683255,-0.7315845122408579,-0.0012056496123735271,0.0,0,0,0.0,0.0,-1.4999999999987728,9.33536800118956e-12,0.3499636246458145,-1.4320475185006956,0.001255971740107618,0.45126634050707587
2.900500000000136,-0.5678566778488414,-0.00032005550068363124,-5.069820343474749e-05,0.9999998720829169,-2.246495540185288e-08,4.704449401016446e-05,0.0005036079481217495,-0.7140043855842668,-0.0012085867128131865,0.0,0,0,0.0,0.0,-1.4999999999987728,9.335351105868645e-12,0.3499636246458145,-1.4300925136784843,0.0012582605199836325,0.4512673396988583
2.9205000000001426,-0.5698306092598038,-0.0003220340855902098,-5.0681089256383146e-05,0.999999871481762,-2.2877288175157092e-08,4.706522828675527e-05,0.0005047982998377156,-0.6968449998042345,-0.001211445488585028,0.0,0,0,0.0,0.0,-1.4999999999987728,9.335349564002055e-12,0.3499636246458145,-1.428182655870371,0.0012604836644008115,0.4512682918626332
2.9405000000001493,-0.5717572670645945,-0.0003239698396143161,-5.066434969992278e-05,0.9999998708952741,-2.327996365223432e-08,4.7085501277707244e-05,0.0005059569042865251,-0.6800966394062131,-0.0012142280193726761,0.0,0,0,0.0,0.0,-1.4999999999987728,9.335358872375743e-12,0.3499636246458145,-1.4263167390232834,0.0012626431355802607,0.45126919651819436
2.960500000000156,-0.5736377561975317,-0.0003258635320731739,-5.064800430947723e-05,0.9999998703231345,-2.367320759173273e-08,4.710529058786673e-05,0.0005070846123062979,-0.663749695857416,-0.0012169363481477902,0.0,0,0,0.0,0.0,-1.4999999999987728,9.335370274544232e-12,0.3499636246458145,-1.424493647253383,0.0012647408448913547,0.4512700540910873
2.9805000000001627,-0.5754731666893046,-0.0003277159368299666,-5.063206546425938e-05,0.9999998697650245,-2.405724587596795e-08,4.7124582407031874e-05,0.0005081822580699705,-0.6477946899427497,-0.0012195724779608952,0.0,0,0,0.0,0.0,-1.4999999999987728,9.335384402227906e-12,0.3499636246458145,-1.4227123458805313,0.0012667786519121077,0.4512708657678846
3.0005000000001694,-0.5772645714630186,-0.0003295278291495389,-5.061653928828481e-05,0.999999869220627,-2.4432302084681904e-08,4.7143370398518706e-05,0.0005092506579831356,-0.6322222909729357,-0.0012221383692795128,0.0,0,0,0.0,0.0,-1.4999999999987728,9.33540526908816e-12,0.3499636246458145,-1.4209718722739046,0.0012687583638897946,0.45127163335542236
3.020500000000176,-0.5790130244842621,-0.00033129998292102974,-5.060142654433871e-05,0.9999998686896271,-2.4798595532796117e-08,4.716165461046227e-05,0.0005102906098044788,-0.617023332914856,-0.0012246359378645267,0.0,0,0,0.0,0.0,-1.4999999999987728,9.335421456271575e-12,0.3499636246458145,-1.4192713267547825,0.0012706817355564969,0.4512723591466798
3.0405000000001827,-0.5807195592517314,-0.0003330331682402835,-5.058672349664432e-05,0.9999998681717166,-2.5156339747877986e-08,4.71794404279338e-05,0.0005113028919776157,-0.6021888275601591,-0.0012270670531554727,0.0,0,0,0.0,0.0,-1.4999999999987728,9.335499445887917e-12,0.3499636246458145,-1.4176098637646002,0.001272550469257069,0.45127304579543887
3.0605000000001894,-0.5823851876105195,-0.00033472814933945114,-5.057242272995923e-05,0.999999867666592,-2.5505741363306417e-08,4.719673758089622e-05,0.000512288263160666,-0.5877099748867967,-0.0012294335371290544,0.0,0,0,0.0,0.0,-1.4999999999987728,9.335570810953745e-12,0.3499636246458145,-1.4159866834689374,0.0012743662153490588,0.45127369620134955
3.080500000000196,-0.5840108988665992,-0.00033638568284663587,-5.055851391429798e-05,0.9999998671739522,-2.5846999368385636e-08,4.7213559219955536e-05,0.0005132474619380681,-0.5735781707994076,-0.0012317371635978346,0.0,0,0,0.0,0.0,-1.4999999999987728,9.335622616585937e-12,0.3499636246458145,-1.414401023932199,0.0012761305728378745,0.45127431340654717
3.1005000000002028,-0.5855976591782854,-0.000338006516354756,-5.054498450797341e-05,0.9999998666935023,-2.6180304686986827e-08,4.722992106887948e-05,0.0005141812066977601,-0.5597850124584808,-0.001233979657905948,0.0,0,0,0.0,0.0,-1.4999999999987728,9.335650511031565e-12,0.3499636246458145,-1.4128521539638323,0.0012778450902116239,0.4512749005045469
3.1205000000002094,-0.587146411198534,-0.00033959138727598313,-5.053182039353294e-05,0.9999998662249514,-2.6505840037989717e-08,4.724584066016255e-05,0.000515090195656018,-0.5463223014251172,-0.0012361626969786598,0.0,0,0,0.0,0.0,-1.4999999999987728,9.335656298886562e-12,0.3499636246458145,-1.4113393667055072,0.001279511266443419,0.4512754605617175
3.140500000000216,-0.5886580739407622,-0.00034114102195611975,-5.05190064431925e-05,0.9999998657680184,-2.6823780021159652e-08,4.726133665722508e-05,0.0005159751070118843,-0.5331820448585408,-0.0012382879096890064,0.0,0,0,0.0,0.0,-1.4999999999987728,9.335645290158181e-12,0.3499636246458145,-1.4098619740003586,0.0012811305521310953,0.45127599655133
3.160500000000223,-0.590133542840378,-0.00034265613502206774,-5.050652701263851e-05,0.9999998653224258,-2.713429139691113e-08,4.7276428264605046e-05,0.0005168365992130913,-0.5203564550079939,-0.0012403568774860929,0.0,0,0,0.0,0.0,-1.4999999999987728,9.335626604934537e-12,0.3499636246458145,-1.408419301560088,0.0012827043507466149,0.45127651129984114
3.1805000000002295,-0.5915736899843514,-0.0003441374289350219,-5.0494366363092934e-05,0.9999998648879005,-2.74375335203364e-08,4.729113472540799e-05,0.0005176753113158203,-0.5078379472394404,-0.0012423711352568033,0.0,0,0,0.0,0.0,-1.4999999999987728,9.33560605684782e-12,0.3499636246458145,-1.4070106849239616,0.0012842340199698855,0.45127700744487437
3.200500000000236,-0.5929793644818216,-0.00034558559372213356,-5.0482509013544336e-05,0.9999998644641795,-2.7733658879580296e-08,4.730547490351144e-05,0.0005184918634213,-0.4956191368319168,-0.0012443321723676348,0.0,0,0,0.0,0.0,-1.4999999999987728,9.335586302498142e-12,0.3499636246458145,-1.4056354661851937,0.0012857208730840447,0.4512774874041487
3.220500000000243,-0.5943513929498723,-0.00034700130686005765,-5.0470940026911444e-05,0.9999998640510038,-2.8022813716687013e-08,4.7319466946594935e-05,0.0005192868571731867,-0.48369283476852537,-0.0012462414338552108,0.0,0,0,0.0,0.0,-1.4999999999987728,9.335571280263935e-12,0.3499636246458145,-1.4042929914449591,0.0012871661804114655,0.4512779533544296
3.2405000000002495,-0.5956905800901022,-0.00034838523328490625,-5.045964523299771e-05,0.9999998636481194,-2.8305138683108668e-08,4.733312802483065e-05,0.0005200608763008117,-0.4720520427341621,-0.0012481003217281739,0.0,0,0,0.0,0.0,-1.4999999999987728,9.335560104356464e-12,0.3499636246458145,-1.4029826089424475,0.001288571170772101,0.4512784072195229
3.260500000000256,-0.5969977093334226,-0.00034973802550463144,-5.044861139398536e-05,0.9999998632552802,-2.858076951430209e-08,4.734647413917141e-05,0.0005208144871946682,-0.46068994751644116,-0.0012499101963474146,0.0,0,0,0.0,0.0,-1.4999999999987728,9.335498543203531e-12,0.3499636246458145,-1.4017036678003663,0.0012899370329479169,0.45127885066623374
3.280500000000263,-0.598273543532519,-0.00035106032379165033,-5.043782631766021e-05,0.999999862872246,-2.8849837715454308e-08,4.735951999255178e-05,0.0005215482395018775,-0.44959991498886615,-0.001251672377852131,0.0,0,0,0.0,0.0,-1.4999999999987728,9.335434576812754e-12,0.3499636246458145,-1.400455517319096,0.001291264917139535,0.4512792851071825
3.3005000000002696,-0.5995188256835735,-0.00035235275643551785,-5.042727892412178e-05,0.999999862498778,-2.9112471196798203e-08,4.7372278916872454e-05,0.0005222626667308161,-0.4387754838366141,-0.0012533881476146647,0.0,0,0,0.0,0.0,-1.4999999999987728,9.335387439834802e-12,0.3499636246458145,-1.3992375067491987,0.0012925559364026272,0.45127971170937853
3.3205000000002762,-0.6007342796610803,-0.00035361594003759897,-5.041695927161325e-05,0.9999998621346476,-2.9368794880898797e-08,4.7384762848480605e-05,0.0005229582868555541,-0.4282103591658065,-0.0012550587496857446,0.0,0,0,0.0,0.0,-1.4999999999987728,9.335359652760916e-12,0.3499636246458145,-1.3980489854705973,0.0012938111680544306,0.4512801314074921
3.340500000000283,-0.6019206109518375,-0.0003548504798319017,-5.040685854816062e-05,0.9999998617796316,-2.9618931261313648e-08,4.739698234481128e-05,0.000523635602912148,-0.4178984061176628,-0.0012566853922322708,0.0,0,0,0.0,0.0,-1.4999999999987728,9.335349698031828e-12,0.3499636246458145,-1.396889303507252,0.001295031655041976,0.4512805449207736
3.3605000000002896,-0.6030785073764158,-0.00035605697001845835,-5.0396969034235914e-05,0.9999998614335086,-2.986300088891954e-08,4.740894663505941e-05,0.0005242951035802725,-0.40783364358959423,-0.0012582692489297997,0.0,0,0,0.0,0.0,-1.4999999999987728,9.335356537517866e-12,0.3499636246458145,-1.3957578123085084,0.001296218407265599,0.4512809527726674
3.3805000000002963,-0.6042086397885499,-0.00035723599409782854,-5.0387284042336205e-05,0.9999998610960648,-3.01011227997121e-08,4.7420663698060754e-05,0.0005249372637449603,-0.39801023814667946,-0.0012598114603139976,0.0,0,0,0.0,0.0,-1.4999999999987728,9.335372919444282e-12,0.3499636246458145,-1.3946538657319163,0.0012973724028528396,0.4512813553122539
3.400500000000303,-0.6053116627449293,-0.00035838812519739863,-5.037779783877857e-05,0.9999998607670921,-3.0333414873660524e-08,4.743214036092332e-05,0.0005255625450344579,-0.3884224981892568,-0.0012613131350734717,0.0,0,0,0.0,0.0,-1.4999999999987728,9.335394497693028e-12,0.3499636246458145,-1.3935768211668653,0.0012984945893792846,0.4512817527366964
3.4205000000003096,-0.6063882151397447,-0.0003595139263821409,-5.036850555276869e-05,0.9999998604463841,-3.0559994118027214e-08,4.7443382412510424e-05,0.0005261713963313313,-0.37906486842605436,-0.0012627753512770568,0.0,0,0,0.0,0.0,-1.4999999999987728,9.335416519779446e-12,0.3499636246458145,-1.3925260407439657,0.001299585885034199,0.451282145114008
3.4405000000003163,-0.6074389208000793,-0.0003606139509443318,-5.0359403076691155e-05,0.999999860133741,-3.078097688907506e-08,4.745439472640771e-05,0.0005267642542549808,-0.3699319246871315,-0.001264199157532353,0.0,0,0,0.0,0.0,-1.4999999999987728,9.335435833595122e-12,0.3499636246458145,-1.3915008925811319,0.001300647179729999,0.45128253240553984
3.460500000000323,-0.6084643890397721,-0.0003616887426683974,-5.035048696228329e-05,0.9999998598289659,-3.0996479045668614e-08,4.7465181388605356e-05,0.0005273415436146007,-0.36101836909756413,-0.0012655855740787202,0.0,0,0,0.0,0.0,-1.4999999999987728,9.335449784807221e-12,0.3499636246458145,-1.3905007520235741,0.0013016793361555195,0.45128291448766616
3.4805000000003297,-0.6094652151707437,-0.00036273883606854614,-5.034175431576316e-05,0.99999985953187,-3.120661604597278e-08,4.747574582579663e-05,0.0005279036778324175,-0.3523190256208651,-0.0012669355938008664,0.0,0,0,0.0,0.0,-1.4999999999987728,9.335456657796784e-12,0.3499636246458145,-1.3895250028414667,0.001302683190773962,0.45128329117227134
3.5005000000003363,-0.6104419809719369,-0.00036376475659814745,-5.0333202695007745e-05,0.9999998592422635,-3.1411502986124615e-08,4.748609093076722e-05,0.000528451059337667,-0.343828835971057,-0.0012682501831768889,0.0,0,0,0.0,0.0,-1.4999999999987728,9.335418659287775e-12,0.3499636246458145,-1.3885730383553763,0.0013036595547669869,0.45128366222569605
3.520500000000343,-0.6113952551170101,-0.0003647670208309263,-5.032483001057583e-05,0.9999998589599656,-3.161125459915801e-08,4.7496219182019296e-05,0.0005289840799323534,-0.3355428558836691,-0.0012695302831597032,0.0,0,0,0.0,0.0,-1.4999999999987728,9.335347663819396e-12,0.3499636246458145,-1.3876442624658774,0.0013046092149273123,0.45128402738593604
3.5405000000003497,-0.6123255935627143,-0.0003657461366149593,-5.031663443374458e-05,0.9999998586847951,-3.1805985202444976e-08,4.75061327553176e-05,0.0005295031211302015,-0.32745625172900916,-0.0012707768099902595,0.0,0,0,0.0,0.0,-1.4999999999987728,9.335282493005148e-12,0.3499636246458145,-1.3867380905694473,0.0013055329345020073,0.45128438637789703
3.5605000000003564,-0.6132335399005074,-0.00036670260320120437,-5.030861431190486e-05,0.9999998584165781,-3.1995808613213356e-08,4.751583362546164e-05,0.0005300085544705979,-0.3195642974456616,-0.0012719906559526706,0.0,0,0,0.0,0.0,-1.4999999999987728,9.335230965165752e-12,0.3499636246458145,-1.3858539503484413,0.0013064314539895368,0.4512847389266555
3.580500000000363,-0.6141196256744172,-0.0003676369113488554,-5.030076809299333e-05,0.9999998581551417,-3.2180838043037714e-08,4.752532365704631e-05,0.0005305007418094992,-0.31186237176807685,-0.0012731726900744532,0.0,0,0,0.0,0.0,-1.4999999999987728,9.335197482375505e-12,0.3499636246458145,-1.3849912824276707,0.0013073054918936473,0.45128508476866513
3.6005000000003697,-0.6149843706684855,-0.00036854954341023095,-5.0293094259424614e-05,0.9999998579003206,-3.2361185965134536e-08,4.753460468347768e-05,0.0005309800355894587,-0.30434595571938294,-0.0012743237587750755,0.0,0,0,0.0,0.0,-1.4999999999987728,9.335182878762887e-12,0.3499636246458145,-1.3841495408947457,0.0013081557454372257,0.4512854236609656
3.6205000000003764,-0.6158282831672921,-0.00036944097339816157,-5.028559127185149e-05,0.9999998576519487,-3.253696396808102e-08,4.754367857392222e-05,0.0005314467790909666,-0.2970106303389999,-0.001275444686470273,0.0,0,0,0.0,0.0,-1.4999999999987728,9.335185462142677e-12,0.3499636246458145,-1.3833281936849866,0.0013089828912393074,0.4512857553884335
3.640500000000383,-0.6166518601931273,-0.000370311667038981,-5.027825752285105e-05,0.9999998574098669,-3.2708282602915016e-08,4.755254728820283e-05,0.0005319013066673295,-0.2898520746140844,-0.0012765362761374631,0.0,0,0,0.0,0.0,-1.4999999999987728,9.335205371947989e-12,0.3499636246458145,-1.3825267228352058,0.0013097875859584543,0.4512860797692229
3.6605000000003898,-0.6174555877233439,-0.00037116208181425304,-5.027109130014426e-05,0.9999998571739166,-3.2875251224619174e-08,4.7561212919992205e-05,0.0005323439439652275,-0.28286606358407407,-0.0012775993098443905,0.0,0,0,0.0,0.0,-1.4999999999987728,9.335239603982552e-12,0.3499636246458145,-1.3817446246131169,0.0013105704669054928,0.4512863966584911
3.6805000000003965,-0.6182399408912921,-0.00037199266699428866,-5.0264090759078826e-05,0.9999998569439466,-3.3037977831696275e-08,4.7569677728879634e-05,0.0005327750081330274,-0.27604846658873333,-0.001278634549251656,0.0,0,0,0.0,0.0,-1.4999999999987728,9.335273764089282e-12,0.3499636246458145,-1.3809814095314878,0.0013113321526285868,0.45128670595060993
3.700500000000403,-0.6190053841740545,-0.0003728038636663649,-5.025725390361188e-05,0.9999998567198077,-3.319656891549706e-08,4.757794416209259e-05,0.0005331948080187637,-0.269395245631706,-0.0012796427360870055,0.0,0,0,0.0,0.0,-1.4999999999987728,9.335300588421294e-12,0.3499636246458145,-1.3802366022575574,0.0013120732434733335,0.4512870075799948
3.72050000000041,-0.6197523715699507,-0.0003735961047603453,-5.025057857515595e-05,0.9999998565013505,-3.335112931973549e-08,4.7586014866811654e-05,0.0005336036443595558,-0.2629024538336909,-0.0012806245926009652,0.0,0,0,0.0,0.0,-1.4999999999987728,9.335314298622592e-12,0.3499636246458145,-1.3795097414294963,0.0013127943221203713,0.45128730152075475
3.7405000000004165,-0.6204642420179539,-0.00037434773434841625,-5.036775452948615e-05,0.9999998563029525,-3.393399050845667e-08,4.7437855829837364e-05,0.0005339885039774846,0,0,0.0,0,0,0.0,0.0,-1.4999999999987728,9.335318890914761e-12,0.3499636246458145,-1.3788009514994666,0.0013134623570002617,0.45128771207133667
3.760500000000423,-0.6210875161029801,-0.0003749978260234246,-5.064463966807076e-05,0.9999998561451553,-3.502269772675481e-08,4.708757131542937e-05,0.0005343149150901406,0,0,0.0,0,0,0.0,0.0,-1.4999999999987728,9.335316307267912e-12,0.3499636246458145,-1.378115897978658,0.0013139884891402941,0.45128805728393334
3.78050000000043,-0.6216311198481026,-0.000375562528817499,-5.079260312462867e-05,0.9999998560047338,-3.5612707204766806e-08,4.6905429020304944e-05,0.000534593670032737,0,0,0.0,0,0,0.0,0.0,-1.4999999999987728,9.335307366313524e-12,0.3499636246458145,-1.37746307934523,0.0013144135464789502,0.45128740071733964
3.8005000000004365,-0.6221069324753549,-0.00037605535198920127,-5.0826248456444164e-05,0.9999998558785202,-3.576074030419887e-08,4.6871198446460476e-05,0.0005348327111327881,0,0,0.0,0,0,0.0,0.0,-1.4999999999987728,9.335299703619785e-12,0.3499636246458145,-1.3768500268146215,0.0013147666068560981,0.4512859785751585
3.820500000000443,-0.6225249153437172,-0.0003764869154211582,-5.0797952602415435e-05,0.9999998557665432,-3.566552991058451e-08,4.691421992554235e-05,0.0005350382674300396,0,0,0.0,0,0,0.0,0.0,-1.4999999999987728,9.33528940762617e-12,0.3499636246458145,-1.3762827685510324,0.001315067763670976,0.4512841774012807
3.84050000000045,-0.6228934810214485,-0.0003768661216365757,-5.074298200788551e-05,0.9999998556682268,-3.5469258677226414e-08,4.6987877820088336e-05,0.0005352155301676903,0,0,0.0,0,0,0.0,0.0,-1.4999999999987728,9.335280017676314e-12,0.3499636246458145,-1.37576576113298,0.00131533116620502,0.4512822824021671
3.8605000000004566,-0.6232197140686266,-0.0003772004690841271,-5.067997415487539e-05,0.9999998555823673,-3.524977360635722e-08,4.70686863633444e-05,0.0005353688289870859,0,0,0.0,0,0,0.0,0.0,-1.4999999999987728,9.335271258227706e-12,0.3499636246458145,-1.3753019510699325,0.0013155664578260453,0.451280482339443
3.8805000000004632,-0.6235095546993986,-0.000377496251322728,-5.061761481154295e-05,0.9999998555075219,-3.504340658538515e-08,4.714655285003383e-05,0.0005355017620522925,0,0,0.0,0,0,0.0,0.0,-1.4999999999987728,9.335266384100695e-12,0.3499636246458145,-1.3748928807201886,0.0013157799220580423,0.4512788991201107
3.90050000000047,-0.6237679640496384,-0.00037775872945533816,-5.0559417500541234e-05,0.9999998554422703,-3.486412833673255e-08,4.72179496908961e-05,0.0005356173111736314,0,0,0.0,0,0,0.0,0.0,-1.4999999999987728,9.335195568730803e-12,0.3499636246458145,-1.3745388168571708,0.0013159754278898113,0.45127760848597415
3.9205000000004766,-0.6239990730120611,-0.00037799228737991355,-5.0506406373712174e-05,0.9999998553853267,-3.471506223924893e-08,4.7282250883634037e-05,0.0005357179432163524,0,0,0.0,0,0,0.0,0.0,-1.4999999999987728,9.335060453006694e-12,0.3499636246458145,-1.3742388941732826,0.001316155188175095,0.4512766530467952
3.9405000000004833,-0.6242063145961118,-0.0003782005704346131,-5.0458496581353034e-05,0.9999998553355793,-3.459454954706651e-08,4.733997239021411e-05,0.0005358056981220706,0,0,0.0,0,0,0.0,0.0,-1.4999999999987728,9.334941870570576e-12,0.3499636246458145,-1.3739912684999773,0.0013163203480730382,0.45127605093935724
3.96050000000049,-0.6243925402079216,-0.00037838660767516044,-5.041517218212076e-05,0.9999998552920885,-3.449911308779741e-08,4.73919826378421e-05,0.0005358822644047933,0,0,0.0,0,0,0.0,0.0,-1.4999999999987728,9.334858215006665e-12,0.3499636246458145,-1.3737932748957598,0.0013164714253331745,0.4512758019014084
3.9805000000004966,-0.6245601207496083,-0.0003785529185171997,-5.03758055911713e-05,0.9999998552540631,-3.4424825532891336e-08,4.743917062653787e-05,0.0005359490432747041,0,0,0.0,0,0,0.0,0.0,-1.4999999999987728,9.334811894872398e-12,0.3499636246458145,-1.3736415860392714,0.0013166086261912698,0.4512758917367974
4.000500000000502,-0.6247110337052009,-0.000378701604814768,-5.033979911371627e-05,0.9999998552208433,-3.4367903389337754e-08,4.74823203246377e-05,0.0005360072026269507,0,0,0.0,0,0,0.0,0.0,-1.4999999999987728,9.334805243430711e-12,0.3499636246458145,-1.3735323668413442,0.0013167320603535287,0.4512762957831835
4.020500000000491,-0.6248469374756492,-0.0003788344295988434,-5.030663997553488e-05,0.9999998551918748,-3.432493987545557e-08,4.7522074852508845e-05,0.0005360577221083877,0,0,0.0,0,0,0.0,0.0,-1.4999999999987728,9.334757870068954e-12,0.3499636246458145,-1.3734614218003132,0.0013168418768394474,0.45127698175503334
4.04050000000048,-0.6249692342281546,-0.00037895288374087583,-5.027591434957208e-05,0.9999998551666911,-3.4292974821437815e-08,4.755893812414796e-05,0.0005361014304022322,0,0,0.0,0,0,0.0,0.0,-1.4999999999987728,9.33465685837782e-12,0.3499636246458145,-1.3734243322883004,0.0013169383399584756,0.4512779121598662
4.060500000000469,-0.6250791224841138,-0.0003790582417890676,-5.0247302793139495e-05,0.999999855144896,-3.426949363595065e-08,4.759329088420225e-05,0.0005361390357791392,0,0,0.0,0,0,0.0,0.0,-1.4999999999987728,9.334572007466096e-12,0.3499636246458145,-1.3734165816177568,0.001317021861851573,0.4512790463781542
4.080500000000458,-0.6251776406097203,-0.0003791516081791873,-5.022056803624785e-05,0.9999998551261479,-3.4252397069362025e-08,4.762541112034091e-05,0.0005361711508673203,0,0,0.0,0,0,0.0,0.0,-1.4999999999987728,9.334514423399956e-12,0.3499636246458145,-1.3734336663657416,0.0013170930051351671,0.451280342445398
4.100500000000447,-0.6252657023048125,-0.0003792339549613275,-5.0195540396458474e-05,0.9999998551101508,-3.423996035914583e-08,4.765549457620181e-05,0.0005361983125000377,0,0,0.0,0,0,0.0,0.0,-1.4999999999987728,9.3344873779827e-12,0.3499636246458145,-1.3734711930103027,0.0013171524664340756,0.4512817585560297
4.120500000000436,-0.6253441251136592,-0.0003793061521161155,-5.0172103309086526e-05,0.9999998550966438,-3.4230789871167873e-08,4.7683673612082045e-05,0.0005362209974086322,0,0,0.0,0,0,0.0,0.0,-1.4999999999987728,9.33448750213602e-12,0.3499636246458145,-1.3735249594492507,0.0013172010490988947,0.4512832543045454
4.140500000000425,-0.6254136529080516,-0.0003793689914618313,-5.0150180092572595e-05,0.9999998550853926,-3.4223780721133363e-08,4.7710033769773445e-05,0.0005362396344440887,0,0,0.0,0,0,0.0,0.0,-1.4999999999987728,9.334504558953328e-12,0.3499636246458145,-1.3735910214218383,0.0013172396312368688,0.4512847916798395
4.160500000000414,-0.6254749732192644,-0.00037942320507946636,-5.012972239688436e-05,0.9999998550761859,-3.4218076828549616e-08,4.773462788862533e-05,0.0005362546139303529,0,0,0.0,0,0,0.0,0.0,-1.4999999999987728,9.334525292515088e-12,0.3499636246458145,-1.3736657442366378,0.0013172691333654982,0.4512863358302822
4.180500000000403,-0.6255287302217318,-0.00037946947910713646,-5.011070045306568e-05,0.9999998550688306,-3.421303397567338e-08,4.77574878383057e-05,0.0005362662946782584,0,0,0.0,0,0,0.0,0.0,-1.4999999999987728,9.33454440659337e-12,0.3499636246458145,-1.3737458405246499,0.001317290488520644,0.4512878556185968
4.200500000000392,-0.6255755340981736,-0.00037950846367932706,-5.009309507969359e-05,0.9999998550631469,-3.4208186067312124e-08,4.7778634030811044e-05,0.0005362750091200081,0,0,0.0,0,0,0.0,0.0,-1.4999999999987728,9.334561408901523e-12,0.3499636246458145,-1.373828394987741,0.0013173046164923288,0.451289323986846
4.2205000000003805,-0.6256159674438463,-0.0003795407797110078,-5.007689132483371e-05,0.9999998550589689,-3.420321461831636e-08,4.779808291602784e-05,0.0005362810669606211,0,0,0.0,0,0,0.0,0.0,-1.4999999999987728,9.33463032324884e-12,0.3499636246458145,-1.3739108773022584,0.0013173124029874268,0.451290718152736
4.240500000000369,-0.6256520068400133,-0.0003795685486292328,-5.363939694495749e-05,0.999999854996399,-3.483692555288764e-08,4.904363959904892e-05,0.0005362852796678698,0,0,0,0.39,0,0,0,-1.4999999999987728,9.334702192077515e-12,0.3499636246458145,-1.373989793961861,0.0013173160029869766,0.44732567650175814
4.260500000000358,-0.6256838758924487,-0.0003795920006089442,-6.0659915086269736e-05,0.9999998548765301,-3.610712083745053e-08,5.1402819313875425e-05,0.0005362878600158934,0,0,0,0.39,0,0,0,-1.4999999999987728,9.334758030398088e-12,0.3499636246458145,-1.3740635574672972,0.001317315956098872,0.42657275883665724
4.280500000000347,-0.6257087171801623,-0.0003796080649636451,-6.253314239290627e-05,0.9999998548523313,-3.640107809158715e-08,5.187224149388981e-05,0.0005362877832756453,0,0,0,0.39,0,0,0,-1.4999999999987728,9.334795362821541e-12,0.3499636246458145,-1.374134253783503,0.0013173095089443958,0.39368187028541685
4.300500000000336,-0.6257279244645207,-0.0003796182379551857,-6.056813153895945e-05,0.9999998548963165,-3.597133074579839e-08,5.104040156274572e-05,0.0005362855786656169,0,0,0,0.39,0,0,0,-1.4999999999987728,9.334809028568887e-12,0.3499636246458145,-1.374200176551983,0.0013172983561413878,0.3541476146313046
4.320500000000325,-0.62574303237216,-0.00037962416222025666,-5.698561955915325e-05,0.9999998549625279,-3.52717961906797e-08,4.976642544820879e-05,0.0005362818511676254,0,0,0,0.39,0,0,0,-1.4999999999987728,9.334803321555967e-12,0.3499636246458145,-1.3742595494003036,0.0013172842287349179,0.3122798659728983
4.340500000000314,-0.6257532649795137,-0.0003796249969315009,-5.318458814481279e-05,0.9999998550255758,-3.461060453284652e-08,4.8543288750412746e-05,0.000536276398971937,0,0,0,0.39,0,0,0,-1.4999999999987728,9.33479028750204e-12,0.3499636246458145,-1.3743005479058785,0.001317266653263193,0.2712595705974838
4.360500000000303,-0.625756410464595,-0.00037961837140378736,-4.987259192456662e-05,0.99999985507735,-3.407233483191137e-08,4.755443792345127e-05,0.0005362684532609195,0,0,0,0.39,0,0,0,-1.4999999999987728,9.334774952237445e-12,0.3499636246458145,-1.3742989087534252,0.001317243618610111,0.23325630937819927
4.380500000000292,-0.6257582741732374,-0.0003796105214652038,-4.7402350107822004e-05,0.9999998551167619,-3.360865225505598e-08,4.681438502122287e-05,0.0005362600752659055,0,0,0,0.39,0,0,0,-1.4999999999987728,9.334759374875091e-12,0.3499636246458145,-1.3742883825729177,0.0013172207690048533,0.19931918427142079
4.400500000000281,-0.6257602800426072,-0.00037960296357182063,-4.5802308618060936e-05,0.9999998551420202,-3.3302457635231524e-08,4.636717189238442e-05,0.0005362518281913283,0,0,0,0.39,0,0,0,-1.4999999999987728,9.334745923216434e-12,0.3499636246458145,-1.3742781516577174,0.0013171992549385542,0.1698834069592426
4.42050000000027,-0.6257624108815426,-0.00037959567256424576,-4.48858147084096e-05,0.9999998551557201,-3.315055053537974e-08,4.616495641443639e-05,0.0005362437281896897,0,0,0,0.39,0,0,0,-1.4999999999987728,9.334737200313074e-12,0.3499636246458145,-1.3742687307573584,0.0013171786733662087,0.14527108747616138
4.440500000000259,-0.6257645690083692,-0.0003795885407509624,-4.445827007151483e-05,0.9999998551619019,-3.310488522192673e-08,4.612373756500208e-05,0.0005362357456820156,0,0,0,0.39,0,0,0,-1.4999999999987728,9.334736431488246e-12,0.3499636246458145,-1.3742602981816865,0.0013171585919372218,0.1255863902068827
4.4605000000002475,-0.6257666876756759,-0.0003795814947548655,-4.4376365016522504e-05,0.9999998551635568,-3.3123947274225235e-08,4.617952539388088e-05,0.0005362278582947951,0,0,0,0.39,0,0,0,-1.4999999999987728,9.334737292486977e-12,0.3499636246458145,-1.374252978742162,0.0013171387016198226,0.11072377970228095
4.480500000000236,-0.6257687320396459,-0.0003795744956419194,-4.4541325132317634e-05,0.9999998551624837,-3.3181304858584977e-08,4.62932551562518e-05,0.0005362200540380461,0,0,0,0.39,0,0,0,-1.4999999999987728,9.334737833950951e-12,0.3499636246458145,-1.3742468311603235,0.0013171188094037063,0.10040795692278344
4.500500000000225,-0.6257706857109551,-0.00037956752425435996,-4.4882791691461874e-05,0.9999998551597321,-3.32613798251688e-08,4.6441956770920837e-05,0.0005362123271558471,0,0,0,0.39,0,0,0,-1.4999999999987728,9.334731694224712e-12,0.3499636246458145,-1.3742418617180376,0.0013170988080821035,0.09423688890866522
4.520500000000214,-0.6257725405854279,-0.0003795605702728146,-4.534731999284148e-05,0.9999998551559619,-3.3354667410976686e-08,4.661117867229413e-05,0.0005362046746821735,0,0,0,0.39,0,0,0,-1.4999999999987728,9.334717421790208e-12,0.3499636246458145,-1.374238038955213,0.0013170786497387899,0.09172183810457564
4.540500000000203,-0.625774290538312,-0.0003795536254690384,-4.5892857348834566e-05,0.9999998551516853,-3.345429560570646e-08,4.678979628305087e-05,0.0005361970943292237,0,0,0,0.39,0,0,0,-1.4999999999987728,9.334703964002923e-12,0.3499636246458145,-1.374235304506528,0.0013170583261886341,0.09232113708313115
4.560500000000192,-0.6257759021838579,-0.0003795466524412359,-4.673510122154217e-05,0.9999998551486824,-3.353944781604851e-08,4.6939885052437655e-05,0.0005361895749337486,0,0,0,0.39,0,0,0,-1.4999999999987728,9.334723175950256e-12,0.3499636246458145,-1.3742336301483078,0.0013170378296490427,0.09425606949910564
4.580500000000181,-0.6257775705301848,-0.00037953985902876606,-4.7736470916305325e-05,0.9999998551389242,-3.369998000821353e-08,4.7231404651427975e-05,0.0005361821757789073,0,0,0,0.39,0,0,0,-1.4999999999987728,9.334786139507696e-12,0.3499636246458145,-1.3742326599854053,0.001317017355868329,0.0965999685894038
4.60050000000017,-0.6257791163985971,-0.0003795330508128942,-4.856693705221645e-05,0.9999998551293418,-3.385990275641137e-08,4.751665329189558e-05,0.0005361748444300908,0,0,0,0.39,0,0,0,-1.4999999999987728,9.334867583184498e-12,0.3499636246458145,-1.37423250199518,0.0013169968042196372,0.09932403671440139
4.620500000000159,-0.6257804629895535,-0.0003795261438156138,-4.9176739927850115e-05,0.9999998551234908,-3.397752058104124e-08,4.772157305080541e-05,0.0005361675557927192,0,0,0,0.39,0,0,0,-1.4999999999987728,9.334980194903555e-12,0.3499636246458145,-1.3742331639118093,0.0013169761602023103,0.1022160959733595
4.640500000000148,-0.6257816295174535,-0.0003795191571484362,-4.960955984238877e-05,0.9999998551210627,-3.4055012059411275e-08,4.785363561351752e-05,0.0005361603140286055,0,0,0,0.39,0,0,0,-1.4999999999987728,9.335081404195553e-12,0.3499636246458145,-1.374234512830331,0.0013169554931894392,0.1050784905725477
4.660500000000137,-0.6257826495633234,-0.0003795121252642906,-4.9915228277060705e-05,0.9999998551209518,-3.410459689470996e-08,4.793638927548446e-05,0.0005361531282136481,0,0,0,0.39,0,0,0,-1.4999999999987728,9.335216322073621e-12,0.3499636246458145,-1.374236390167513,0.001316934879639447,0.1077522913189206
4.680500000000126,-0.6257835472514262,-0.000379505072451132,-5.0127846249363576e-05,0.9999998551222791,-3.41364587616449e-08,4.798833772952288e-05,0.0005361460047991331,0,0,0,0.39,0,0,0,-1.4999999999987728,9.335386914963518e-12,0.3499636246458145,-1.3742386512708165,0.0013169143796570861,0.11013057400598882
4.7005000000001145,-0.6257843354681125,-0.00037949801096528763,-5.0267880538110184e-05,0.9999998551245558,-3.4156455771526605e-08,4.8019737069634475e-05,0.0005361389469259626,0,0,0,0.39,0,0,0,-1.4999999999987728,9.335572615351634e-12,0.3499636246458145,-1.374241173112206,0.0013168940354864307,0.1121578462427083
4.720500000000103,-0.625785021139937,-0.00037949094671105245,-5.0349644796764215e-05,0.9999998551275291,-3.416766457377276e-08,4.8035865688244095e-05,0.0005361319559354894,0,0,0,0.39,0,0,0,-1.4999999999987728,9.33576092535845e-12,0.3499636246458145,-1.374243850488458,0.0013168738767770488,0.11381805361123004
4.740500000000092,-0.6257856096565629,-0.0003794838839841138,-5.038549120089809e-05,0.9999998551310316,-3.4172097969638185e-08,4.8040220237435115e-05,0.0005361250326672393,0,0,0,0.39,0,0,0,-1.4999999999987728,9.335886386008625e-12,0.3499636246458145,-1.3742465917465672,0.0013168539251895003,0.1151224256791665
4.760500000000081,-0.625785911843409,-0.000379476618182043,-5.038565344695259e-05,0.9999998551348765,-3.4174199500319875e-08,4.8037252230895676e-05,0.0005361181272481273,0,0,0,0.39,0,0,0,-1.4999999999987728,9.335947216766399e-12,0.3499636246458145,-1.3742480797478005,0.0013168340692699186,0.1161002545636694
4.78050000000007,-0.62578594053287,-0.0003794691622120697,-5.036198592029017e-05,0.9999998551390356,-3.417093275863754e-08,4.802753307164353e-05,0.0005361112400943664,0,0,0,0.39,0,0,0,-1.4999999999987728,9.336015015059696e-12,0.3499636246458145,-1.3742478736996526,0.001316814327288364,0.11679091402432337
4.800500000000059,-0.6257859367381107,-0.00037946177324740376,-5.0323508628577386e-05,0.9999998551433851,-3.416285841286551e-08,4.801293084348193e-05,0.0005361044352748877,0,0,0,0.39,0,0,0,-1.4999999999987728,9.336035337115398e-12,0.3499636246458145,-1.374247464086783,0.0013167948844370395,0.11723942058404452
4.820500000000048,-0.6257859473211078,-0.0003794544998454265,-5.0276423977572435e-05,0.9999998551477746,-3.4153571223289705e-08,4.7996424522625325e-05,0.0005360977255928597,0,0,0,0.39,0,0,0,-1.4999999999987728,9.336096489384793e-12,0.3499636246458145,-1.3742471561549348,0.0013167757676035322,0.11749166937470767
4.840500000000037,-0.6257859724983582,-0.0003794473407296381,-5.022589750342975e-05,0.9999998551521172,-3.4144711373306666e-08,4.797983223209851e-05,0.0005360911103352465,0,0,0,0.39,0,0,0,-1.4999999999987728,9.336200276041697e-12,0.3499636246458145,-1.374246956853196,0.0013167569621832804,0.11759144557000344
4.860500000000026,-0.6257860059028811,-0.00037944028769904746,-5.017593164362788e-05,0.9999998551563645,-3.413679446469163e-08,4.7964196993463185e-05,0.0005360845866668596,0,0,0,0.39,0,0,0,-1.4999999999987728,9.336275140372957e-12,0.3499636246458145,-1.3742468279699178,0.0013167384485413963,0.11757848080781107
4.880500000000015,-0.6257860427527984,-0.0003794333343123302,-5.0129344393463035e-05,0.9999998551604884,-3.412996884382851e-08,4.795013216344875e-05,0.000536078152117056,0,0,0,0.39,0,0,0,-1.4999999999987728,9.33638977013368e-12,0.3499636246458145,-1.3742467391036897,0.0013167202100234153,0.1174873108331653
4.900500000000004,-0.6257860803493719,-0.0003794264763880614,-5.008791068263802e-05,0.9999998551644739,-3.4124285557356424e-08,4.7937975895474124e-05,0.0005360718047880041,0,0,0,0.39,0,0,0,-1.4999999999987728,9.336472934278473e-12,0.3499636246458145,-1.374246672305334,0.0013167022335275648,0.11734677903775792
4.9204999999999925,-0.6257861173076528,-0.0003794197111695342,-5.005256070170425e-05,0.9999998551683152,-3.4119752533615614e-08,4.792786387404235e-05,0.0005360655431580536,0,0,0,0.39,0,0,0,-1.4999999999987728,9.336587349284269e-12,0.3499636246458145,-1.3742466180900184,0.0013166845087177873,0.11718002610571232
4.9404999999999815,-0.6257861529195119,-0.00037941303664010533,-5.0023579002963175e-05,0.9999998551720144,-3.4116335619351567e-08,4.791977853148233e-05,0.0005360593659079104,0,0,0,0.39,0,0,0,-1.4999999999987728,9.336671429364015e-12,0.3499636246458145,-1.3742465717037389,0.001316667027289567,0.1170048216993138
4.96049999999997,-0.6257861867954092,-0.00037940645113954103,-5.000078337337407e-05,0.9999998551755769,-3.411395916689585e-08,4.7913591693025386e-05,0.0005360532718210435,0,0,0,0.39,0,0,0,-1.4999999999987728,9.336712449972922e-12,0.3499636246458145,-1.3742465308166627,0.0013166497824663992,0.11683411620236704
4.980499999999959,-0.6257862186951118,-0.00037939995318307543,-4.9983677043004884e-05,0.999999855179015,-3.4112514130382054e-08,4.7909102640737074e-05,0.0005360472597358424,0,0,0,0.39,0,0,0,-1.4999999999987728,9.336715553830934e-12,0.3499636246458145,-1.3742464942788617,0.0013166327686590627,0.11667671384380295
5.000499999999948,-0.6257862484581684,-0.000379393541387159,-4.9971573222759013e-05,0.9999998551823397,-3.4111870211044075e-08,4.790607045734426e-05,0.0005360413285253039,0,0,0,0.39,0,0,0,-1.4999999999987728,9.336757017574588e-12,0.3499636246458145,-1.3742464614910754,0.0013166159812159919,0.11653799082797868
5.020499999999937,-0.625786275979667,-0.0003793872144435262,-4.996369318863931e-05,0.9999998551855641,-3.4111888186261736e-08,4.790423984263474e-05,0.0005360354770893183,0,0,0,0.39,0,0,0,-1.4999999999987728,9.336784129008436e-12,0.3499636246458145,-1.3742464320984662,0.0013165994162231682,0.11642060228265806
5.040499999999926,-0.6257863012033086,-0.0003793809711117069,-4.9959240244769954e-05,0.9999998551887007,-3.411243026951198e-08,4.790336041473477e-05,0.0005360297043519129,0,0,0,0.39,0,0,0,-1.4999999999987728,9.336794876845996e-12,0.3499636246458145,-1.3742464058461157,0.0013165830703356193,0.11632513932289676
5.060499999999915,-0.6257863241190806,-0.000379374810216413,-4.995745251868383e-05,0.9999998551917613,-3.411336775329335e-08,4.7903200087399196e-05,0.000536024009259996,0,0,0,0.39,0,0,0,-1.4999999999987728,9.336792759209183e-12,0.3499636246458145,-1.374246382513618,0.0013165669406331342,0.1162507120852013
5.080499999999904,-0.6257863447605396,-0.00037936873064448593,-4.995763784573867e-05,0.9999998551947559,-3.411458597893516e-08,4.790355340560584e-05,0.0005360183907822456,0,0,0,0.39,0,0,0,-1.4999999999987728,9.336780961747369e-12,0.3499636246458145,-1.3742463618878027,0.0013165510244983868,0.11619544622187068
5.100499999999893,-0.6257863632003137,-0.0003793627313399285,-4.995919405361152e-05,0.9999998551976939,-3.4115987013715626e-08,4.790424581412434e-05,0.0005360128479077475,0,0,0,0.39,0,0,0,-1.4999999999987728,9.336762911152352e-12,0.3499636246458145,-1.374246343753575,0.0013165353195165998,0.1161568892414443
5.120499999999882,-0.6257863795439387,-0.0003793568112971493,-4.996161781935066e-05,0.9999998552005822,-3.4117490521283476e-08,4.7905134808718194e-05,0.0005360073796443812,0,0,0,0.39,0,0,0,-1.4999999999987728,9.336744638834168e-12,0.3499636246458145,-1.3742463278931099,0.0013165198233957202,0.1161323295278236
5.140499999999871,-0.6257863939226671,-0.0003793509695531008,-4.9964504995561615e-05,0.9999998552034266,-3.411903331143719e-08,4.790610883093351e-05,0.0005360019850170786,0,0,0,0.39,0,0,0,-1.4999999999987728,9.336728208797229e-12,0.3499636246458145,-1.374246314088603,0.0013165045339055422,0.11611903521752735
5.1604999999998595,-0.6257864064859462,-0.0003793452051790623,-4.996754494079072e-05,0.9999998552062331,-3.4120567994324105e-08,4.7907084647691966e-05,0.0005359966630661004,0,0,0,0.39,0,0,0,-1.4999999999987728,9.336658517083737e-12,0.3499636246458145,-1.3742463021261835,0.0013164894488335804,0.11611442273181001
5.1804999999998484,-0.6257864173941655,-0.00037933951727270494,-4.997051098690683e-05,0.999999855209003,-3.412206108338809e-08,4.790800382639207e-05,0.0005359914128454392,0,0,0,0.39,0,0,0,-1.4999999999987728,9.33658342643612e-12,0.3499636246458145,-1.3742462917998004,0.001316474565955516,0.1161161660104608
5.200499999999837,-0.6257864268121045,-0.00037933390495090293,-4.997324876672882e-05,0.9999998552117398,-3.412349084183627e-08,4.7908828787385274e-05,0.0005359862334214362,0,0,0,0.39,0,0,0,-1.4999999999987728,9.336524509612726e-12,0.3499636246458145,-1.3742462829145692,0.0013164598830171569,0.11612225771233255
5.220499999999826,-0.6257864349033418,-0.00037932836734357126,-4.997566373776573e-05,0.9999998552144447,-3.412484506749303e-08,4.790953879636772e-05,0.0005359811238716332,0,0,0,0.39,0,0,0,-1.4999999999987728,9.336485772966276e-12,0.3499636246458145,-1.374246275289281,0.001316445397725776,0.11613103313022154
5.240499999999815,-0.6257864418257576,-0.0003793229035886718,-4.9977708884593616e-05,0.999999855217118,-3.4126118974637046e-08,4.7910126153948975e-05,0.0005359760832838883,0,0,0,0.39,0,0,0,-1.4999999999987728,9.336470332424685e-12,0.3499636246458145,-1.3742462687580823,0.0013164311077484303,0.1161411665659834
5.260499999999804,-0.6257864477281437,-0.0003793175128284011,-4.997937327807642e-05,0.9999998552197606,-3.412731326629331e-08,4.791059275059262e-05,0.000535971110755728,0,0,0,0.39,0,0,0,-1.4999999999987728,9.33647439317456e-12,0.3499636246458145,-1.3742462631713501,0.0013164170107151515,0.11615164863036737
5.280499999999793,-0.6257864527478592,-0.00037931219420649803,-4.998067191532433e-05,0.9999998552223733,-3.412843245942816e-08,4.7910947082775235e-05,0.0005359662053939151,0,0,0,0.39,0,0,0,-1.4999999999987728,9.336490939252598e-12,0.3499636246458145,-1.3742462583958797,0.0013164031042253463,0.1161617515310947
5.300499999999782,-0.6257864570094162,-0.00037930694686654816,-4.998163706112403e-05,0.999999855224955,-3.412948348393281e-08,4.791120176987848e-05,0.0005359613663142015,0,0,0,0.39,0,0,0,-1.4999999999987728,9.336516499819901e-12,0.3499636246458145,-1.3742462543144882,0.0013163893858559894,0.11617098801129241
5.320499999999771,-0.6257864606238587,-0.0003793017699511344,-4.998231115592678e-05,0.9999998552275039,-3.41304745580598e-08,4.791137156960694e-05,0.000535956592641222,0,0,0,0.39,0,0,0,-1.4999999999987728,9.336544905164503e-12,0.3499636246458145,-1.3742462508252158,0.001316375853170535,0.1161790682820569
5.34049999999976,-0.6257864636887788,-0.000379296662601672,-4.998274124328822e-05,0.9999998552300234,-3.413141432075677e-08,4.791147186065436e-05,0.0005359518835085021,0,0,0,0.39,0,0,0,-1.4999999999987728,9.336614606183913e-12,0.3499636246458145,-1.3742462478402242,0.0013163625037278335,0.116185858111133
5.360499999999749,-0.6257864662888156,-0.00037929162395876543,-4.998297479278111e-05,0.999999855232512,-3.413231120175432e-08,4.7911517542901075e-05,0.0005359472380585369,0,0,0,0.39,0,0,0,-1.4999999999987728,9.336696509459561e-12,0.3499636246458145,-1.3742462452844622,0.0013163493350902497,0.11619134021385467
5.380499999999738,-0.6257864684965095,-0.0003792866531629415,-4.9983056748601206e-05,0.999999855234967,-3.4133172994938823e-08,4.791152229546299e-05,0.0005359426554429173,0,0,0,0.39,0,0,0,-1.4999999999987728,9.336802804070106e-12,0.3499636246458145,-1.3742462430942772,0.0013163363448310816,0.11619558025332219
5.4004999999997265,-0.6257864703733753,-0.00037928174935562354,-4.998302761249755e-05,0.9999998552373909,-3.41340065911438e-08,4.791149812951385e-05,0.000535938134822488,0,0,0,0.39,0,0,0,-1.4999999999987728,9.336949352782586e-12,0.3499636246458145,-1.3742462412160272,0.0013163235305407343,0.11619869809120346
5.420499999999715,-0.625786471971102,-0.000379276911680241,-4.998292236549787e-05,0.9999998552397833,-3.4134817850164354e-08,4.791145517416469e-05,0.0005359336753674979,0,0,0,0.39,0,0,0,-1.4999999999987728,9.33708659681685e-12,0.3499636246458145,-1.3742462396046808,0.0013163108898316493,0.11620084442620719
5.440499999999704,-0.6257864733327888,-0.0003792721392833825,-4.9982770040707987e-05,0.9999998552421432,-3.4135611568379344e-08,4.791140163834545e-05,0.0005359292762577481,0,0,0,0.39,0,0,0,-1.4999999999987728,9.337178573290968e-12,0.3499636246458145,-1.3742462382225467,0.0013162984203422764,0.11620218259583426
5.460499999999693,-0.625786474494161,-0.0003792674313159267,-4.998259377764165e-05,0.9999998552444722,-3.4136391521536626e-08,4.791134389821037e-05,0.0005359249366827286,0,0,0,0.39,0,0,0,-1.4999999999987728,9.337225289069368e-12,0.3499636246458145,-1.3742462370381077,0.0013162861197399626,0.11620287507716423
5.480499999999682,-0.6257864754847124,-0.0003792627869341001,-4.998241121119482e-05,0.9999998552467687,-3.413716055430819e-08,4.791128666731284e-05,0.0005359206558417114,0,0,0,0.39,0,0,0,-1.4999999999987728,9.337230481754692e-12,0.3499636246458145,-1.3742462360249672,0.0013162739857228351,0.11620307408203251
5.500499999999671,-0.6257864763287517,-0.0003792582053004333,-4.9982235071327126e-05,0.9999998552490351,-3.413792069730116e-08,4.7911233214613456e-05,0.0005359164329438348,0,0,0,0.39,0,0,0,-1.4999999999987728,9.337207317947576e-12,0.3499636246458145,-1.3742462351609694,0.0013162620160210104,0.11620291557957942
5.52049999999966,-0.6257864770463305,-0.0003792536855845919,-4.998207389487497e-05,0.9999998552512686,-3.413867329975148e-08,4.79111856030663e-05,0.0005359122672081447,0,0,0,0.39,0,0,0,-1.4999999999987728,9.337168365439176e-12,0.3499636246458145,-1.3742462344273907,0.0013162502083971233,0.11620251607508425
5.540499999999649,-0.6257864776540473,-0.00037924922696408,-4.998193277345157e-05,0.999999855253473,-3.413941915984935e-08,4.7911144928415476e-05,0.0005359081578636207,0,0,0,0.39,0,0,0,-1.4999999999987728,9.337124846142936e-12,0.3499636246458145,-1.3742462338083394,0.0013162385606464379,0.11620197151111306
5.560499999999638,-0.6257864781657305,-0.00037924482862481323,-4.9981814082565975e-05,0.9999998552556464,-3.414015865088094e-08,4.7911111543963176e-05,0.0005359041041491606,0,0,0,0.39,0,0,0,-1.4999999999987728,9.337086927373832e-12,0.3499636246458145,-1.3742462332901793,0.001316227070596553,0.116201357720651
5.580499999999627,-0.6257864785930038,-0.0003792404897615699,-4.9981718153526354e-05,0.9999998552577904,-3.414089183514861e-08,4.791108526213195e-05,0.0005359001053135592,0,0,0,0.39,0,0,0,-1.4999999999987728,9.33705960002307e-12,0.3499636246458145,-1.3742462328611305,0.001316215736106914,0.11620073194043659
5.600499999999616,-0.6257864789457461,-0.000379236209578332,-4.998164386586877e-05,0.9999998552599055,-3.4141618564608584e-08,4.7911065527797356e-05,0.0005358961606154549,0,0,0,0.39,0,0,0,-1.4999999999987728,9.33702440879254e-12,0.3499636246458145,-1.3742462325109084,0.0013162045550681191,0.11620013497694903
5.620499999999605,-0.6257864792324589,-0.00037923198728852725,-4.9981589148684795e-05,0.999999855261992,-3.41423385546649e-08,4.791105156155657e-05,0.0005358922693232619,0,0,0,0.39,0,0,0,-1.4999999999987728,9.336952396398564e-12,0.3499636246458145,-1.3742462322304603,0.001316193525401184,0.11619959370075818
5.6404999999995935,-0.6257864794638436,-0.000379227822089589,-4.998155060964264e-05,0.999999855264049,-3.414305016028539e-08,4.791104276143456e-05,0.0005358884307097338,0,0,0,0.39,0,0,0,-1.4999999999987728,9.336895762204838e-12,0.3499636246458145,-1.374246232009139,0.0013161826450380208,0.11619912361987193
5.660499999999582,-0.6257864796525678,-0.0003792237132771972,-4.998152654715488e-05,0.9999998552660783,-3.414375566571694e-08,4.7911037898837615e-05,0.0005358846440872894,0,0,0,0.39,0,0,0,-1.4999999999987728,9.336858101584992e-12,0.3499636246458145,-1.3742462318334505,0.0013161719120238632,0.11619873136977334
5.680499999999571,-0.6257864798022915,-0.00037921966006739785,-4.998151422998842e-05,0.9999998552680812,-3.4144453856521516e-08,4.7911035891906854e-05,0.0005358809087311536,0,0,0,0.39,0,0,0,-1.4999999999987728,9.336840686675153e-12,0.3499636246458145,-1.3742462316979496,0.0013161613243111204,0.11619841696584968
5.70049999999956,-0.6257864799136242,-0.00037921566171192047,-4.998151088570992e-05,0.9999998552700559,-3.414514374640929e-08,4.791103596731722e-05,0.000535877223953061,0,0,0,0.39,0,0,0,-1.4999999999987728,9.336842066577416e-12,0.3499636246458145,-1.3742462316012793,0.001316150879949839,0.11619817578939111
5.720499999999549,-0.6257864799868363,-0.0003792117174618684,-4.9981513808891865e-05,0.9999998552720036,-3.414582502250086e-08,4.791103761243527e-05,0.0005358735890659499,0,0,0,0.39,0,0,0,-1.4999999999987728,9.336855101648208e-12,0.3499636246458145,-1.3742462315432684,0.001316140576996131,0.11619800025034577
5.740499999999538,-0.6257864800258446,-0.00037920782658621625,-4.998152082856714e-05,0.9999998552739251,-3.41464975460875e-08,4.791104033947496e-05,0.0005358700033945784,0,0,0,0.39,0,0,0,-1.4999999999987728,9.336876289562633e-12,0.3499636246458145,-1.3742462315200925,0.0013161304135375453,0.11619788112852897
5.760499999999527,-0.6257864800347441,-0.0003792039883661719,-4.998153030427007e-05,0.9999998552758205,-3.4147161253476545e-08,4.7911043666098436e-05,0.0005358664662734272,0,0,0,0.39,0,0,0,-1.4999999999987728,9.33689742355178e-12,0.3499636246458145,-1.3742462315273698,0.0013161203876890881,0.11619780861042292
5.780499999999516,-0.6257864800173151,-0.00037920020208910565,-4.998154094129489e-05,0.9999998552776904,-3.414781606355559e-08,4.7911047209155214e-05,0.0005358629770438706,0,0,0,0.39,0,0,0,-1.4999999999987728,9.336912162778127e-12,0.3499636246458145,-1.37424623156101,0.0013161104975864288,0.11619777305027083
5.800499999999505,-0.625786479978898,-0.00037919646703407303,-4.998155149905907e-05,0.999999855279534,-3.414846070079705e-08,4.791105081395539e-05,0.0005358595350570143,0,0,0,0.39,0,0,0,-1.4999999999987728,9.33692098671841e-12,0.3499636246458145,-1.3742462316158333,0.0013161007413820414,0.11619776549306864
5.820499999999494,-0.6257864799266243,-0.0003791927825583626,-4.998156162494078e-05,0.9999998552813533,-3.414909795107855e-08,4.7911054187802136e-05,0.0005358561396867649,0,0,0,0.39,0,0,0,-1.4999999999987728,9.336924246484709e-12,0.3499636246458145,-1.3742462316845157,0.0013160911173076717,0.11619777800176903
5.840499999999483,-0.6257864798654168,-0.0003791891479586286,-4.998157082775042e-05,0.999999855283148,-3.414972673071237e-08,4.791105717714221e-05,0.0005358527902851487,0,0,0,0.39,0,0,0,-1.4999999999987728,9.336921914969181e-12,0.3499636246458145,-1.3742462317617337,0.0013160816235240668,0.11619780382237478
5.860499999999472,-0.6257864797975121,-0.0003791855625719104,-4.998157889736032e-05,0.9999998552849185,-3.415034666758889e-08,4.7911059667689723e-05,0.000535849486238583,0,0,0,0.39,0,0,0,-1.4999999999987728,9.336916440247591e-12,0.3499636246458145,-1.3742462318448607,0.0013160722582977057,0.11619783743218419
5.8804999999994605,-0.6257864797255275,-0.00037918202572996925,-4.998158558484308e-05,0.999999855286665,-3.4150957815446985e-08,4.7911061725433856e-05,0.0005358462269319576,0,0,0,0.39,0,0,0,-1.4999999999987728,9.336911824272526e-12,0.3499636246458145,-1.3742462319315552,0.001316063019882253,0.11619787449954766
5.900499999999449,-0.6257864796508807,-0.00037917853678531567,-4.998159102446707e-05,0.9999998552883879,-3.41515604135805e-08,4.7911063289773666e-05,0.0005358430117648644,0,0,0,0.39,0,0,0,-1.4999999999987728,9.336905435936114e-12,0.3499636246458145,-1.3742462320201443,0.001316053906579482,0.11619791178442677
5.920499999999438,-0.6257864795747994,-0.0003791750950834503,-4.9981595153279024e-05,0.9999998552900873,-3.4152154612437024e-08,4.79110644801115e-05,0.0005358398401355562,0,0,0,0.39,0,0,0,-1.4999999999987728,9.336900448665106e-12,0.3499636246458145,-1.374246232109691,0.001316044916685082,0.11619794700446823
5.940499999999427,-0.6257864794984294,-0.00037917169998973976,-4.998159818480542e-05,0.9999998552917638,-3.415274056661735e-08,4.791106530369665e-05,0.0005358367114570442,0,0,0,0.39,0,0,0,-1.4999999999987728,9.33689431282719e-12,0.3499636246458145,-1.3742462321989972,0.0013160360485335583,0.11619797868356864
5.960499999999416,-0.6257864794221906,-0.0003791683508721012,-4.998160027655904e-05,0.9999998552934175,-3.4153318432583654e-08,4.7911065812533695e-05,0.0005358336251468159,0,0,0,0.39,0,0,0,-1.4999999999987728,9.336887350802252e-12,0.3499636246458145,-1.3742462322876414,0.0013160273004760403,0.11619800599836015
5.980499999999405,-0.6257864793471253,-0.00037916504710629125,-4.998160149389174e-05,0.999999855295049,-3.415388832854559e-08,4.791106612728671e-05,0.0005358305806297452,0,0,0,0.39,0,0,0,-1.4999999999987728,9.33687602311004e-12,0.3499636246458145,-1.3742462323748867,0.0013160186708802482,0.11619802863171817
6.000499999999394,-0.6257864792731563,-0.0003791617880814213,-4.9981602153993715e-05,0.9999998552966582,-3.4154450406173613e-08,4.791106621152723e-05,0.0005358275773417676,0,0,0,0.39,0,0,0,-1.4999999999987728,9.3368678879338e-12,0.3499636246458145,-1.3742462324605358,0.0013160101581485637,0.11619804663972276
6.020499999999383,-0.6257864792005247,-0.00037915857318851005,-4.998160228010343e-05,0.9999998552982456,-3.415500479733054e-08,4.79110661885632e-05,0.0005358246147225756,0,0,0,0.39,0,0,0,-1.4999999999987728,9.336860536265686e-12,0.3499636246458145,-1.3742462325446294,0.0013160017606929388,0.11619806033689889
6.040499999999372,-0.6257864791298908,-0.0003791554018320236,-4.998160206143923e-05,0.9999998552998116,-3.415555161650608e-08,4.791106607437639e-05,0.0005358216922224318,0,0,0,0.39,0,0,0,-1.4999999999987728,9.336855183930983e-12,0.3499636246458145,-1.374246232626505,0.001315993476953731,0.11619807019982864
6.060499999999361,-0.6257864790608821,-0.0003791522734225059,-4.9981601675452036e-05,0.9999998553013564,-3.415609100133222e-08,4.791106586382177e-05,0.0005358188092981762,0,0,0,0.39,0,0,0,-1.4999999999987728,9.336850425780016e-12,0.3499636246458145,-1.374246232706395,0.0013159853053919509,0.11619807679036356
6.08049999999935,-0.6257864789940596,-0.0003791491873761137,-4.9981601046427846e-05,0.99999985530288,-3.41566230638805e-08,4.791106568586374e-05,0.0005358159654123038,0,0,0,0.39,0,0,0,-1.4999999999987728,9.336851669879325e-12,0.3499636246458145,-1.3742462327841156,0.0013159772444839698,0.11619808069679782
6.100499999999339,-0.6257864789294451,-0.00037914614312219787,-4.998160042616336e-05,0.9999998553043832,-3.415714790408698e-08,4.7911065460280184e-05,0.0005358131600379364,0,0,0,0.39,0,0,0,-1.4999999999987728,9.336813374765977e-12,0.3499636246458145,-1.3742462328593454,0.001315969292735443,0.11619808249067333
6.1204999999993275,-0.6257864788672448,-0.0003791431400933232,-4.998159976903002e-05,0.999999855305866,-3.415766564593788e-08,4.7911065259247925e-05,0.0005358103926525005,0,0,0,0.39,0,0,0,-1.4999999999987728,9.336770499591434e-12,0.3499636246458145,-1.3742462329320633,0.0013159614486658252,0.11619808269810512
6.140499999999316,-0.6257864788082024,-0.0003791401777322181,-4.9981599120965426e-05,0.9999998553073287,-3.415817638213587e-08,4.791106509224397e-05,0.0005358076627418081,0,0,0,0.39,0,0,0,-1.4999999999987728,9.336737386346659e-12,0.3499636246458145,-1.374246233001568,0.001315953710816547,0.11619808178194674
6.160499999999305,-0.6257864787517489,-0.00037913725548868325,-4.9981598614806034e-05,0.9999998553087718,-3.4158680208577395e-08,4.791106489915664e-05,0.0005358049697988733,0,0,0,0.39,0,0,0,-1.4999999999987728,9.336715156710332e-12,0.3499636246458145,-1.3742462330681724,0.001315946077751147,0.11619808013316661
6.180499999999294,-0.6257864786980196,-0.0003791343728175603,-4.998159810784811e-05,0.9999998553101951,-3.4159177227779185e-08,4.791106477434475e-05,0.0005358023133218966,0,0,0,0.39,0,0,0,-1.4999999999987728,9.336650180627225e-12,0.3499636246458145,-1.3742462331320482,0.0013159385480472933,0.1161980780693321
6.200499999999283,-0.6257864786471704,-0.0003791315291850234,-4.998159772413198e-05,0.9999998553115991,-3.4159667528041966e-08,4.791106465353074e-05,0.0005357996928182274,0,0,0,0.39,0,0,0,-1.4999999999987728,9.336582965221295e-12,0.3499636246458145,-1.3742462331928615,0.0013159311203079314,0.11619807583743957
6.220499999999272,-0.6257864785986381,-0.00037912872406148623,-4.998159746368796e-05,0.9999998553129842,-3.416015120029998e-08,4.791106453051904e-05,0.0005357971078003532,0,0,0,0.39,0,0,0,-1.4999999999987728,9.336481768153149e-12,0.3499636246458145,-1.3742462332511192,0.001315923793152014,0.11619807362055411
6.240499999999261,-0.6253138617682679,-0.00037861918395647507,-4.672304053465405e-05,0.999999855131938,-3.841996863255144e-08,5.2037296901712034e-05,0.000535750148466996,0,0,-0.65,0.39,0,0,0,-1.4999999999987728,9.336383965219862e-12,0.3499636246458145,-1.371422787717666,0.0013158072896548379,0.11693086039875145
6.26049999999925,-0.6229565044401832,-0.0003760900956175271,-3.854194661600278e-05,0.9999998546641247,-4.837210708958517e-08,6.234946269281877e-05,0.0005355224288568637,0,0,-0.65,0.39,0,0,0,-1.4999999999987728,9.33631799725173e-12,0.3499636246458145,-1.3550995386789966,0.0013152460209882614,0.11790708806315059
6.280499999999239,-0.6191605461483342,-0.0003720222127647665,-3.3181768209649484e-05,0.9999998544342654,-5.293114554392142e-08,6.883810668528057e-05,0.0005351567629120025,0,0,-0.65,0.39,0,0,0,-1.4999999999987728,9.336236041922292e-12,0.3499636246458145,-1.326352134481985,0.0013144158743051792,0.11846348335027414
6.300499999999228,-0.6144626303107296,-0.00036699263399084047,-3.1083845443740014e-05,0.9999998545187133,-5.214967888819982e-08,7.106062779495425e-05,0.0005347082715709961,0,0,-0.65,0.39,0,0,0,-1.4999999999987728,9.336119190955999e-12,0.3499636246458145,-1.2875894805094084,0.001313503336698579,0.11868748521933292
6.320499999999217,-0.6093149500372665,-0.0003614869214700246,-3.132569866370995e-05,0.9999998548252071,-4.8253416841491455e-08,7.039612314649071e-05,0.000534222751175595,0,0,-0.65,0.39,0,0,0,-1.4999999999987728,9.336014802243154e-12,0.3499636246458145,-1.2411222512552142,0.001312632481254108,0.11865965037157372
6.3404999999992055,-0.6040883879491461,-0.0003559023051856162,-3.3094020848747335e-05,0.999999855252351,-4.30034137119855e-08,6.797600221158336e-05,0.0005337363937433344,0,0,-0.65,0.39,0,0,0,-1.4999999999987728,9.335906639219716e-12,0.3499636246458145,-1.189123612085815,0.001311871055146664,0.11845494332728301
6.3604999999991945,-0.5990786121422941,-0.0003505543556088648,-3.582461067291466e-05,0.9999998557269869,-3.7452860442826416e-08,6.451347192111534e-05,0.0005332766771501485,0,0,-0.65,0.39,0,0,0,-1.4999999999987728,9.335809658258025e-12,0.3499636246458145,-1.133596131125532,0.001311244523283688,0.1181392132840943
6.380499999999183,-0.594512971893404,-0.00034568471294271606,-3.913269136064859e-05,0.999999856201235,-3.2161347158227377e-08,6.0448502149316345e-05,0.0005328634774325932,0,0,-0.65,0.39,0,0,0,-1.4999999999987728,9.335755765420494e-12,0.3499636246458145,-1.0763470726568438,0.001310750899448168,0.11776661102784615
6.400499999999172,-0.5905576169799647,-0.00034146912217671184,-4.2745724328477194e-05,0.9999998566444045,-2.7400108121043736e-08,5.607195394560778e-05,0.0005325101920085085,0,0,-0.65,0.39,0,0,0,-1.4999999999987728,9.335700723064794e-12,0.3499636246458145,-1.018971971934474,0.001310373554808853,0.11737877627905326
6.420499999999161,-0.5873246551126696,-0.0003380254774785721,-4.6462229943418585e-05,0.9999998570373786,-2.32822543476634e-08,5.159432535733309e-05,0.0005322248086484129,0,0,-0.65,0.39,0,0,0,-1.4999999999987728,9.335647806489387e-12,0.3499636246458145,-0.9628457695495448,0.001310090913584317,0.11700542226091863
6.44049999999915,-0.5848792382223765,-0.0003354217034855639,-5.012909650350022e-05,0.9999998573692966,-1.9836325325985167e-08,4.717836103180122e-05,0.0005320108913769296,0,0,-0.65,0.39,0,0,0,-1.4999999999987728,9.33562283233252e-12,0.3499636246458145,-0.9091206212065763,0.0013098828592591747,0.11666579153496119
6.460499999999139,-0.5832464779069797,-0.00033368334571793625,-5.36291949053554e-05,0.9999998576354555,-1.7046525565706698e-08,4.295346215898033e-05,0.0005318684690423611,0,0,-0.65,0.39,0,0,0,-1.4999999999987728,9.335620009508016e-12,0.3499636246458145,-0.8587294611635117,0.0013097341985859972,0.1163705474049915
6.480499999999128,-0.5824180948464579,-0.0003328007710256647,-5.6874237476706354e-05,0.9999998578357651,-1.487474640200719e-08,3.9022010296206935e-05,0.0005317948213556123,0,0,-0.65,0.39,0,0,0,-1.4999999999987728,9.335632727681318e-12,0.3499636246458145,-0.8123943984167085,0.0013096357981257159,0.11612378266068281
6.500499999999117,-0.5823587166702573,-0.0003327359035951919,-5.980017401168158e-05,0.9999998579734675,-1.327264408522392e-08,3.546244270464816e-05,0.0005317851635327656,0,0,-0.65,0.39,0,0,0,-1.4999999999987728,9.335652704758737e-12,0.3499636246458145,-0.7706390451063915,0.0013095840945087432,0.11592492838797641
6.520499999999106,-0.5830117524758857,-0.0003334284433649909,-6.236377402893524e-05,0.9999998580540416,-1.2188129540023089e-08,3.233121632208151e-05,0.0005318332348098784,0,0,-0.65,0.39,0,0,0,-1.4999999999987728,9.335698645700842e-12,0.3499636246458145,-0.7338039129184348,0.0013095796448945205,0.11577042691716218
6.540499999999095,-0.5849226969138327,-0.0003354587861510675,-6.932179337607299e-05,0.999999858495836,8.236208003280607e-09,-9.663488869221355e-06,0.0005318974767661525,0,0,-0.65,0.39,0,0,0,-1.4999999999987728,9.335784581483517e-12,0.3499636246458145,-0.7058895860758733,0.0013095821141501532,0.11507654141005992
6.560499999999084,-0.5898703986411876,-0.00034072061479059737,-7.784974645563749e-05,0.9999998584886423,3.805548340176132e-09,2.1733223501678434e-06,0.0005319943356770686,0,0,-0.65,0.39,0,0,0,-1.4999999999987728,9.335857490938997e-12,0.3499636246458145,-0.6996705345021087,0.001309603321223362,0.11474284934568409
6.5804999999990725,-0.5950041231989225,-0.00034618139099209584,-7.559964365832376e-05,0.9999998581542113,-3.3921344895130676e-09,1.8127327511551294e-05,0.000532318474640987,0,0,-0.65,0.39,0,0,0,-1.4999999999987728,9.335927533268102e-12,0.3499636246458145,-0.6986180641153722,0.001309984002018591,0.11493577452659835
6.6004999999990615,-0.5995832950920706,-0.00035105367243054363,-7.188107209189597e-05,0.9999998578684229,-1.0472944988156533e-08,2.3721751217555957e-05,0.0005326353479289102,0,0,-0.65,0.39,0,0,0,-1.4999999999987728,9.336025846898897e-12,0.3499636246458145,-0.6984933043205813,0.0013104011330972597,0.11513878700451813
6.62049999999905,-0.6036430557225317,-0.00035537520102758396,-6.906515342738739e-05,0.99999985765483,-1.5917209549699276e-08,2.6264167500492712e-05,0.0005329169860085019,0,0,-0.65,0.39,0,0,0,-1.4999999999987728,9.336111402123028e-12,0.3499636246458145,-0.6990761895275843,0.0013108025693411964,0.11531215754483766
6.640499999999039,-0.6072344274219756,-0.00035919986945098656,-6.706203460911468e-05,0.9999998574784486,-1.954708619054248e-08,2.7920552120860658e-05,0.0005331636959790173,0,0,-0.65,0.39,0,0,0,-1.4999999999987728,9.336230045732585e-12,0.3499636246458145,-0.7002307105022948,0.0013111792334042922,0.11545864816953788
6.660499999999028,-0.6104031545538536,-0.0003625758073766555,-6.557083520777398e-05,0.9999998573248622,-2.1906790560229737e-08,2.9280234115848538e-05,0.0005333787792198582,0,0,-0.65,0.39,0,0,0,-1.4999999999987728,9.336374305201217e-12,0.3499636246458145,-0.7018310682472765,0.0013115279247667563,0.11558253390302167
6.680499999999017,-0.6131899171154377,-0.00036554582164618305,-6.4387304562299e-05,0.9999998571889797,-2.350741798965067e-08,3.0492865374747445e-05,0.0005335655587356612,0,0,-0.65,0.39,0,0,0,-1.4999999999987728,9.336477608740891e-12,0.3499636246458145,-0.7037612541094687,0.0013118465869733234,0.11568773387818382
6.700499999999006,-0.6156313094667943,-0.00036814847979250255,-6.339726886955617e-05,0.9999998570685736,-2.4674333123381172e-08,3.1595165574843744e-05,0.0005337270626462355,0,0,-0.65,0.39,0,0,0,-1.4999999999987728,9.336536498524871e-12,0.3499636246458145,-0.7059157313205805,0.0013121338704608879,0.1157774594228694
6.720499999998995,-0.6177605733714295,-0.0003704188823622709,-6.254033066839385e-05,0.9999998569622198,-2.558635051947134e-08,3.259758771736724e-05,0.0005338660277959949,0,0,-0.65,0.39,0,0,0,-1.4999999999987728,9.336625876256935e-12,0.3499636246458145,-0.7082001478830933,0.0013123892000360664,0.11585426306608154
6.740499999998984,-0.6196081342558405,-0.00037238921548904457,-6.178465791192977e-05,0.9999998568687284,-2.6335429424002143e-08,3.350540144521611e-05,0.0005339849346379083,0,0,-0.65,0.39,0,0,0,-1.4999999999987728,9.336674535564433e-12,0.3499636246458145,-0.7105317985466038,0.001312612803444105,0.11592016300996034
6.760499999998973,-0.6212020042469768,-0.0003740891622707241,-6.111290887973283e-05,0.9999998567870012,-2.696805765300059e-08,3.432316659712098e-05,0.0005340860387432926,0,0,-0.65,0.39,0,0,0,-1.4999999999987728,9.336763121539446e-12,0.3499636246458145,-0.7128397867761116,0.0013128056540119021,0.11597676127472675
6.780499999998962,-0.6225680868853138,-0.0003755462123707709,-6.051492420419807e-05,0.9999998567160068,-2.7508520123801976e-08,3.505544758095163e-05,0.0005341713960501564,0,0,-0.65,0.39,0,0,0,-1.4999999999987728,9.33688927093067e-12,0.3499636246458145,-0.7150649044640696,0.0013129693548631382,0.11602534043545049
6.800499999998951,-0.6237304056422371,-0.0003767858933562173,-5.9984040791488914e-05,0.9999998566547718,-2.7970735369371763e-08,3.570685198810032e-05,0.0005342428827519142,0,0,-0.65,0.39,0,0,0,-1.4999999999987728,9.336982866642987e-12,0.3499636246458145,-0.7171592657356217,0.001313105995059673,0.11606693980817234
6.8204999999989395,-0.6247112730547256,-0.00037783194116975955,-5.95152552864596e-05,0.9999998566023713,-2.8363926148956502e-08,3.6282016760505394e-05,0.0005343022110058812,0,0,-0.65,0.39,0,0,0,-1.4999999999987728,9.337106031140014e-12,0.3499636246458145,-0.7190857357397051,0.001313217999916533,0.11610241466886184
6.840499999998928,-0.6255314143524102,-0.00037870642402860664,-5.910431617131417e-05,0.9999998565579338,-2.8695221955758713e-08,3.678561657117075e-05,0.0005343509414954045,0,0,-0.65,0.39,0,0,0,-1.4999999999987728,9.337190197843408e-12,0.3499636246458145,-0.720817195457798,0.0013133079898841585,0.11613248186720432
6.860499999998917,-0.6262100572461446,-0.00037942983180134897,-5.874728123888718e-05,0.9999998565206365,-2.897080739488837e-08,3.7222378375345484e-05,0.0005343904936985362,0,0,-0.65,0.39,0,0,0,-1.4999999999987728,9.337229924383781e-12,0.3499636246458145,-0.7223356820069551,0.001313378656433153,0.11615775455853544
6.880499999998906,-0.6267649976309408,-0.00038002114096767983,-5.844031002315426e-05,0.9999998564896998,-2.919640349562909e-08,3.759708676499199e-05,0.0005344221545484215,0,0,-0.65,0.39,0,0,0,-1.4999999999987728,9.33723338080969e-12,0.3499636246458145,-0.7236314414734722,0.0013134326591216225,0.11617876823187677
6.900499999998895,-0.6272126492281872,-0.0003804978634926079,-5.817957647159916e-05,0.9999998564643888,-2.9377450526576084e-08,3.79145748667771e-05,0.000534447086022268,0,0,-0.65,0.39,0,0,0,-1.4999999999987728,9.337277335603135e-12,0.3499636246458145,-0.7247019282941756,0.0013134725450741958,0.11619599980419303
6.920499999998884,-0.6275680836344961,-0.00038087608633307853,-5.7961244110931226e-05,0.9999998564440148,-2.95191606519775e-08,3.8179701619767305e-05,0.000534466332067251,0,0,-0.65,0.39,0,0,0,-1.4999999999987728,9.337306572170626e-12,0.3499636246458145,-0.7255507817812342,0.0013135006901201806,0.11620988124401262
6.940499999998873,-0.6278450658547869,-0.0003811705068453873,-5.7781473983032356e-05,0.999999856427937,-2.9626516214538165e-08,3.839731867927781e-05,0.0005344808251623292,0,0,-0.65,0.39,0,0,0,-1.4999999999987728,9.337321438839479e-12,0.3499636246458145,-0.7261868067049925,0.0013135192595876317,0.11622080894562217
6.960499999998862,-0.6280560891728943,-0.0003813944680793948,-5.763644951142172e-05,0.9999998564155564,-2.9704247602158464e-08,3.8572230675803053e-05,0.0005344913927235852,0,0,-0.65,0.39,0,0,0,-1.4999999999987728,9.337323273593481e-12,0.3499636246458145,-0.7266229810324362,0.0013135301860454154,0.11622914987458934
6.980499999998851,-0.6282124121491847,-0.0003815599968288121,-5.752240944867291e-05,0.9999998564063263,-2.975680596007781e-08,3.870915224536872e-05,0.0005344987634859082,0,0,-0.65,0.39,0,0,0,-1.4999999999987728,9.33731450273653e-12,0.3499636246458145,-0.7268755100776724,0.001313535160988999,0.11623524533265811
7.00049999999884,-0.6283240996242986,-0.00038167784635042233,-5.743568367915925e-05,0.9999998563997432,-2.97883376219422e-08,3.8812664684162765e-05,0.0005345035739340333,0,0,-0.65,0.39,0,0,0,-1.4999999999987728,9.337314404210308e-12,0.3499636246458145,-0.7269629425515598,0.00131353563745939,0.11623941303786599
7.020499999998829,-0.6284000688424721,-0.00038175754486100417,-5.737272862697337e-05,0.9999998563953506,-2.980266336560376e-08,3.8887174487797985e-05,0.0005345063748095581,0,0,-0.65,0.39,0,0,0,-1.4999999999987728,9.337248213587057e-12,0.3499636246458145,-0.7269053603820961,0.0013135328407768605,0.11624194808057253
7.040499999998818,-0.628448141176917,-0.0003818074502590055,-5.733016017118266e-05,0.9999998563927414,-2.9803263712379974e-08,3.89368754910909e-05,0.0005345076376857937,0,0,-0.65,0.39,0,0,0,-1.4999999999987728,9.33717919842574e-12,0.3499636246458145,-0.7267236507812329,0.0013135277848864149,0.11624312319645616
7.0604999999988065,-0.6284750994326938,-0.00038183481098747005,-5.730478270425842e-05,0.9999998563915516,-2.9793270663290875e-08,3.8965715846886986e-05,0.0005345077615776099,0,0,-0.65,0.39,0,0,0,-1.4999999999987728,9.337124551010666e-12,0.3499636246458145,-0.7264388659090487,0.0013135212921892765,0.11624318869291861
7.080499999998795,-0.6284867503079316,-0.0003818458325432985,-5.7293613476205425e-05,0.9999998563914616,-2.977546573245741e-08,3.897737067195601e-05,0.0005345070795371886,0,0,-0.65,0.39,0,0,0,-1.4999999999987728,9.33703110099209e-12,0.3499636246458145,-0.7260716726703553,0.0013135140151338432,0.1162423722754582
7.100499999998784,-0.628487991300471,-0.00038184574883315197,-5.7293901743985216e-05,0.9999998563921945,-2.9752283821467718e-08,3.897522083851187e-05,0.0005345058651773113,0,0,-0.65,0.39,0,0,0,-1.4999999999987728,9.336949365464423e-12,0.3499636246458145,-0.725641892696245,0.0013135064582238884,0.1162408789450158
7.120499999998773,-0.6284828811422047,-0.0003818388973655478,-5.730314253721048e-05,0.9999998563935133,-2.9725822387662886e-08,3.8962338095520206e-05,0.0005345043390601474,0,0,-0.65,0.39,0,0,0,-1.4999999999987728,9.3368984606726e-12,0.3499636246458145,-0.7251681304270712,0.00131349899945259,0.11623889107546014
7.140499999998762,-0.6284747127159148,-0.0003818287971394762,-5.7319085080151445e-05,0.9999998563952156,-2.969785517788146e-08,3.8941476459446724e-05,0.0005345026748902452,0,0,-0.65,0.39,0,0,0,-1.4999999999987728,9.336876779618042e-12,0.3499636246458145,-0.7246674854266077,0.0013134919104770258,0.11623656873130005
7.160499999998751,-0.6284660873478892,-0.0003818182280300446,-5.733973609145458e-05,0.9999998563971361,-2.9669849787211148e-08,3.891506961477642e-05,0.0005345010054544859,0,0,-0.65,0.39,0,0,0,-1.4999999999987728,9.336879245165517e-12,0.3499636246458145,-0.724155343613549,0.0013134853751008695,0.11623405024815818
7.18049999999874,-0.6284589893631813,-0.00038180931046966104,-5.736335832221877e-05,0.99999985639914,-2.9642988315343963e-08,3.888523390705074e-05,0.0005344994282581615,0,0,-0.65,0.39,0,0,0,-1.4999999999987728,9.336900111177169e-12,0.3499636246458145,-0.7236452409824331,0.0013134795058349369,0.11623145307110126
7.200499999998729,-0.6284548598287647,-0.00038180358426816006,-5.738846479553308e-05,0.9999998564011195,-2.961819033114422e-08,3.8853776391303694e-05,0.0005344980108143785,0,0,-0.65,0.39,0,0,0,-1.4999999999987728,9.336932910907214e-12,0.3499636246458145,-0.7231487925820576,0.001313474358458681,0.11622887482706397
7.220499999998718,-0.6284546684835193,-0.0003818020854970001,-5.741380928261682e-05,0.9999998564029953,-2.959613748264613e-08,3.882220731345873e-05,0.0005344967955528704,0,0,-0.65,0.39,0,0,0,-1.4999999999987728,9.336965883743327e-12,0.3499636246458145,-0.7226756790009684,0.0013134699446161087,0.11622639459578454
7.240499999998707,-0.6284589829541953,-0.0003818054204719308,-5.743837359319559e-05,0.9999998564047069,-2.95772990184931e-08,3.87917563479916e-05,0.0005344958043235992,0,0,-0.65,0.39,0,0,0,-1.4999999999987728,9.336990161309644e-12,0.3499636246458145,-0.7222336823488241,0.0013134662425536268,0.11622407433739891
7.260499999998696,-0.6284680344753609,-0.0003818138359971064,-5.746135227772163e-05,0.9999998564062137,-2.9561957720633344e-08,3.8763391888290585e-05,0.0005344950424797158,0,0,-0.65,0.39,0,0,0,-1.4999999999987728,9.337005811998328e-12,0.3499636246458145,-0.7218287636895081,0.0013134632061522905,0.11622196043280345
7.280499999998685,-0.6284817794618771,-0.00038182728517410623,-5.748213533721101e-05,0.9999998564074922,-2.9550235607938316e-08,3.873784268353494e-05,0.000534494502533234,0,0,-0.65,0.39,0,0,0,-1.4999999999987728,9.337011968418311e-12,0.3499636246458145,-0.7214651740450346,0.0013134607724290988,0.11622008529385609
7.3004999999986735,-0.6284999564185736,-0.000381845488225401,-5.750028951802859e-05,0.999999856408532,-2.954211900035645e-08,3.8715621133574206e-05,0.0005344941673848822,0,0,-0.65,0.39,0,0,0,-1.4999999999987728,9.337007838484804e-12,0.3499636246458145,-0.7211455914172636,0.0013134588676880225,0.11621846900349793
7.320499999998662,-0.6285221378083159,-0.0003818679879279838,-5.751553873667408e-05,0.9999998564093333,-2.9537482535408427e-08,3.86970475881406e-05,0.0005344940131368595,0,0,-0.65,0.39,0,0,0,-1.4999999999987728,9.3369956196606e-12,0.3499636246458145,-0.7208712767359821,0.0013134574124962156,0.11621712095013305
7.340499999998651,-0.6285477766322923,-0.00038189419939470753,-5.752774413681722e-05,0.9999998564099056,-2.953611179810274e-08,3.868227504509494e-05,0.0005344940115035239,0,0,-0.65,0.39,0,0,0,-1.4999999999987728,9.33697989919947e-12,0.3499636246458145,-0.7206422422069522,0.0013134563256486053,0.11621604142547781
7.36049999999864,-0.6285762476015904,-0.00038192345407466377,-5.7536884230108586e-05,0.9999998564102655,-2.953772432173579e-08,3.8671313701107506e-05,0.0005344941318403104,0,0,-0.65,0.39,0,0,0,-1.4999999999987728,9.33696622288962e-12,0.3499636246458145,-0.7204574261740315,0.0013134555272683198,0.11621522316016361
7.380499999998629,-0.6286068828943031,-0.00038195503796690464,-5.7543035516167604e-05,0.9999998564104331,-2.9541988755779676e-08,3.86640548741761e-05,0.0005344943428154083,0,0,-0.65,0.39,0,0,0,-1.4999999999987728,9.336955161131851e-12,0.3499636246458145,-0.7203148692993931,0.0013134549411733005,0.11621465277631626
7.400499999998618,-0.6286390025955471,-0.00038198822415187527,-5.754635391846322e-05,0.9999998564104334,-2.9548542089557245e-08,3.8660293887731634e-05,0.0005344946137519335,0,0,-0.65,0.39,0,0,0,-1.4999999999987728,9.336947761881095e-12,0.3499636246458145,-0.7202118875815879,0.001313454496622762,0.11621431214099973
7.420499999998607,-0.6286719400075201,-0.00038202229984070764,-5.754705731314044e-05,0.999999856410293,-2.9557004820509417e-08,3.865975157832843e-05,0.0005344949156705661,0,0,-0.65,0.39,0,0,0,-1.4999999999987728,9.336945835097365e-12,0.3499636246458145,-0.7201452384520269,0.001313454129541761,0.11621417960862938
7.440499999998596,-0.6287050620924033,-0.00038205658822327014,-5.7545409368706785e-05,0.9999998564100387,-2.9566994084011518e-08,3.866209416077522e-05,0.0005344952220639466,0,0,-0.65,0.39,0,0,0,-1.4999999999987728,9.33694726223298e-12,0.3499636246458145,-0.7201112768983494,0.0013134537833086619,0.11621423114427605
7.460499999998585,-0.6287377853722187,-0.0003820904654613151,-5.754170485818287e-05,0.9999998564096971,-2.957813475227495e-08,3.866695125410509e-05,0.0005344955094346342,0,0,-0.65,0.39,0,0,0,-1.4999999999987728,9.336949604637162e-12,0.3499636246458145,-0.7201060992430028,0.001313453409178757,0.11621444132311502
7.480499999998574,-0.6287695876569704,-0.00038212337322344987,-5.7536256552012435e-05,0.9999998564092945,-2.9590068555267268e-08,3.867393193746785e-05,0.0005344957576282004,0,0,-0.65,0.39,0,0,0,-1.4999999999987728,9.336952606140537e-12,0.3499636246458145,-0.720125672844878,0.001313452966407629,0.11621478420420463
7.500499999998563,-0.6288000160060011,-0.0003821548271945678,-5.7529383751147414e-05,0.9999998564088549,-2.9602461331251614e-08,3.868263876557667e-05,0.0005344959499921987,0,0,-0.65,0.39,0,0,0,-1.4999999999987728,9.336956849532395e-12,0.3499636246458145,-0.7201659505814061,0.001313452422129868,0.11621523407930644
7.520499999998552,-0.6288286913484091,-0.00038218442201470913,-5.7521402475714974e-05,0.9999998564084007,-2.961500851048666e-08,3.869267972787455e-05,0.0005344960733903672,0,0,-0.65,0.39,0,0,0,-1.4999999999987728,9.336960179118405e-12,0.3499636246458145,-0.7202229695012055,0.0013134517510421063,0.11621576609964779
7.5404999999985405,-0.6288553101976188,-0.00038221183311223293,-5.7512617286248674e-05,0.999999856407951,-2.9627438995229003e-08,3.8703678183441736e-05,0.0005344961180996518,0,0,-0.65,0.39,0,0,0,-1.4999999999987728,9.336943190857572e-12,0.3499636246458145,-0.7202929335083381,0.001313450934933713,0.11621635678536299
7.560499999998529,-0.628879643894015,-0.000382236815894947,-5.750331468152644e-05,0.9999998564075236,-2.96395175777244e-08,3.871528084453793e-05,0.0005344960776155237,0,0,-0.65,0.39,0,0,0,-1.4999999999987728,9.336874223620931e-12,0.3499636246458145,-0.7203722803461924,0.0013134499621036727,0.11621698442391833
7.580499999998518,-0.6289015357993154,-0.00038225920275192015,-5.749375798973556e-05,0.9999998564071324,-2.965104606250023e-08,3.872716391540778e-05,0.0005344959483887331,0,0,-0.65,0.39,0,0,0,-1.4999999999987728,9.336810520666877e-12,0.3499636246458145,-0.7204577334910672,0.0013134488266978068,0.1162176293650864
7.600499999998507,-0.6289208968483553,-0.00038227889829953166,-5.748418364764723e-05,0.9999998564067903,-2.9661863274685658e-08,3.8739037519751875e-05,0.0005344957295141677,0,0,-0.65,0.39,0,0,0,-1.4999999999987728,9.336751517909545e-12,0.3499636246458145,-0.7205463398440559,0.0013134475279961554,0.11621827422104837
7.620499999998496,-0.6289376998397265,-0.00038229587327939893,-5.747479874661847e-05,0.9999998564065044,-2.9671844109579113e-08,3.8750648570285836e-05,0.0005344954223899461,0,0,-0.65,0.39,0,0,0,-1.4999999999987728,9.336652050757872e-12,0.3499636246458145,-0.7206354943267866,0.0013134460696771271,0.11621890398094549
7.640499999998485,-0.6289519728174615,-0.00038231015748462703,-5.746577971205472e-05,0.9999998564062827,-2.9680897804646604e-08,3.876178224755187e-05,0.0005344950303623458,0,0,-0.65,0.39,0,0,0,-1.4999999999987728,9.336581353427744e-12,0.3499636246458145,-0.7207229526460526,0.001313444459081129,0.11621950604971834
7.660499999998474,-0.6289637918631149,-0.00038232183205572724,-5.745727197714124e-05,0.9999998564061289,-2.9688965586375013e-08,3.877226226309354e-05,0.0005344945583696675,0,0,-0.65,0.39,0,0,0,-1.4999999999987728,9.33653892710402e-12,0.3499636246458145,-0.7208068335981496,0.0013134427064921527,0.11622007022132826
7.680499999998463,-0.6289732735823278,-0.00038233102144986247,-5.7449390507721515e-05,0.9999998564060449,-2.969601784805716e-08,3.878195008491526e-05,0.0005344940125958012,0,0,-0.65,0.39,0,0,0,-1.4999999999987728,9.33645173302455e-12,0.3499636246458145,-0.7208856123415344,0.0013134408244535568,0.11622058859651264
7.700499999998452,-0.6289805675333743,-0.0003823378853479987,-5.7442221037178805e-05,0.9999998564060312,-2.970205099815812e-08,3.879074330139138e-05,0.0005344934001420031,0,0,-0.65,0.39,0,0,0,-1.4999999999987728,9.336320947628754e-12,0.3499636246458145,-0.7209581060812478,0.0013134388271303452,0.11622105545507129
7.720499999998441,-0.6289858488083244,-0.00038234261072512556,-5.7435821873670494e-05,0.9999998564060864,-2.9707084102798032e-08,3.879857329420518e-05,0.00053449272872337,0,0,-0.65,0.39,0,0,0,-1.4999999999987728,9.336151901350713e-12,0.3499636246458145,-0.7210234535864403,0.001313436729726866,0.11622146709232278
7.74049999999843,-0.6289893109411556,-0.0003823454042699144,-5.743022614886239e-05,0.9999998564062073,-2.9711155438404603e-08,3.880540238215709e-05,0.0005344920063946251,0,0,-0.65,0.39,0,0,0,-1.4999999999987728,9.335959566421893e-12,0.3499636246458145,-0.7210810899090118,0.0013134345479666263,0.11622182162887788
7.7604999999984186,-0.6289911592821524,-0.0003823464853027673,-5.742544438618799e-05,0.9999998564063903,-2.971431905611065e-08,3.881122058635596e-05,0.0005344912413081941,0,0,-0.65,0.39,0,0,0,-1.4999999999987728,9.335824204929929e-12,0.3499636246458145,-0.7211307175926336,0.001313432297638031,0.11622211880222451
7.7804999999984075,-0.6289916049448704,-0.0003823460793058786,-5.7421467276770837e-05,0.9999998564066307,-2.971664143032074e-08,3.881604215412797e-05,0.0005344904415061098,0,0,-0.65,0.39,0,0,0,-1.4999999999987728,9.33568022056556e-12,0.3499636246458145,-0.721172275562685,0.0013134299942071913,0.11622235974786006
7.800499999998396,-0.6289908594012873,-0.0003823444121461435,-5.7418268562805924e-05,0.9999998564069227,-2.9718198282836737e-08,3.88199019644798e-05,0.0005344896147460674,0,0,-0.65,0.39,0,0,0,-1.4999999999987728,9.335589059246186e-12,0.3499636246458145,-0.7212059067743432,0.0013134276524981202,0.11622254677687627
7.820499999998385,-0.6289891297728827,-0.0003823417050419517,-5.741580794034747e-05,0.9999998564072606,-2.971907160683344e-08,3.882285192261322e-05,0.0005344887683609354,0,0,-0.65,0.39,0,0,0,-1.4999999999987728,9.335484496223319e-12,0.3499636246458145,-0.7212319255727545,0.0013134252864370813,0.1162226831560097
7.840499999998374,-0.6289866148405127,-0.0003823381702983088,-5.741403390585763e-05,0.9999998564076382,-2.9719346960205407e-08,3.882495743539498e-05,0.0005344879091502072,0,0,-0.65,0.39,0,0,0,-1.4999999999987728,9.335363424718957e-12,0.3499636246458145,-0.7212507855905895,0.0013134229088585703,0.11622277289525565
7.860499999998363,-0.6289835017742514,-0.0003823340078115334,-5.7412886483524295e-05,0.999999856408048,-2.9719111031882143e-08,3.882629404412787e-05,0.000534487043301251,0,0,-0.65,0.39,0,0,0,-1.4999999999987728,9.3352865837738e-12,0.3499636246458145,-0.7212630488779552,0.001313420531367712,0.11622282054723053
7.880499999998352,-0.6289799635658754,-0.00038232940232500935,-5.7412299782377164e-05,0.999999856408487,-2.971844953910856e-08,3.882694427591555e-05,0.0005344861763377471,0,0,-0.65,0.39,0,0,0,-1.4999999999987728,9.335254086442018e-12,0.3499636246458145,-0.721269356831177,0.0013134181642538386,0.11622283102158049
7.900499999998341,-0.6289761571313579,-0.0003823245214011004,-5.741220434416314e-05,0.999999856408947,-2.9717445415705378e-08,3.882699476051808e-05,0.0005344853130923838,0,0,-0.65,0.39,0,0,0,-1.4999999999987728,9.335193045827044e-12,0.3499636246458145,-0.7212704033630183,0.0013134158164495664,0.11622280941687461
7.92049999999833,-0.6289722220385049,-0.00038231951406126594,-5.741252925314461e-05,0.9999998564094217,-2.971617732131244e-08,3.882653364623689e-05,0.0005344844577007271,0,0,-0.65,0.39,0,0,0,-1.4999999999987728,9.335155265828583e-12,0.3499636246458145,-0.7212669106401424,0.001313413495529536,0.11622276087165485
7.940499999998319,-0.6289682798055587,-0.00038231451003646605,-5.741320398989218e-05,0.9999998564099071,-2.9714718450623375e-08,3.8825648336155326e-05,0.0005344836136130732,0,0,-0.65,0.39,0,0,0,-1.4999999999987728,9.335140662215557e-12,0.3499636246458145,-0.7212596076053563,0.0013134112077419692,0.1162226904355745
7.960499999998308,-0.628964433710003,-0.0003823096195628904,-5.7414160019631615e-05,0.9999998564103985,-2.9713135648052046e-08,3.882442355503213e-05,0.0005344827836211686,0,0,-0.65,0.39,0,0,0,-1.4999999999987728,9.335082655482566e-12,0.3499636246458145,-0.7212492114042782,0.0013134089580676162,0.11622260296093133
7.980499999998297,-0.6289607690426766,-0.00038230493365365355,-5.741533211336979e-05,0.999999856410891,-2.971148876794084e-08,3.882293974757966e-05,0.000534481969896771,0,0,-0.65,0.39,0,0,0,-1.4999999999987728,9.335031934350948e-12,0.3499636246458145,-0.721236411749171,0.0013134067503003633,0.11622250301435243
8.000499999998286,-0.6289573537404137,-0.00038230052477506576,-5.741665940725282e-05,0.9999998564113811,-2.9709830310708935e-08,3.8821271800587476e-05,0.0005344811740392051,0,0,-0.65,0.39,0,0,0,-1.4999999999987728,9.334937649903598e-12,0.3499636246458145,-0.7212218581773254,0.0013134045871435202,0.1162223948079095
8.02049999999831,-0.6289542393304457,-0.00038229644785611603,-5.7418086211222384e-05,0.9999998564118658,-2.9708205262674548e-08,3.8819488074474976e-05,0.0005344803971292897,0,0,-0.65,0.39,0,0,0,-1.4999999999987728,9.334861364136669e-12,0.3499636246458145,-0.7212061500978096,0.0013134024703176598,0.11622228214857942
8.040499999998335,-0.6289514621214997,-0.00038229274156162055,-5.741956258236629e-05,0.9999998564123416,-2.970665112881828e-08,3.881764972438161e-05,0.000534479639787271,0,0,-0.65,0.39,0,0,0,-1.4999999999987728,9.334814207693562e-12,0.3499636246458145,-0.7211898294684349,0.0013134004006747724,0.11622216840465682
8.06049999999836,-0.6289490445795689,-0.0003822894297627418,-5.7421044682003714e-05,0.999999856412807,-2.9705198159145123e-08,3.8815810286605154e-05,0.0005344789022326708,0,0,-0.65,0.39,0,0,0,-1.4999999999987728,9.334794940603363e-12,0.3499636246458145,-0.7211733759040284,0.0013133983783154418,0.11622205648751467
8.080499999998384,-0.6289469968304868,-0.00038228652314302523,-5.742249493862586e-05,0.9999998564132607,-2.970386968131769e-08,3.881401550320522e-05,0.0005344781843442433,0,0,-0.65,0.39,0,0,0,-1.4999999999987728,9.334800819051069e-12,0.3499636246458145,-0.7211572039869178,0.0013133964027054147,0.11622194884696181
8.100499999998409,-0.6289453182364194,-0.000382284020883428,-5.742388203938641e-05,0.9999998564137007,-2.9702682552904776e-08,3.881230335561733e-05,0.0005344774857185296,0,0,-0.65,0.39,0,0,0,-1.4999999999987728,9.334763014381598e-12,0.3499636246458145,-0.7211416625301844,0.001313394472788752,0.11622184747836295
8.120499999998433,-0.6289439989989634,-0.00038228191237577416,-5.742518077469865e-05,0.999999856414126,-2.9701647712739652e-08,3.881070427718153e-05,0.0005344768057257683,0,0,-0.65,0.39,0,0,0,-1.4999999999987728,9.334721999643028e-12,0.3499636246458145,-0.7211270355328112,0.0013133925870956293,0.11622175393967357
8.140499999998458,-0.6289430217474807,-0.00038228017892041877,-5.742637176038302e-05,0.9999998564145366,-2.9700770791210467e-08,3.8809241514401774e-05,0.0005344761435621959,0,0,-0.65,0.39,0,0,0,-1.4999999999987728,9.334695505415496e-12,0.3499636246458145,-0.7211135445622617,0.0013133907438424258,0.1162216693765518
8.160499999998482,-0.6289423630774235,-0.0003822787953704467,-5.742744106095923e-05,0.9999998564149324,-2.9700052734857073e-08,3.8807931607416417e-05,0.0005344754982980138,0,0,-0.65,0.39,0,0,0,-1.4999999999987728,9.334682831037796e-12,0.3499636246458145,-0.7211013523034057,0.001313388941023274,0.1162215945537968
8.180499999998506,-0.628941995009495,-0.0003822777316912581,-5.7428379737104655e-05,0.9999998564153132,-2.9699490470648468e-08,3.880678496144293e-05,0.0005344748689205338,0,0,-0.65,0.39,0,0,0,-1.4999999999987728,9.33467983831153e-12,0.3499636246458145,-0.7210905670218147,0.0013133871764920823,0.11622152989144269
8.20049999999853,-0.6289418863464721,-0.00038227695441075894,-5.742918333877002e-05,0.9999998564156796,-2.9699077565734002e-08,3.880580648274191e-05,0.0005344742543721983,0,0,-0.65,0.39,0,0,0,-1.4999999999987728,9.334683170070414e-12,0.3499636246458145,-0.7210812477033925,0.0013133854480345025,0.11622147550398214
8.220499999998555,-0.6289420039101774,-0.00038227642794144896,-5.742985136372655e-05,0.9999998564160325,-2.9698804865779947e-08,3.880499625483087e-05,0.0005344736535833743,0,0,-0.65,0.39,0,0,0,-1.4999999999987728,9.33469102859028e-12,0.3499636246458145,-0.7210734096499252,0.0013133837534296845,0.11622143124132504
8.24049999999858,-0.6289423136464014,-0.00038227611576136753,-5.743038669927901e-05,0.9999998564163713,-2.969866111636737e-08,3.88043502331338e-05,0.00053447306549995,0,0,-0.65,0.39,0,0,0,-1.4999999999987728,9.334703402081142e-12,0.3499636246458145,-0.7210670303306022,0.001313382090501955,0.11622139673026145
8.260499999998604,-0.628942781590427,-0.0003822759814460434,-5.743079506286452e-05,0.9999998564166988,-2.9698633525200012e-08,3.8803860938902154e-05,0.0005344724891058976,0,0,-0.65,0.39,0,0,0,-1.4999999999987728,9.334716551561672e-12,0.3499636246458145,-0.7210620553119332,0.0013133804571627632,0.11622137141536476
8.280499999998629,-0.6289433746901538,-0.00038227598954824256,-5.743108445512371e-05,0.9999998564170146,-2.969870830452232e-08,3.880351813591858e-05,0.0005344719234410682,0,0,-0.65,0.39,0,0,0,-1.4999999999987728,9.334727881674581e-12,0.3499636246458145,-0.7210584041118542,0.0013133788514434342,0.11622135459842718
8.300499999998653,-0.6289440614876274,-0.0003822761063263727,-5.743126463663927e-05,0.9999998564173195,-2.9698871139646655e-08,3.880330947627588e-05,0.0005344713676145584,0,0,-0.65,0.39,0,0,0,-1.4999999999987728,9.334735950677767e-12,0.3499636246458145,-0.7210559758477232,0.0013133772715194295,0.11622134547569471
8.320499999998678,-0.6289448126630357,-0.0003822763003258868,-5.743134663750495e-05,0.9999998564176151,-2.969910761150587e-08,3.880322110421625e-05,0.0005344708208140453,0,0,-0.65,0.39,0,0,0,-1.4999999999987728,9.334740830729477e-12,0.3499636246458145,-0.7210546545713917,0.0013133757157268934,0.11622134317232659
8.340499999998702,-0.6289456014479204,-0.00038227654282090235,-5.743134230679026e-05,0.9999998564179027,-2.9699403555605342e-08,3.8803238209554005e-05,0.0005344702823115276,0,0,-0.65,0.39,0,0,0,-1.4999999999987728,9.334741592113817e-12,0.3499636246458145,-0.7210543142073191,0.0013133741825723272,0.11622134677363717
8.360499999998726,-0.6289464039165161,-0.00038227680812556004,-5.743126390698527e-05,0.9999998564181822,-2.9699745367743685e-08,3.88033455246011e-05,0.0005344697514659231,0,0,-0.65,0.39,0,0,0,-1.4999999999987728,9.334734690797454e-12,0.3499636246458145,-0.721054823031291,0.0013133726707363015,0.11622135535284062
8.38049999999875,-0.6289471991657672,-0.00038227707378639386,-5.743112375673474e-05,0.9999998564184546,-2.9700120253126154e-08,3.8803527760778006e-05,0.0005344692277229854,0,0,-0.65,0.39,0,0,0,-1.4999999999987728,9.33472368927343e-12,0.3499636246458145,-0.721056047647231,0.0013133711790721107,0.1162213679951249
8.400499999998775,-0.6289479693957155,-0.00038227732066821967,-5.743093392342918e-05,0.9999998564187217,-2.9700516416365114e-08,3.8803769983038586e-05,0.0005344687106129888,0,0,-0.65,0.39,0,0,0,-1.4999999999987728,9.334715361304463e-12,0.3499636246458145,-0.7210578564377798,0.0013133697066002167,0.1162213838180047
8.4204999999988,-0.6289486999026741,-0.0003822775329468064,-5.743070596621647e-05,0.9999998564189834,-2.9700923194185474e-08,3.880405792201118e-05,0.0005344681997466154,0,0,-0.65,0.39,0,0,0,-1.4999999999987728,9.334710931777562e-12,0.3499636246458145,-0.7210601224804527,0.0013133682524993182,0.11622140198798772
8.440499999998824,-0.6289493789979108,-0.0003822776980219306,-5.743045072782767e-05,0.9999998564192405,-2.9701331160019064e-08,3.880437822525347e-05,0.0005344676948094569,0,0,-0.65,0.39,0,0,0,-1.4999999999987728,9.334712139253865e-12,0.3499636246458145,-0.7210627259352683,0.0013133668160949042,0.1162214217336881
8.460499999998849,-0.62894999786453,-0.000382277806364375,-5.7430178173983384e-05,0.9999998564194947,-2.970173216780942e-08,3.880471865031321e-05,0.000534467195555497,0,0,-0.65,0.39,0,0,0,-1.4999999999987728,9.334714341004124e-12,0.3499636246458145,-0.7210655559215998,0.0013133653968459271,0.11622144235557391
8.480499999998873,-0.6289505503649038,-0.0003822778513100767,-5.742989727677896e-05,0.9999998564197451,-2.9702119376716754e-08,3.8805068203256673e-05,0.0005344667017999233,0,0,-0.65,0.39,0,0,0,-1.4999999999987728,9.334692857271087e-12,0.3499636246458145,-0.7210685119117984,0.0013133639943302823,0.11622146323258951
8.500499999998897,-0.6289510328104316,-0.00038227782881400965,-5.742961593867584e-05,0.9999998564199923,-2.970248721582726e-08,3.8805417227141574e-05,0.0005344662134115619,0,0,-0.65,0.39,0,0,0,-1.4999999999987728,9.334617845380017e-12,0.3499636246458145,-0.7210715046768833,0.001313362608229715,0.11622148382595074
8.520499999998922,-0.6289514437046139,-0.000382277737175546,-5.74293409536135e-05,0.9999998564202366,-2.970283133979065e-08,3.880575744545865e-05,0.0005344657303051994,0,0,-0.65,0.39,0,0,0,-1.4999999999987728,9.334501635600786e-12,0.3499636246458145,-0.7210744568253105,0.0013133612383146329,0.11622150368040923
8.540499999998946,-0.6289517834695015,-0.00038227757674604983,-5.742907800047428e-05,0.9999998564204798,-2.970314856226452e-08,3.880608196594031e-05,0.0005344652524340042,0,0,-0.65,0.39,0,0,0,-1.4999999999987728,9.33440420914184e-12,0.3499636246458145,-0.7210773029798402,0.0013133598844291803,0.11622152242332902
8.56049999999897,-0.6289520541645333,-0.00038227734962833706,-5.742883166428793e-05,0.9999998564207208,-2.9703436756731782e-08,3.880638525034325e-05,0.000534464779782234,0,0,-0.65,0.39,0,0,0,-1.4999999999987728,9.334334668814236e-12,0.3499636246458145,-0.7210799896397823,0.0013133585464768227,0.1162215397618988
8.580499999998995,-0.6289522592056733,-0.0003822770593764591,-5.7428605480813246e-05,0.9999998564209601,-2.970369477320494e-08,3.8806663055767254e-05,0.0005344643123583719,0,0,-0.65,0.39,0,0,0,-1.4999999999987728,9.334290429923475e-12,0.3499636246458145,-0.7210824747768122,0.0013133572244070182,0.1162215554788226
8.60049999999902,-0.6289524030916153,-0.0003822767107030355,-5.7428402000448364e-05,0.9999998564211975,-2.9703922319554575e-08,3.8806912353001105e-05,0.0005344638501887936,0,0,-0.65,0.39,0,0,0,-1.4999999999987728,9.334212023918747e-12,0.3499636246458145,-0.721084727212012,0.0013133559182028631,0.11622156942680083
8.620499999999044,-0.6289524911426768,-0.00038227630920015617,-5.742822286646662e-05,0.9999998564214329,-2.9704119846477695e-08,3.8807131227183535e-05,0.0005344633933120444,0,0,-0.65,0.39,0,0,0,-1.4999999999987728,9.33409441945445e-12,0.3499636246458145,-0.7210867258203559,0.0013133546278701477,0.11622158152210937
8.640499999999069,-0.6289525292569021,-0.00038227586107867517,-5.742806890446613e-05,0.9999998564216671,-2.970428843110711e-08,3.8807318765676984e-05,0.0005344629417737752,0,0,-0.65,0.39,0,0,0,-1.4999999999987728,9.333935067709084e-12,0.3499636246458145,-0.7210884586063769,0.0013133533534275743,0.11622159173756624
8.660499999999093,-0.6289525236868221,-0.0003822753729295855,-5.7427940218636153e-05,0.9999998564218994,-2.9704429663638823e-08,3.880747493770305e-05,0.0005344624956223528,0,0,-0.65,0.39,0,0,0,-1.4999999999987728,9.333821100953759e-12,0.3499636246458145,-0.7210899216916362,0.0013133520948984479,0.11622160009512948
8.680499999999117,-0.628952480839331,-0.0003822748515101036,-5.7427836291464076e-05,0.9999998564221303,-2.970454553767603e-08,3.880760046982053e-05,0.0005344620549051654,0,0,-0.65,0.39,0,0,0,-1.4999999999987728,9.33361458524715e-12,0.3499636246458145,-0.7210911182509836,0.001313350852303353,0.11622160665837328
8.700499999999142,-0.628952407100231,-0.00038227430355611855,-5.742775608475208e-05,0.9999998564223582,-2.97046383438922e-08,3.880769672083826e-05,0.0005344616196655715,0,0,-0.65,0.39,0,0,0,-1.4999999999987728,9.33346537737734e-12,0.3499636246458145,-0.7210920574304925,0.0013133496256549043,0.11622161152502436
8.720499999999166,-0.6289523086841712,-0.0003822737356217834,-5.742769813842396e-05,0.9999998564225853,-2.9704710575012684e-08,3.880776555928536e-05,0.0005344611899404976,0,0,-0.65,0.39,0,0,0,-1.4999999999987728,9.333302397207857e-12,0.3499636246458145,-0.7210927532758017,0.0013133484149527742,0.11622161481974704
8.74049999999919,-0.6289521915099907,-0.0003822731539462663,-5.742766066573625e-05,0.9999998564228118,-2.970476483806527e-08,3.880780924602405e-05,0.0005344607657586175,0,0,-0.65,0.39,0,0,0,-1.4999999999987728,9.333202922727544e-12,0.3499636246458145,-0.7210932236951437,0.0013133472201806975,0.11622161668729986
8.760499999999215,-0.628952061100871,-0.00038227256434701076,-5.7427641642686104e-05,0.9999998564230341,-2.970480377781006e-08,3.880783032408749e-05,0.0005344603471390755,0,0,-0.65,0.39,0,0,0,-1.4999999999987728,9.333096338282e-12,0.3499636246458145,-0.7210934894771293,0.0013133460413038657,0.11622161728618367
8.78049999999924,-0.6289519225081707,-0.0003822719721383149,-5.742763889020427e-05,0.9999998564232554,-2.9704830006611095e-08,3.880783151740632e-05,0.0005344599340906907,0,0,-0.65,0.39,0,0,0,-1.4999999999987728,9.333046196164334e-12,0.3499636246458145,-0.7210935733791737,0.0013133448782678713,0.11622161678287043
8.800499999999264,-0.6289517802574169,-0.0003822713820735897,-5.742765014882064e-05,0.999999856423473,-2.970484604532304e-08,3.880781563957444e-05,0.000534459526611583,0,0,-0.65,0.39,0,0,0,-1.4999999999987728,9.332975023767742e-12,0.3499636246458145,-0.721093499298381,0.0013133437309978304,0.11622161534665228
8.820499999999289,-0.6289516383146047,-0.00038227079830932683,-5.742767314434557e-05,0.9999998564236886,-2.9704854285765484e-08,3.8807785513432027e-05,0.0005344591246891644,0,0,-0.65,0.39,0,0,0,-1.4999999999987728,9.33293859754698e-12,0.3499636246458145,-0.7210932915331995,0.0013133425993988182,0.11622161314516358
8.840499999999313,-0.6289515000707309,-0.00038227022438855107,-5.742770564477676e-05,0.999999856423902,-2.9704856938461873e-08,3.880774390186602e-05,0.0005344587283004304,0,0,-0.65,0.39,0,0,0,-1.4999999999987728,9.33292894275504e-12,0.3499636246458145,-0.7210929741406286,0.0013133414833563413,0.11622161034057905
8.860499999999337,-0.6289513683423428,-0.00038226966324139385,-5.742774550788793e-05,0.9999998564241129,-2.9704856011269665e-08,3.8807693449914756e-05,0.0005344583374124984,0,0,-0.65,0.39,0,0,0,-1.4999999999987728,9.332940987148536e-12,0.3499636246458145,-0.7210925703908841,0.0013133403827375752,0.11622160708648316
8.880499999999362,-0.628951245385807,-0.0003822691172003342,-5.742779071988942e-05,0.9999998564243218,-2.970485329741629e-08,3.880763663792756e-05,0.0005344579519833349,0,0,-0.65,0.39,0,0,0,-1.4999999999987728,9.332966351482083e-12,0.3499636246458145,-0.7210921023187625,0.0013133392973928685,0.11622160352539622
8.900499999999386,-0.6289511329230134,-0.00038226858802765484,-5.742783942572962e-05,0.9999998564245277,-2.970485036306812e-08,3.880757574536581e-05,0.0005344575719626223,0,0,-0.65,0.39,0,0,0,-1.4999999999987728,9.332996965081979e-12,0.3499636246458145,-0.7210915903687152,0.0013133382271574934,0.11622159978691578
8.92049999999941,-0.6289510321762605,-0.00038226807695271797,-5.742788995088455e-05,0.9999998564247309,-2.9704848535981202e-08,3.880751282459382e-05,0.0005344571972927237,0,0,-0.65,0.39,0,0,0,-1.4999999999987728,9.333024833082497e-12,0.3499636246458145,-0.7210910531288524,0.0013133371718535847,0.11622159598643854
8.940499999999435,-0.6289509439101839,-0.00038226758471676534,-5.742794081604565e-05,0.9999998564249304,-2.9704848910112293e-08,3.8807449683861535e-05,0.00053445682790969,0,0,-0.65,0.39,0,0,0,-1.4999999999987728,9.333109510056282e-12,0.3499636246458145,-0.7210905071475839,0.0013133361312921972,0.11622159222440193
8.96049999999946,-0.6289508684787113,-0.0003822671116230931,-5.742799074495116e-05,0.9999998564251269,-2.9704852352633957e-08,3.88073878785879e-05,0.0005344564637442957,0,0,-0.65,0.39,0,0,0,-1.4999999999987728,9.333190114231426e-12,0.3499636246458145,-0.7210899668255593,0.0013133351052751656,0.11622158858599942
8.980499999999484,-0.6289508058752019,-0.0003822666575906311,-5.74280386660738e-05,0.9999998564253213,-2.9704859518325416e-08,3.880732870996942e-05,0.0005344561047230591,0,0,-0.65,0.39,0,0,0,-1.4999999999987728,9.333253287925028e-12,0.3499636246458145,-0.7210894443747619,0.001313334093597266,0.11622158514129907
9.000499999999509,-0.6289507557841134,-0.00038226622220915047,-5.742808370923349e-05,0.9999998564255121,-2.970487086357638e-08,3.8807273229907506e-05,0.0005344557507692228,0,0,-0.65,0.39,0,0,0,-1.4999999999987728,9.333348719192966e-12,0.3499636246458145,-0.7210889498361642,0.0013133330960481194,0.11622158194571137
9.020499999999533,-0.6289507176327297,-0.0003822658047945416,-5.7428125197807253e-05,0.9999998564256998,-2.9704886663483922e-08,3.880722225123609e-05,0.0005344554018036798,0,0,-0.65,0.39,0,0,0,-1.4999999999987728,9.333482010211899e-12,0.3499636246458145,-0.721088491147204,0.001313332112413892,0.11622157904074383
9.040499999999557,-0.6289506906417021,-0.0003822654044428198,-5.742816263754122e-05,0.9999998564258856,-2.970490703151674e-08,3.880717636223494e-05,0.0005344550577458315,0,0,-0.65,0.39,0,0,0,-1.4999999999987728,9.33358885620077e-12,0.3499636246458145,-0.7210880742503222,0.0013133311424789098,0.1162215764549849
9.060499999999582,-0.628950673873353,-0.00038226502008174303,-5.742819570236184e-05,0.9999998564260688,-2.9704931940106322e-08,3.880713594451997e-05,0.00053445471851436,0,0,-0.65,0.39,0,0,0,-1.4999999999987728,9.333712806792768e-12,0.3499636246458145,-0.7210877032340922,0.0013133301860273033,0.11622157420525293
9.080499999999606,-0.6289506662769031,-0.00038226465051913693,-5.742822421814054e-05,0.999999856426249,-2.9704961241728083e-08,3.88071011932872e-05,0.0005344543840279134,0,0,-0.65,0.39,0,0,0,-1.4999999999987728,9.333807798150949e-12,0.3499636246458145,-0.7210873804989288,0.001313329242844116,0.11622157229787224
9.10049999999963,-0.6289506667299197,-0.00038226429448699685,-5.7428248150493934e-05,0.999999856426426,-2.970499468024362e-08,3.8807072135743115e-05,0.0005344540542055832,0,0,-0.65,0.39,0,0,0,-1.4999999999987728,9.333917395521019e-12,0.3499636246458145,-0.7210871069398495,0.001313328312716444,0.11622157073001688
9.120499999999655,-0.6289506740738541,-0.00038226395067987774,-5.7428267626519436e-05,0.9999998564266014,-2.9705031890430323e-08,3.880704862354175e-05,0.000534453728967792,0,0,-0.65,0.39,0,0,0,-1.4999999999987728,9.333997302019958e-12,0.3499636246458145,-0.7210868821395888,0.0013133273954344924,0.1162215694911426
9.14049999999968,-0.6289506871475252,-0.00038226361779081285,-5.7428282830775516e-05,0.9999998564267731,-2.9705072530209376e-08,3.8807030421671275e-05,0.000534453408236401,0,0,-0.65,0.39,0,0,0,-1.4999999999987728,9.334088882609e-12,0.3499636246458145,-0.7210867045658609,0.0013133264907928001,0.11622156856423035
9.160499999999704,-0.6289507048181252,-0.00038226329454360043,-5.742829392628843e-05,0.999999856426943,-2.9705116214364697e-08,3.8807017266795344e-05,0.000534453091934831,0,0,-0.65,0.39,0,0,0,-1.4999999999987728,9.33420934068309e-12,0.3499636246458145,-0.7210865717672089,0.0013133255985897153,0.11622156792710643
9.180499999999729,-0.6289507260038001,-0.00038226297971714326,-5.742830128781258e-05,0.9999998564271099,-2.9705162438399384e-08,3.8807008725036694e-05,0.0005344527799884756,0,0,-0.65,0.39,0,0,0,-1.4999999999987728,9.334306353650533e-12,0.3499636246458145,-0.7210864805630934,0.0013133247186282273,0.11622156755380324
9.200499999999753,-0.6289507496922077,-0.00038226267216607017,-5.7428305190980804e-05,0.9999998564272742,-2.970521078364328e-08,3.880700439261804e-05,0.0005344524723252768,0,0,-0.65,0.39,0,0,0,-1.4999999999987728,9.33440881879269e-12,0.3499636246458145,-0.7210864272242532,0.0013133238507169861,0.11622156741571435
9.220499999999777,-0.6289507749552319,-0.00038226237083552084,-5.742830607878184e-05,0.9999998564274365,-2.970526076604413e-08,3.880700374844808e-05,0.0005344521688752543,0,0,-0.65,0.39,0,0,0,-1.4999999999987728,9.334495720615666e-12,0.3499636246458145,-0.7210864076407948,0.0013133229946696058,0.11622156748259992
9.240499999999802,-0.6289490492003971,-0.00038226020229836295,-5.94659504471484e-05,0.9999998564676089,-2.914482473923276e-08,3.7762166691632376e-05,0.0005344518500034053,0,0,-0.65,0.48,0.08,0.08,0,-1.4999999999987728,9.334587284498896e-12,0.3499636246458145,-0.7189071995735888,0.0013133221228235708,0.10920196934366216
9.260499999999826,-0.6289442670217039,-0.00038225411173639645,-6.292122356317594e-05,0.9999998565164108,-2.8471066877784877e-08,3.6460736463492925e-05,0.0005344509070481347,0,0,-0.65,0.48,0.08,0.08,0,-1.500102327216216,-3.3587686541282075e-07,0.3504043956592273,-0.715513821781894,0.0013130615793637242,0.09508180148216007
9.28049999999985,-0.6289354158786055,-0.0003822256806448508,-6.469897743993592e-05,0.9999998565696484,-1.7677948185283856e-08,3.5199603635104195e-05,0.0005344358435889742,0,0,-0.65,0.48,0.08,0.08,0,-1.5024886462026839,1.0359208846971603e-06,0.35920670158283086,-0.7159239648764288,0.0013005820268354423,0.09015951155541163
9.300499999999875,-0.6289209736414761,-0.00038219956832072474,-6.442003409452553e-05,0.9999998565766853,-2.3111112958541847e-08,3.509424569983564e-05,0.0005344296056713032,0,0,-0.65,0.48,0.08,0.08,0,-1.504639884352677,7.937477909296124e-06,0.37504176084114,-0.7163138783249324,0.0012957071100582955,0.091198277458784
9.3204999999999,-0.6289013245998457,-0.0003821697949645453,-6.292848437474843e-05,0.999999856551103,-2.925420914527701e-08,3.588180608519455e-05,0.0005344251764180613,0,0,-0.65,0.48,0.08,0.08,0,-1.5063282550192851,1.2642771727257197e-05,0.3921170314452521,-0.7163806937312492,0.001293460727019925,0.09285285369939159
9.340499999999924,-0.6288770276245857,-0.0003821362128009556,-6.129467253369044e-05,0.9999998565212025,-3.266440587793764e-08,3.6761836918015605e-05,0.0005344213154897887,0,0,-0.65,0.48,0.08,0.08,0,-1.507696653253479,1.4912177730817523e-05,0.40853080344807513,-0.716381115773242,0.0012922829175698758,0.09390873599496515
9.360499999999949,-0.6288493235332605,-0.0003821002372127674,-5.9908315893356195e-05,0.9999998564971051,-3.414059292523626e-08,3.745935383788514e-05,0.0005344179701738433,0,0,-0.65,0.48,0.08,0.08,0,-1.508839190577314,1.4925547250858535e-05,0.4239528555107513,-0.7163743603558342,0.0012916877912136195,0.09446686170788209
9.380499999999973,-0.6288196038576231,-0.0003820633484095755,-5.8800685670897e-05,0.999999856479167,-3.455234845661815e-08,3.797476146376683e-05,0.0005344151579563688,0,0,-0.65,0.48,0.08,0.08,0,-1.509810631481574,1.3003985104224031e-05,0.4382644594494843,-0.7163702085902593,0.0012914066882739755,0.09473701519383966
9.400499999999997,-0.6287891148546764,-0.0003820268048764156,-5.7929369518399556e-05,0.9999998564658461,-3.44243939749501e-08,3.835583546458892e-05,0.000534412871761749,0,0,-0.65,0.48,0.08,0.08,0,-1.5106454693471485,9.54969029286238e-06,0.4513571769236364,-0.716368689915161,0.001291287869272448,0.0948645674404669
9.420500000000022,-0.6287588980960537,-0.0003819916121817162,-5.72553863558838e-05,0.9999998564559173,-3.404048809631063e-08,3.863858713925636e-05,0.0005344110814985735,0,0,-0.65,0.48,0.08,0.08,0,-1.511368056594619,4.9756410116731515e-06,0.4631221769782645,-0.7163682101577313,0.0012912394924454304,0.09492608099280508
9.440500000000046,-0.6287297996968897,-0.0003819585487303229,-5.675210083980739e-05,0.9999998564487004,-3.355493402377136e-08,3.88433626549903e-05,0.0005344097422408735,0,0,-0.65,0.48,0.08,0.08,0,-1.5119966842104655,-3.166279935991215e-07,0.4734694838974086,-0.7163679175956666,0.0012912200899340993,0.09495652758050539
9.46050000000007,-0.6287024913122813,-0.0003819281957452042,-5.6400570358744956e-05,0.9999998564438362,-3.305412881338068e-08,3.898131271895088e-05,0.0005344087992072342,0,0,-0.65,0.48,0.08,0.08,0,-1.5125452366089207,-5.967130029472319e-06,0.48234540274859267,-0.7163674726234934,0.0012912120269499355,0.09497190362807162
9.480500000000095,-0.6286774889983019,-0.00038190096488232347,-5.6184826875970875e-05,0.9999998564410901,-3.258665747597883e-08,3.9059974632677576e-05,0.0005344081927805485,0,0,-0.65,0.48,0.08,0.08,0,-1.5130244003161781,-1.1672304523166357e-05,0.48973796608119363,-0.716366760919775,0.0012912077026096226,0.09497975901411009
9.50050000000012,-0.6286551686723408,-0.0003818771212971696,-5.608940471813352e-05,0.9999998564402476,-3.2178748652193934e-08,3.9086059791337874e-05,0.0005344078625264777,0,0,-0.65,0.48,0.08,0.08,0,-1.5134425382451904,-1.718922968784459e-05,0.4956754003652055,-0.7163657600027098,0.0012912039223185474,0.0949837585999612
9.520500000000144,-0.6286357799382564,-0.00038185680351832184,-5.609847114320577e-05,0.9999998564410747,-3.184278580865768e-08,3.906643242756178e-05,0.0005344077501530304,0,0,-0.65,0.48,0.08,0.08,0,-1.5138063312254315,-2.2334266543452135e-05,0.5002213926861419,-0.7163644815710906,0.0012911995156700946,0.09498572210809397
9.540500000000169,-0.6286194595333847,-0.0003818400414554483,-5.619577781258115e-05,0.9999998564433186,-3.158228791855921e-08,3.9008261238753154e-05,0.0005344078016016717,0,0,-0.65,0.48,0.08,0.08,0,-1.5141212545151,-2.6978620266006625e-05,0.5034689813312848,-0.7163629472513029,0.001291194246616828,0.09498657314336165
9.560500000000193,-0.6286062448613907,-0.0003818267731808538,-5.6364964381965165e-05,0.9999998564467124,-3.1395011198401776e-08,3.891886700460455e-05,0.0005344079684310087,0,0,-0.65,0.48,0.08,0.08,0,-1.5143919308624123,-3.1042146871630796e-05,0.5055339787875096,-0.7163611792034907,0.0012911882894950154,0.09498679340382044
9.580500000000217,-0.628596087628337,-0.00038181686068792397,-5.6589974568365316e-05,0.9999998564509894,-3.127501335964276e-08,3.88054922720781e-05,0.0005344082086176146,0,0,-0.65,0.48,0.08,0.08,0,-1.5146223885653376,-3.4486253679013513e-05,0.5065484337960392,-0.7163591972670598,0.001291181971410417,0.09498664384641253
9.600500000000242,-0.6285888674126554,-0.00038181010464326135,-5.6855469347598e-05,0.9999998564558933,-3.121411263501796e-08,3.867507959873828e-05,0.0005344084868828915,0,0,-0.65,0.48,0.08,0.08,0,-1.5148162458504213,-3.7306491615110517e-05,0.5066544424326552,-0.7163570187617092,0.001291175645729158,0.09498627344830299
9.620500000000266,-0.6285844049434671,-0.00038180625808821616,-5.714718465284558e-05,0.9999998564611821,-3.120296187662192e-08,3.853408741063464e-05,0.0005344087746456445,0,0,-0.65,0.48,0.08,0.08,0,-1.514976838374915,-3.9525273336187694e-05,0.5059985060371974,-0.7163546591712916,0.0012911696320027232,0.09498577301080678
9.64050000000029,-0.6285824748627036,-0.0003818050390361681,-5.745221231541014e-05,0.9999998564666406,-3.123185087187689e-08,3.838835054464723e-05,0.0005344090496914196,0,0,-0.65,0.48,0.08,0.08,0,-1.51510730333157,-4.1185027618198716e-05,0.5047265601579404,-0.7163521329472027,0.0012911641902303636,0.09498520189986756
9.660500000000315,-0.6285828177710545,-0.0003818061419212833,-5.775919890540254e-05,0.999999856472079,-3.129129866831244e-08,3.824298448010106e-05,0.000534409295640073,0,0,-0.65,0.48,0.08,0.08,0,-1.5152106310040252,-4.234200131164133e-05,0.5029797450611894,-0.7163494541433815,0.0012911595130964274,0.09498460141751378
9.68050000000034,-0.6285851513915425,-0.0003818092478695497,-5.805846536343858e-05,0.9999998564773387,-3.13724745773466e-08,3.8102329370756704e-05,0.0005344095012825748,0,0,-0.65,0.48,0.08,0.08,0,-1.5152896924788197,-4.30608390032715e-05,0.5008909469224173,-0.716346636810446,0.0012911557276276415,0.09498400156838133
9.700500000000364,-0.6285891807212233,-0.00038181403377905227,-5.8342054612722274e-05,0.9999998564822898,-3.146747698250436e-08,3.796992896618886e-05,0.0005344096598470441,0,0,-0.65,0.48,0.08,0.08,0,-1.5153472504588474,-4.341000447958246e-05,0.49858210599781927,-0.7163436951665012,0.0012911529016656567,0.0949834245722953
9.720500000000388,-0.6285946070782377,-0.0003818201802121829,-5.8603716517180686e-05,0.999999856486834,-3.156949509105003e-08,3.784853918608884e-05,0.0005344097682430545,0,0,-0.65,0.48,0.08,0.08,0,-1.5153859586689582,-4.3458055451487155e-05,0.49616226212634,-0.7163406435936055,0.0012911510525919615,0.09498288678380823
9.740500000000413,-0.6286011359866339,-0.0003818273781173547,-5.883884050845045e-05,0.9999998564908976,-3.167287670677743e-08,3.7740161085030976e-05,0.000534409826322691,0,0,-0.65,0.48,0.08,0.08,0,-1.5154083541418162,-4.3270742448530746e-05,0.4937262878552102,-0.7163374965139179,0.0012911501568284092,0.09498239983968147
9.760500000000437,-0.6286084838740766,-0.0003818353344116612,-5.9044346406341375e-05,0.9999998564944379,-3.1773123291106244e-08,3.7646093087756895e-05,0.000534409836187079,0,0,-0.65,0.48,0.08,0.08,0,-1.5154168456773982,-4.290887304908473e-05,0.4913542446521936,-0.7163342681940701,0.001291150159239377,0.0949819714369949
9.780500000000462,-0.6286163835871416,-0.00038184377646869493,-5.9218543663103544e-05,0.9999998564974311,-3.186683147619711e-08,3.756699763841631e-05,0.0005344098015583412,0,0,-0.65,0.48,0.08,0.08,0,-1.5154137009481958,-4.242686236500707e-05,0.4891112875109808,-0.716330972517035,0.0012911509819142357,0.09498160593602378
9.800500000000486,-0.6286245887549465,-0.0003818524555673022,-5.9360968629590444e-05,0.9999998564998739,-3.1951597686583236e-08,3.750297776595265e-05,0.0005344097272293769,0,0,-0.65,0.48,0.08,0.08,0,-1.5154010340470307,-4.187187858772318e-05,0.4870480372451073,-0.7163276227514327,0.0012911525320288117,0.0949813048783235
9.82050000000051,-0.6286328770541141,-0.0003818611493672711,-5.947220858285082e-05,0.9999998565017799,-3.2025899944606957e-08,3.745365949993335e-05,0.0005344096185974596,0,0,-0.65,0.48,0.08,0.08,0,-1.5153807947234081,-4.128348706280315e-05,0.4852013373708069,-0.7163242313395243,0.001291154708629114,0.09498106745923887
9.840500000000535,-0.6286410524464184,-0.0003818696634866731,-5.9553720246896816e-05,0.9999998565031779,-3.2088968130615154e-08,3.7418276555286795e-05,0.0005344094812825409,0,0,-0.65,0.48,0.08,0.08,0,-1.5153547601095574,-4.0693696462541466e-05,0.4835953131649677,-0.7163208097179498,0.001291157408280285,0.09498089096930484
9.86050000000056,-0.6286489464749042,-0.0003818778322626869,-5.960764944968302e-05,0.9999998565041072,-3.214065154118223e-08,3.739575421894636e-05,0.0005344093208271448,0,0,-0.65,0.48,0.08,0.08,0,-1.515324529383586,-4.012731491774327e-05,0.4822426537168777,-0.7163173681793282,0.0012911605295933203,0.09498077120750192
9.880500000000584,-0.6286564187149419,-0.0003818855187831248,-5.963665743952884e-05,0.9999998565046126,-3.218129035671564e-08,3.738478989664304e-05,0.0005344091424718503,0,0,-0.65,0.48,0.08,0.08,0,-1.5152915215414675,-3.960253130617031e-05,0.48114604305037617,-0.7163139157782245,0.0012911639766905716,0.09498070286454946
9.900500000000608,-0.6286633564837313,-0.00038189261427947597,-5.9643758277440876e-05,0.9999998565047477,-3.221159558790265e-08,3.7383928296397445e-05,0.0005344089509983934,0,0,-0.65,0.48,0.08,0.08,0,-1.5152569762403105,-3.9131646261831696e-05,0.4802996731789813,-0.7163104602814471,0.0012911676617033514,0.09498067987293271
9.920500000000633,-0.6286696739155209,-0.00038189903697410504,-5.963217065887812e-05,0.9999998565045651,-3.223254057041746e-08,3.739162972171634e-05,0.0005344087506312693,0,0,-0.65,0.48,0.08,0.08,0,-1.515221957522319,-3.872188799643369e-05,0.4796907798073238,-0.7163070081599789,0.0012911715064146505,0.09498069572048276
9.940500000000657,-0.6286753105105369,-0.0003819047304742833,-5.9605186525937785e-05,0.9999998565041264,-3.2245265784898366e-08,3.740633041061678e-05,0.0005344085449882702,0,0,-0.65,0.48,0.08,0.08,0,-1.5151873601227244,-3.8376258989503597e-05,0.4793011498867971,-0.7163035646181845,0.0012911754431701365,0.09498074372515561
9.960500000000682,-0.6286802292637081,-0.0003819096618041091,-5.956605792830262e-05,0.9999998565034826,-3.225099777545974e-08,3.742649427739255e-05,0.0005344083370704345,0,0,-0.65,0.48,0.08,0.08,0,-1.5151539179975226,-3.809437043036209e-05,0.4791085589989263,-0.7163001336546175,0.0012911794151825222,0.09498081726974412
9.980500000000706,-0.6286844144750945,-0.00038191381916218795,-5.951790278923826e-05,0.9999998565026891,-3.225098219272009e-08,3.745065578644001e-05,0.0005344081292823915,0,0,-0.65,0.48,0.08,0.08,0,-1.5151222146706007,-3.787323154353159e-05,0.479088105255402,-0.7162967181484134,0.0012911833763512225,0.09498090999639697
10.00050000000073,-0.628687869337859,-0.0003819172094883805,-5.9463629541789775e-05,0.9999998565017958,-3.2246430460303996e-08,3.747745400820689e-05,0.0005344079234748406,0,0,-0.65,0.48,0.08,0.08,0,-1.5150926949883703,-3.770797028493323e-05,0.479213414801214,-0.7162933199648605,0.0012911872907110525,0.09498101596182085
10.020500000000755,-0.6286906133920867,-0.00038191985591715794,-5.940588001799623e-05,0.9999998565008457,-3.223847913450799e-08,3.750565817476561e-05,0.0005344077210018709,0,0,-0.65,0.48,0.08,0.08,0,-1.5150656778775238,-3.759247015499708e-05,0.4794577018719503,-0.7162899400740982,0.0012911911316132564,0.09498112975496359
10.04050000000078,-0.6286926799240884,-0.0003819217951883542,-5.934698950624632e-05,0.9999998564998817,-3.2228160811418806e-08,3.753418526723584e-05,0.0005344075227868877,0,0,-0.65,0.48,0.08,0.08,0,-1.515041369723197,-3.751991492642731e-05,0.47979467352440525,-0.7162865786772814,0.0012911948807296505,0.09498124657970713
10.060500000000804,-0.628694113381401,-0.0003819230750785969,-5.928896253046685e-05,0.9999998564989359,-3.2216385216561075e-08,3.756211033127156e-05,0.0005344073293920178,0,0,-0.65,0.48,0.08,0.08,0,-1.5150198780164663,-3.748323889613035e-05,0.48019927551541486,-0.7162832353350649,0.0012911985269572607,0.09498136230565746
10.080500000000828,-0.6286949668638495,-0.0003819237519086582,-5.923346264372482e-05,0.999999856498039,-3.220392908220277e-08,3.758867033314899e-05,0.0005344071410869133,0,0,-0.65,0.48,0.08,0.08,0,-1.5150012249583575,-3.7475484871302854e-05,0.48064828127559905,-0.7162799090941496,0.0012912020652876867,0.09498147349056055
10.100500000000853,-0.6286952997410465,-0.00038192388817361473,-5.918181436345504e-05,0.9999998564972121,-3.2191433331146276e-08,3.761326244185997e-05,0.0005344069579139043,0,0,-0.65,0.48,0.08,0.08,0,-1.514985360749491,-3.749007556376544e-05,0.48112073047981135,-0.716276598608183,0.0012912054956922337,0.09498157737810853
10.120500000000877,-0.6286951754368431,-0.0003819235503342781,-5.913501529151301e-05,0.9999998564964727,-3.217940618780423e-08,3.763543765655535e-05,0.000534406779747324,0,0,-0.65,0.48,0.08,0.08,0,-1.5149721763380204,-3.7521006501391516e-05,0.4815982273559493,-0.7162733022502484,0.0012912088220620702,0.09498167187505832
10.140500000000902,-0.6286946594117274,-0.0003819228068000109,-5.909375645318703e-05,0.9999998564958338,-3.216823085533347e-08,3.765489069900074e-05,0.0005344066063456487,0,0,-0.65,0.48,0.08,0.08,0,-1.5149615154417826,-3.756297009867738e-05,0.48206511162822524,-0.7162700182148023,0.0012912120512316232,0.0949817555115616
10.160500000000926,-0.6286938173651895,-0.000381921726125007,-5.9058448941642585e-05,0.9999998564953,-3.215817651063454e-08,3.767144706249859e-05,0.000534406437395732,0,0,-0.65,0.48,0.08,0.08,0,-1.5149531857022511,-3.76114212978212e-05,0.48250851691292934,-0.7162667446076384,0.0012912151921039617,0.09498182738852576
10.18050000000095,-0.6286927136717685,-0.00038192037543250236,-5.902925505678909e-05,0.9999998564948764,-3.214941148691641e-08,3.768504805762106e-05,0.0005344062725489843,0,0,-0.65,0.48,0.08,0.08,0,-1.5149469688670516,-3.7662595337042156e-05,0.4829183325447805,-0.7162634795231223,0.0012912182548888613,0.09498188711562398
10.200500000000975,-0.6286914100569818,-0.000381918819074343,-5.9006122272432966e-05,0.9999998564945588,-3.2142017722148566e-08,3.7695734625932844e-05,0.0005344061114497412,0,0,-0.65,0.48,0.08,0.08,0,-1.5149426299336566,-3.7713487859353545e-05,0.4832870852935151,-0.7162602211083677,0.0012912212504573488,0.09498193474329023
10.220500000001,-0.6286899645127024,-0.0003819171175269614,-5.898881853609047e-05,0.9999998564943454,-3.2136005588089737e-08,3.7703630610842355e-05,0.0005344059537563909,0,0,-0.65,0.48,0.08,0.08,0,-1.514939925219096,-3.776180686828597e-05,0.48360975732487965,-0.7162569676146311,0.0012912241898114152,0.09498197069172934
10.240500000001024,-0.6286884304458049,-0.0003819153265191937,-5.897696760036959e-05,0.9999998564942283,-3.2131328461402395e-08,3.7708926084202134e-05,0.0005344057991560351,0,0,-0.65,0.48,0.08,0.08,0,-1.5149386093487385,-3.780590508027247e-05,0.4838835561630876,-0.7162537174364042,0.0012912270836632862,0.09498199567958904
10.260500000001048,-0.628686856049105,-0.00038191349638252314,-5.897008328434629e-05,0.9999998564941989,-3.2127896509857693e-08,3.771186123246534e-05,0.0005344056473735807,0,0,-0.65,0.48,0.08,0.08,0,-1.5149384411814248,-3.784470011468192e-05,0.484107651418866,-0.7162504691391444,0.0012912299421158717,0.09498201065454631
10.280500000001073,-0.6286852838797301,-0.0003819116716103224,-5.896760177163185e-05,0.9999998564942468,-3.212558929422988e-08,3.771271121055755e-05,0.0005344054981762057,0,0,-0.65,0.48,0.08,0.08,0,-1.5149391887084007,-3.7877588784323505e-05,0.48428289175153305,-0.7162472214766381,0.00129123277443389,0.0949820167276694
10.300500000001097,-0.62868375062706,-0.00038190989060945304,-5.8968911250219374e-05,0.9999998564943612,-3.2124266930231087e-08,3.771177227839437e-05,0.0005344053513741629,0,0,-0.65,0.48,0.08,0.08,0,-1.5149406329798614,-3.79043605685229e-05,0.4844115140230203,-0.7162439733992706,0.0012912355888942608,0.09498201511299563
10.320500000001122,-0.6286822870502228,-0.0003819081856251744,-5.897337839172522e-05,0.9999998564945285,-3.2123779705885934e-08,3.770934944643306e-05,0.0005344052068187996,0,0,-0.65,0.48,0.08,0.08,0,-1.514942571125527,-3.7925114219364076e-05,0.48449685495716677,-0.7162407240544458,0.0012912383927037583,0.09498200707339928
10.340500000001146,-0.6286809180637594,-0.0003819065828186487,-5.898037134435111e-05,0.999999856494741,-3.212397605357448e-08,3.770574577501604e-05,0.0005344050643986126,0,0,-0.65,0.48,0.08,0.08,0,-1.5149448185449799,-3.794018040717997e-05,0.4845430739112521,-0.7162374727805351,0.0012912411919722142,0.09498199387344924
10.36050000000117,-0.6286796629493975,-0.00038190510247538656,-5.898927907307504e-05,0.9999998564949859,-3.212470890236161e-08,3.77012533987751e-05,0.0005344049240340653,0,0,-0.65,0.48,0.08,0.08,0,-1.5149472103496338,-3.795005237953783e-05,0.4845548936614213,-0.716234219095574,0.0012912439917299923,0.09498197673963468
10.380500000001195,-0.628678535671834,-0.00038190375932266064,-5.899952701954417e-05,0.9999998564952528,-3.2125840531639575e-08,3.769614628321922e-05,0.0005344047856717668,0,0,-0.65,0.48,0.08,0.08,0,-1.514949602141665,-3.795532580345319e-05,0.48453736445231527,-0.7162309626820564,0.0012912467959795052,0.09498195682804386
10.40050000000122,-0.6286775452769274,-0.0003819025629341697,-5.90105891740931e-05,0.9999998564955305,-3.212724605679673e-08,3.7690674666189425e-05,0.0005344046492785,0,0,-0.65,0.48,0.08,0.08,0,-1.5149518702162341,-3.7956648289427756e-05,0.4844956550067868,-0.7162277033689145,0.0012912496077713985,0.09498193519934062
10.420500000001244,-0.6286766963516562,-0.00038190151820098465,-5.9021996748492035e-05,0.9999998564958151,-3.212881562594535e-08,3.768506109234747e-05,0.0005344045148354836,0,0,-0.65,0.48,0.08,0.08,0,-1.514953911272312,-3.7954678556853985e-05,0.4844348727671648,-0.7162244411117934,0.0012912524292973773,0.09498191280067142
10.440500000001268,-0.6286759895265233,-0.00038190062584896837,-5.903334371415382e-05,0.9999998564960961,-3.213045559065129e-08,3.767949791420386e-05,0.0005344043823331442,0,0,-0.65,0.48,0.08,0.08,0,-1.5149556417147092,-3.7950054786765796e-05,0.4843599143690445,-0.7162211759724799,0.0012912552619927056,0.09498189045396642
10.460500000001293,-0.6286754220026999,-0.00038189988298434054,-5.9044289525580606e-05,0.9999998564963675,-3.21320888190767e-08,3.7674146107767234e-05,0.0005344042517665823,0,0,-0.65,0.48,0.08,0.08,0,-1.5149569966257814,-3.794337140916204e-05,0.4842753462473143,-0.7162179080984146,0.0012912581066428154,0.09498186885002055
10.480500000001317,-0.6286749880880287,-0.0003818992836507959,-5.905455938800032e-05,0.9999998564966235,-3.2133654262732234e-08,3.766913523412982e-05,0.0005344041231318338,0,0,-0.65,0.48,0.08,0.08,0,-1.514957928480145,-3.7935163374947145e-05,0.48418531434974443,-0.7162146377028187,0.0012912609634893116,0.09498184854758818
10.500500000001342,-0.6286746797279461,-0.0003818988193835031,-5.906394244552162e-05,0.9999998564968634,-3.213510600219395e-08,3.766456436938785e-05,0.000534403996422961,0,0,-0.65,0.48,0.08,0.08,0,-1.514958405669791,-3.792589685252563e-05,0.48409348118685347,-0.7162113650460935,0.0012912638323319893,0.09498182997676723
10.520500000001366,-0.6286744870194297,-0.0003818984797473182,-5.907228827368271e-05,0.999999856497083,-3.213641190753901e-08,3.766050382322095e-05,0.0005344038716299588,0,0,-0.65,0.48,0.08,0.08,0,-1.5149584109005352,-3.791596525084972e-05,0.4840029878731972,-0.716208090418789,0.0012912667126241475,0.09498181344585885
10.54050000000139,-0.6286743986980932,-0.0003818982528486104,-5.907950205075971e-05,0.9999998564972816,-3.2137552028868804e-08,3.7656997470272876e-05,0.0005344037487374246,0,0,-0.65,0.48,0.08,0.08,0,-1.5149579395140176,-3.7905689489776895e-05,0.48391643840525633,-0.7162048141265276,0.001291269603559544,0.09498179915095462
10.560500000001415,-0.6286744025905553,-0.0003818981258121401,-5.908553876576354e-05,0.9999998564974566,-3.2138516874282916e-08,3.765406552709308e-05,0.0005344036277238927,0,0,-0.65,0.48,0.08,0.08,0,-1.51495699778261,-3.789532150080607e-05,0.48383590316174035,-0.7162015364769873,0.0012912725041497911,0.0949817871875111
10.58050000000144,-0.6286744860261146,-0.0003818980852164042,-5.909039679366665e-05,0.9999998564976086,-3.213930562529931e-08,3.765170761983923e-05,0.0005344035085617444,0,0,-0.65,0.48,0.08,0.08,0,-1.5149556012178587,-3.7885050034142865e-05,0.4837629384876812,-0.716198257769071,0.001291275413291746,0.0949817775632465
10.600500000001464,-0.6286746362035597,-0.00038189811748274845,-5.9094111137140445e-05,0.9999998564977386,-3.2139924403672865e-08,3.764990600318994e-05,0.0005344033912175681,0,0,-0.65,0.48,0.08,0.08,0,-1.5149537729265232,-3.787500796040613e-05,0.48369861921678725,-0.7161949782842191,0.001291278329824777,0.09498177021173451
10.620500000001488,-0.6286748405105766,-0.0003818982092152735,-5.909674659574018e-05,0.9999998564978488,-3.2140384620916223e-08,3.7648628808138455e-05,0.0005344032756528773,0,0,-0.65,0.48,0.08,0.08,0,-1.5149515420420738,-3.7865280377794025e-05,0.48364358107882693,-0.7161916982798195,0.0012912812525782556,0.09498176500616776
10.640500000001513,-0.6286750867947116,-0.00038189834749015127,-5.909839108610004e-05,0.9999998564979409,-3.2140701460544734e-08,3.7647833214537676e-05,0.0005344031618250585,0,0,-0.65,0.48,0.08,0.08,0,-1.514948942253629,-3.785591296042785e-05,0.48359807011179246,-0.7161884179845552,0.001291284180409738,0.09498176177283393
10.660500000001537,-0.628675363586135,-0.00038189852009435694,-5.9099149296130754e-05,0.9999998564980135,-3.214089253254712e-08,3.764746846292773e-05,0.0005344030496884645,0,0,-0.65,0.48,0.08,0.08,0,-1.5149460104490025,-3.784692010474626e-05,0.4835619964341459,-0.7161851375955345,0.0012912871122346386,0.09498176030392685
10.680500000001562,-0.6286756602735718,-0.00038189871571503935,-5.9099136817437125e-05,0.999999856498072,-3.214097672280986e-08,3.764747863843571e-05,0.0005344029391955637,0,0,-0.65,0.48,0.08,0.08,0,-1.5149427854836093,-3.783829254389309e-05,0.4835349900133453,-0.7161818572770251,0.0012912900470482506,0.09498176036940147
10.700500000001586,-0.6286759672356977,-0.00038189892408176253,-5.909847486282273e-05,0.9999998564981172,-3.214097321850158e-08,3.764780517714343e-05,0.0005344028302980676,0,0,-0.65,0.48,0.08,0.08,0,-1.5149393070826331,-3.783000420167789e-05,0.48351645637719215,-0.716178577160478,0.0012912929839408983,0.09498176172765121
10.72050000000161,-0.6286762759310307,-0.0003818991360646806,-5.909728563952818e-05,0.9999998564981529,-3.214090071423708e-08,3.764838906154158e-05,0.0005344027229479973,0,0,-0.65,0.48,0.08,0.08,0,-1.5149356148800281,-3.782201814618572e-05,0.48350563053999035,-0.7161752973457284,0.0012912959221073241,0.09498176413486051
10.740500000001635,-0.6285446752497152,-0.00038176207411969574,-6.004946502962807e-05,0.9999998565416746,-3.1463063417042924e-08,3.6435702608409285e-05,0.0005344053424550846,1.9978623791589891,-0.0012825725046065272,-0.65,0.48,0.08,0.08,0.0,-1.5149280410499382,-3.781323024434129e-05,0.48350146243806125,-0.7161720876439854,0.001291298847223637,0.09498176468068309
10.76050000000166,-0.6278586214583943,-0.0003810398395657479,-6.228101426580774e-05,0.9999998566389606,-2.989199537035759e-08,3.358216056634033e-05,0.0005344102315783003,1.99786235915224,-0.001282584508656015,-0.65,0.48,0.08,0.08,0.0,-1.5148731819621408,-3.7760071292398936e-05,0.4835040587807309,-0.7161694037693517,0.0012913012942943943,0.09498175502263126
10.780500000001684,-0.6266705938423413,-0.0003797820033679635,-6.357721129156194e-05,0.9999998566946804,-2.8994549908958068e-08,3.194554117171946e-05,0.0005344063057227877,1.9978623736520396,-0.0012825758087762651,-0.65,0.48,0.08,0.08,0.0,-1.514704825355977,-3.7580643348684184e-05,0.4835164258240862,-0.7161674281531895,0.001291302973175555,0.09498174149152014
10.800500000001708,-0.6250581225551473,-0.00037807053629234765,-6.401882848909122e-05,0.9999998567210667,-2.864929241061742e-08,3.142207022559042e-05,0.0005343879666018828,1.9978624453703935,-0.0012825327777639117,-0.65,0.48,0.08,0.08,0.0,-1.5143607422429433,-3.7200117705566495e-05,0.4835372734452973,-0.7161661294692062,0.0012913039318046006,0.09498173186025148
10.820500000001733,-0.6230860876310809,-0.0003759747688693091,-6.398700702670787e-05,0.9999998567379308,-2.8536575343492172e-08,3.15031448694349e-05,0.0005343516342373769,1.997862588764411,-0.0012824467413533823,-0.65,0.48,0.08,0.08,0.0,-1.5137875502406346,-3.655442215618234e-05,0.4835640138849785,-0.7161654125483693,0.0012913042572405648,0.09498172708931134
10.840500000001757,-0.6208092157106799,-0.0003735533019940831,-6.374174010880454e-05,0.9999998567574825,-2.845665655701181e-08,3.184432252138124e-05,0.0005342948203100466,1.9978628138770587,-0.0012823116737648022,-0.65,0.48,0.08,0.08,0.0,-1.5129420193244811,-3.559119547049913e-05,0.48359428891149037,-0.7161651661372708,0.0012913040463814716,0.09498172592455434
10.860500000001782,-0.6182734958377247,-0.00037085543623213463,-6.342125837393717e-05,0.9999998567861367,-2.8317499720767703e-08,3.2267365717467386e-05,0.0005342158012923147,1.997863127668067,-0.0012821233991598291,-0.65,0.48,0.08,0.08,0.0,-1.511791068557101,-3.426973287226906e-05,0.48362617110788064,-0.7161652785427274,0.001291303404864789,0.09498172712407218
10.880500000001806,-0.6155173456714899,-0.00036792240476860423,-6.309048907220722e-05,0.9999998568270159,-2.808772072582711e-08,3.26925531469355e-05,0.0005341134181883682,1.9978635348219171,-0.0012818791068497147,-0.65,0.48,0.08,0.08,0.0,-1.5103113511874169,-3.256054448191474e-05,0.48365810962334727,-0.7161656426840379,0.0012913024443332026,0.09498172982433695
10.90050000000183,-0.6125726678682679,-0.00036478849645213115,-6.277623275043238e-05,0.9999998568815068,-2.7764607040878255e-08,3.308970313148056e-05,0.000533986926351896,1.9978640383524562,-0.0012815769885262895,-0.65,0.48,0.08,0.08,0.0,-1.5084886464547935,-3.0444699983643655e-05,0.4836888632192563,-0.7161661583126386,0.0012913012781494123,0.09498173346687089
10.920500000001855,-0.609465810810921,-0.000361482078012213,-6.248695615310312e-05,0.9999998569501238,-2.7357062350514596e-08,3.345124969718175e-05,0.0005338358790361025,1.9978646400717004,-0.0012812159569797644,-0.65,0.48,0.08,0.08,0.0,-1.5063171181116655,-2.7913012835466477e-05,0.48371745423928997,-0.7161667334554507,0.0012913000170250587,0.09498173769343944
10.94050000000188,-0.6062184317839842,-0.0003580265130346903,-6.22229601892062e-05,0.9999998570329625,-2.6877438346845073e-08,3.377895264360925e-05,0.0005336600380764219,1.9978653409495655,-0.0012807954302607172,-0.65,0.48,0.08,0.08,0.0,-1.5037984714361619,-2.4965097924960955e-05,0.4837431378986119,-0.7161672854958696,0.0012912987652121842,0.09498174227112006
10.960500000001904,-0.6028482631536664,-0.0003544409782572489,-6.198135767420181e-05,0.9999998571299276,-2.633794586984825e-08,3.407773980390373e-05,0.0005334593069081062,1.997866141383823,-0.001280315169706192,-0.65,0.48,0.08,0.08,0.0,-1.5009410380988193,-2.160833687723841e-05,0.4837653789357505,-0.7161677419389708,0.0012912976174649562,0.09498174704351676
10.980500000001928,-0.5993697855435283,-0.0003507411813101335,-6.175841171188126e-05,0.9999998572408455,-2.5749270284039993e-08,3.435301435827645e-05,0.0005332336818035384,1.9978670413967876,-0.001279775161927432,-0.65,0.48,0.08,0.08,0.0,-1.4977588183205506,-1.7856786263903913e-05,0.48378383084472626,-0.7161680408601256,0.0012912966568066197,0.09498175189994255
11.000500000001953,-0.5957948139781356,-0.0003469399860786935,-6.155057041580937e-05,0.9999998573655238,-2.5120198559847667e-08,3.460957657889444e-05,0.0005329832177511755,1.997868040773108,-0.001279175536135213,-0.65,0.48,0.08,0.08,0.0,-1.4942705084014363,-1.3730062775139993e-05,0.4837983154904878,-0.7161681310495556,0.0012912959530640006,0.09498175675672228
11.020500000001977,-0.5921330038095675,-0.00034304795275350204,-6.135487051910648e-05,0.9999998575037753,-2.4457685899106897e-08,3.485127449010774e-05,0.0005327080058888636,1.997869139151054,-0.0012785165093676554,-0.65,0.48,0.08,0.08,0.0,-1.4904985390098497,-9.25223640891287e-06,0.4838088023741072,-0.7161679718807151,0.0012912955620957597,0.09498176154655236
11.040500000002002,-0.5883922834531925,-0.00033907379988133934,-6.116904240473933e-05,0.9999998576554289,-2.3767094875345335e-08,3.508097194444367e-05,0.0005324081598510229,1.9978703360779022,-0.0012777983532586744,-0.65,0.48,0.08,0.08,0.0,-1.4864681461908222,-4.450758670108501e-06,0.48381538753158077,-0.7161675329394759,0.0012912955256226173,0.0949817662129461
11.060500000002026,-0.5845792208630017,-0.00033502479566456094,-6.0991479409620745e-05,0.9999998578203323,-2.3052485221853406e-08,3.53006462998966e-05,0.0005320838087923169,1.9978716310384161,-0.0012770213769503157,-0.65,0.48,0.08,0.08,0.0,-1.482206493327739,6.445517654399309e-07,0.48381827236243474,-0.716166793454672,0.0012912958715611772,0.09498177070769856
11.08050000000205,-0.5806993304398504,-0.0003309070855449637,-6.082115061549218e-05,0.9999998579983498,-2.2316900248304537e-08,3.551153113170863e-05,0.0005317350952129829,1.9978730234639377,-0.001276185921637385,-0.65,0.48,0.08,0.08,0.0,-1.47774185854636,6.0024481072905455e-06,0.483817742793022,-0.7161657415710309,0.0012912966147642574,0.09498177498998356
11.100500000002075,-0.5767573267660296,-0.00032672596282821894,-6.0657495328342266e-05,0.9999998581893539,-2.156262718567464e-08,3.5714266486111665e-05,0.0005313621760363145,1.997874512728342,-0.0012752923629948398,-0.65,0.48,0.08,0.08,0.0,-1.473102898446,1.159110591774368e-05,0.48381414918899646,-0.7161643735039586,0.0012912977580764482,0.09498177902619667
11.1205000000021,-0.5727573312301873,-0.0003224860887889465,-6.050031737310257e-05,0.9999998583932239,-2.0791423119547927e-08,3.5909040517077504e-05,0.0005309652256795756,1.9978760981358983,-0.001274341118461031,-0.65,0.48,0.08,0.08,0.0,-1.4683179956757144,1.7378875900341947e-05,0.48380788739373204,-0.7161626926131125,0.0012912992936219645,0.09498178279003708
11.140500000002124,-0.5687030372613882,-0.0003181916683576619,-6.034968749700626e-05,0.9999998586098373,-2.0004704726444722e-08,3.609571600322574e-05,0.0005305444401179335,1.9978777789050728,-0.0012733326569563275,-0.65,0.48,0.08,0.08,0.0,-1.4634146948016695,2.333493375799201e-05,0.4837993812098422,-0.716160708428364,0.0012913012042505552,0.09498178626253029
11.160500000002148,-0.5645978395354168,-0.0003138465871345244,-6.020585734448272e-05,0.9999998588390636,-1.9203703012303206e-08,3.6273939626460044e-05,0.0005301000411686944,1.997879554151381,-0.0012722675091714208,-0.65,0.48,0.08,0.08,0.0,-1.4584192281702795,2.9429825269881342e-05,0.48378906657241033,-0.7161584356581779,0.0012913034650762227,0.0949817894318668
11.180500000002173,-0.5604449321528112,-0.00030945451510388687,-6.006918608678273e-05,0.9999998590807585,-1.8389585570208083e-08,3.644323389951873e-05,0.0005296322804216489,1.997881422871612,-0.0012711462770328196,-0.65,0.48,0.08,0.08,0.0,-1.453356131078558,3.563590767088066e-05,0.48377737759197253,-0.7161558932065722,0.0012913060450515546,0.0949817922930147
11.200500000002197,-0.5562473804184582,-0.00030501898204064395,-5.99400796090755e-05,0.999999859334764,-1.7563549446674132e-08,3.660307255615575e-05,0.0005291414424123263,1.9978833839310406,-0.0012699696413756457,-0.65,0.48,0.08,0.08,0.0,-1.448247943524957,4.1927690878555015e-05,0.4837647345767763,-0.7161531032209523,0.001291308908528159,0.09498179484712575
11.220500000002222,-0.5520081704790405,-0.000300543429207175,-5.981894157405744e-05,0.9999998596008998,-1.6726887963160392e-08,3.675294064719116e-05,0.0005286278467799639,1.9978854360546903,-0.0012687383671858398,-0.65,0.48,0.08,0.08,0.0,-1.4431149941275643,4.828208411026248e-05,0.48375153407987737,-0.7161500901891932,0.001291312016760749,0.09498179710077645
11.240500000002246,-0.5477302406997675,-0.00029603124154172205,-5.970613539555914e-05,0.9999998598789656,-1.5881034810652607e-08,3.689238077927848e-05,0.0005280918492727193,1.9978875778231906,-0.0012674533060856418,-0.65,0.48,0.08,0.08,0.0,-1.4379752604511165,5.4678554987528726e-05,0.4837381409588856,-0.7161468801006884,0.0012913153293194137,0.09498179906510809
11.26050000000227,-0.5434164982886276,-0.0002914857641392164,-5.960195602492563e-05,0.9999998601687347,-1.502758877178532e-08,3.7021027008159655e-05,0.0005275338415608426,1.9978898076734044,-0.0012661153959573567,-0.65,0.48,0.08,0.08,0.0,-1.4328442989626824,6.109920936679116e-05,0.4837248823856769,-0.7161434996824501,0.0012913188053810915,0.09498180075491754
11.280500000002295,-0.5390698243080956,-0.00028691030642798274,-5.950661040512031e-05,0.9999998604699599,-1.4168322237257758e-08,3.7138627907944236e-05,0.0005269542498961047,1.997892123903684,-0.0012647256577896116,-0.65,0.48,0.08,0.08,0.0,-1.4277352371161702,6.75288009009655e-05,0.48371204370076576,-0.7161399757181123,0.0012913224048780516,0.09498180218776384
11.30050000000232,-0.5346930698541299,-0.00028230813705461326,-5.942020544861341e-05,0.9999998607823718,-1.3305176561315402e-08,3.7245060307881884e-05,0.0005263535327146486,1.997894524683355,-0.0012632851899869735,-0.65,0.48,0.08,0.08,0.0,-1.4226588196221583,7.395467976469946e-05,0.48369986597253356,-0.7161363344545838,0.0012913260894874428,0.0949818033831174
11.320500000002344,-0.5302890458336115,-0.000277682472108737,-5.934274242384406e-05,0.9999998611056788,-1.2440247113977804e-08,3.734033513114444e-05,0.0005257321773227111,1.9978970080658929,-0.001261795160464274,-0.65,0.48,0.08,0.08,0.0,-1.4176235007635636,8.036669010934048e-05,0.48368854509510223,-0.7161326010984435,0.0012913298234524433,0.0949818043615993
11.340500000002368,-0.5258605084371747,-0.0002730364589532482,-5.927411668522076e-05,0.9999998614395711,-1.1575760624981427e-08,3.742459669379804e-05,0.0005250906958322836,1.997899572005112,-0.0012602567969327793,-0.65,0.48,0.08,0.08,0.0,-1.4126355746392871,8.675702569362534e-05,0.48367823224004924,-0.7161287994017588,0.0012913335742314412,0.09498180514431911
11.360500000002393,-0.5214101420873647,-0.00026837315757727694,-5.92141217451242e-05,0.9999998617837229,-1.0714047217968058e-08,3.749811673143744e-05,0.0005244296205288888,1.9979022143736485,-0.001258671375810927,-0.65,0.48,0.08,0.08,0.0,-1.4076993354263723,9.312005280426972e-05,0.4836690354659094,-0.7161249513349675,0.0012913373129772529,0.0949818057523271
11.380500000002417,-0.5169405413445716,-0.000263695521061829,-5.9162456759428525e-05,0.9999998621377967,-9.85750922006626e-09,3.756128431995543e-05,0.0005237494988581512,1.9979049329829826,-0.0012570402102104693,-0.65,0.48,0.08,0.08,0.0,-1.402817260115592,9.945210907684521e-05,0.483661022284862,-0.7161210768427431,0.00129134101485329,0.09498180620617595
11.400500000002442,-0.5124541929771519,-0.0002590063764440467,-5.911873657808295e-05,0.999999862501446,-9.00858857365925e-09,3.7614592748910633e-05,0.000523050888213702,1.9979077256042803,-0.0012553646374318106,-0.65,0.48,0.08,0.08,0.0,-1.3979902066656644,0.00010575128618922398,0.48365422298744437,-0.7161171936774032,0.001291344659197804,0.09498180652559254
11.420500000002466,-0.5079534591490119,-0.0002543084069873859,-5.908250359701295e-05,0.9999998628743184,-8.169734414446922e-09,3.7658624294000546e-05,0.0005223343506979604,1.997910589989349,-0.0012536460063905964,-0.65,0.48,0.08,0.08,0.0,-1.3932176211087506,0.00011201720366246102,0.4836486345327116,-0.7161133173033366,0.00129134822955064,0.09498180672923907
11.44050000000249,-0.5034405624486371,-0.00024960413661297907,-5.905324073461274e-05,0.9999998632560562,-7.343372045104335e-09,3.769403372175035e-05,0.0005216004480111605,1.9979135238911052,-0.0012518856653368714,-0.65,0.48,0.08,0.08,0.0,-1.3884977477974316,0.00011825078019943007,0.48364422482216407,-0.7161094608651801,0.0012913517135594976,0.09498180683456031
11.460500000002515,-0.4989175732786952,-0.00024489591702284657,-5.9030384943402785e-05,0.9999998636463088,-6.5318743098687675e-09,3.7721531247057196e-05,0.0005208497366041419,1.9979165250829976,-0.0012500849502014688,-0.65,0.48,0.08,0.08,0.0,-1.383827837686192,0.00012445400814850013,0.4836409371900841,-0.7161056352120078,0.0012913551027842955,0.09498180685769583
11.48050000000254,-0.494386399944911,-0.0002401859178485848,-5.9013340754214056e-05,0.9999998640447253,-5.737536095439545e-09,3.774186555464169e-05,0.000520082763208283,1.997919591376922,-0.0012482451738467404,-0.65,0.48,0.08,0.08,0.0,-1.379204350266003,0.0001306297358236542,0.4836386949598522,-0.7161018489694428,0.001291358392418796,0.09498180681344236
11.500500000002564,-0.48984878162669043,-0.0002354761199894401,-5.900149343256517e-05,0.9999998644509638,-4.962552443253498e-09,3.775580739029258e-05,0.000519300060832674,1.997922720639294,-0.0012463676164236048,-0.65,0.48,0.08,0.08,0.0,-1.3746231454990911,0.00013678146156592886,0.48363740593449694,-0.7160981086517417,0.001291361580948893,0.09498180671525323
11.520500000002588,-0.48530628427916833,-0.00023076831216045795,-5.899422140826327e-05,0.9999998648646875,-4.2090005574910874e-09,3.776413412855714e-05,0.0005185021452952179,1.9979259108049714,-0.0012444535170171632,-0.65,0.48,0.08,0.08,0.0,-1.3700796628150653,0.0001429131426125014,0.48363696670947226,-0.7160944188059384,0.001291364669766101,0.09498180657527554
11.540500000002613,-0.48076029940606024,-0.00022606409055354437,-5.899090771300163e-05,0.9999998652855784,-3.478825788637853e-09,3.7767615631083824e-05,0.0005176895123316751,1.997929159888879,-0.001242504066672545,-0.65,0.48,0.08,0.08,0.0,-1.365569084914867,0.00014902902106460043,0.4836372667157236,-0.7160907821805093,0.0012913676627535604,0.09498180640438647
11.560500000002637,-0.47621204555358615,-0.00022136486142025982,-5.8990950230192975e-05,0.999999865713325,-2.7738315429245843e-09,3.77670016250861e-05,0.000516862635305316,1.9979324659952367,-0.001240520402858003,-0.65,0.48,0.08,0.08,0.0,-1.3610864847735282,0.00015513346852602216,0.48363819192093804,-0.7160871999114615,0.0012913705658602569,0.09498180621226066
11.580500000002662,-0.47166257230633746,-0.0002166718463132379,-5.8993770624169304e-05,0.9999998661476355,-2.0956729046339884e-09,3.7763010754820887e-05,0.000516021963520448,1.9979358273243566,-0.0012385036053860431,-0.65,0.48,0.08,0.08,0.0,-1.356626954827255,0.0001612308503294191,0.48363962813594413,-0.7160836717193269,0.0012913733866772117,0.0949818060074259
11.600500000002686,-0.4671127665146341,-0.00021198608967131386,-5.899882187158183e-05,0.999999866588228,-1.445853686130248e-09,3.7756321390958195e-05,0.0005151679211258405,1.9979392421770932,-0.0012364546937440933,-0.65,0.48,0.08,0.08,0.0,-1.3521857178679841,0.00016732540968409642,0.4836414638911228,-0.716080196111122,0.0012913761340272334,0.09498180579732807
11.62050000000271,-0.4625633604478921,-0.0002073084683996559,-5.9005594367799426e-05,0.9999998670348413,-8.257265380948662e-10,3.774756422324535e-05,0.0005143009065794007,1.9979427089570363,-0.0012343746257782227,-0.65,0.48,0.08,0.08,0.0,-1.3477582196447242,0.000173421171570523,0.4836435928640833,-0.7160767705821176,0.0012913788175778194,0.09498180558839647
11.640500000002735,-0.4580149415479616,-0.00020263970307825727,-5.901362062275373e-05,0.9999998674872271,-2.364957089660212e-10,3.773731661107496e-05,0.0005134212926333003,1.9979462261706216,-0.0012322642976270615,-0.65,0.48,0.08,0.08,0.0,-1.3433402035829958,0.00017952186577454361,0.4836459158545021,-0.7160733918128142,0.0012913814474844274,0.09498180538610396
11.66050000000276,-0.45346796344844653,-0.0001979803704278888,-5.9022478595945974e-05,0.9999998679451564,3.20777995258403e-10,3.7726098624105726e-05,0.0005125294267892665,1.9979497924253522,-0.0012301245447886799,-0.65,0.48,0.08,0.08,0.0,-1.3389277683809424,0.00018563086809776684,0.4836483423147551,-0.7160700558574133,0.0012913840340696054,0.09498180519503013
11.680500000002784,-0.4489227579288245,-0.0001933309166698637,-5.903179374959851e-05,0.9999998684084108,8.451704815483002e-10,3.7714370670682684e-05,0.0005116256321667989,1.9979534064263662,-0.0012279561441802755,-0.65,0.48,0.08,0.08,0.0,-1.3345174095238708,0.0001917511584973607,0.48365079145572204,-0.7160667583206076,0.0012913865875413576,0.0949818050189159
11.700500000002808,-0.4443795474839602,-0.0001886916714326683,-5.904123992073758e-05,0.9999998688767924,1.3358863214096915e-09,3.7702532585038326e-05,0.0005107102087225544,1.9979570669715905,-0.0012257598170457129,-0.65,0.48,0.08,0.08,0.0,-1.3301060459803964,0.00019788529469483035,0.48365319295587583,-0.7160634945203725,0.0012913891177527633,0.09498180486072713
11.720500000002833,-0.4398384582086132,-0.00018406286188268363,-5.905053913012912e-05,0.9999998693501135,1.7922497761063355e-09,3.769092402463258e-05,0.0005097834347568281,1.9979607729457376,-0.0012235362325574428,-0.65,0.48,0.08,0.08,0.0,-1.325691033506281,0.00020403539964423823,0.48365548730853186,-0.7160602596349003,0.0012913916340031148,0.09498180472270923
11.740500000002857,-0.435299532721166,-0.00017944462678603075,-5.90594604566463e-05,0.9999998698282012,2.2136952948387293e-09,3.767982601570345e-05,0.0005088455686428217,1.9979645233134127,-0.0012212860119523937,-0.65,0.48,0.08,0.08,0.0,-1.321270166090645,0.0002102031611600426,0.48365762584701594,-0.7160570488325729,0.0012913941448799543,0.09498180460644648
11.760500000002882,-0.4307627428795419,-0.00017483703024234217,-5.906781811232354e-05,0.9999998703108915,2.599757806432116e-09,3.766946347797831e-05,0.0005078968507158504,1.9979683171115665,-0.0012190097330600834,-0.65,0.48,0.08,0.08,0.0,-1.316841667138432,0.00021638984196692328,0.48365957049064673,-0.7160538573843078,0.0012913966581401713,0.09498180451291863
11.780500000002906,-0.42622800207375783,-0.00017024007486747593,-5.9075468855291396e-05,0.9999998707980357,2.9500631026233092e-09,3.7660008557260086e-05,0.0005069375052626563,1.9979721534415456,-0.0012167079350726695,-0.65,0.48,0.08,0.08,0.0,-1.312404171998097,0.00022259629844190352,0.48366129325596496,-0.7160506807581789,0.0012913991806277718,0.09498180444256417
11.80050000000293,-0.4216951769125664,-0.00016565371423951888,-5.9082308876049643e-05,0.9999998712894915,3.2643185722281683e-09,3.76515845970681e-05,0.0005059677425551705,1.9979760314609596,-0.0012143811234242464,-0.65,0.48,0.08,0.08,0.0,-1.3079567034201074,0.00022882300636601063,0.4836627755777729,-0.716047514696525,0.001291401718225119,0.094981804395337
11.820500000002955,-0.41716409815508615,-0.00016107786445972315,-5.9088270287750705e-05,0.9999998717851271,3.5423044685577795e-09,3.7644270586674704e-05,0.0005049877608782841,1.9979799503755684,-0.0012120297746589515,-0.65,0.48,0.08,0.08,0.0,-1.3034986414757455,0.00023507009208184113,0.48366400748345706,-0.7160443552762329,0.0012914042758342661,0.09498180437076391
11.84050000000298,-0.41263457077128574,-0.00015651241471629978,-5.909331734425073e-05,0.9999998722848122,3.783865874922239e-09,3.7638105932223965e-05,0.0005039977485070229,1.9979839094313645,-0.0012096543411812988,-0.65,0.48,0.08,0.08,0.0,-1.2990296893825908,0.00024133736755825938,0.4836649866619683,-0.7160411989531205,0.0012914068573846866,0.09498180436800997
11.860500000003004,-0.4081063830469045,-0.00015195723677347226,-5.909744249987686e-05,0.9999998727884302,3.988905483200966e-09,3.763309540936307e-05,0.0005029978855948562,1.9979879079070093,-0.001207255255794415,-0.65,0.48,0.08,0.08,0.0,-1.2945498365784358,0.00024762436798786885,0.4836657174659058,-0.7160380425915781,0.0012914094658635648,0.09498180438593172
11.880500000003028,-0.4035793146782277,-0.00014741219334023112,-5.91006624144999e-05,0.9999998732958625,4.157377235321722e-09,3.762921416947116e-05,0.0005019883459413975,1.997991945106751,-0.0012048329359494402,-0.65,0.48,0.08,0.08,0.0,-1.2900593202646304,0.00025393039068107276,0.48366620988161163,-0.716034883480781,0.0012914121033647911,0.0949818044231337
11.900500000003053,-0.3990531438295925,-0.00014287714530234483,-5.910301399529964e-05,0.9999998738069992,4.2892808926729315e-09,3.7626412686404135e-05,0.0005009692986143552,1.997996020353919,-0.00120238778764854,-0.65,0.48,0.08,0.08,0.0,-1.2855585865077719,0.0002602545341674374,0.48366647849820016,-0.7160317193390052,0.0012914147711530417,0.09498180447802626
11.920500000003077,-0.39452765315123517,-0.00013835195782706174,-5.910455055430606e-05,0.9999998743217289,4.384657508893592e-09,3.7624621546292825e-05,0.0004999409094069813,1.9980001329850792,-0.0011999202089524985,-0.65,0.48,0.08,0.08,0.0,-1.281048251849907,0.00026659573656588674,0.48366654150219324,-0.7160285483074933,0.001291417469739249,0.0949818045488737
11.940500000003102,-0.39000263477684577,-0.00013383650537234965,-5.910533814843769e-05,0.9999998748399455,4.4435857983926585e-09,3.7623755998770254e-05,0.0004989033421184181,1.9980042823448914,-0.001197430593065185,-0.65,0.48,0.08,0.08,0.0,-1.2765290662359734,0.00027295281243607677,0.48366641972006674,-0.71602536893552,0.0012914201989642734,0.09498180463384465
11.960500000003126,-0.3854778943388427,-0.00012933067565140555,-5.910545215603535e-05,0.9999998753615434,4.466179339380797e-09,3.7623720203727495e-05,0.0004978567596500211,1.9980084677817072,-0.0011949193309757078,-0.65,0.48,0.08,0.08,0.0,-1.2720018779266533,0.0002793244874705578,0.48366613572666217,-0.7160221801581369,0.0012914229580875708,0.09498180473105564
11.98050000000315,-0.3809532540548815,-0.00012483437261851543,-5.910497413143033e-05,0.9999998758864161,4.452584576254938e-09,3.7624411122840264e-05,0.0004968013249159392,1.998012688643911,-0.0011923868136534566,-0.65,0.48,0.08,0.08,0.0,-1.2674676009282657,0.0002857094305282816,0.48366571303320394,-0.7160189812681232,0.0012914257458781426,0.09498180483861204
12.000500000003175,-0.3764285549515018,-0.00012034751855427395,-5.910398896814882e-05,0.9999998764144584,4.40297950777772e-09,3.7625722019503165e-05,0.0004957372015708285,1.9980169442769862,-0.001189833433808296,-0.65,0.48,0.08,0.08,0.0,-1.2629271853413002,0.0002921062826422569,0.48366517536466996,-0.7160157718836057,0.0012914285607053303,0.09498180495464353
12.0205000000032,-0.3719036583002196,-0.00011587005533683,-5.910258239052404e-05,0.9999998769455659,4.317573002466441e-09,3.762754554414353e-05,0.0004946645545615463,1.998021234021297,-0.0011872595872217673,-0.65,0.48,0.08,0.08,0.0,-1.258381590907743,0.00029851368275597327,0.4836645460325782,-0.7160125519126299,0.0012914314006272829,0.0949818050773373
12.040500000003224,-0.36737844634794126,-0.00011140194499145661,-5.910083878342228e-05,0.9999998774796325,4.196604633056675e-09,3.762977639401962e-05,0.0004935835505129953,1.998025557210525,-0.0011846656736850035,-0.65,0.48,0.08,0.08,0.0,-1.2538317639261305,0.00030493029005331304,0.48366384740592594,-0.7160093215159352,0.0012914342634753222,0.0949818052049636
12.060500000003248,-0.36285282242753397,-0.00010694316961359611,-5.9098839361374787e-05,0.9999998780165515,4.04034495387672e-09,3.7632313547375626e-05,0.0004924943579609446,1.9980299131707246,-0.0011820520975652116,-0.65,0.48,0.08,0.08,0.0,-1.2492786176033215,0.0003113548028442074,0.48366310048008254,-0.7160060810690235,0.0012914371469327356,0.09498180533589887
12.080500000003273,-0.358326710535983,-0.00010249373076092132,-5.909666067070466e-05,0.9999998785562165,3.8490961067048575e-09,3.7635062081231236e-05,0.0004913971474466884,1.9980343012199322,-0.0011794192680406822,-0.65,0.48,0.08,0.08,0.0,-1.2447230158241442,0.00031778597405291955,0.48366232454092783,-0.7160028311244844,0.0012914400486068744,0.09498180546864435
12.100500000003297,-0.35380005446705654,-9.805364840818228e-05,-5.9094373411888914e-05,0.999999879098519,3.6231926882648588e-09,3.763793458998111e-05,0.0004902920914898014,1.9980387206682613,-0.001176767599043238,-0.65,0.48,0.08,0.08,0.0,-1.240165760244618,0.00032422262342732315,0.48366153691944136,-0.7159995723754,0.0012914429660936992,0.09498180560183969
12.120500000003322,-0.34927281658308434,-9.362295955500962e-05,-5.909204156407789e-05,0.9999998796433507,3.3630027821282386e-09,3.764085222851414e-05,0.0004891793644560988,1.9980431708184243,-0.0011740975089454154,-0.65,0.48,0.08,0.08,0.0,-1.235607580551434,0.0003306636466462948,0.48366075283028215,-0.7159963056205183,0.0012914458970342295,0.09498180573427313
12.140500000003346,-0.3447449763066023,-8.920171657174121e-05,-5.908972178923992e-05,0.9999998801906037,3.068929088906422e-09,3.764374540867003e-05,0.0004880591423382227,1.9980476509666012,-0.0011714094200392822,-0.65,0.48,0.08,0.08,0.0,-1.2310491276795692,0.00033710802154870523,0.4836599852866369,-0.7159930317317489,0.0012914488391626133,0.09498180586488747
12.16050000000337,-0.34021652840752786,-8.478998536204504e-05,-5.908746309085814e-05,0.9999998807401678,2.741410066966321e-09,3.76465541816035e-05,0.0004869316024661374,1.9980521604035877,-0.0011687037578473891,-0.65,0.48,0.08,0.08,0.0,-1.2264909697407338,0.00034355481174221607,0.48365924508274427,-0.7159897516244095,0.001291451790345732,0.09498180599278457
12.180500000003395,-0.3356874811554733,-8.03878434139288e-05,-5.908530669886284e-05,0.9999998812919351,2.380921050544723e-09,3.7649228341227564e-05,0.00048579692316428984,1.9980566984161685,-0.001165980950298895,-0.65,0.48,0.08,0.08,0.0,-1.221933590387164,0.00035000316787408447,0.48365854083496296,-0.7159864662305252,0.001291454748614573,0.09498180611722154
12.20050000000342,-0.3311578544000379,-7.599537780294223e-05,-5.9083286152346606e-05,0.9999998818457951,1.9879752730689e-09,3.765172728528546e-05,0.00048465528337126906,1.9980612642886308,-0.001163241426821493,-0.65,0.48,0.08,0.08,0.0,-1.2173773893172535,0.00035645232686022486,0.4836578790720473,-0.7159831764753665,0.0012914577121875962,0.09498180623760935
12.220500000003444,-0.3266276776346931,-7.161268320324035e-05,-5.9081427550507394e-05,0.9999998824016371,1.5631247601691191e-09,3.765401967105179e-05,0.00048350686223670047,1.9980658573043764,-0.0011604856173741851,-0.65,0.48,0.08,0.08,0.0,-1.2128226846205499,0.00036290160937419515,0.48365726436534984,-0.7159798832573374,0.0012914606794866563,0.09498180635350761
12.240500000003468,-0.32209698809240694,-6.723985995392759e-05,-5.9079749942677296e-05,0.9999998829593539,1.1069610693935915e-09,3.7656082902174505e-05,0.00048235183870871414,1.9980704767475732,-0.0011577139514560742,-0.65,0.48,0.08,0.08,0.0,-1.2082697166588992,0.0003693504158954717,0.4836566994899613,-0.7159765874312112,0.0012914636491460538,0.09498180646461626
12.260500000003493,-0.31756582891364005,-6.287701221993814e-05,-5.907826582926275e-05,0.9999998835188378,6.201158358982636e-10,3.7657902481954696e-05,0.00048119039112383036,1.9980751219047939,-0.0011549268571236836,-0.65,0.48,0.08,0.08,0.0,-1.2037186531867217,0.00037579822160755164,0.4836561856082892,-0.7159732897946266,0.001291466620015376,0.09498180657076433
12.280500000003517,-0.31303424741996166,-5.852424627880061e-05,-5.90769817465363e-05,0.99999988407998,1.03261114653959e-10,3.765947126650933e-05,0.00048002269680950466,1.9980797920666076,-0.0011521247600354556,-0.65,0.48,0.08,0.08,0.0,-1.1991695954255432,0.00038224457042217955,0.483655722468212,-0.7159699910777164,0.00129146959115689,0.09498180667190079
12.300500000003542,-0.30850229351942177,-5.418166895713655e-05,-5.9075898910265e-05,0.999999884642676,-4.4289048363694257e-10,3.766078864892297e-05,0.0004788489317079373,1.9980844865290912,-0.001149308082545275,-0.65,0.48,0.08,0.08,0.0,-1.1946225848249266,0.00038868906838742073,0.48365530860869477,-0.7159666919357028,0.0012914725618382843,0.09498180676808149
12.320500000003566,-0.30397001826310766,-4.9849386233758426e-05,-5.907501389533302e-05,0.9999998852068195,-1.017585869901472e-09,3.7661859702777904e-05,0.0004776692700280928,1.9980892045952183,-0.001146477242869004,-0.65,0.48,0.08,0.08,0.0,-1.1900776102626953,0.00039513137671543663,0.48365494156658123,-0.7159633929441748,0.0012914755315214862,0.09498180685945593
12.34050000000359,-0.29943747256608316,-4.5527502019853774e-05,-5.9074319330482925e-05,0.9999998857723079,-1.620031780748026e-09,3.7662694310422055e-05,0.0004764838839313137,1.998093945576124,-0.0011436326543256214,-0.65,0.48,0.08,0.08,0.0,-1.1855346154609538,0.0004015712046415716,0.4836546180791475,-0.7159600945968455,0.0012914784998484155,0.09498180694625358
12.360500000003615,-0.2949047061002572,-4.1216117121032267e-05,-5.907380459039774e-05,0.9999998863390398,-2.2493952758752785e-09,3.7663306298228326e-05,0.00047529294325436095,1.9980987087922166,-0.0011407747246700239,-0.65,0.48,0.08,0.08,0.0,-1.1809935064198682,0.00040800830230068195,0.4836543342778932,-0.7159567973054589,0.0012914814666243593,0.09498180702877185
12.38050000000364,-0.2903717663616797,-3.6915328381005176e-05,-5.907345646919846e-05,0.9999998869069153,-2.9048044399009555e-09,3.7663712597846496e-05,0.0004740966152723249,1.9981034935741304,-0.0011379038555217492,-0.65,0.48,0.08,0.08,0.0,-1.1764541586976929,0.00041444245378024895,0.4836540858699121,-0.7159535014015835,0.0012914844317997009,0.09498180710735946
12.400500000003664,-0.2858386979103638,-3.262522800238041e-05,-5.907325982252829e-05,0.9999998874758368,-3.585349263436956e-09,3.7663932449228495e-05,0.00047289506450255036,1.9981082992635093,-0.0011350204418944187,-0.65,0.48,0.08,0.08,0.0,-1.1719164243923452,0.00042087347048348913,0.4836538683040412,-0.7159502071399856,0.0012914873954506575,0.09498180718240654
12.420500000003688,-0.2813055417769871,-2.8345903036487415e-05,-5.9073198167692706e-05,0.9999998880457079,-4.290082695107404e-09,3.7663986658103575e-05,0.0004716884525495749,1.9981131252136395,-0.001132124871816309,-0.65,0.48,0.08,0.08,0.0,-1.167380138706292,0.0004273011849099507,0.4836536769197658,-0.7159469147032839,0.0012914903577596146,0.09498180725433097
12.440500000003713,-0.27677233502771675,-2.407743503127526e-05,-5.907325423376907e-05,0.9999998886164354,-5.018021844374813e-09,3.766389691757714e-05,0.00047047693799008095,1.998117970789906,-0.0011292175260564363,-0.65,0.48,0.08,0.08,0.0,-1.16284512600209,0.00043372544493646244,0.4836535070776032,-0.7159436242076246,0.0012914933189955749,0.09498180732356555
12.460500000003737,-0.2722391104759507,-1.981989982412531e-05,-5.907341045579083e-05,0.9999998891879267,-5.768149325416831e-09,3.766368520073254e-05,0.00046926067629601663,1.9981228353701077,-0.001126298777935375,-0.65,0.48,0.08,0.08,0.0,-1.1583112052800875,0.00044014610865828326,0.48365335427033684,-0.7159403357090803,0.0012914962794951634,0.09498180739054765
12.480500000003762,-0.2677058965278799,-1.5573367464836752e-05,-5.907364940925281e-05,0.9999998897600932,-6.539414710048392e-09,3.766337322851604e-05,0.00046803981979335967,1.9981277183446249,-0.0011233689932250712,-0.65,0.48,0.08,0.08,0.0,-1.1537781950322896,0.00044656303982904417,0.4836532142150544,-0.7159370492105672,0.0012914992396446069,0.0949818074557118
12.500500000003786,-0.2631727171474778,-1.1337902253037236e-05,-5.9073954183194224e-05,0.9999998903328481,-7.330736098859848e-09,3.766298201493434e-05,0.00046681451765344736,1.9981326191164568,-0.0011204285301259274,-0.65,0.48,0.08,0.08,0.0,-1.1492459174468157,0.0004529761039189488,0.4836530829264359,-0.7159337646690108,0.0012915021998629185,0.09498180751947685
12.52050000000381,-0.25863959192571895,-7.113562873773053e-06,-5.9074308691286045e-05,0.9999998909061049,-8.141001758771434e-09,3.766253148948724e-05,0.00046558491591341516,1.9981375371011438,-0.0011174777393136992,-0.65,0.48,0.08,0.08,0.0,-1.1447142019556535,0.00045938516479379735,0.4836529567721572,-0.7159304820025888,0.0012915051605865663,0.0949818075822426
12.540500000003835,-0.25410653623848994,-2.900402614994697e-06,-5.9074697922622476e-05,0.9999998914797811,-8.969071847778791e-09,3.766204019501344e-05,0.0004643511575220317,1.9981424717265845,-0.0011145169640492723,-0.65,0.48,0.08,0.08,0.0,-1.1401828881343454,0.000465790082002792,0.48365283251159347,-0.715927201097878,0.001291508122255813,0.09498180764438133
12.56050000000386,-0.24957356147772572,1.3015303490027777e-06,-5.907510813428695e-05,0.9999998920537966,-9.81378019367688e-09,3.766152505766356e-05,0.00046311338240706215,1.9981474224327682,-0.00111154654033907,-0.65,0.48,0.08,0.08,0.0,-1.1356518279758132,0.00047219070865077894,0.4836527073192644,-0.7159239218167381,0.001291511085302759,0.09498180770623454
12.580500000003884,-0.24504067534070798,5.4921926234484215e-06,-5.9075526989300884e-05,0.999999892628072,-1.067393612149261e-08,3.766100122448693e-05,0.0004618717275602953,1.99815238867144,-0.001108566797135957,-0.65,0.48,0.08,0.08,0.0,-1.1311208875717615,0.0004785868898206014,0.48365257879464,-0.7159206440028216,0.0012915140501411862,0.09498180776810773
12.600500000003908,-0.2405078821631745,9.671545222601602e-06,-5.907594364418869e-05,0.9999998932025308,-1.1548326304855327e-08,3.766048196321691e-05,0.00046062632713643025,1.9981573699057016,-0.0011055780565790484,-0.65,0.48,0.08,0.08,0.0,-1.1265899482440231,0.00048497846150342234,0.48365244496003496,-0.7159173674876183,0.001291517017158214,0.09498180783026908
12.620500000003933,-0.23597518328281933,1.3839553176079212e-05,-5.907634879107315e-05,0.9999998937770994,-1.24357166582929e-08,3.7659978618094e-05,0.0004593773125621676,1.9981623656095788,-0.0011025806342527032,-0.65,0.48,0.08,0.08,0.0,-1.1220589071749674,0.000491365249989101,0.48365230424836597,-0.7159140920959542,0.0012915199867076944,0.09498180789294755
12.640500000003957,-0.23144257742088004,1.7996185123898976e-05,-5.9076734659179684e-05,0.9999998943517034,-1.3334854235600121e-08,3.765950061519842e-05,0.00045812481265208773,1.998167375267558,-0.0010995748394652337,-0.65,0.48,0.08,0.08,0.0,-1.1175276775908114,0.000497747071664874,0.48365215548254864,-0.7159108176508765,0.0012915229591052497,0.09498180795633263
12.660500000003982,-0.22691006107076245,2.2141412910742053e-05,-5.907709498127352e-05,0.9999998949262724,-1.4244469144299016e-08,3.765905551045665e-05,0.0004568689537281622,1.9981723983741064,-0.0010965609755361426,-0.65,0.48,0.08,0.08,0.0,-1.1129961885545303,0.0005041237331684924,0.48365199784825813,-0.7159075439779387,0.0012915259346249108,0.0949818080205749
12.680500000004006,-0.22237762888397627,2.627521118849923e-05,-5.907742493086942e-05,0.9999998955007354,-1.5163276460306235e-08,3.765864907347327e-05,0.0004556098597400658,1.9981774344331953,-0.0010935393400828275,-0.65,0.48,0.08,0.08,0.0,-1.1084643844262256,0.0005104950318413741,0.4836518308616962,-0.7159042709088242,0.0012915289134971537,0.09498180808578749
12.70050000000403,-0.21784527404503448,3.039755703471358e-05,-5.907772103537526e-05,0.9999998960750276,-1.6089978147684767e-08,3.765828540041862e-05,0.0004543476523837981,1.9981824829578194,-0.0010905102253083497,-0.65,0.48,0.08,0.08,0.0,-1.1039322240485059,0.0005168607564280763,0.48365165433388857,-0.7159009982843616,0.0012915318959082476,0.09498180815204868
12.720500000004055,-0.21331298862834372,3.4508429593107624e-05,-5.907798107012751e-05,0.9999998966490793,-1.702326497392647e-08,3.765796704950746e-05,0.0004530824512164773,1.9981875434695429,-0.0010874739182742843,-0.65,0.48,0.08,0.08,0.0,-1.0993996797128704,0.000523220687970317,0.4836514683329054,-0.7158977259568806,0.0012915348820006858,0.09498180821940194
12.74050000000408,-0.2087807639314664,3.860780974101156e-05,-5.907820393861294e-05,0.9999998972228284,-1.796181841392676e-08,3.765769519290486e-05,0.0004518143737655474,1.9981926154980556,-0.0010844307011666388,-0.65,0.48,0.08,0.08,0.0,-1.094866735960446,0.0005295746008465389,0.48365127314524403,-0.7158944537920365,0.0012915378718746557,0.09498180828786296
12.760500000004104,-0.2042485907804272,4.2695679787219e-05,-5.9078389543621825e-05,0.999999897796213,-1.890431254659307e-08,3.765746977942196e-05,0.00045054353563095574,1.9981976985807721,-0.0010813808515367283,-0.65,0.48,0.08,0.08,0.0,-1.0903333882669304,0.0005359222639115911,0.48365106923744855,-0.7158911816700411,0.0012915408655902296,0.09498180835741998
12.780500000004128,-0.1997164598039588,4.677202320260309e-05,-5.907853865289122e-05,0.9999998983691695,-1.984941594351671e-08,3.765728970280898e-05,0.00044927005057925925,1.998202792262445,-0.0010783246425329907,-0.65,0.48,0.08,0.08,0.0,-1.085799641657467,0.0005422634416951837,0.4836508572188856,-0.7158879094864103,0.001291543863170236,0.09498180842803759
12.800500000004153,-0.1951843616747045,5.083682438474585e-05,-5.907865276354146e-05,0.9999998989416373,-2.0795793544620655e-08,3.765715297109614e-05,0.000447994030628892,1.998207896094831,-0.0010752623431013574,-0.65,0.48,0.08,0.08,0.0,-1.0812655092925196,0.0005485978956222648,0.48365063780642337,-0.7158846371522631,0.0012915468646036315,0.09498180849966076
12.820500000004177,-0.19065228731641337,5.4890068456876396e-05,-5.907873396849567e-05,0.9999998995135596,-2.1742108522279127e-08,3.7657056872987326e-05,0.00044671558612615416,1.9982130096363795,-0.0010721942181723064,-0.65,0.48,0.08,0.08,0.0,-1.076731011060914,0.0005549253852231125,0.48365041179160756,-0.715881364594231,0.001291549869849198,0.09498180857222008
12.840500000004202,-0.18612022807706446,5.8931741100581025e-05,-5.9078784827422275e-05,0.9999999000848777,-2.2687024120691717e-08,3.765699813792686e-05,0.0004454348258117475,1.9982181324519699,-0.0010691205288180683,-0.65,0.48,0.08,0.08,0.0,-1.072196172211104,0.0005612456693057789,0.4836501800107809,-0.7158780917540031,0.0012915528788394438,0.09498180864563252
12.860500000004226,-0.1815881758686377,6.296182842104629e-05,-5.907880824474178e-05,0.9999999006555346,-2.3629205497699525e-08,3.765697308706376e-05,0.0004441518568779142,1.9982232641126805,-0.001066041532391715,-0.65,0.48,0.08,0.08,0.0,-1.0676610220466407,0.0005675585070681982,0.48364994331844796,-0.7158748185876098,0.0012915558914846097,0.09498180871980572
12.88050000000425,-0.17705612327490847,6.69803168430226e-05,-5.907880735630502e-05,0.9999999012254754,-2.456732153948052e-08,3.765697777294366e-05,0.0004428667850164587,1.998228404195597,-0.0010629574826417354,-0.65,0.48,0.08,0.08,0.0,-1.0631255927068148,0.0005738636591318977,0.48364970256406614,-0.7158715450644794,0.0012915589076766675,0.0949818087946425
12.900500000004275,-0.17252406362918024,7.098719303524002e-05,-5.9078785426279014e-05,0.9999999017946478,-2.5500046663376198e-08,3.7657008106243984e-05,0.00044157971445809706,1.9982335522836507,-0.0010598686298095572,-0.65,0.48,0.08,0.08,0.0,-1.0585899180486502,0.000580160888483603,0.48364945857233144,-0.7158682711663062,0.0012915619272932117,0.0949818088700433
12.9205000000043,-0.16799199106429025,7.498244386067561e-05,-5.907874575526778e-05,0.9999999023629965,-2.6426062601861264e-08,3.7657059968485725e-05,0.0004402907480037105,1.9982387079654966,-0.001056775220702022,-0.65,0.48,0.08,0.08,0.0,-1.054054032641919,0.0005864499613150761,0.48364921212692885,-0.7158649968857926,0.0012915649502011396,0.09498180894590591
12.940500000004324,-0.1634599005375378,7.896605634983772e-05,-5.907869159978888e-05,0.9999999029304706,-2.734406017175915e-08,3.765712931003122e-05,0.00043899998704821343,1.9982438708354149,-0.001053677498751071,-0.65,0.48,0.08,0.08,0.0,-1.0495179708846791,0.0005927306477552667,0.48364896395764023,-0.715861722225324,0.0012915679762601317,0.09498180902213349
12.960500000004348,-0.15892778783338976,8.29380176941063e-05,-5.907862610419814e-05,0.9999999034970197,-2.825274102771178e-08,3.7657212233152306e-05,0.00043770753159778756,1.998249040493243,-0.0010505757040542463,-0.65,0.48,0.08,0.08,0.0,-1.044981766243091,0.0005990027224921781,0.4836487147306293,-0.7158584471955952,0.0012915710053258075,0.09498180909863048
12.980500000004373,-0.15439564954693638,8.689831525612037e-05,-5.907855224417181e-05,0.9999999040625951,-2.915081938540425e-08,3.7657305060322315e-05,0.0004364134802813274,1.9982542165443267,-0.0010474700734039999,-0.65,0.48,0.08,0.08,0.0,-1.0404454506158958,0.000605265965284761,0.48364846504167813,-0.7158551718142386,0.0012915740372525864,0.09498180917530949
13.000500000004397,-0.1498634830511028,9.084693659423778e-05,-5.9078472781646175e-05,0.9999999046271483,-3.003702373913111e-08,3.765740438817275e-05,0.0004351179303569286,1.9982593985994983,-0.0010443608403010174,-0.65,0.48,0.08,0.08,0.0,-1.0359090538210765,0.0006115201613676248,0.48364821541210357,-0.715851896104473,0.0012915770718961684,0.09498180925208852
13.020500000004422,-0.14533128645057974,9.478386949818746e-05,-5.9078390230977854e-05,0.9999999051906303,-3.0910098550128915e-08,3.765750712785307e-05,0.0004338209777142718,1.9982645862750594,-0.0010412482349643425,-0.65,0.48,0.08,0.08,0.0,-1.0313726031997554,0.000617765101753504,0.48364796628706347,-0.7158486200938108,0.0012915801091156703,0.09498180932889394
13.040500000004446,-0.14079905852533628,9.870910203318516e-05,-5.907830683517314e-05,0.9999999057529969,-3.176880591129146e-08,3.765761053271824e-05,0.0004325227168737314,1.9982697791927935,-0.001038132484323917,-0.65,0.48,0.08,0.08,0.0,-1.0268361233304093,0.0006240005834400348,0.48364771803594003,-0.7158453438128649,0.0012915831487754286,0.0949818094056606
13.06050000000447,-0.13626679866642513,0.00010262262258997448,-5.9078224551746825e-05,0.9999999063142012,-3.2611927189109986e-08,3.765771221444638e-05,0.00043122324098299897,1.998274976979971,-0.0010350138120173824,-0.65,0.48,0.08,0.08,0.0,-1.0222996358448833,0.0006302264095286947,0.48364747095448873,-0.7158420672942079,0.0012915861907463891,0.09498180948233348
13.080500000004495,-0.1317345068065944,0.00010652441993847853,-5.907814504680947e-05,0.9999999068742002,-3.343826464143812e-08,3.7657810148776165e-05,0.000429922641811975,1.9982801792693747,-0.0010318924383751593,-0.65,0.48,0.08,0.08,0.0,-1.0177631593365513,0.0006364423892647122,0.483647225268439,-0.715838790571378,0.0012915892349072257,0.09498180955886582
13.10050000000452,-0.12720218334799735,0.00011041448328299442,-5.90780696967489e-05,0.999999907432951,-3.424664300709443e-08,3.765790267218139e-05,0.00042862100974660566,1.9982853856993215,-0.0010287685804071245,-0.65,0.48,0.08,0.08,0.0,-1.0132267093501734,0.0006426483380073027,0.48364698113824756,-0.7158355136779797,0.0012915922811450968,0.09498180963522057
13.120500000004544,-0.12266982908904502,0.00011429280231712154,-5.907799959623208e-05,0.999999907990411,-3.50359110639832e-08,3.765798847075533e-05,0.00042731843378228504,1.9982905959136898,-0.0010256424517860907,-0.65,0.48,0.08,0.08,0.0,-1.0086902984425639,0.0006488440771398989,0.4836467386647208,-0.7158322366469058,0.0012915953293561161,0.09498180971136935
13.140500000004568,-0.11813744515218591,0.00011815936727687798,-5.907793557155227e-05,0.9999999085465392,-3.58049431600636e-08,3.7658066562647956e-05,0.0004260150015173698,1.998295809561946,-0.0010225142628323524,-0.65,0.48,0.08,0.08,0.0,-1.0041539363030516,0.0006550294339300879,0.48364649789524283,-0.7158289595096904,0.001291598379445586,0.09498180978729187
13.160500000004593,-0.11360503291413497,0.00012201416899072598,-5.907787819828159e-05,0.9999999091012955,-3.655264070624968e-08,3.7658136275316536e-05,0.0004247107991472712,1.9983010262991687,-0.0010193842204987646,-0.65,0.48,0.08,0.08,0.0,-0.9996176299228552,0.0006612042413487013,0.48364625883036927,-0.7158256822959711,0.00129160143132796,0.09498180986297591
13.180500000004617,-0.1090725939398087,0.00012585719892547773,-5.907782782225555e-05,0.9999999096546425,-3.727793364339591e-08,3.765819721881701e-05,0.00042340591145951996,1.9983062457860656,-0.0010162525283606172,-0.65,0.48,0.08,0.08,0.0,-0.9950813838028651,0.0006673683378571957,0.4836460214305757,-0.7158224050330814,0.001291604484926641,0.09498180993841657
13.200500000004642,-0.10454012992096821,0.0001296884492273032,-5.9077784582972786e-05,0.9999999102065406,-3.7979781862535635e-08,3.765824925629037e-05,0.0004221004218301161,1.9983114676889926,-0.001013119386604444,-0.65,0.48,0.08,0.08,0.0,-0.990545200189863,0.0006735215671718405,0.48364578562297683,-0.7158191277457258,0.001291607540173571,0.09498181001361407
13.220500000004666,-0.100007642620329,0.00013350791275728202,-5.907774843831079e-05,0.999999910756954,-3.8657176596572594e-08,3.765829247270177e-05,0.0004207944122214233,1.9983166916799568,-0.0010099849920258918,-0.65,0.48,0.08,0.08,0.0,-0.9860090793319437,0.0006796637780126017,0.48364555130785786,-0.7158158504557909,0.001291610597008739,0.09498181008857565
13.24050000000469,-0.09547513382166699,0.00013731558312115566,-5.9077719190311766e-05,0.9999999113058453,-3.9309141762752805e-08,3.765832714275781e-05,0.00041948796318175844,1.9983219174366242,-0.001006849538025456,-0.65,0.48,0.08,0.08,0.0,-0.9814730197447024,0.0006857948238438295,0.48364531836489144,-0.7158125731822158,0.0012916136553795157,0.09498181016331073
13.260500000004715,-0.09094260528624212,0.00014111145469311755,-5.9077696510920354e-05,0.9999999118531815,-3.9934735271567185e-08,3.765835369887909e-05,0.00041818115384681853,1.9983271446423112,-0.0010037132146132777,-0.65,0.48,0.08,0.08,0.0,-0.9769370184806638,0.0006919145626130611,0.4836450866589372,-0.7158092959409789,0.0012916167152399781,0.0949818102378358
13.28050000000474,-0.08641005871567364,0.00014489552263364838,-5.907767996713207e-05,0.9999999123989276,-4.0533050287197445e-08,3.7658372699923824e-05,0.0004168740619429799,1.9983323729859706,-0.0010005762084176694,-0.65,0.48,0.08,0.08,0.0,-0.9724010713953767,0.0006980228564933996,0.48364485604534657,-0.7158060187451186,0.0012916197765501305,0.09498181031216762
13.300500000004764,-0.08187749572123451,0.00014866778290153907,-5.907766904505701e-05,0.9999999129430509,-4.110321644630275e-08,3.765838480128658e-05,0.00041556676379248957,1.9983376021621737,-0.0009974387026957742,-0.65,0.48,0.08,0.08,0.0,-0.967865173404569,0.0007041195716340557,0.48364462637472155,-0.7158027416048495,0.0012916228392751395,0.09498181038632632
13.320500000004788,-0.07734491779939216,0.00015242823226036635,-5.907766317271785e-05,0.9999999134855198,-4.164440102146499e-08,3.76583907268661e-05,0.0004142593343205035,1.9983428318710805,-0.0009943008773516838,-0.65,0.48,0.08,0.08,0.0,-0.9633293187277258,0.0007102045779228263,0.48364439749709154,-0.7157994645277088,0.0012916259033845393,0.09498181046033295
13.340500000004813,-0.0728123263133021,0.0001561768682797771,-5.9077661740987165e-05,0.9999999140263042,-4.215581004528877e-08,3.765839124327724e-05,0.0004129518470638999,1.9983480618184046,-0.0009911629089572216,-0.65,0.48,0.08,0.08,0.0,-0.9587935011143855,0.0007162777487634635,0.4836441692654975,-0.715796187518751,0.001291628968851465,0.0949818105342095
13.360500000004837,-0.06827972247986709,0.0001599136893320128,-5.907766412259259e-05,0.999999914565373,-4.263668937963985e-08,3.765838713659895e-05,0.00041164437418176014,1.9983532917153735,-0.0009880249707759248,-0.65,0.48,0.08,0.08,0.0,-0.954257714050363,0.0007223389608701298,0.4836439415389846,-0.7157929105807652,0.0012916320356519072,0.09498181060797756
13.380500000004862,-0.06374710736189898,0.00016363869458415858,-5.9077669688742534e-05,0.9999999151026965,-4.308632573394211e-08,3.765837919184224e-05,0.0004103369864673927,1.9983585212786759,-0.0009848872327944847,-0.65,0.48,0.08,0.08,0.0,-0.9497219509419251,0.0007283880940804185,0.4836437141850188,-0.7157896337145245,0.0012916351037640216,0.0949818106816587
13.400500000004886,-0.05921448186486815,0.0001673518839866331,-5.907767782374124e-05,0.9999999156382486,-4.3504047627502987e-08,3.7658368175224775e-05,0.00040902975336175497,1.9983637502304141,-0.0009817498617515242,-0.65,0.48,0.08,0.08,0.0,-0.9451862052767318,0.0007344250311877921,0.4836434870813561,-0.7157863569190464,0.0012916381731674965,0.09498181075527419
13.42050000000491,-0.05468184673768967,0.00017105325825845456,-5.9077687937252354e-05,0.999999916172002,-4.388922629972217e-08,3.765835481929209e-05,0.0004077227429681083,1.9983689782980427,-0.0009786130211743682,-0.65,0.48,0.08,0.08,0.0,-0.9406504707610384,0.0007404496577937124,0.4836432601174008,-0.7157830801918459,0.0012916412438429628,0.09498181082884406
13.440500000004935,-0.05014920257698005,0.00017474281886982086,-5.907769947429931e-05,0.9999999167039283,-4.4241276565298626e-08,3.765833981082262e-05,0.00040641602206775067,1.9983742052143043,-0.0009754768714174133,-0.65,0.48,0.08,0.08,0.0,-0.9361147414332623,0.0007464618621792335,0.4836430331950931,-0.7157798035291949,0.0012916443157714686,0.09498181090238453
13.46050000000496,-0.045616549834214856,0.00017842056802253107,-5.907771192312559e-05,0.9999999172340033,-4.455965760517176e-08,3.765832378141535e-05,0.00040510965613666395,1.9983794307171658,-0.0009723415697004967,-0.65,0.48,0.08,0.08,0.0,-0.9315790117545475,0.0007524615351954388,0.4836428062293799,-0.7157765269263876,0.001291647388934063,0.0949818109759127
13.480500000004984,-0.0410838888252299,0.00018208650862875183,-5.907772482098104e-05,0.9999999177622034,-4.484387370547763e-08,3.765830730062525e-05,0.00040380370936290446,1.9983846545497466,-0.0009692072701520615,-0.65,0.48,0.08,0.08,0.0,-0.9270432766773934,0.0007584485701717159,0.48364257914831194,-0.7157732503779729,0.0012916504633114065,0.0949818110494432
13.500500000005008,-0.03655121974153053,0.00018574064428860713,-5.9077737757997045e-05,0.999999918288503,-4.509347493300164e-08,3.765829087142903e-05,0.00040249824466458763,1.998389876460247,-0.00096607412385179,-0.65,0.48,0.08,0.08,0.0,-0.9225075316937712,0.0007644228628406201,0.4836423518928242,-0.7157699738779758,0.0012916535388834676,0.09498181112298748
13.520500000005033,-0.032018542662905554,0.00018938297926702862,-5.9077750379344365e-05,0.9999999188128812,-4.530805775069039e-08,3.76582749278311e-05,0.00040119332370832115,1.998395096201878,-0.0009629422788732355,-0.65,0.48,0.08,0.08,0.0,-0.917971772864421,0.0007703843112778473,0.4836421244162507,-0.7157666974201174,0.0012916566156293034,0.09498181119655638
13.540500000005057,-0.0274858575708809,0.00019301351847026487,-5.907776238584308e-05,0.9999999193353134,-4.5487265567300406e-08,3.765825983435755e-05,0.00039988900692794005,1.9984003135327812,-0.0009598118803312516,-0.65,0.48,0.08,0.08,0.0,-0.9134359968312251,0.0007763328158557133,0.483641896683621,-0.715763420997982,0.0012916596935268537,0.09498181127015846
13.560500000005081,-0.0229531643625927,0.0001966322674224003,-5.907777353320624e-05,0.9999999198557816,-4.5630789231875695e-08,3.765824588720895e-05,0.0003985853535434385,1.9984055282159554,-0.0009566830704267558,-0.65,0.48,0.08,0.08,0.0,-0.9089002008146786,0.0007822682792084451,0.4836416686707899,-0.7157601446051985,0.0012916627725528633,0.09498181134379807
13.580500000005106,-0.018420462864706128,0.0002002392322421916,-5.907778363014522e-05,0.9999999203742628,-4.573836745628866e-08,3.7658233316809155e-05,0.0003972824215799646,1.9984107400191826,-0.0009535559884904288,-0.65,0.48,0.08,0.08,0.0,-0.9043643825985415,0.0007881906062075455,0.4836414403634428,-0.7157568682355666,0.0012916658526827957,0.09498181141748233
13.60050000000513,-0.013887752847057264,0.0002038344196204764,-5.907779253550935e-05,0.9999999208907377,-4.58097871786745e-08,3.765822229149019e-05,0.0003959802678868084,1.998415948714948,-0.0009504307710312076,-0.65,0.48,0.08,0.08,0.0,-0.899828540503768,0.0007940997039455183,0.48364121175601776,-0.7157535918831814,0.0012916689338908368,0.0949818114912128
13.620500000005155,-0.009355034035744688,0.0002074178367983685,-5.907780015469761e-05,0.9999999214051882,-4.5844883857488904e-08,3.7658212922103124e-05,0.0003946789481562841,1.9984211540803685,-0.0009473075517789197,-0.65,0.48,0.08,0.08,0.0,-0.8952926733537618,0.0007999954817262728,0.4836409828505835,-0.7157503155425272,0.0012916720161499167,0.09498181156499108
13.64050000000518,-0.004822306125447457,0.00021098949154640457,-5.907780643547692e-05,0.9999999219175968,-4.584354170104419e-08,3.765820526730331e-05,0.00039337851694244897,1.9984263558971138,-0.0009441864617317108,-0.65,0.48,0.08,0.08,0.0,-0.8907567804329327,0.0008058778510606273,0.4836407536557029,-0.7157470392085481,0.0012916750994317753,0.09498181163881748
13.660500000005204,-0.00028956879079413794,0.00021454939214476674,-5.907781136339587e-05,0.9999999224279436,-4.5805693833926824e-08,3.765819933930785e-05,0.0003920790276796059,1.9984315539513355,-0.0009410676291986774,-0.65,0.48,0.08,0.08,0.0,-0.8862208614404073,0.0008117467256654248,0.4836405241853113,-0.7157437628766948,0.001291678183707047,0.0949818117126901
13.680500000005228,0.004243178303346978,0.00021809754736466563,-5.907781495696644e-05,0.9999999229362131,-4.5731322396388706e-08,3.765819510992347e-05,0.0003907805327005517,1.998436748033595,-0.0009379511798430328,-0.65,0.48,0.08,0.08,0.0,-0.8816849164406091,0.0008176020214648986,0.4836402944576335,-0.715740486542972,0.001291681268945396,0.09498181178660708
13.700500000005253,0.008775935492744226,0.0002216339664509339,-5.907781726276428e-05,0.9999999234423894,-4.562045856868412e-08,3.76581925166702e-05,0.00038948308325454295,1.9984419379387859,-0.0009348372367284696,-0.65,0.48,0.08,0.08,0.0,-0.8771489458122541,0.0008234436565930828,0.4836400644941588,-0.715737210203945,0.0012916843551156409,0.09498181186056562
13.720500000005277,0.013308703105894588,0.00022515865910584663,-5.907781835053944e-05,0.999999923946457,-4.547318253857725e-08,3.765819146885667e-05,0.0003881867295249651,1.998447123466069,-0.0009317259203585948,-0.65,0.48,0.08,0.08,0.0,-0.8726129501971442,0.0008292715513961734,0.48363983431868823,-0.7157339338567429,0.0012916874421858926,0.09498181193456251
13.740500000005301,0.017841481457346264,0.00022867163547415854,-5.907781830845474e-05,0.9999999244484014,-4.5289623400542054e-08,3.765819185346449e-05,0.00038689152064670147,1.9984523044188025,-0.0009286173487184967,-0.65,0.48,0.08,0.08,0.0,-0.8680769304499512,0.0008350856284339523,0.4836396039564648,-0.7157306574990472,0.001291690530123721,0.09498181200859278
13.760500000005326,0.022374270842236532,0.00023217290612932427,-5.9077817238591216e-05,0.9999999249482079,-4.5069958985230594e-08,3.765819354074623e-05,0.0003855975047232018,1.9984574806044684,-0.0009255116373189764,-0.65,0.48,0.08,0.08,0.0,-0.8635408875899955,0.0008408858124794895,0.483639373433398,-0.7157273811290704,0.0012916936188963038,0.09498181208265281
13.78050000000535,0.026907071532004095,0.00023566248206084944,-5.907781525263972e-05,0.9999999254458632,-4.481441562211876e-08,3.765819638943485e-05,0.00038430472884326387,1.9984626518346111,-0.0009224088992333179,-0.65,0.48,0.08,0.08,0.0,-0.8590048227558488,0.0008466720305165065,0.4836391427753814,-0.7157241047455228,0.0012916967084705777,0.09498181215673808
13.800500000005375,0.03143988377121391,0.00023914037466270246,-5.9077812468138425e-05,0.9999999259413548,-4.452326783732295e-08,3.7658200251505507e-05,0.00038301323909754393,1.9984678179247704,-0.0009193092451377893,-0.65,0.48,0.08,0.08,0.0,-0.8544687371634119,0.0008524442117339423,0.48363891200770914,-0.7157208283475747,0.001291699798813401,0.09498181223084284
13.8205000000054,0.03597270777541562,0.00024260659572270833,-5.907780900491882e-05,0.9999999264346702,-4.419683798845024e-08,3.765820497645967e-05,0.0003817230805948134,1.998472978694413,-0.0009162127833521438,-0.65,0.48,0.08,0.08,0.0,-0.849932632067945,0.0008582022875173559,0.4836386811545908,-0.7157175519348146,0.001291702889891681,0.09498181230496407
13.840500000005424,0.04050554372994397,0.0002460611574128355,-5.907780498206431e-05,0.9999999269257984,-4.383549582946122e-08,3.765821041505312e-05,0.00038043429747799235,1.998478133966871,-0.000913119619877456,-0.65,0.48,0.08,0.08,0.0,-0.8453965087303783,0.0008639461914369717,0.4836384502387562,-0.7157142755071983,0.0012917059816725182,0.09498181237909699
13.860500000005448,0.04503839178956031,0.00024950407228028256,-5.907780051530295e-05,0.9999999274147271,-4.3439658013251997e-08,3.7658216422512043e-05,0.0003791469329399788,1.9984832835692794,-0.0009100298584323596,-0.65,0.48,0.08,0.08,0.0,-0.8408603683880912,0.0008696758592322389,0.483638219281154,-0.7157109990649984,0.0012917090741233173,0.09498181245323728
13.880500000005473,0.04957125207882939,0.0002529353532392717,-5.90777957147495e-05,0.9999999279014463,-4.300978752994286e-08,3.765822286119007e-05,0.0003778610292393091,1.9984884273325116,-0.0009069436004930153,-0.65,0.48,0.08,0.08,0.0,-0.8363242122302107,0.0008753912287929084,0.4836379883007297,-0.7157077226087617,0.0012917121672119125,0.09498181252738172
13.900500000005497,0.05410412469312285,0.00025635501356345114,-5.907779068320027e-05,0.9999999283859471,-4.2546393083068745e-08,3.765822960271749e-05,0.00037657662771566937,1.9984935650911169,-0.0009038609453298818,-0.65,0.48,0.08,0.08,0.0,-0.8317880413773798,0.0008810922401366908,0.4836377573142823,-0.7157044461392562,0.0012917152609066584,0.09498181260152679
13.920500000005521,0.05863700970014137,0.000259763066878817,-5.9077785514754646e-05,0.9999999288682183,-4.205002840231457e-08,3.765823652964086e-05,0.00037529376880528757,1.998498696683261,-0.0009007819900434199,-0.65,0.48,0.08,0.08,0.0,-0.8272518568658489,0.0008867788353836406,0.4836375263363894,-0.715701169657415,0.0012917183551764983,0.09498181267566863
13.940500000005546,0.06316990714185074,0.0002631595271570664,-5.9077780293812735e-05,0.9999999293482522,-4.152129149666381e-08,3.765824353658137e-05,0.0003740124920562381,1.9985038219506643,-0.0008977068296013968,-0.65,0.48,0.08,0.08,0.0,-0.8227156596356642,0.0008924509587274762,0.48363729537939143,-0.7156978931643073,0.0012917214499910605,0.09498181274980577
13.96050000000557,0.06770281703673134,0.0002665444087092993,-5.9077775094472644e-05,0.9999999298260411,-4.096082384513551e-08,3.7658250530975764e-05,0.00037273283614367147,1.9985089407385397,-0.0008946355568761888,-0.65,0.48,0.08,0.08,0.0,-0.8181794505226594,0.0008981085564040726,0.48363706445342985,-0.7156946166610882,0.0012917245453206976,0.09498181282393614
13.980500000005595,0.07223547894522167,0.0002699175323820341,-5.907551807290834e-05,0.9999999303014387,-4.0366726145650715e-08,3.766111479224172e-05,0.00037145491663517565,1.9800739103155425,-0.0008915684226074916,-0.65,0.48,0.08,0.08,0.0,-0.8136432349240869,0.0009037515061171695,0.4836368336718265,-0.715691340045474,0.0012917276427152073,0.09498181290394606
14.00050000000562,0.07676178542165955,0.0002732743846206767,-5.904022482148897e-05,0.9999999307722995,-3.970482409395068e-08,3.770609353967857e-05,0.00037018055612466684,1.9407463537377918,-0.0008885096487423638,-0.65,0.48,0.08,0.08,0.0,-0.809107317680233,0.000909377689161702,0.4836366063688346,-0.7156880589619597,0.0012917307766100344,0.09498181312405385
14.020500000005644,0.08127095251728811,0.00027660705682683664,-5.896688076623181e-05,0.9999999312372493,-3.8972770077804794e-08,3.779946080886613e-05,0.00036891285375224457,1.9015652993079093,-0.0008854666823285839,-0.65,0.48,0.08,0.08,0.0,-0.8045730926377138,0.0009149823264993347,0.4836363323943041,-0.7156847612349575,0.0012917339946757408,0.09498181370170578
14.040500000005668,0.08575371092754508,0.000279908868109922,-5.887475226971378e-05,0.9999999316963013,-3.8197767904482385e-08,3.791602005327727e-05,0.00036765441416759933,1.862611637086872,-0.0008824458041873484,-0.65,0.48,0.08,0.08,0.0,-0.8000432371015715,0.0009205597052845072,0.48363591312817167,-0.7156814330377003,0.001291737328007823,0.09498181463819327
14.060500000005693,0.09020228599945755,0.0002831743284201058,-5.8778122887219184e-05,0.9999999321493893,-3.740078480920286e-08,3.803727503786869e-05,0.0003664073977838573,1.8239532190836387,-0.0008794522236225788,-0.65,0.48,0.08,0.08,0.0,-0.7955215864920872,0.0009261034178338175,0.4836352697975063,-0.7156780617844078,0.0012917407971333689,0.09498181580368871
14.080500000005717,0.09461018029186491,0.000286398957673858,-5.868448787647239e-05,0.9999999325962634,-3.659365510455638e-08,3.815384253242896e-05,0.0003651735918742253,1.7856467591068785,-0.0008764902507758521,-0.65,0.48,0.08,0.08,0.0,-0.7910129390698264,0.0009316065757739951,0.48363435598362786,-0.7156746370090958,0.0012917444136882554,0.09498181708278902
14.100500000005741,0.09897199020997029,0.0002895791341977126,-5.859710643365243e-05,0.9999999330365834,-3.578224486202366e-08,3.826191706482889e-05,0.00036395446571004626,1.7477394309939016,-0.0008735634295168992,-0.65,0.48,0.08,0.08,0.0,-0.7865228450723728,0.0009370620283838705,0.48363315221161784,-0.7156711505609652,0.0012917481816443663,0.09498181840547495
14.120500000005766,0.10328324446051662,0.0002927119623348448,-5.851704935087998e-05,0.9999999334700125,-3.4969253780138565e-08,3.836045733342919e-05,0.0003627512183528896,1.7102702762667814,-0.0008706746525248832,-0.65,0.48,0.08,0.08,0.0,-0.7820573988966816,0.000942462565215414,0.483631659291746,-0.7156675965749845,0.0012917520985552937,0.09498181973352324
14.14050000000579,0.10754026184505065,0.000295795156770061,-5.84443743281139e-05,0.9999999338962503,-3.4155897769405086e-08,3.8449617530403777e-05,0.00036156482054668684,1.6732714435286395,-0.000867826262165039,-0.65,0.48,0.08,0.08,0.0,-0.7776230411094665,0.0009478010962654712,0.48362989314325633,-0.7156639713612566,0.001291756156798734,0.09498182104454267
14.160500000005815,0.11174002725065528,0.0002988269423385955,-5.8378727063996156e-05,0.9999999343150603,-3.3342785164130736e-08,3.8529983637839166e-05,0.00036039605116170565,1.6367692695505587,-0.000865020138272854,-0.65,0.48,0.08,0.08,0.0,-0.7732263740738933,0.0009530708067865578,0.4836278809177856,-0.7156602732522166,0.0012917603447676672,0.09498182232267566
14.18050000000584,0.11588008460774712,0.00030180596808910995,-5.831962803971091e-05,0.9999999347262563,-3.25303359978168e-08,3.860223369926763e-05,0.0003592455285862849,1.6007852126873936,-0.0008622577737810389,-0.65,0.48,0.08,0.08,0.0,-0.7688739939581855,0.0009582652856165306,0.48362565795389423,-0.7156565024201379,0.0012917646479718313,0.09498182355458643
14.200500000005864,0.11995844539599376,0.0003047312342650112,-5.826659930063536e-05,0.9999999351297039,-3.171896788043557e-08,3.866700206559598e-05,0.0003581137375062826,1.5653366509136257,-0.0008595403392572365,-0.65,0.48,0.08,0.08,0.0,-0.7645723411945043,0.0009633786271275457,0.48362326525239724,-0.7156526606727326,0.0012917690500249272,0.09498182472822725
14.220500000005888,0.12397351118786043,0.000307602030828836,-5.821921309250532e-05,0.9999999355253165,-3.090916944495416e-08,3.87248363023818e-05,0.0003570010515359672,1.5304375575881448,-0.0008568687374513217,-0.65,0.48,0.08,0.08,0.0,-0.7603275707855591,0.0009684055078193184,0.48362074731110993,-0.7156487512339642,0.0012917735335045103,0.09498182583274531
14.240500000005913,0.12792400871174456,0.00031041788617882125,-5.817710379972955e-05,0.999999935913037,-3.010152168134164e-08,3.877619385073118e-05,0.000355907752163382,1.4960990681375208,-0.0008542436489719307,-0.65,0.48,0.08,0.08,0.0,-0.756145443202427,0.0009733412392685667,0.48361815024393096,-0.7156447785170896,0.0012917780806805184,0.09498182685873274
14.260500000005937,0.1318089359602125,0.00031317852477009413,-5.8139963681872264e-05,0.9999999362928453,-2.9296695858198294e-08,3.882145418430955e-05,0.0003548340444570728,1.4623299504778176,-0.0008516655701654941,-0.65,0.48,0.08,0.08,0.0,-0.7520312360106376,0.000978181799623351,0.48361552015134734,-0.71564074789658,0.0012917826741148113,0.09498182779848871
14.280500000005961,0.13562751794098574,0.00031588383243697025,-5.8107532372772044e-05,0.9999999366647429,-2.8495441308322176e-08,3.886093563888686e-05,0.00035378006995633575,1.429136991373441,-0.0008491348442097646,-0.65,0.48,0.08,0.08,0.0,-0.7479896758253093,0.0009829238461255142,0.48361290172762283,-0.7156366654846505,0.0012917872971380845,0.09498182864619618
14.300500000005986,0.1393791707562673,0.00031853382830694964,-5.807958488538085e-05,0.9999999370287498,-2.769856916817367e-08,3.889491224070472e-05,0.00035274591713793906,1.396525310170534,-0.0008466516863672169,-0.65,0.48,0.08,0.08,0.0,-0.7440248897410854,0.0009875647112865095,0.483610337096339,-0.7156325379174194,0.0012917919342136013,0.09498182939798168
14.32050000000601,0.14306347279271062,0.0003211286422951631,-5.805592029544253e-05,0.9999999373849034,-2.6906934886558095e-08,3.8923628639642674e-05,0.00035173162982076654,1.364498610504058,-0.0008442162042722856,-0.65,0.48,0.08,0.08,0.0,-0.7401403750119872,0.0009921023853611444,0.48360786486698254,-0.7156283721547191,0.001291796571198809,0.09498183005188886
14.340500000006035,0.146680141905703,0.00032366849726673104,-5.803635201641399e-05,0.9999999377332537,-2.612142083997277e-08,3.8947312501227496e-05,0.0003507372138373784,1.3330593796981274,-0.0008418284140358168,-0.65,0.48,0.08,0.08,0.0,-0.7363389854684161,0.00099653548768787,0.48360551940395835,-0.7156241752966703,0.0012918011955167891,0.0949818306077724
14.36050000000606,0.1502290175849742,0.0003261536950516444,-5.802069996135e-05,0.9999999380738623,-2.534291973281618e-08,3.896618426843081e-05,0.0003497626422689316,1.3022090446818968,-0.0008394882528882875,-0.65,0.48,0.08,0.08,0.0,-0.7326229329490089,0.0010008632293183987,0.48360333029724695,-0.7156199544193124,0.0012918057962499725,0.0949818310671468
14.380500000006084,0.15371004719187925,0.00032858460559081847,-5.800878458979789e-05,0.9999999384067977,-2.4572319190462435e-08,3.898046444917649e-05,0.00034880785950780886,1.2719480923456372,-0.0008371955889927563,-0.65,0.48,0.08,0.08,0.0,-0.728993801887727,0.0010050853691648896,0.48360132202158124,-0.7156157164307361,0.0012918103641682498,0.09498183143298768
14.400500000006108,0.15712327546045796,0.00033096165858191584,-5.800042269749292e-05,0.9999999387321368,-2.3810487761228506e-08,3.8990378688461934e-05,0.00034787278438117817,1.2422761613773485,-0.000834950228991893,-0.65,0.48,0.08,0.08,0.0,-0.7254525751243559,0.001009202165668263,0.4835995137688667,-0.7156114679485387,0.0012918148917033315,0.09498183170952543
14.420500000006133,0.1604688365532141,0.00033328533707853723,-5.799542474460927e-05,0.9999999390499593,-2.3058262479159717e-08,3.8996160921002005e-05,0.00034695731253882143,1.21319211176098,-0.0008327519237766978,-0.65,0.48,0.08,0.08,0.0,-0.7219996689917759,0.0010132143257510716,0.48359791943673736,-0.715607215198676,0.0012918193728802788,0.09498183190202089
14.440500000006157,0.16374694805737317,0.00033555617257586553,-5.799359349658524e-05,0.9999999393603558,-2.2316438088850315e-08,3.8998054905910535e-05,0.0003460613182803102,1.184694077292732,-0.0008306003729037669,-0.65,0.48,0.08,0.08,0.0,-0.7186349757680187,0.0010171229525746356,0.48359654775475386,-0.7156029639353779,0.001291823803216462,0.09498183201654495
14.460500000006181,0.16695790639722977,0.000337774741189416,-5.799472375089001e-05,0.9999999396634188,-2.158575796042591e-08,3.8996314434828486e-05,0.00034518465597008197,1.156779505690247,-0.0008284952280069646,-0.65,0.48,0.08,0.08,0.0,-0.7153579116572664,0.0010209294933818545,0.4835954025288242,-0.7155987193811966,0.0012918281795969303,0.09498183205976515
14.480500000006206,0.1701020832223296,0.00033994166060087,-5.799860293189788e-05,0.9999999399592451,-2.086690670428596e-08,3.8991202486595355e-05,0.0003443271611644622,1.1294451901372846,-0.0008264360955211103,-0.65,0.48,0.08,0.08,0.0,-0.7121674685738227,0.001024635688480835,0.48359448298396374,-0.7155944861860185,0.0012918325001343616,0.09498183203874162
14.50050000000623,0.17317992240907676,0.0003420575875059626,-5.8005012352166224e-05,0.9999999402479341,-2.016050444528446e-08,3.8982989578904735e-05,0.0003434886515521984,1.102687295428808,-0.000824422538946834,-0.65,0.48,0.08,0.08,0.0,-0.7090622681392199,0.001028243522214632,0.4835937841855253,-0.7155902684035191,0.0012918367640204903,0.094981831960747
14.520500000006255,0.17619193738448652,0.0003441232153539889,-5.801372895773798e-05,0.9999999405295941,-1.9467102701805143e-08,3.897195154232901e-05,0.00034266892778974994,1.0765013812619686,-0.0008224540808575042,-0.65,0.48,0.08,0.08,0.0,-0.7060406164580494,0.0010317551765719381,0.4835932975194554,-0.7155860694833277,0.0012918409713748602,0.09498183183309354
14.54050000000628,0.17913870854498393,0.00034613927221678636,-5.8024527394567266e-05,0.9999999408043332,-1.8787181771308135e-08,3.895836691604917e-05,0.0003418677742944159,1.0508824246593433,-0.0008205302048054364,-0.65,0.48,0.08,0.08,0.0,-0.7031005584063732,0.0010351729879237272,0.4835930112129563,-0.7155818922770433,0.001291845123095709,0.09498183166299574
14.560500000006304,0.1820208806002558,0.0003481065186672142,-5.8037182254122425e-05,0.9999999410722632,-1.8121149509847635e-08,3.894251413828641e-05,0.00034108496004236995,1.025824843013098,-0.0008186503572366277,-0.65,0.48,0.08,0.08,0.0,-0.7002399303418889,0.001038499407222152,0.48359291087808676,-0.7155777390561837,0.001291849220716809,0.09498183145744163
14.580500000006328,0.1848391597222443,0.0003500257455834241,-5.805147037776727e-05,0.9999999413335001,-1.7469341384797107e-08,3.892466867860865e-05,0.0003403202394047494,1.0013225188021213,-0.0008168139494918236,-0.65,0.48,0.08,0.08,0.0,-0.6974564103222152,0.0010417369638698133,0.48359298006228074,-0.7155736115401167,0.001291853266273143,0.09498183122309245
14.600500000006353,0.18759431042255942,0.00035189777182591535,-5.8067173118987026e-05,0.9999999415881633,-1.683202164465867e-08,3.890510023428666e-05,0.00033957335304304545,0.9773688266574169,-0.0008150203599541328,-0.65,0.48,0.08,0.08,0.0,-0.6947475650922976,0.0010448882333589605,0.48359320079141355,-0.7155695109320261,0.001291857262177479,0.09498183096620227
14.620500000006377,0.19028715211814903,0.00035372344175986693,-5.8084078481915175e-05,0.9999999418363756,-1.6209385473748217e-08,3.888407008928082e-05,0.0003388440288750545,0.9539566631319975,-0.0008132689363607781,-0.65,0.48,0.08,0.08,0.0,-0.6921108932702336,0.0010479558086897442,0.4835935540928698,-0.7155654379610937,0.0012918612111092113,0.09498183069255389
14.640500000006401,0.19291855537533192,0.0003555036226159147,-5.810198307261291e-05,0.9999999420782588,-1.5601561973881212e-08,3.886182871233457e-05,0.0003381319831144605,0.9310784792671678,-0.00081155899829497,-0.65,0.48,0.08,0.08,0.0,-0.6895438643196954,0.0010509422755026938,0.48359402048799066,-0.7155613929291219,0.0012918651159161607,0.09498183040741456
14.660500000006426,0.195489437846679,0.00035723920169885084,-5.812069381599674e-05,0.9999999423139414,-1.5008617822021165e-08,3.8838613650465304e-05,0.0003374369213805715,0.9087263158340383,-0.0008098898398451127,-0.65,0.48,0.08,0.08,0.0,-0.687043953044173,0.0010538501908014994,0.483594580445239,-0.7155573757600293,0.0012918689795295988,0.09498183011551206
14.68050000000645,0.19800075993419133,0.0003589310834660859,-5.814002940682548e-05,0.9999999425435527,-1.443056146535303e-08,3.88146477558897e-05,0.000336758539869696,0.8868918409631797,-0.0008082607324121583,-0.65,0.48,0.08,0.08,0.0,-0.684608669471646,0.0010566820650960063,0.48359521478737977,-0.7155533860506931,0.0012918728048921736,0.09498182982101935
14.700500000006475,0.20045352022626253,0.00036058018650658496,-5.8159821475280394e-05,0.9999999427672244,-1.3867347708726353e-08,3.879013776819493e-05,0.00033609652657596884,0.8655663897523279,-0.0008066709276379313,-0.65,0.48,0.08,0.08,0.0,-0.6822355841168094,0.0010594403477606536,0.48359590504787187,-0.7155494231218952,0.0012918765948982899,0.09498182952755485
14.7205000000065,0.20284875076555905,0.00036218744045682,-5.8179915460303815e-05,0.9999999429850858,-1.3318882570163478e-08,3.8765273259521794e-05,0.00033545056254693796,0.8447410053573189,-0.0008051196604155209,-0.65,0.48,0.08,0.08,0.0,-0.6799223487108798,0.0010621274153785293,0.48359663377347745,-0.7155454860682156,0.0012918803523460846,0.09498182923819957
14.740500000006524,0.2051875122107373,0.00036375378289348325,-5.820017119325295e-05,0.9999999431972716,-1.278502828451973e-08,3.874022593852039e-05,0.000334820323157775,0.8244064810203625,-0.0008036061519492321,-0.65,0.48,0.08,0.08,0.0,-0.6776667125760812,0.0010647455628246183,0.48359738477175596,-0.7155415738059375,0.001291884079900066,0.09498182895550875
14.760500000006548,0.20747088895737578,0.00036528015624372217,-5.8220463202539735e-05,0.999999943403916,-1.2265608351039206e-08,3.871514929888654e-05,0.0003342054793873916,0.8045534024677371,-0.0008021296128145394,-0.65,0.48,0.08,0.08,0.0,-0.6754665348932827,0.0010672969968321716,0.483598143303635,-0.7155376851181805,0.0012918877800633466,0.09498182868154975
14.780500000006572,0.2096999842831543,0.0003667675047528458,-5.824068075697969e-05,0.9999999436051525,-1.1760412535427141e-08,3.869017859027219e-05,0.0003336056990799281,0.7851721901113986,-0.0008006892459887282,-0.65,0.48,0.08,0.08,0.0,-0.6733197931674404,0.0010697838317823662,0.48359889622257596,-0.715533818696637,0.001291891455158325,0.09498182841793008
14.800500000006597,0.21187591557966506,0.0003682167715472114,-5.826072767018481e-05,0.9999999438011148,-1.1269201736432233e-08,3.866543108325728e-05,0.0003330206481758363,0.7662531405115769,-0.0007992842498079966,-0.65,0.48,0.08,0.08,0.0,-0.6712245882372656,0.0010722080874585758,0.4835996320630017,-0.7155299731794866,0.0012918951073147388,0.09498182816583924
14.820500000006621,0.2139998097287605,0.00036962889582662864,-5.8280521892098274e-05,0.9999999439919361,-1.0791712665562752e-08,3.8641006595535904e-05,0.00033244999189801957,0.7477864665959758,-0.0007979138208174418,-0.65,0.48,0.08,0.08,0.0,-0.6691791462039125,0.0010745716885116592,0.4836003410815908,-0.7155261471851535,0.0012918987384639613,0.09498182792608992
14.840500000006646,0.21607279867547718,0.0003710048102164543,-5.829999491662113e-05,0.9999999441777486,-1.0327662266972173e-08,3.861698824360211e-05,0.0003318933958800815,0.7297623361819289,-0.0007965771564803603,-0.65,0.48,0.08,0.08,0.0,-0.6671818176696213,0.0010768764653910784,0.48360101525578664,-0.7155223393417615,0.0012919023503385296,0.09498182769915842
14.86050000000667,0.2180960152427126,0.00037234543830482977,-5.8319091035158465e-05,0.9999999443586856,-9.876751862568646e-09,3.859344338266542e-05,0.0003313505272255639,0.7121709084072793,-0.0007952734577282072,-0.65,0.48,0.08,0.08,0.0,-0.665231074682465,0.0010791241565076195,0.48360164824442115,-0.7155185483122156,0.0012919059444759429,0.09498182748523257
14.880500000006695,0.22007058922535092,0.0003736516923854988,-5.8337766466475196e-05,0.9999999445348741,-9.438670964992527e-09,3.857042469720454e-05,0.0003308210554890367,0.6950023677406958,-0.000794001931317112,-0.65,0.48,0.08,0.08,0.0,-0.6633255057790268,0.0010813164114065138,0.48360223531570523,-0.715514772814955,0.001291909522225817,0.09498182728425011
14.90050000000672,0.221997643793733,0.0003749244714215162,-5.83559883922588e-05,0.999999944706443,-9.01310075313276e-09,3.854797140527816e-05,0.00033030465357195596,0.6782469553098502,-0.0007927617919856189,-0.65,0.48,0.08,0.08,0.0,-0.6614638095043294,0.0010834547947443864,0.48360277324802936,-0.7155110116405616,0.0012919130847596975,0.09498182709594329
14.920500000006744,0.22387829222853364,0.0003761646592401035,-5.8373733927728025e-05,0.9999999448735181,-8.599717190148755e-09,3.8526110541201365e-05,0.00032980099852823844,0.6618949973539856,-0.0007915522643918038,-0.65,0.48,0.08,0.08,0.0,-0.6596447867691106,0.0010855407908792114,0.48360326020904243,-0.7155072636643858,0.0012919166330827576,0.09498182691987542
14.940500000006768,0.22571363500146993,0.00037737312296406235,-5.839098905346526e-05,0.9999999450362228,-8.198193793855971e-09,3.8504858283567586e-05,0.0003293097722764875,0.6459369306738363,-0.0007903725848303012,-0.65,0.48,0.08,0.08,0.0,-0.6578673323798941,0.0010875758088990343,0.48360369561836647,-0.7155035278554984,0.0012919201680468343,0.09498182675548003
14.960500000006792,0.22750475720900915,0.00037855071168062737,-5.8407747533251545e-05,0.9999999451946776,-7.808204056645342e-09,3.848422129827568e-05,0.000328830662217674,0.6303633250150263,-0.0007892220027175156,-0.65,0.48,0.08,0.08,0.0,-0.6561304260485683,0.0010895611879322943,0.48360407999906857,-0.7154998032822771,0.0012919236903642716,0.09498182660209431
14.980500000006817,0.22925272635952706,0.0003796982553445152,-5.8424009839931396e-05,0.9999999453490019,-7.429423520680745e-09,3.846419806945945e-05,0.00032836336175878886,0.6151649023795663,-0.0007880997818562107,-0.65,0.48,0.08,0.08,0.0,-0.6544331231565548,0.001091498202599859,0.4836044148226758,-0.715496089114976,0.0012919272006221602,0.09498182645898806
15.000500000006841,0.23095859050829334,0.0003808165639082722,-5.843978210858029e-05,0.9999999454993101,-7.061531529791121e-09,3.8444780194620355e-05,0.00032790757074453166,0.6003325533130195,-0.0007870052014768092,-0.65,0.48,0.08,0.08,0.0,-0.652774545515258,0.0010933880684861057,0.48360470235211506,-0.7154923846256431,0.0012919306992965921,0.09498182632539018
15.020500000006866,0.2326233767293144,0.0003819064266698642,-5.84550751333258e-05,0.9999999456457137,-6.704212676653401e-09,3.8425953623844196e-05,0.0003274629958004456,0.5858573502615269,-0.0007859375570655302,-0.65,0.48,0.08,0.08,0.0,-0.6511538723302878,0.0010952319475233607,0.4836049454864756,-0.7154886891857783,0.0012919341867666852,0.09498182620051498
15.04050000000689,0.23424808990849566,0.00038296861182482466,-5.846990342154266e-05,0.9999999457883249,-6.3571579594477924e-09,3.8407699826539655e-05,0.00032702935059205154,0.5717305581327639,-0.0007848961609910887,-0.65,0.48,0.08,0.08,0.0,-0.6495703315428811,0.0010970309532004946,0.4836051476109849,-0.7154850022621021,0.0012919376633281061,0.09498182608358091
15.060500000006915,0.23583371183880542,0.00038400386620816835,-5.848428431588764e-05,0.9999999459272467,-6.020065687580328e-09,3.838999687268531e-05,0.00032660635600545646,0.557943642227916,-0.0007838803429422114,-0.65,0.48,0.08,0.08,0.0,-0.6480231916887081,0.0010987861555223763,0.48360531245505256,-0.7154813234107605,0.0012919411292059146,0.09498182597382387
15.08050000000694,0.2373812005951426,0.00038501291520969146,-5.849823719238061e-05,0.9999999460625838,-5.692642148330341e-09,3.837282041892109e-05,0.00032619374025565534,0.5444882737378413,-0.0007828894501940908,-0.65,0.48,0.08,0.08,0.0,-0.6465117543825194,0.0011004985856618678,0.4836054439606951,-0.7154776522704067,0.0012919445845666552,0.09498182587051594
15.100500000006964,0.23889149016439484,0.00038599646284517955,-5.8511782739623466e-05,0.9999999461944369,-5.374602060130944e-09,3.8356144593012155e-05,0.0003257912389292462,0.5313563330160073,-0.0007819228477123019,-0.65,0.48,0.08,0.08,0.0,-0.645035347507345,0.0011021692402602722,0.48360554616312323,-0.7154739885543799,0.0012919480295295184,0.09498182577297369
15.120500000006988,0.24036549030469065,0.00038695519196540475,-5.8524942322669416e-05,0.999999946322901,-5.0656688543758425e-09,3.833994277310342e-05,0.00032539859496862717,0.5185399108538372,-0.0007809799181181631,-0.65,0.48,0.08,0.08,0.0,-0.643593319159613,0.0011037990853451345,0.48360562308475885,-0.7154703320423557,0.0012919514641765645,0.09498182568056375
15.140500000007012,0.24180408660704333,0.0003878897645845797,-5.85377374321769e-05,0.9999999464480707,-4.765574790277856e-09,3.8324188260829426e-05,0.00032501555860490236,0.5060313079912374,-0.0007800600615320618,-0.65,0.48,0.08,0.08,0.0,-0.642185032376882,0.0011053890598463007,0.4836056786434738,-0.7154666825717151,0.0012919548885619659,0.09498182559271198
15.160500000007037,0.2432081407323957,0.0003888008223100883,-5.855018921796687e-05,0.999999946570037,-4.474060941446915e-09,3.830885484964666e-05,0.0003246418872467173,0.49382303309687475,-0.0007791626953075337,-0.65,0.48,0.08,0.08,0.0,-0.6408098606530954,0.0011069400787018862,0.4836057165753963,-0.7154630400288612,0.001291958302720233,0.09498182550890343
15.180500000007061,0.24457849079743066,0.00038968898685580683,-5.8562318104359964e-05,0.9999999466888887,-4.1908770709197945e-09,3.829391729173083e-05,0.00032427734533211955,0.48190779944976536,-0.0007782872536800766,-0.65,0.48,0.08,0.08,0.0,-0.6394671842274077,0.0011084530355552973,0.48360574037224285,-0.7154594043407088,0.0012919617066734662,0.09498182542868575
15.200500000007086,0.24591595188334325,0.0003905548606220832,-5.8574143483571506e-05,0.9999999468047099,-3.9157814212779275e-09,3.8279351668449167e-05,0.0003239217041502722,0.47027852054663977,-0.0007774331873381613,-0.65,0.48,0.08,0.08,0.0,-0.6381563871167769,0.0011099288050527,0.4836057532327855,-0.7154557754664921,0.0012919651004376137,0.09498182535166791
15.22050000000711,0.2472213166429959,0.0003913990273264462,-5.858568348200219e-05,0.999999946917582,-3.648540439385422e-09,3.8265135670754566e-05,0.00032357474163949995,0.458928304848964,-0.0007765999629398834,-0.65,0.48,0.08,0.08,0.0,-0.6368768548495789,0.0011113682447573153,0.483605758027774,-0.7154521533900711,0.0012919684840278088,0.09498182527751745
15.240500000007135,0.24849535598343386,0.00039222205267028275,-5.859695479367685e-05,0.9999999470275853,-3.388928445690497e-09,3.8251248796860084e-05,0.00032323624216771244,0.4478504498700476,-0.0007757870625907159,-0.65,0.48,0.08,0.08,0.0,-0.6356279728473492,0.0011127721967026812,0.4836057572773947,-0.7154485381128212,0.0012919718574628427,0.09498182520595919
15.26050000000716,0.24973881980253557,0.00039302448502803397,-5.860797257440344e-05,0.9999999471347978,-3.1367272703699853e-09,3.823767247528217e-05,0.00032290599630073604,0.4370384357871115,-0.0007749939832823571,-0.65,0.48,0.08,0.08,0.0,-0.6344091253942666,0.0011141414886115214,0.4836057531401649,-0.7154449296471797,0.0012919752207687634,0.09498182513677295
15.280500000007184,0.25095243776055837,0.0003938068561468552,-5.861875038972866e-05,0.9999999472392926,-2.8917258813683744e-09,3.822439012178601e-05,0.0003225838005635623,0.4264859187459392,-0.0007742202363251848,-0.65,0.48,0.08,0.08,0.0,-0.6332196951289586,0.0011154769348102904,0.4836057474120214,-0.7154413280109252,0.001291978573981709,0.09498182506978545
15.300500000007208,0.2521369200694401,0.00039456968184613787,-5.86293002096771e-05,0.9999999473411426,-2.6537199879528624e-09,3.821138713900995e-05,0.0003222694571989518,0.416186724007539,-0.0007734653467657892,-0.65,0.48,0.08,0.08,0.0,-0.6320590629903531,0.001116779336871806,0.4836057415342817,-0.7154377332222097,0.001291981917150055,0.0949818250048686
15.320500000007232,0.2532929582848744,0.0003953134627077482,-5.863963244344927e-05,0.9999999474404171,-2.4225116640662723e-09,3.819865086750902e-05,0.0003219627739272368,0.40613483906747994,-0.000772728852810367,-0.65,0.48,0.08,0.08,0.0,-0.6309266085484713,0.001118049484019685,0.4836057366091102,-0.7154341452953542,0.0012919852503358957,0.0949818249419325
15.340500000007257,0.2544212260883399,0.00039603868474928926,-5.864975600691666e-05,0.9999999475371831,-2.197908972928582e-09,3.8186170496761325e-05,0.0003216635637106077,0.3963244068597822,-0.0007720103052609061,-0.65,0.48,0.08,0.08,0.0,-0.6298217106518879,0.001119288153328778,0.48360573342111646,-0.7154305642373903,0.001291988573615955,0.09498182488092258
15.360500000007281,0.2555223800483906,0.00039674582007408725,-5.865967841650666e-05,0.9999999476315075,-1.9797256091697884e-09,3.817393694435184e-05,0.0003213716445245956,0.3867497191387484,-0.0007713092669646926,-0.65,0.48,0.08,0.08,0.0,-0.628743748325911,0.0011204961097554694,0.4836057324637448,-0.7154269900453359,0.0012919918870819957,0.09498182482181394
15.380500000007306,0.25659706035255564,0.0003974353274929389,-5.866940590308175e-05,0.9999999477234529,-1.767780570038918e-09,3.8161942711043535e-05,0.00032108683913892344,0.37740521011436146,-0.0007706253122877982,-0.65,0.48,0.08,0.08,0.0,-0.6276921018590438,0.0011216741060306574,0.48360573396917444,-0.7154234227041485,0.0012919951908407826,0.09498182476460446
15.40050000000733,0.25764589150312844,0.0003981076531139006,-5.8678943540247455e-05,0.9999999478130814,-1.5618978454456464e-09,3.815018171887669e-05,0.0003208089749093931,0.3682854504000535,-0.0007699580266136152,-0.65,0.48,0.08,0.08,0.0,-0.6266661540197404,0.001122822882446658,0.48360573794053463,-0.7154198621853213,0.0012919984850136804,0.09498182470931288
15.420500000007355,0.25866948297191966,0.00039876323089754853,-5.8688295381537194e-05,0.9999999479004529,-1.3619061448315986e-09,3.813864913874412e-05,0.0003205378835820014,0.3593851413160466,-0.0007693070058760298,-0.65,0.48,0.08,0.08,0.0,-0.6256652913506456,0.0011239431665671974,0.48360574418533286,-0.7154163084460532,0.0012920017697359276,0.09498182465597191
15.440500000007379,0.25966842981069155,0.0003994024831761733,-5.8697464602112015e-05,0.9999999479856266,-1.167638646529649e-09,3.8127341213227414e-05,0.0003202734011100542,0.3506991095771257,-0.0007686718561144445,-0.65,0.48,0.08,0.08,0.0,-0.6246889054931842,0.001125035672887227,0.48360575234912345,-0.7154127614289469,0.0012920050451556662,0.09498182460462706
15.460500000007404,0.2606433132154506,0.0004000258211362911,-5.8706453640671173e-05,0.999999948068657,-9.789327788656403e-10,3.811625507970744e-05,0.00032001536748466075,0.3422223023810015,-0.0007680521930709005,-0.65,0.48,0.08,0.08,0.0,-0.6237363945013142,0.001126101102466614,0.48360576194855687,-0.7154092210621337,0.0012920083114327627,0.09498182455532932
15.480500000007428,0.261594701044075,0.000400633645264652,-5.8715264338049906e-05,0.9999999481496,-7.956300300774494e-10,3.810538859802775e-05,0.0003197636265786654,0.33394978290208166,-0.0007674476418106479,-0.65,0.48,0.08,0.08,0.0,-0.6228071641093521,0.0011271401425588601,0.48360577240308417,-0.7154056872598156,0.0012920115687375154,0.09498182450813528
15.500500000007452,0.26252314828785744,0.0004012263457586071,-5.872389806984045e-05,0.9999999482285095,-6.175757892944456e-10,3.809474018625181e-05,0.00031951802600377224,0.32587672618583624,-0.0007668578363826838,-0.65,0.48,0.08,0.08,0.0,-0.6219006289248152,0.0011281534662530646,0.48360578306472374,-0.7154021599230973,0.0012920148172492257,0.09498182446310166
15.520500000007477,0.26342919749848126,0.00040180430290225576,-5.87323558703302e-05,0.9999999483054378,-4.446192052265687e-10,3.808430866736263e-05,0.00031927841698039524,0.31799841543075896,-0.0007662824195016071,-0.65,0.48,0.08,0.08,0.0,-0.6210162135230924,0.0011291417321443896,0.48360579324541936,-0.7153986389410835,0.001292018057154742,0.094981824420284
15.540500000007501,0.26431337917269626,0.0004023678874102429,-5.8740638546358554e-05,0.9999999483804356,-2.76613077541267e-10,3.807409312904212e-05,0.0003190446542195613,0.3103102386383826,-0.0007657210422683747,-0.65,0.48,0.08,0.08,0.0,-0.6201533534263416,0.00113010558404534,0.48360580224164645,-0.7153951241921568,0.00129202128864696,0.09498182437973487
15.560500000007526,0.2651762120975634,0.00040291746074141836,-5.874874677939256e-05,0.9999999484535506,-1.1341376154564305e-10,3.806409279809668e-05,0.00031881659581605364,0.3028076856065299,-0.000765173363910776,-0.65,0.48,0.08,0.08,0.0,-0.6193114959542281,0.0011310456507474225,0.483605809356033,-0.7153916155454009,0.0012920245119233595,0.09498182434150035
15.58050000000755,0.26601820365956513,0.0004034533753848144,-5.8756681215225245e-05,0.9999999485248333,4.511890926688381e-11,3.805430693046302e-05,0.00031859410315186667,0.2954863452372505,-0.0007646390515500201,-0.65,0.48,0.08,0.08,0.0,-0.6184901009388839,0.0011319625458400702,0.4836058139158709,-0.7153881128621097,0.0012920277271845902,0.09498182430562126
15.600500000007575,0.2668398501211763,0.0004039759751205495,-5.876444254110018e-05,0.9999999485943275,1.991216788333266e-10,3.804473471728435e-05,0.0003183770408089706,0.2883419031282393,-0.0007641177799939669,-0.65,0.48,0.08,0.08,0.0,-0.6176886413007545,0.001132856867591315,0.4836058152884829,-0.7153846159973023,0.0012920309346330738,0.09498182427212987
15.620500000007599,0.26764163686865816,0.0004044855952583424,-5.877203154961788e-05,0.9999999486620826,3.487279152370425e-10,3.803537520703249e-05,0.00031816527649036074,0.281370139415086,-0.0007636092315447485,-0.65,0.48,0.08,0.08,0.0,-0.6169066034857621,0.0011337291988924828,0.4836058128934968,-0.7153811248012759,0.0012920341344717678,0.09498182424105145
15.640500000007624,0.2684240386348868,0.0004049825628563205,-5.8779449190394625e-05,0.9999999487281402,4.940676532986259e-10,3.8026227243318236e-05,0.00031795868094832954,0.27456692683123446,-0.0007631130958261068,-0.65,0.48,0.08,0.08,0.0,-0.6161434877674453,0.0011345801072672247,0.4836058062121448,-0.7153776391210647,0.0012920373269029444,0.09498182421240137
15.660500000007648,0.2691875197009854,0.00040546719692275166,-5.878669660914277e-05,0.9999999487925457,6.352676209800541e-10,3.8017289417692264e-05,0.00031775712791894963,0.26792822895287455,-0.0007626290696283178,-0.65,0.48,0.08,0.08,0.0,-0.6153988084204334,0.0011354101449434946,0.4836057947937635,-0.7153741588018809,0.0012920405121271562,0.09498182418618656
15.680500000007672,0.26993253408040113,0.0004059398086032231,-5.8793775175999593e-05,0.9999999488553405,7.724512621930267e-10,3.800856003647466e-05,0.000317560494061762,0.261450098597109,-0.0007621568567595105,-0.65,0.48,0.08,0.08,0.0,-0.6146720937737796,0.001136219848985684,0.4836057782597188,-0.715370683688412,0.0012920436903422596,0.09498182416240519
15.700500000007697,0.2706269545425954,0.0004063837116801727,-5.860034113373301e-05,0.9999999489050093,1.1112437046024651e-09,3.8255191548826075e-05,0.00031737441669349925,0,0,-0.65,0.48,0.08,0.08,0.0,-0.6139641072523416,0.0011370036244359755,0.483605793751223,-0.7153671934670959,0.0012920469726411816,0.09498182484464553
15.720500000007721,0.2712313576275191,0.00040677344670743117,-5.834627206400633e-05,0.9999999489445528,1.536338829427508e-09,3.8578960689006444e-05,0.000317210588196328,0,0,-0.65,0.48,0.08,0.08,0.0,-0.6132813659626317,0.001137744146851987,0.483605536037755,-0.7153636296805416,0.0012920504698519524,0.0949818271465751
15.740500000007746,0.27175916155194263,0.0004071147311223279,-5.822887243713719e-05,0.9999999489840941,1.7897555192252251e-09,3.872404395683224e-05,0.0003170682228488611,0,0,-0.65,0.48,0.08,0.08,0.0,-0.6126317458067434,0.0011384341688106163,0.48360461467548255,-0.7153599814464269,0.0012920540817113924,0.09498182951510205
15.76050000000777,0.2722217462199802,0.0004074145368462727,-5.821162876865786e-05,0.9999999490227712,1.8850191339033456e-09,3.873939696759564e-05,0.00031694433995223216,0,0,-0.65,0.48,0.08,0.08,0.0,-0.6120222025916608,0.0011390699646145162,0.4836031673671446,-0.7153562578411004,0.0012920577566680699,0.09498183094795634
15.780500000007795,0.27262869834604325,0.00040767894945499506,-5.824567395250682e-05,0.9999999490589561,1.8872849906397884e-09,3.8690618485600744e-05,0.000316836112394183,0,0,-0.65,0.48,0.08,0.08,0.0,-0.6114583138656949,0.001139649393009037,0.4836014197737655,-0.7153524737874588,0.0012920614665284716,0.09498183156524427
15.800500000007819,0.272988117403672,0.0004079131244262549,-5.8300779992479934e-05,0.9999999490918717,1.8477714556264939e-09,3.861747652547108e-05,0.0003167411324055204,0,0,-0.65,0.48,0.08,0.08,0.0,-0.6109442073592178,0.0011401715564340784,0.48359955634386276,-0.7153486451774974,0.0012920651907985358,0.09498183171474806
15.820500000007844,0.27330682096858516,0.00040812139841996467,-5.836153920208972e-05,0.9999999491214068,1.7960672591553613e-09,3.8539376319501045e-05,0.0003166573896382611,0,0,-0.65,0.48,0.08,0.08,0.0,-0.6104826153424919,0.0011406366588573283,0.4835977124746195,-0.7153447873404365,0.0012920689124588458,0.09498183163231108
15.840500000007868,0.27359052148228985,0.000408307402292873,-5.8420998903210635e-05,0.9999999491477756,1.7465561359529601e-09,3.846445853134154e-05,0.0003165832155673255,0,0,-0.65,0.48,0.08,0.08,0.0,-0.6100749694699769,0.001141045874190361,0.4835959860656688,-0.7153409145486771,0.0012920726170525109,0.09498183142899022
15.860500000007892,0.2738439859132121,0.0004084741640809852,-5.847649347307674e-05,0.9999999491713161,1.7050568660574442e-09,3.839544028882147e-05,0.0003165172294836003,0,0,-0.65,0.48,0.08,0.08,0.0,-0.6097215152975755,0.0011414012055162054,0.4835944474908991,-0.7153370397969906,0.0012920762924872099,0.09498183114559514
15.880500000007917,0.2740711793005827,0.0004086242012387979,-5.8527372393372334e-05,0.9999999491923777,1.6731040484289888e-09,3.8332671366645415e-05,0.00031645829070658065,0,0,-0.65,0.48,0.08,0.08,0.0,-0.6094214399586144,0.0011417053390407603,0.48359314600341435,-0.7153331746630829,0.0012920799289371345,0.09498183079436986
15.900500000007941,0.2742753922433886,0.00040875960229119166,-5.857385050572076e-05,0.9999999492112821,1.6502881427520217e-09,3.8275591727554605e-05,0.00031640545726622984,0,0,-0.65,0.48,0.08,0.08,0.0,-0.6091730088419082,0.0011419614989147204,0.48359211377107364,-0.7153293292138516,0.0012920835187265453,0.09498183038001248
15.920500000007966,0.2744593528885899,0.00040888209838065096,-5.861645207136293e-05,0.9999999492283093,1.6354271760282938e-09,3.822338471793563e-05,0.00031635795058160304,0,0,-0.65,0.48,0.08,0.08,0.0,-0.608973707295651,0.0011421733081083314,0.48359136865085794,-0.7153255119539091,0.0012920870561828062,0.09498182990779813
15.94050000000799,0.27462532438632864,0.0004089931254074146,-5.8655754378695314e-05,0.999999949243695,1.6271190289758884e-09,3.8175250552826295e-05,0.00031631512552219177,0,0,-0.65,0.48,0.08,0.08,0.0,-0.6088203834812869,0.0011423446591571614,0.4835909163449563,-0.7153217298156044,0.0012920905374652798,0.0949818293856221
15.960500000008015,0.2747751889764871,0.00040909387755835993,-5.869227851415404e-05,0.9999999492576365,1.6239873433472848e-09,3.813050739680992e-05,0.0003162764452277447,0,0,-0.65,0.48,0.08,0.08,0.0,-0.6087093888108064,0.0011424795973305627,0.48359075225647746,-0.7153179881875867,0.001292093960377986,0.0949818288237312
15.980500000008039,0.27491051992624904,0.0004091853530398419,-5.872645084572538e-05,0.9999999492702973,1.624782402148676e-09,3.808861673906299e-05,0.00031624146009473443,0,0,-0.65,0.48,0.08,0.08,0.0,-0.6086367128614723,0.0011425822177070142,0.48359086318657385,-0.7153142909770716,0.0012920973241730296,0.09498182823382222
16.00050000000806,0.2750326425216356,0.00040926839280818166,-5.87585974631835e-05,0.9999999492818136,1.6284155060697102e-09,3.804917703691959e-05,0.0003162097903848247,0,0,-0.65,0.48,0.08,0.08,0.0,-0.6085981101923139,0.0011426565767829453,0.48359122892855516,-0.7153106407001244,0.0012921006293510945,0.09498182762813717
16.020500000008013,0.2751426852668867,0.0004093437130520279,-5.878895310958109e-05,0.999999949292299,1.6339636655479777e-09,3.801190530926543e-05,0.00031618111196139503,0,0,-0.65,0.48,0.08,0.08,0.0,-0.6085892170320146,0.0011427066185779973,0.4835918237747331,-0.7153070385940183,0.0012921038774644546,0.09498182701873546
16.040500000007967,0.2752416223832232,0.0004094119321348782,-5.881767565622094e-05,0.9999999493018499,1.6406614766678468e-09,3.7976615367494615e-05,0.0003161551447097808,0,0,-0.65,0.48,0.08,0.08,0.0,-0.6086056563362277,0.0011427361147063678,0.4835926179342893,-0.7153034847458755,0.0012921070709271385,0.09498182641696351
16.06050000000792,0.2753303086314699,0.0004094735926586332,-5.884486184646975e-05,0.9999999493105487,1.647887767851856e-09,3.7943196439605446e-05,0.00031613164324367733,0,0,-0.65,0.48,0.08,0.08,0.0,-0.6086431302059953,0.0011427486175353255,0.4835935788535911,-0.7152999782321935,0.0012921102128359869,0.09498182583309181
16.080500000007873,0.27540950741468434,0.0004095291792620612,-5.887056232354493e-05,0.999999949318465,1.6551504545674733e-09,3.79115937358829e-05,0.00031611038954365876,0,0,-0.65,0.48,0.08,0.08,0.0,-0.6086974991077555,0.0011427474253233932,0.48359467242852205,-0.7152965172643295,0.0012921133068053248,0.09498182527608445
16.100500000007827,0.2754799130486598,0.00040957913272203245,-5.889479507917449e-05,0.9999999493256648,1.6620711340695087e-09,3.788179151501168e-05,0.00031609118721397214,0,0,-0.65,0.48,0.08,0.08,0.0,-0.6087648477339753,0.0011427355580990654,0.48359586409898114,-0.7152930993356004,0.0012921163568170994,0.09498182475347045
16.12050000000778,0.2755421680204172,0.0004096238608804369,-5.89175570086044e-05,0.9999999493322025,1.6683701438351295e-09,3.78537987637731e-05,0.00031607385708084493,0,0,-0.65,0.48,0.08,0.08,0.0,-0.6088415376890822,0.0011427157429854454,0.4835971198175288,-0.7152897213661605,0.0012921193670873666,0.09498182427129154
16.140500000007734,0.2755968759878011,0.0004096637468757976,-5.8938833526342034e-05,0.9999999493381303,1.6738524297575735e-09,3.782763740180899e-05,0.00031605823388968537,0,0,-0.65,0.48,0.08,0.08,0.0,-0.6089242474774561,0.001142690407678595,0.4835984068865715,-0.7152863798425412,0.0012921223419494919,0.0949818238341135
16.160500000007687,0.27564461120725714,0.00040969915511571446,-5.895860632787179e-05,0.9999999493434965,1.678394396970018e-09,3.780333283210212e-05,0.00031604416388989945,0,0,-0.65,0.48,0.08,0.08,0.0,-0.6090100005095885,0.0011426616808319421,0.483599694661193,-0.7152830709491772,0.001292125285753683,0.09498182344508266
16.18050000000764,0.27568592501204037,0.00040973043538449985,-5.897685944362863e-05,0.9999999493483452,1.6819318404362736e-09,3.778090661843235e-05,0.0003160315031247641,0,0,-0.65,0.48,0.08,0.08,0.0,-0.6090961820310601,0.0011426313981726516,0.48360095511749435,-0.7152797906898922,0.001292128202782168,0.09498182310601602
16.200500000007594,0.27572462151954596,0.0004097597108453706,-6.665357600477269e-05,0.9999999494722517,6.456595731717345e-10,3.445360256971702e-05,0.00031601968909890284,0,0,-0.65,0.7,0.35,0.08,0,-0.6086620940325118,0.0011429033879315797,0.48800486929688264,-0.7152761551488264,0.0012921031457841683,0.09496868018325144
16.220500000007547,0.27575750720654185,0.00040978548011272347,-7.652962783644825e-05,0.9999999496224113,-1.6041483470772983e-09,2.9892137154372614e-05,0.0003160089160940673,0,0,-0.65,0.7,0.35,0.08,0,-0.6081291856031584,0.0011432232018201128,0.5061943772661203,-0.7152634755202438,0.0012920652908824575,0.09494684025924002
16.2405000000075,0.2757813237140928,0.0004098056144687589,-8.036080922951601e-05,0.9999999496788494,-2.8307809189878055e-09,2.804247483751991e-05,0.00031599987241653427,0,0,-0.65,0.7,0.35,0.08,0,-0.6078354567906727,0.001143415328189474,0.5364439436941247,-0.7152502453023326,0.0012920543803022816,0.094937324314692
16.260500000007454,0.27579817623226505,0.0004098212827074517,-7.957768362651134e-05,0.9999999496726487,-2.9195320828168415e-09,2.834822771206841e-05,0.0003159922125526586,0,0,-0.65,0.7,0.35,0.08,0,-0.6077423805386108,0.0011435003165138015,0.5758709402752782,-0.7152393692991892,0.0012920654205681537,0.09493828449180486
16.280500000007407,0.2758103137235932,0.0004098338722460438,-7.631705648685592e-05,0.9999999496319377,-2.313591132630692e-09,2.9820793328181308e-05,0.00031598551035732483,0,0,-0.65,0.7,0.35,0.08,0,-0.6078032923325587,0.0011434980921987779,0.6217400185927913,-0.7152311661164922,0.0012920878601837596,0.09494487463531137
16.30050000000736,0.2758193118546204,0.0004098443835717187,-7.200149709123579e-05,0.9999999495732368,-1.387525949879585e-09,3.178839863277159e-05,0.0003159794635360725,0,0,-0.65,0.7,0.35,0.08,0,-0.6079762228791904,0.0011434283947123762,0.671555576722897,-0.7152254366574371,0.0012921144002883162,0.09495380177583806
16.320500000007314,0.27582619206353065,0.0004098534721441425,-6.744199113659494e-05,0.9999999495067202,-3.690221732086101e-10,3.3868388885358244e-05,0.0003159738766636882,0,0,-0.65,0.7,0.35,0.08,0,-0.6082251152768806,0.0011433101061815104,0.7231024254131123,-0.7152218561163549,0.0012921409288765464,0.09496325222183123
16.340500000007268,0.2758316149744581,0.0004098615631348572,-6.3079709254518e-05,0.9999999494391246,6.191159362547858e-10,3.585496173438554e-05,0.00031596862378342045,0,0,-0.65,0.7,0.35,0.08,0,-0.6085197503640947,0.0011431602410897997,0.7744687385052493,-0.7152200622247715,0.0012921652978168168,0.09497229144636407
16.36050000000722,0.27583601329703133,0.00040986893512282545,-5.914929471285288e-05,0.9999999493750855,1.5143747378799822e-09,3.764062862609108e-05,0.0003159636224176194,0,0,-0.65,0.7,0.35,0.08,0,-0.6088353697132131,0.0011429934091501327,0.8240560197796749,-0.7152196875604504,0.0012921864514542738,0.09498044919705625
16.380500000007174,0.2758396715488175,0.0004098757714997071,-5.576964847522591e-05,0.9999999493177812,2.2859533783677118e-09,3.917219786842098e-05,0.0003159588178815193,0,0,-0.65,0.7,0.35,0.08,0,-0.6091523996719416,0.0011428216130281016,0.8705788885286777,-0.7152210847338792,0.0012922040199604059,0.09498944650554944
16.400500000007128,0.27584279054839383,0.00040988220108857226,-5.300855057571821e-05,0.9999999492701094,2.8343422423917522e-09,4.040722277108617e-05,0.00031595416766224804,0,0,-0.65,0.7,0.35,0.08,0,-0.6094667210075807,0.0011426500698804233,0.9132670622262807,-0.7152835884818796,0.001292221118782096,0.09532067972066618
16.42050000000708,0.2758454941084111,0.00040988830688241246,-5.089668565870934e-05,0.9999999492342119,3.0982244505597397e-09,4.1320638893102306e-05,0.0003159496474775683,0,0,-0.65,0.7,0.35,0.08,0,-0.6097810342433668,0.0011424785324998705,0.9520313437659491,-0.7154764125408699,0.0012922390673824938,0.09667039839646238
16.440500000007034,0.2758478277958223,0.0004098941239997021,-4.940148633914941e-05,0.999999949209513,3.1884749989740224e-09,4.194726084269479e-05,0.00031594524811671943,0,0,-0.65,0.7,0.35,0.08,0,-0.6100953392345242,0.0011423070009586205,0.9868717331367118,-0.7158245873485458,0.001292257384403927,0.09945688954200681
16.460500000006988,0.2758498276343719,0.0004098996759530201,-4.8466169639893394e-05,0.9999999491947209,3.208321510326483e-09,4.2330428284439024e-05,0.0003159409614735324,0,0,-0.65,0.7,0.35,0.08,0,-0.6104096358362923,0.0011421354753288393,1.017788230327403,-0.7163345468871568,0.0012922757483800735,0.10383366723032307
16.48050000000694,0.2758515329684709,0.0004099049867128456,-4.8023184752749365e-05,0.9999999491884639,3.217730220524904e-09,4.250909569921394e-05,0.00031593677903192985,0,0,-0.65,0.7,0.35,0.08,0,-0.6107239239039254,0.001141963955682684,1.0447808353266619,-0.7169962280488698,0.001292293978707357,0.10973236813286298
16.500500000006895,0.2758529838290634,0.000409910080903116,-4.79993614027014e-05,0.9999999491893635,3.2441861998822585e-09,4.25182842811805e-05,0.0003159326925125675,0,0,-0.65,0.7,0.35,0.08,0,-0.6110382032926933,0.0011417924420922992,1.067849548122934,-0.717785761911967,0.0012923119898258194,0.11690501789520204
16.520500000006848,0.2758542179702157,0.000409914982216421,-4.831959833634035e-05,0.9999999491960546,3.296560113129845e-09,4.2390435354688754e-05,0.0003159286943424972,0,0,-0.65,0.7,0.35,0.08,0,-0.6113524738578817,0.0011416209346298194,1.0869943687044703,-0.718668462041456,0.0012923297541908353,0.12496502982323184
16.5405000000068,0.2758552694417543,0.0004099197123825331,-4.8909927268122565e-05,0.9999999492072056,3.3743734580796517e-09,4.2155918311653735e-05,0.0003159247778148741,0,0,-0.65,0.7,0.35,0.08,0,-0.6116667354547911,0.0011414494333673666,1.1022152970593275,-0.7196018373530254,0.0012923472776773255,0.13342580765766449
16.560500000006755,0.27585616822759784,0.0004099242907858528,-4.9700001045579634e-05,0.9999999492215643,3.4729899672687473e-09,4.184293089071151e-05,0.00031592093707870144,0,0,-0.65,0.7,0.35,0.08,0,-0.6119809879387395,0.001141277938377055,1.1135123331753682,-0.7205384391789244,0.0012923645841964172,0.14173600863626123
16.580500000006708,0.27585694040049086,0.0004099287344613238,-5.0625006065056014e-05,0.9999999492379935,3.5863064543658145e-09,4.1477162934644295e-05,0.0003159171670609044,0,0,-0.65,0.7,0.35,0.08,0,-0.6122952311650603,0.0011411064497309838,1.120885477040261,-0.7214284207809958,0.0012923817061857568,0.14931079642367256
16.60050000000666,0.2758576084683443,0.0004099330582567601,-5.16270247693321e-05,0.9999999492554984,3.708090852221692e-09,4.1081448854430486e-05,0.00031591346337158017,0,0,-0.65,0.7,0.35,0.08,0,-0.6126094649891051,0.001140934967501243,1.1243347286414802,-0.7222217398686477,0.001292398678715875,0.1555586778152831
16.620500000006615,0.27585819175642257,0.00040993727504523363,-5.2655894901902734e-05,0.9999999492732423,3.832626025720645e-09,4.067551283309141e-05,0.00031590982221349354,0,0,-0.65,0.7,0.35,0.08,0,-0.6129236892662405,0.0011407634917599105,1.123860087966305,-0.7228699733842155,0.001292415535861656,0.15990375088314418
16.64050000000657,0.2758587067621696,0.00040994139593447903,-5.366962470968982e-05,0.9999999492905509,3.955001614470349e-09,4.0275841705311715e-05,0.0003159062403027324,0,0,-0.65,0.7,0.35,0.08,0,-0.6132379038518516,0.0011405920225790523,1.1194615550018223,-0.7233277418502205,0.0012924323085493662,0.16180339003062172
16.66050000000652,0.2758591674640471,0.0004099454304540479,-5.463443003326531e-05,0.9999999493069033,4.071223863775899e-09,3.989568596500322e-05,0.0003159027148013944,0,0,-0.65,0.7,0.35,0.08,0,-0.613552108601341,0.0011404205600307226,1.1111391297349225,-0.7235537603122932,0.0012924490234009624,0.16076155423392108
16.680500000006475,0.27585958558529666,0.00040994938671697653,-5.552446178257909e-05,0.9999999493219232,4.17822717875658e-09,3.954517359817067e-05,0.00031589924326086134,0,0,-0.65,0.7,0.35,0.08,0,-0.6138663033701278,0.0011402491041869634,1.098892812152303,-0.7235115462051616,0.0012924657022649355,0.15633802945439662
16.70050000000643,0.27585997082092056,0.0004099532715594413,-5.6321291563370044e-05,0.9999999493353571,4.273829872450628e-09,3.923151515634952e-05,0.0003158958235735732,0,0,-0.65,0.7,0.35,0.08,0,-0.6141804880136507,0.0011400776551198054,1.0827226022404681,-0.7231698227589463,0.0012924823622162303,0.1481540068922758
16.720500000006382,0.2758603310378599,0.00040995709066397895,-5.701321986439286e-05,0.9999999493470657,4.356657104220235e-09,3.895927694420468e-05,0.0003158924539312609,0,0,-0.65,0.7,0.35,0.08,0,-0.6144946623873653,0.001139906212901266,1.0626284999857267,-0.7225026609939225,0.0012924990158648176,0.13589445836052008
16.740500000006335,0.27586067245745843,0.00040996084867178157,-5.759446586310562e-05,0.9999999493569937,4.4260449079824696e-09,3.873070006441126e-05,0.00031588913278792624,0,0,-0.65,0.7,0.35,0.08,0,-0.614808826346746,0.001139734777603352,1.0386105053741939,-0.7214894048448282,0.001292515671851518,0.11930780211013381
16.76050000000629,0.2758610019724911,0.000409964575234184,-5.8066092864828053e-05,0.9999999493652543,4.462488462687407e-09,3.8543865019697344e-05,0.00031588583553967983,0,0,-0.65,0.7,0.35,0.08,0,-0.6150038022785946,0.0011394806249942042,1.0106948430260843,-0.7200064642484534,0.0012923589135081898,0.0982664703368416
16.780500000006242,0.27586148171011105,0.000409967799713869,-5.907804722894221e-05,0.9999999494019022,9.442606664127548e-10,3.7605683304618735e-05,0.0003158828968879383,0,0,-0.65,0.7,0.35,0.08,0,-0.6128168916194401,0.0011392167408003824,0.9869994643021262,-0.7176979276478436,0.0012905629668527251,0.08520651284655234
16.800500000006195,0.27586026373222394,0.00040997048280907956,-6.05143082529098e-05,0.9999999494528828,-2.792089102993086e-09,3.6250891284883985e-05,0.00031587988830084605,0,0,-0.65,0.7,0.35,0.08,0,-0.6120702106004271,0.0011401199492475616,0.9785010677857887,-0.7175973997592642,0.0012910958765569185,0.08746084966532283
16.82050000000615,0.27585720571269934,0.0004099721473820939,-6.112513178600525e-05,0.9999999494597559,-2.202005869748248e-09,3.6085454532135364e-05,0.00031587707269676896,0,0,-0.65,0.7,0.35,0.08,0,-0.6120598769960234,0.001140713491011041,0.9734627913199213,-0.7178244316869278,0.0012917626670430299,0.0907808067073983
16.840500000006102,0.2758539448765278,0.0004099734697370871,-6.136661302358474e-05,0.9999999494530735,-5.893378887530535e-10,3.6293751058074585e-05,0.0003158743668908957,0,0,-0.65,0.7,0.35,0.08,0,-0.6121237661613312,0.0011410513124061625,0.968697738049717,-0.7179922349764911,0.0012921660778416526,0.09287494621270867
16.860500000006056,0.27585107217452987,0.00040997491056038676,-6.149011586813338e-05,0.9999999494480604,5.24983376989143e-10,3.645497298929071e-05,0.00031587167154682185,0,0,-0.65,0.7,0.35,0.08,0,-0.6121537744714016,0.001141245272840822,0.964172805978753,-0.7180824815431653,0.001292372257244796,0.09397629523077446
16.88050000000601,0.2758486276705858,0.00040997656650232627,-6.154535376536671e-05,0.9999999494462128,1.0428021586056333e-09,3.652895959829033e-05,0.0003158689698355772,0,0,-0.65,0.7,0.35,0.08,0,-0.6121557440318642,0.001141363282528211,0.9602393495042082,-0.7181261991968312,0.0012924703529820702,0.0945132053514453
16.900500000005962,0.2758465468992713,0.0004099784173895966,-6.153377919853707e-05,0.9999999494457271,1.2135799871869749e-09,3.656561019821491e-05,0.0003158662665898025,0,0,-0.65,0.7,0.35,0.08,0,-0.6121433096842676,0.0011414388471901321,0.9571203745809083,-0.7181443799657156,0.001292511748648505,0.09476187834335459
16.920500000005916,0.27584478645140525,0.0004099804362940383,-6.14570522013853e-05,0.9999999494451921,1.2408335820924042e-09,3.660354620075923e-05,0.0003158635656654932,0,0,-0.65,0.7,0.35,0.08,0,-0.6121262448973057,0.0011414913757286365,0.9548988515707358,-0.7181498600253977,0.0012925269416841694,0.09487525315728215
16.94050000000587,0.2758433304817934,0.0004099826100751352,-6.132232006805495e-05,0.9999999494439901,1.2329857334063613e-09,3.665963962746154e-05,0.00031586086818260973,0,0,-0.65,0.7,0.35,0.08,0,-0.6121110737220551,0.0011415320044189648,0.9535622342731033,-0.7181500215918053,0.0012925334938034497,0.09492821212453625
16.960500000005823,0.27584217604062855,0.0004099849342518665,-6.11402176279648e-05,0.9999999494420042,1.233211367166668e-09,3.67369341274005e-05,0.0003158581744863145,0,0,-0.65,0.7,0.35,0.08,0,-0.6121005222327504,0.001141564718179209,0.9530401745776148,-0.718147993044613,0.0012925378894772508,0.09495367661871329
16.980500000005776,0.2758413211878839,0.0004099874063151763,-6.092284945703707e-05,0.99999994943936,1.251603261336673e-09,3.6831912858136866e-05,0.00031585548510319354,0,0,-0.65,0.7,0.35,0.08,0,-0.6120953301645825,0.0011415907906758742,0.953233182658615,-0.7181450551294991,0.001292541995410339,0.09496626170172455
17.00050000000573,0.2758407589321028,0.00040999002154874423,-6.068222558123688e-05,0.9999999494362583,1.2858115146475158e-09,3.6939013325796894e-05,0.0003158528011954959,0,0,-0.65,0.7,0.35,0.08,0,-0.6120953685962525,0.0011416108401800182,0.9540286638979362,-0.718141755373072,0.0012925462081709964,0.09497268341558456
17.020500000005683,0.2758404754645993,0.0004099927714405337,-6.042943437745627e-05,0.9999999494328983,1.3305203560302687e-09,3.705264576006862e-05,0.00031585012463596854,0,0,-0.65,0.7,0.35,0.08,0,-0.6121001154195564,0.001141625454647668,0.955310034534855,-0.7181383376858935,0.0012925505271570497,0.09497611272425921
17.040500000005636,0.2758404504943893,0.0004099956436106501,-6.0174268601943364e-05,0.9999999494294648,1.3807691482102172e-09,3.716788496208875e-05,0.0003158474578969118,0,0,-0.65,0.7,0.35,0.08,0,-0.6121088646382973,0.001141635316279882,0.9569625197426436,-0.7181349120300934,0.0012925548734739171,0.09497807048027808
17.06050000000559,0.27584065838293653,0.0004099986223985641,-5.992506918286329e-05,0.9999999494261064,1.4327220060501107e-09,3.728063300627887e-05,0.00031584480388464296,0,0,-0.65,0.7,0.35,0.08,0,-0.612120832557344,0.0011416411844775668,0.9588771466985941,-0.7181315260361925,0.001292559172737655,0.09497929086097759
17.080500000005543,0.2758410695040883,0.0004100016896703602,-5.9688678824135664e-05,0.9999999494229457,1.483608261064982e-09,3.738760893991844e-05,0.0003158421657723712,0,0,-0.65,0.7,0.35,0.08,0,-0.6121352200346678,0.0011416438507936152,0.9609535624398251,-0.7181281972378374,0.0012925633707029092,0.09498012817949814
17.100500000005496,0.27584165160542784,0.00041000482565815366,-5.947046159594909e-05,0.9999999494200787,1.531489411802622e-09,3.7486292114187955e-05,0.0003158395468481941,0,0,-0.65,0.7,0.35,0.08,0,-0.6121512527409299,0.0011416440970068698,0.9631019709796594,-0.7181249283350378,0.0012925674321244245,0.09498075252905219
17.12050000000545,0.2758423710853713,0.0004100080097568192,-5.927436858252477e-05,0.9999999494175748,1.5750496157272606e-09,3.757485566177596e-05,0.00031583695038273107,0,0,-0.65,0.7,0.35,0.08,0,-0.6121682083577338,0.0011416426628134422,0.965244355588334,-0.7181217147180644,0.0012925713367148608,0.0949812449271665
17.140500000005403,0.27584319414944924,0.0004100112212473854,-5.910303769661567e-05,0.9999999494154818,1.6134438841537183e-09,3.765209767568702e-05,0.0003158343795174124,0,0,-0.65,0.7,0.35,0.08,0,-0.6121854348509009,0.0011416402230738252,0.9673151014563807,-0.7181185483150099,0.0012925750754853378,0.09498164380763743
17.160500000005356,0.2758440878267948,0.000410014439932963,-5.895791855102067e-05,0.999999949413824,1.646192990973051e-09,3.7717370604732014e-05,0.0003158318371734326,0,0,-0.65,0.7,0.35,0.08,0,-0.6122023620484802,0.001141637373160606,0.969261113361808,-0.7181154196366576,0.0012925786479328094,0.09498196773258108
17.18050000000531,0.2758450208357772,0.00041001764667991935,-5.883941450074324e-05,0.9999999494126116,1.6731083527185129e-09,3.777050882248495e-05,0.0003158293259808962,0,0,-0.65,0.7,0.35,0.08,0,-0.612218507934232,0.0011416346208777907,0.9710415138686399,-0.7181123189090781,0.0012925820599134555,0.0949822264203563
17.200500000005263,0.2758459642931022,0.00041002082386086693,-5.874703480714776e-05,0.9999999494118355,1.6942343918119097e-09,3.781175507395786e-05,0.00031582684822726784,0,0,-0.65,0.7,0.35,0.08,0,-0.612233480686899,0.001141632383612314,0.972627002396862,-0.7181092367255956,0.001292585321986317,0.09498242601780665
17.220500000005217,0.2758468922654731,0.00041002395569906185,-5.8679550672246665e-05,0.999999949411475,1.7098009345715345e-09,3.784168713223741e-05,0.0003158244058238693,0,0,-0.65,0.7,0.35,0.08,0,-0.6122469773003478,0.0011416309895765807,0.9739989510660555,-0.7181061644312715,0.0012925884480726015,0.09498257153643026
17.24050000000517,0.27584778216732725,0.00041002702851651763,-5.86351497266934e-05,0.9999999494114983,1.7201817372126318e-09,3.7861146269708424e-05,0.00031582200028881026,0,0,-0.65,0.7,0.35,0.08,0,-0.6122587795037389,0.0011416306821656593,0.9751483082902606,-0.7181030943474458,0.0012925914543378333,0.09498266789541455
17.260500000005123,0.27584861501213737,0.00041003003089055604,-5.861158442675472e-05,0.9999999494118667,1.7258573793396402e-09,3.7871169135461533e-05,0.0003158196327444922,0,0,-0.65,0.7,0.35,0.08,0,-0.6122687476183414,0.0011416316265891987,0.976074375319229,-0.7181000198928775,0.0012925943582461782,0.09498272028709806
17.280500000005077,0.2758493755281278,0.0004100329537255783,-5.8606310699654e-05,0.9999999494125357,1.7273818680473727e-09,3.787292444156344e-05,0.0003158173039276382,0,0,-0.65,0.7,0.35,0.08,0,-0.6122768129182693,0.0011416339180566571,0.9767835143044609,-0.7180969356329892,0.001292597177760446,0.0949827342210712
17.30050000000503,0.2758500521519226,0.0004100357902484947,-5.861661404374921e-05,0.9999999494134573,1.72535284591052e-09,3.78676555815519e-05,0.00031581501420971267,0,0,-0.65,0.7,0.35,0.08,0,-0.612282968997937,0.0011416375909019485,0.9772878392115691,-0.7180938372765346,0.0012925999306737375,0.09498271542503366
17.320500000004984,0.2758506369155824,0.0004100385359374516,-5.86397211144169e-05,0.9999999494145857,1.720385466538092e-09,3.785662999110341e-05,0.00031581276362558746,0,0,-0.65,0.7,0.35,0.08,0,-0.6122872625862327,0.0011416426281333123,0.9776039332596632,-0.7180907216328478,0.0012926026340639872,0.09498266969182474
17.340500000004937,0.2758511252437168,0.00041004118839426914,-5.86728955868545e-05,0.9999999494158718,1.713090031510431e-09,3.7841095747949377e-05,0.00031581055190836236,0,0,-0.65,0.7,0.35,0.08,0,-0.6122897841856476,0.0011416489709873804,0.9777516288070026,-0.7180875865395583,0.00129260530386411,0.09498260271745684
17.36050000000489,0.27585151567791505,0.0004100437471713623,-5.871351776882504e-05,0.9999999494172714,1.7040534410974813e-09,3.782224561648254e-05,0.0003158083785283717,0,0,-0.65,0.7,0.35,0.08,0,-0.6122906588541382,0.0011416565281527423,0.9777528779634532,-0.7180844307689024,0.0012926079545402293,0.09498251995233267
17.380500000004844,0.27585180954570415,0.0004100462135638957,-5.8759148029663544e-05,0.9999999494187424,1.6938243719219185e-09,3.7801188483704934e-05,0.00031580624273457,0,0,-0.65,0.7,0.35,0.08,0,-0.6122900373891139,0.0011416651844073547,0.9776307349041828,-0.7180812539194081,0.0012926105988692895,0.09498242647604263
17.400500000004797,0.2758520105906863,0.0004100485903775953,-5.8807574608607746e-05,0.9999999494202464,1.6829020488718872e-09,3.777892791341604e-05,0.00031580414359667973,0,0,-0.65,0.7,0.35,0.08,0,-0.612288088117393,0.0011416748084853068,0.9774084640563934,-0.7180780562989085,0.0012926132478063407,0.09498232689984602
17.42050000000475,0.2758521245795152,0.00041005088168202,-5.8856846768237126e-05,0.9999999494217505,1.6717284051609423e-09,3.775634736720279e-05,0.00031580208004670723,0,0,-0.65,0.7,0.35,0.08,0,-0.6122849894430439,0.0011416852600511396,0.9771087821621806,-0.7180748388039337,0.0012926159104307416,0.09498222529748471
17.440500000004704,0.2758521589000448,0.00041005309255826846,-5.8905294566520616e-05,0.9999999494232271,1.6606832782974388e-09,3.773420150388725e-05,0.0003158000509186601,0,0,-0.65,0.7,0.35,0.08,0,-0.6122809232573525,0.001141696395714148,0.9767532367769579,-0.7180716027998232,0.0012926185939600545,0.09498212516298671
17.460500000004657,0.2758521221633842,0.000410055228849116,-5.8951536740014615e-05,0.9999999494246529,1.6500823515026272e-09,3.771311287179868e-05,0.0003157980549855279,0,0,-0.65,0.7,0.35,0.08,0,-0.6122760692722877,0.0011417080740606966,0.9763617190991573,-0.7180683500051361,0.0012926213038201091,0.09498202939299695
17.48050000000461,0.2758520238208403,0.00041005729691846775,-5.8994478327943035e-05,0.99999994942601,1.640177470984107e-09,3.7693573247659736e-05,0.0003157960909928144,0,0,-0.65,0.7,0.35,0.08,0,-0.6122706003010855,0.0011417201597199104,0.9759521051651562,-0.7180650823832542,0.0012926240437599451,0.09498194029052777
17.500500000004564,0.27585187380486476,0.0004100593034258517,-5.9033299731177956e-05,0.9999999494272848,1.631158870266437e-09,3.767594884816883e-05,0.00031579415768812367,0,0,-0.65,0.7,0.35,0.08,0,-0.6122646784772231,0.0011417325265075506,0.9755400163773768,-0.7180618020433924,0.0012926268160007495,0.09498185958671113
17.520500000004517,0.27585168220123857,0.00041006125512050906,-5.9067438900146054e-05,0.9999999494284685,1.6231590204498655e-09,3.7660488641331765e-05,0.00031579225384649744,0,0,-0.65,0.7,0.35,0.08,0,-0.6122584523761068,0.0011417450597152126,0.9751386880332226,-0.7180585111525977,0.0012926296214087042,0.09498178847704523
17.54050000000447,0.2758514589578757,0.00041006315865845905,-5.9096568293102645e-05,0.999999949429556,1.6162576556991206e-09,3.7647335009579946e-05,0.0003157903782913745,0,0,-0.65,0.7,0.35,0.08,0,-0.6122520549822391,0.001141757657627526,0.9747589329388759,-0.7180552118597434,0.001292632459682484,0.09498172766870477
17.560500000004424,0.2758512136338653,0.0004100650204448308,-5.9120568149873356e-05,0.9999999494305462,1.6104876804931823e-09,3.763653606122748e-05,0.00031578852991120135,0,0,-0.65,0.7,0.35,0.08,0,-0.6122456024282162,0.0011417702323599798,0.9744091862612255,-0.7180519062319992,0.0012926353295472396,0.09498167743565344
17.580500000004378,0.2758509551907291,0.0004100668465027029,-5.9139497497027756e-05,0.9999999494314402,1.6058415642692368e-09,3.762805894632018e-05,0.00031578670767184514,0,0,-0.65,0.7,0.35,0.08,0,-0.6122391934203493,0.0011417827101148834,0.9740956174193861,-0.7180485962038015,0.0012926382289480149,0.09498163767859054
17.60050000000433,0.2758506918263957,0.0004100686423687859,-5.91535641472531e-05,0.999999949432243,1.6022780003702485e-09,3.762180360311472e-05,0.00031578491062506716,0,0,-0.65,0.7,0.35,0.08,0,-0.6122329092585747,0.001141795030953722,0.9738222949639573,-0.718045283537958,0.0012926411552367106,0.09498160798707002
17.620500000004284,0.27585043085109584,0.0004100704130154494,-5.916309478735511e-05,0.9999999494329603,1.59972856146635e-09,3.761761643854188e-05,0.0003157831379133969,0,0,-0.65,0.7,0.35,0.08,0,-0.6122268143551609,0.0011418071481814533,0.9735913909541791,-0.718041969798196,0.0012926441053478115,0.0949815877014967
17.640500000004238,0.27585017860327826,0.0004100721627979112,-5.916850607368157e-05,0.9999999494335998,1.5981041497478426e-09,3.761530352634487e-05,0.0003157813887717987,0,0,-0.65,0.7,0.35,0.08,0,-0.6122209571569841,0.0011418190274330212,0.9734034122373594,-0.7180386563322186,0.001292647075959245,0.09498157597307952
17.66050000000419,0.27584994040275496,0.00041007389542483693,-5.917027747715445e-05,0.9999999494341705,1.5973010580508585e-09,3.7614642987273305e-05,0.0003157796625265667,0,0,-0.65,0.7,0.35,0.08,0,-0.6122153713792942,0.0011418306455451385,0.9732574471811055,-0.7180353442641587,0.0012926500636358017,0.09498157182018584
17.680500000004145,0.27584972053758033,0.0004100756139501601,-5.9168926448427645e-05,0.9999999494346803,1.5972065211502938e-09,3.761539629413197e-05,0.00031577795859188853,0,0,-0.65,0.7,0.35,0.08,0,-0.6122100774643604,0.0011418419892877218,0.9731514177314864,-0.7180320344951653,0.0012926530649533616,0.09498157417992317
17.700500000004098,0.2758495222806684,0.0004100773207836154,-5.916498631088941e-05,0.9999999494351391,1.5977036681771028e-09,3.761731831850383e-05,0.000315776276464541,0,0,-0.65,0.7,0.35,0.08,0,-0.612205084185637,0.0011418530540200774,0.9730823281001716,-0.7180287277108567,0.0012926560766032102,0.09498158195409073
17.72050000000405,0.2758493479318349,0.0004100790177172747,-5.9158987141101064e-05,0.9999999494355566,1.5986758231399988e-09,3.762016600402285e-05,0.000315774615717141,0,0,-0.65,0.7,0.35,0.08,0,-0.6122003903265818,0.0011418638423272198,0.9730465028593552,-0.7180254243942954,0.001292659095476328,0.09498159404896281
17.740500000004005,0.275849198880799,0.0004100807059652762,-5.91514397610146e-05,0.9999999494359412,1.6000101105828968e-09,3.762370561200131e-05,0.00031577297599037275,0,0,-0.65,0.7,0.35,0.08,0,-0.6121959863725629,0.001141874362681986,0.9730398086916018,-0.7180221248432185,0.0012926621187281996,0.09498160940864919
17.760500000003958,0.2758490756866736,0.0004100823862139422,-5.9142822850625416e-05,0.9999999494363018,1.6016003706229782e-09,3.76277185382046e-05,0.0003157713569845705,0,0,-0.65,0.7,0.35,0.08,0,-0.6121918561639478,0.00114188462816943,0.9730578554580022,-0.7180188291903129,0.0012926651438252312,0.09498162704201533
17.78050000000391,0.27584897816960136,0.00041008405867954556,-5.913357309108679e-05,0.9999999494366447,1.6033494125874804e-09,3.763200574425605e-05,0.0003157697584509945,0,0,-0.65,0.7,0.35,0.08,0,-0.6121879784681344,0.0011418946553012352,0.9730961735762995,-0.7180155374254096,0.0012926681685742315,0.09498164604333635
17.800500000003865,0.2758489055104301,0.0004100857231711453,-5.9124078168095645e-05,0.999999949436978,1.605170603532808e-09,3.763639088344363e-05,0.0003157681801831009,0,0,-0.65,0.7,0.35,0.08,0,-0.6121843284376471,0.001141904462939954,0.9731503659133379,-0.71801224941861,0.0012926711911367126,0.09498166560703539
17.82050000000382,0.2758488563546353,0.0004100873791561043,-5.911467240313712e-05,0.9999999494373065,1.606988903680693e-09,3.764072222882291e-05,0.0003157666220080561,0,0,-0.65,0.7,0.35,0.08,0,-0.6121808789302527,0.0011419140713458517,0.9732162334737464,-0.7180089649434579,0.0012926742100299322,0.09498168503698923
17.84050000000377,0.27584882891708623,0.0004100890258261431,-5.9105634735116136e-05,0.999999949437636,1.6087413617929314e-09,3.7644873531802225e-05,0.0003157650837786984,0,0,-0.65,0.7,0.35,0.08,0,-0.6121776016751351,0.001141923501352971,0.9732898750968603,-0.7180056836994345,0.0012926772241167507,0.09498170375095723
17.860500000003725,0.2758488210846814,0.0004100906621620557,-5.909718874515123e-05,0.9999999494379695,1.6103771670737146e-09,3.764874395255734e-05,0.00031576356536611454,0,0,-0.65,0.7,0.35,0.08,0,-0.6121744682764289,0.0011419327736759042,0.9733677621507936,-0.7180024053331779,0.0012926802325863966,0.09498172128077356
17.88050000000368,0.27584883051433207,0.00041009228699550335,-5.908950440211225e-05,0.9999999494383106,1.6118573043162653e-09,3.765225721030846e-05,0.00031576206665294063,0,0,-0.65,0.7,0.35,0.08,0,-0.6121714510516996,0.0011419419083444015,0.9734467898361852,-0.7179991294579704,0.0012926832349281201,0.09498173726895835
17.900500000003632,0.27584885472424364,0.00041009389906658647,-5.908270120393882e-05,0.999999949438661,1.6131538942455288e-09,3.7655360102488075e-05,0.00031576058752747296,0,0,-0.65,0.7,0.35,0.08,0,-0.6121685237082873,0.0011419509242596843,0.9735243071872031,-0.7179958556711467,0.0012926862308997077,0.0949817514624138
17.920500000003585,0.27584889117689837,0.00041009549707619555,-5.9076852397041306e-05,0.9999999494390214,1.6142493050306615e-09,3.7658020538059715e-05,0.000315759127878626,0,0,-0.65,0.7,0.35,0.08,0,-0.6121656618648016,0.0011419598388636766,0.9735981281924871,-0.7179925835692307,0.00129268922049261,0.09498176370386878
17.94050000000354,0.27584893735259336,0.00041009707973240986,-5.907198997268422e-05,0.9999999494393933,1.615135067461275e-09,3.7660225222572195e-05,0.0003157576875917533,0,0,-0.65,0.7,0.35,0.08,0,-0.6121628434284294,0.0011419686679106367,0.973666526665463,-0.717989312760679,0.0012926922038953492,0.09498177392168368
17.960500000003492,0.27584899081279474,0.00041009864579048426,-5.906811016242576e-05,0.9999999494397761,1.6158106804455922e-09,3.76619771216938e-05,0.0003157562665453107,0,0,-0.65,0.7,0.35,0.08,0,-0.6121600488412687,0.0011419774253294543,0.9737282175856394,-0.717986042876207,0.0012926951814565565,0.0949817821185934
17.980500000003445,0.27584904925295595,0.0004101001940861961,-5.9065179182803406e-05,0.9999999494401689,1.6162823683578845e-09,3.7663292817023445e-05,0.00031575486460832933,0,0,-0.65,0.7,0.35,0.08,0,-0.6121572612105671,0.001141986123164308,0.9737823276253094,-0.7179827735767769,0.0012926981536488754,0.09498178835990351
18.0005000000034,0.2758491105447801,0.00041010172356254057,-5.906313901105427e-05,0.9999999494405718,1.6165618150770903e-09,3.766419985339989e-05,0.0003157534816386401,0,0,-0.65,0.7,0.35,0.08,0,-0.6121544663387191,0.0011419947715812797,0.9738283574853864,-0.7179795045593699,0.0012927011210347179,0.09498179276160046
18.020500000003352,0.2758491727682001,0.0004101032332899463,-5.906191300704645e-05,0.9999999494409825,1.6166649319416803e-09,3.7664734161596355e-05,0.0003157521174817819,0,0,-0.65,0.7,0.35,0.08,0,-0.6121516526691984,0.0011420033789288088,0.9738661385059034,-0.7179762355606918,0.0012927040842346184,0.09498179547874733
18.040500000003306,0.27584923423359653,0.0004101047224803351,-5.9061411230380216e-05,0.9999999494413994,1.6166106878366566e-09,3.766493762480147e-05,0.0003157507719705173,0,0,-0.65,0.7,0.35,0.08,0,-0.6121488111643791,0.001142011951840455,0.9738957858065775,-0.7179729663590632,0.0012927070438988049,0.09498179669449507
18.06050000000326,0.2758492934949678,0.0004101061904954806,-5.906153533503012e-05,0.9999999494418218,1.6164200314836947e-09,3.766485584203297e-05,0.0003157494449248717,0,0,-0.65,0.7,0.35,0.08,0,-0.6121459351305286,0.0011420204953692659,0.9739176499654978,-0.7179696967747007,0.0012927100006823195,0.09498179660994474
18.080500000003212,0.275849349354916,0.000410107636850205,-5.906218295546079e-05,0.999999949442247,1.616114920967286e-09,3.766453612713435e-05,0.00031574813615261287,0,0,-0.65,0.7,0.35,0.08,0,-0.61214302000425,0.0011420290131440654,0.9739322689730615,-0.7179664266686304,0.0012927129552239129,0.09498179543504542
18.100500000003166,0.2758494008624218,0.00041010906121102873,-5.9063251527593425e-05,0.9999999494426738,1.615717478412972e-09,3.7664025768636984e-05,0.00031574684545008635,0,0,-0.65,0.7,0.35,0.08,0,-0.6121400631133678,0.001142037507539063,0.9739403219158591,-0.7179631559405174,0.0012927159081287927,0.09498179338065835
18.12050000000312,0.27584944730444017,0.0004101104633909231,-5.90646415145728e-05,0.9999999494431004,1.6152492702287386e-09,3.766337056364343e-05,0.00031574557260332406,0,0,-0.65,0.7,0.35,0.08,0,-0.6121370634238021,0.0011420459798493633,0.9739425855619626,-0.7179598845256188,0.0012927188599551314,0.09498179065183304
18.140500000003073,0.27584948819238053,0.0004101118433408357,-5.906625903044802e-05,0.9999999494435254,1.614730722730619e-09,3.7662613628294166e-05,0.0003157443173893532,0,0,-0.65,0.7,0.35,0.08,0,-0.6121340212824139,0.0011420544304661141,0.9739398947439589,-0.7179566123911129,0.0012927218112041654,0.09498178744232896
18.160500000003026,0.2758495232445231,0.0004101132011386522,-5.90680178748949e-05,0.9999999494439474,1.6141806535188074e-09,3.7661794478397164e-05,0.0003157430795776345,0,0,-0.65,0.7,0.35,0.08,0,-0.6121309381642153,0.0011420628590461679,0.9739331071763525,-0.7179533395320202,0.001292724762313631,0.09498178393035431
18.18050000000298,0.2758495523653958,0.0004101145369762408,-5.906984100816374e-05,0.9999999494443637,1.6136159511482268e-09,3.766094836634537e-05,0.0003157418589315665,0,0,-0.65,0.7,0.35,0.08,0,-0.6121278164307506,0.0011420712646722545,0.9739230731053468,-0.7179500659668892,0.0012927277136541976,0.09498178027545828
18.200500000002933,0.2761012654648678,0.0004102711232460559,-6.0626049032130276e-05,0.9999999495203198,1.8623915361391858e-09,3.5679617584376226e-05,0.0003157314095873873,1.9987370720724869,-0.000757756756507888,-0.65,0.7,0.35,0.08,0.0,-0.6121162199354129,0.0011420937734563318,0.9739102003733583,-0.7179469346084669,0.0012927303991224041,0.09498177190775556
18.220500000002886,0.276921680241794,0.0004107835825278664,-6.271209916609549e-05,0.9999999496232792,2.2236405943905398e-09,3.30176660678376e-05,0.00031569490519223724,1.9987372153864689,-0.0007576707681186789,-0.65,0.7,0.35,0.08,0.0,-0.6120415594519297,0.0011421845891690335,0.9738978300756276,-0.7179444248866571,0.001292732281220227,0.09498175249152627
18.24050000000284,0.2782234633943383,0.00041159951317309393,-6.379565703906811e-05,0.9999999496870854,2.4909267898785097e-09,3.166294845140033e-05,0.00031563156582117683,1.9987374660981674,-0.0007575203410995712,-0.65,0.7,0.35,0.08,0.0,-0.6118366435989123,0.00114239150316361,0.9738896555614173,-0.7179426347141497,0.0012927333681522846,0.09498173184482842
18.260500000002793,0.2799325722958668,0.00041267231247474735,-6.412707083099442e-05,0.9999999497271367,2.730258732970651e-09,3.1285091185891746e-05,0.00031554233949293695,1.9987378204730701,-0.0007573077161579178,-0.65,0.7,0.35,0.08,0.0,-0.6114412085746654,0.001142755679186225,0.9738853043947772,-0.7179414999121809,0.0012927337513453541,0.0949817160691186
18.280500000002746,0.2819867840901154,0.00041396253953665936,-6.406250172086827e-05,0.9999999497591919,2.998193306574751e-09,3.140860543487037e-05,0.00031542845971358814,1.9987382735893968,-0.0007570358463619087,-0.65,0.7,0.35,0.08,0.0,-0.6108045350594534,0.0011433112632769755,0.9738836646098294,-0.717940916994343,0.0012927335388943175,0.09498170526734331
18.3005000000027,0.28433364375873893,0.00041543687622142933,-6.382433158551693e-05,0.9999999497920066,3.314506631688466e-09,3.1740194992005254e-05,0.0003152912091685892,1.998738820316369,-0.000756707810178625,-0.65,0.7,0.35,0.08,0.0,-0.6098860541783727,0.001144085193133869,0.9738838144553854,-0.717940774445708,0.0012927328501686835,0.09498169821253072
18.320500000002653,0.2869291383331704,0.00041706732449055153,-6.352668717364088e-05,0.9999999498296619,3.6780421695064033e-09,3.213405362899797e-05,0.0003151318385834056,1.9987394556454907,-0.0007563266127055712,-0.65,0.7,0.35,0.08,0.0,-0.6086552042307888,0.0011450973662550253,0.9738850830610513,-0.7179409622112543,0.0012927318112307578,0.09498169387635041
18.340500000002606,0.28973655955610805,0.00041883049757045963,-6.322172418189606e-05,0.9999999498737603,4.079568758443127e-09,3.2527122073240265e-05,0.0003149515251063152,1.9987401748594396,-0.0007558950843362666,-0.65,0.7,0.35,0.08,0.0,-0.6070909868034432,0.0011463609938928713,0.97388697537903,-0.7179413752624648,0.001292730548653014,0.09498169157855246
18.36050000000256,0.29272546948284844,0.0004207069712366274,-6.29301556796394e-05,0.9999999499246944,4.5081402549598665e-09,3.289676169199807e-05,0.00031475134876720413,1.998740973627652,-0.0007554158234087893,-0.65,0.7,0.35,0.08,0.0,-0.6051813421045393,0.0011478830817793755,0.9738891096557216,-0.7179419155866343,0.0012927291838849683,0.09498169088142126
18.380500000002513,0.29587076274699897,0.00042268069380328114,-6.26579097704114e-05,0.9999999499823292,4.953646914100868e-09,3.323828937374099e-05,0.00031453228082023004,1.9987418480539674,-0.0007548911676195757,-0.65,0.7,0.35,0.08,0.0,-0.602922390233647,0.0011496650051867146,0.9738911810554075,-0.7179424936188652,0.0012927278289796647,0.09498169149174049
18.400500000002467,0.29915182701634124,0.0004247384566008324,-6.24045530447472e-05,0.9999999500463298,5.4076114362137444e-09,3.355410273879337e-05,0.00031429518072222036,1.9987427946894494,-0.0007543231863303745,-0.65,0.7,0.35,0.08,0.0,-0.6003175724021543,0.001151703150726736,0.973892942773439,-0.7179430293049559,0.0012927265836762908,0.09498169319684774
18.42050000000242,0.3025517999417066,0.00042686942444595106,-6.21673585054158e-05,0.9999999501163188,5.863265581403915e-09,3.3848727803234846e-05,0.0003140407993913454,1.998743810519887,-0.0007537136880678474,-0.65,0.7,0.35,0.08,0.0,-0.5973767243381367,0.001153989598979019,0.9738941965570231,-0.71794345281962,0.0012927255336148834,0.09498169582576178
18.440500000002373,0.3060569178835631,0.00042906472357056896,-6.194317901006481e-05,0.9999999501919438,6.315363943916164e-09,3.412670790013858e-05,0.0003137697868938801,1.9987448929354086,-0.0007530642387548525,-0.65,0.7,0.35,0.08,0.0,-0.5941151126954998,0.0011565128241728354,0.9738947877655508,-0.7179437049527814,0.0012927247494504738,0.09498169922690702
18.460500000002327,0.3096559501024965,0.00043131708334706164,-6.172924380212948e-05,0.9999999502728987,6.759923000337961e-09,3.4391804297123446e-05,0.0003134827030780777,1.998746039688184,-0.0007523761870896095,-0.65,0.7,0.35,0.08,0.0,-0.5905524627718003,0.0011592583899778144,0.9738946023860964,-0.7179437371891502,0.0012927242866705784,0.09498170325675084
18.48050000000228,0.31333971147916023,0.0004336205276526678,-6.152343782714018e-05,0.9999999503589334,7.193958985501515e-09,3.46467827505181e-05,0.00031318002996693804,1.9987472488429754,-0.0007516506942147671,-0.65,0.7,0.35,0.08,0.0,-0.5867120025024499,0.0011622096236731253,0.9738935646999635,-0.7179435115164576,0.0012927241859560605,0.09498170777540864
18.500500000002233,0.3171006467284866,0.00043597011157028295,-6.132433987501748e-05,0.9999999504498489,7.615251360139222e-09,3.489345027423302e-05,0.0003128621849601724,1.9987485187243719,-0.0007508887653768781,-0.65,0.7,0.35,0.08,0.0,-0.5826195439596046,0.001165348254280261,0.9738916349624337,-0.7179430000027857,0.0012927244739540055,0.09498171264634513
18.520500000002187,0.3209324792204511,0.00043836169915235766,-6.11311545121998e-05,0.9999999505454881,8.022139930651623e-09,3.513278933551487e-05,0.0003125295340953267,1.9987498478637207,-0.0007500912817675953,-0.65,0.7,0.35,0.08,0.0,-0.5783026197384182,0.0011686550034693758,0.9738888068010509,-0.7179421841849627,0.0012927251643543285,0.0949817177382063
18.54050000000214,0.3248299177796198,0.0004407917780912712,-6.0943603291898225e-05,0.9999999506457262,8.413356360137703e-09,3.536512090225868e-05,0.00031218240478831955,1.9987512349480898,-0.0007492590311461101,-0.65,0.7,0.35,0.08,0.0,-0.5737896878466525,0.0011721101210663302,0.9738851042196899,-0.7179410543092107,0.0012927262591805005,0.09498172292747106
18.560500000002094,0.32878841514611906,0.0004432573073012952,-6.07618066500024e-05,0.9999999507504662,8.787887995329521e-09,3.559026615505837e-05,0.00031182109762036085,1.998752678773008,-0.0007483927361951358,-0.65,0.7,0.35,0.08,0.0,-0.5691094151402916,0.0011756938597285566,0.9738805781971076,-0.717939608463147,0.0012927277502201352,0.0949817281011259
18.580500000002047,0.3328039721153044,0.0004457555936049168,-6.0586171186322725e-05,0.9999999508596298,9.144870945596088e-09,3.580769411195874e-05,0.0003114458968647443,1.998754178200219,-0.000747493079868633,-0.65,0.7,0.35,0.08,0.0,-0.5642900460397594,0.0011793868857862164,0.9738753029281272,-0.717937851635282,0.0012927296205338488,0.09498173315890104
18.600500000002,0.33687298172183755,0.0004482841939210527,-6.0417288824129904e-05,0.9999999509731452,9.483509003976227e-09,3.601665034323867e-05,0.00031105707955560305,1.9987557321212535,-0.0007465607272479246,-0.65,0.7,0.35,0.08,0.0,-0.5593588602640794,0.001183170625345934,0.9738693717911009,-0.7179357947347763,0.0012927318459911522,0.0949817380148556
18.620500000001954,0.34099210819188236,0.00045084083957006645,-6.0255850296876276e-05,0.9999999510909482,9.803015033495817e-09,3.621626558244858e-05,0.00031065492299293273,1.9987573394272546,-0.0007455963436472146,-0.65,0.7,0.35,0.08,0.0,-0.5543417206612448,0.001187027546528124,0.9738628931454536,-0.7179334536005121,0.0012927343967907116,0.09498174259825778
18.640500000001907,0.3451581957525743,0.0004534233795376515,-6.0102573408272065e-05,0.9999999512129735,1.0102571524014159e-08,3.640564471754206e-05,0.00031023971065522436,1.9987589989851635,-0.0007446006089018908,-0.65,0.7,0.35,0.08,0.0,-0.549262709906212,0.0011909413801665918,0.9738559860724051,-0.7179308480246052,0.001292737238929257,0.09498174685376383
18.66050000000186,0.3493682027588983,0.00045602973977420565,-5.9958145516598246e-05,0.9999999513391502,1.0381307214714968e-08,3.658393742855056e-05,0.0003098117365540876,1.9987607096201518,-0.0007435742279088941,-0.65,0.7,0.35,0.08,0.0,-0.5441438528865572,0.0011948972824592388,0.9738487761730191,-0.7179280008116887,0.0012927403355897924,0.09498175074102319
18.680500000001814,0.35361915697240426,0.00045865789584589444,-5.982317920396277e-05,0.9999999514693994,1.0638286875425461e-08,3.6750392099974395e-05,0.00030937130811530743,1.9987624701039541,-0.0007425179376275181,-0.65,0.7,0.35,0.08,0.0,-0.5390049199945415,0.0011988819439443187,0.9738413915323657,-0.7179249368913551,0.0012927436484250507,0.09498175423377327
18.700500000001767,0.3579081282011015,0.00046130585649576446,-5.969817985762411e-05,0.9999999516036344,1.0872511568575613e-08,3.690439479095444e-05,0.0003089187477089618,1.9987642791486193,-0.0007414325108284103,-0.65,0.7,0.35,0.08,0.0,-0.5338633052804591,0.0012028836498140317,0.9738339589483023,-0.7179216824975695,0.00129274713871749,0.09498175731859698
18.72050000000172,0.3622322148823526,0.00046397165591539923,-5.9583523794021864e-05,0.999999951741758,1.1082926952575405e-08,3.704549509145796e-05,0.00030845439297866924,1.9987661354050807,-0.0007403187569515523,-0.65,0.7,0.35,0.08,0.0,-0.5287339724772412,0.0012068922969934782,0.973826600509467,-0.717918264425268,0.001292750768401928,0.09498175999342261
18.740500000001674,0.36658854155737314,0.0004666533527671546,-5.9479445535589336e-05,0.9999999518836589,1.126843744348653e-08,3.717342067414447e-05,0.0003079785961378508,1.9987680374658812,-0.0007391775204713013,-0.65,0.7,0.35,0.08,0.0,-0.5236294612572445,0.0012108993736356336,0.9738194305907395,-0.7179147093711895,0.0012927545009417058,0.09498176226589948
18.760500000001628,0.3709742645437178,0.00046934903423137564,-5.938603287550236e-05,0.9999999520292178,1.1427924297714141e-08,3.728808229188766e-05,0.0003074917224102772,1.998769983871326,-0.0007380096772044098,-0.65,0.7,0.35,0.08,0.0,-0.5185599457024721,0.0012148979067390631,0.973812553316675,-0.7179110433630437,0.0012927583020539543,0.09498176415172901
18.78050000000158,0.37538658345770226,0.00047205682357978005,-5.930322842035992e-05,0.9999999521783053,1.1560265937057678e-08,3.738957088291118e-05,0.00030699414779426895,1.9987719731183722,-0.0007368161289766917,-0.65,0.7,0.35,0.08,0.0,-0.5135333368301918,0.0012188823835101938,0.973806060525242,-0.7179072912784183,0.0012927621402836706,0.09498176567302571
18.800500000001534,0.37982275656910097,0.0004747748899931527,-5.92308363752051e-05,0.9999999523307794,1.1664359117634921e-08,3.7478148337016806e-05,0.00030648625632594183,1.998774003671536,-0.0007355977970783911,-0.65,0.7,0.35,0.08,0.0,-0.5085554210867378,0.0012228486518904957,0.9738000302463803,-0.717903476452605,0.0012927659874304588,0.09498176685676044
18.820500000001488,0.3842801182830345,0.00047750145954666723,-5.9168533423750944e-05,0.9999999524864954,1.173913975910224e-08,3.7554233353691974e-05,0.000305968437007921,1.9987760739751455,-0.0007343556149127295,-0.65,0.7,0.35,0.08,0.0,-0.5036300269722624,0.0012267938053734555,0.9737945256931281,-0.7178996203725634,0.0012927698188352915,0.0949817677333403
18.84050000000144,0.3887560973364694,0.0004802348264778749,-5.9115882655270805e-05,0.9999999526452997,1.1783602528971145e-08,3.7618383690451886e-05,0.00030544108055709056,1.998778182466343,-0.0007330905201941462,-0.65,0.7,0.35,0.08,0.0,-0.4987592123577129,0.0012307160568675712,0.9737895947478669,-0.7178957424525172,0.0012927736135374991,0.0949817683353234
18.860500000001394,0.3932482345674053,0.00048297336402934696,-5.9072349593909295e-05,0.999999952807035,1.1796818489001416e-08,3.767127596193178e-05,0.0003049045761092347,1.9987803275882694,-0.0007318034470383594,-0.65,0.7,0.35,0.08,0.0,-0.4939434655724979,0.0012346146059387575,0.9737852699130345,-0.7178918598855296,0.0012927773543147496,0.09498176869630895
18.880500000001348,0.39775419936228235,0.0004857155343191476,-5.903731949432573e-05,0.9999999529715429,1.1777950310624991e-08,3.7713684010347043e-05,0.00030435930800073877,1.9987825078029466,-0.0007304953182320162,-0.65,0.7,0.35,0.08,0.0,-0.48918191394883204,0.0012384895033057826,0.9737815686846787,-0.7178879875642956,0.001292781027620358,0.09498176884997125
18.9005000000013,0.4022718041105343,0.0004884598968371431,-5.901011517626993e-05,0.9999999531386632,1.1726264767868307e-08,3.774645672908023e-05,0.0003038056527287424,1.998784721603462,-0.0007291670379228066,-0.65,0.7,0.35,0.08,0.0,-0.4844725341800405,0.001242341515980929,0.9737784942986827,-0.7178841380637715,0.0012927846234334643,0.09498176882928536
18.920500000001255,0.40679901619414033,0.0004912051152933039,-5.8990014778736526e-05,0.9999999533082389,1.1641142376318228e-08,3.777049608577762e-05,0.0003032439761719711,1.9987869675251124,-0.0007278194849325458,-0.65,0.7,0.35,0.08,0.0,-0.4798123595609012,0.0012461719959586193,0.9737760367933391,-0.717880321677771,0.0012927881350379047,0.09498176866586797
18.940500000001208,0.41133396721450105,0.0004939499626557268,-5.8976268918194434e-05,0.9999999534801132,1.1522084182479321e-08,3.778673596157086e-05,0.0003026746311355609,1.9987892441552626,-0.0007264535068424394,-0.65,0.7,0.35,0.08,0.0,-0.475197679906509,0.001249982754869175,0.9737741743282221,-0.7178765465015348,0.001292791558745685,0.09498176838948488
18.96050000000116,0.4158749593094096,0.0004966933243113741,-5.896811683582686e-05,0.9999999536541381,1.1368715822116825e-08,3.7796122300551375e-05,0.0003020979552650568,1.998791550141724,-0.000725069914965637,-0.65,0.7,0.35,0.08,0.0,-0.4706242306729237,0.0012537759465431405,0.9737728746977985,-0.7178728185522721,0.0012927948935802158,0.09498176802766972
18.980500000001115,0.4204204685400601,0.000499434199362133,-5.896480121127265e-05,0.9999999538301666,1.1180789039743175e-08,3.779959494971814e-05,0.0003015142693578019,1.9987938841995536,-0.0007236694802678301,-0.65,0.7,0.35,0.08,0.0,-0.46608736851147653,0.0012575539589823736,0.9737720969787582,-0.7178691419198386,0.0012927981409334912,0.09498176760546392
19.000500000001068,0.4249691454330203,0.0005021717001335455,-5.896558140758702e-05,0.9999999540080625,1.0958180960974136e-08,3.779807146515382e-05,0.0003009238760845117,1.998796245116207,-0.0007222529302758574,-0.65,0.7,0.35,0.08,0.0,-0.46158223116515545,0.0012613193168140048,0.9737717932524035,-0.7178655189401879,0.001292801304210163,0.09498176714524606
19.02050000000102,0.42951981284621815,0.000504905050024419,-5.8969744990167366e-05,0.999999954187694,1.0700891401798232e-08,3.779243306595022e-05,0.00030032705912010223,1.9987986317550543,-0.0007208209469673931,-0.65,0.7,0.35,0.08,0.0,-0.45710388024879395,0.0012650745949178172,0.9737719103473039,-0.7178619503845601,0.0012928043884697861,0.09498176666665505
19.040500000000975,0.4340714613927714,0.0005076335798636746,-5.897661743216569e-05,0.9999999543689398,1.0409038551576461e-08,3.7783512833660196e-05,0.000299724082671033,1.9988010430573127,-0.0007193741656124075,-0.65,0.7,0.35,0.08,0.0,-0.4526474260361319,0.0012688223435704474,0.9737723915525275,-0.7178584356580913,0.0012928074000770585,0.0949817661865789
19.06050000000093,0.4386232427036357,0.0005103567229674075,-5.8985569980638105e-05,0.9999999545516854,1.008285336698944e-08,3.77720861819705e-05,0.000299115191376528,1.9988034780424746,-0.0007179131745152389,-0.65,0.7,0.35,0.08,0.0,-0.4482081338999195,0.001272565025143339,0.9737731782577986,-0.7178549730020662,0.0012928103463679666,0.09498176571920802
19.08050000000088,0.44317446084131434,0.0005130740091055443,-5.899602570950419e-05,0.9999999547358259,9.722672997139135e-09,3.7758863558814904e-05,0.0002985006105531181,1.9988059358073622,-0.0007164385155826736,-0.65,0.7,0.35,0.08,0.0,-0.44378151251198306,0.0012763049621271317,0.973774211483599,-0.7178515596947911,0.0012928132353382871,0.09498176527613666
19.100500000000835,0.4477245621941405,0.0005157850575949675,-5.900746382952308e-05,0.9999999549212663,9.328933548374181e-09,3.774448529103253e-05,0.0002978805467459197,1.9988084155239552,-0.0007149506856269028,-0.65,0.7,0.35,0.08,0.0,-0.43936338430646793,0.00128004429603295,0.9737754332712648,-0.7178481922467427,0.0012928160753591738,0.0949817648665102
19.12050000000079,0.4522731241857384,0.0005184895697358684,-5.901942236088917e-05,0.9999999551079181,8.90216245278945e-09,3.7729518439446664e-05,0.00029725518854582035,1.998810916436141,-0.0007134501383154301,-0.65,0.7,0.35,0.08,0.0,-0.43494993904097196,0.0012837849565402657,0.9737767879102452,-0.7178448665863532,0.0012928188749231576,0.0949817644971967
19.140500000000742,0.4568198431290666,0.0005211873208016281,-5.9031499300763974e-05,0.9999999552957013,8.442970703819926e-09,3.771445549950118e-05,0.0002966247076292077,1.9988134378555786,-0.0007119372866528195,-0.65,0.7,0.35,0.08,0.0,-0.43053777155817347,0.0012875286401197474,0.9737782229867145,-0.7178415782335468,0.0012928216424225706,0.09498176417298587
19.160500000000695,0.4613645215406994,0.0005238781517809604,-5.904335243945565e-05,0.9999999554845443,7.952045149164825e-09,3.7699714758542764e-05,0.00029598925997581694,1.998815979156844,-0.0007104125058935651,-0.65,0.7,0.35,0.08,0.0,-0.42612390505733905,0.001291276797255657,0.9737796902443772,-0.7178383224587432,0.0012928243859612158,0.09498176389680679
19.18050000000065,0.4659070552104255,0.0005265619610554818,-5.905469799113257e-05,0.999999955674383,7.430141020680289e-09,3.7685642104869854e-05,0.00029534898722057717,1.9988185397720315,-0.0007088761367811002,-0.65,0.7,0.35,0.08,0.0,-0.42170580133431007,0.0012950306273227913,0.97378114625452,-0.7178350944257321,0.0012928271131991405,0.09498176366995012
19.200500000000602,0.47044742029544295,0.0005292386961773882,-5.906530821222408e-05,0.9999999558651615,6.8780748283886875e-09,3.7672514074932865e-05,0.00029470401809677073,1.9988211191849903,-0.0007073284890058317,-0.65,0.7,0.35,0.08,0.0,-0.4172813595445995,0.0012987910801346586,0.9737825528979218,-0.7178318893173732,0.0012928298312295558,0.09498176349229719
19.220500000000555,0.4749856606788445,0.0005319083458914515,-5.907500818351044e-05,0.999999956056826,6.2967177204075146e-09,3.766054192278433e-05,0.0002940544699302312,1.998823716925349,-0.0007057698447905381,-0.65,0.7,0.35,0.08,0.0,-0.41284890509208777,0.0013025588631687998,0.9737838776661041,-0.7178287024436079,0.001292832546486292,0.09498176336254094
19.24050000000051,0.47952187580009886,0.0005345709325239554,-5.908367192789938e-05,0.9999999562493311,5.6869893761721714e-09,3.7649876499147694e-05,0.0002934004501474705,1.9988263325624853,-0.0007042004625088083,-0.65,0.7,0.35,0.08,0.0,-0.4084071702509248,0.0013063344534883484,0.9737850937935094,-0.7178255293317877,0.0012928352646797133,0.0949817632784106
19.260500000000462,0.48405620913198655,0.0005372265048392239,-5.909121803059519e-05,0.9999999564426356,5.049852470833126e-09,3.76406137354153e-05,0.00029274205776437154,1.9988289656995653,-0.0007026205802608487,-0.65,0.7,0.35,0.08,0.0,-0.4039552680962769,0.0013101181134123532,0.9737861802354942,-0.7178223657996374,0.0012928379907585145,0.09498176323687615
19.280500000000416,0.4885888374450052,0.0005398751314426746,-5.9097604917627694e-05,0.9999999566367022,4.386307720458581e-09,3.76328005397622e-05,0.0002920793848262508,1.998831615967779,-0.0007010304193325823,-0.65,0.7,0.35,0.08,0.0,-0.39949266125625255,0.0013139099090374846,0.9737871215095153,-0.7178192080115957,0.0012928407288947414,0.09498176323434121
19.30050000000037,0.4931199609675073,0.0005425168947883977,-5.910282593724338e-05,0.999999956831497,3.6973895060813446e-09,3.76264409274444e-05,0.00029141251777449505,1.9988342830208632,-0.0006994301874820863,-0.65,0.7,0.35,0.08,0.0,-0.39501912690839014,0.0013177097307769093,0.9737879074186423,-0.7178160525195144,0.0012928434824891148,0.09498176326682313
19.320500000000322,0.4976497945184952,0.0005451518858295548,-5.910690437429997e-05,0.9999999570269894,2.9841620500653514e-09,3.7621502224490766e-05,0.0002907415387194815,1.9988369665300025,-0.0006978200819984792,-0.65,0.7,0.35,0.08,0.0,-0.39053471933497186,0.0013215173151551465,0.9737885326774967,-0.7178128962889333,0.0012928462541937323,0.09498176333010905
19.340500000000276,0.5021785596606847,0.0005477801993317211,-5.910988851298292e-05,0.9999999572231509,2.2477161110449425e-09,3.7617921202759916e-05,0.0002900665266039674,1.9988396661791619,-0.0006962002925028798,-0.65,0.7,0.35,0.08,0.0,-0.3860397312273571,0.001325332267177548,0.9737889964610551,-0.717809736712298,0.0012928490459492084,0.09498176341989512
19.36050000000023,0.5067064778946057,0.0005504019298529347,-5.911184684687752e-05,0.9999999574199535,1.489166142323893e-09,3.761561002388992e-05,0.00028938755824546575,1.9988423816609044,-0.0006945710034573338,-0.65,0.7,0.35,0.08,0.0,-0.3815346547953562,0.0013291540826768935,0.9737893018964734,-0.717806571610606,0.0012928518590334178,0.0949817635319086
19.380500000000183,0.5112337648904666,0.0005530171683798048,-5.911286351975617e-05,0.9999999576173716,7.096478695148783e-10,3.7614461889631824e-05,0.0002887047092502246,1.9988451126727256,-0.0006929323963646538,-0.65,0.7,0.35,0.08,0.0,-0.37702014359778985,0.0013329821701250633,0.9737894555172701,-0.7178033992250328,0.0012928546941191601,0.09498176366200337
19.400500000000136,0.5157606257335029,0.0005556259995966769,-5.911303406437127e-05,0.9999999578153798,-8.968376404152675e-11,3.7614356315729054e-05,0.0002880180547952138,1.9988478589139067,-0.0006912846516559767,-0.65,0.7,0.35,0.08,0.0,-0.37249697586876895,0.0013368158714825932,0.9737894666979912,-0.7178002182000778,0.0012928575513381638,0.09498176380624553
19.42050000000009,0.5202872511406311,0.0005582284997545747,-5.911246149115215e-05,0.9999999580139538,-9.076563545736549e-10,3.761516396554175e-05,0.00028732767027794863,1.9988506200829086,-0.0006896279502548452,-0.65,0.7,0.35,0.08,0.0,-0.3679660199743133,0.0013406544817414305,0.9737893470858697,-0.7177970275598008,0.0012928604303491242,0.0949817639609726
19.440500000000043,0.5248138145914977,0.0005608247350984018,-5.9111252764444626e-05,0.9999999582130703,-1.7430815493604841e-09,3.761675099768083e-05,0.00028663363183698633,1.9988533958752717,-0.0006879624748370005,-0.65,0.7,0.35,0.08,0.0,-0.36342820249866875,0.001344497266894862,0.9737891100441592,-0.7177938266786055,0.001292863330407661,0.09498176412283892
19.460499999999996,0.5293404703053531,0.0005634147608046587,-5.910951569027136e-05,0.9999999584127028,-2.594756353511414e-09,3.761898289861017e-05,0.00028593601674852545,1.998856185982019,-0.0006862884107885492,-0.65,0.7,0.35,0.08,0.0,-0.3588844793315125,0.0013483434801420536,0.9737887701197884,-0.7177906152479924,0.0012928662504362975,0.09498176428884375
19.48049999999995,0.5338673519864988,0.0005659986203775053,-5.910735622741973e-05,0.999999958612828,-3.4614642971511865e-09,3.7621727786348966e-05,0.00028523490370667095,1.9988589900885287,-0.0006846059468827547,-0.65,0.7,0.35,0.08,0.0,-0.3543358100080882,0.0013521923762021763,0.9737883425458613,-0.7177873932406097,0.001292869189092896,0.09498176445635359
19.500499999999903,0.5383945722551373,0.000568576345448356,-5.910487622300677e-05,0.9999999588134181,-4.341976501674671e-09,3.7624859184946894e-05,0.0002845303729966276,1.998861807873821,-0.0006829152757074297,-0.65,0.7,0.35,0.08,0.0,-0.34978313544569845,0.0013560432236738988,0.9737878427873641,-0.7177841608727542,0.0012928721448361177,0.09498176462310376
19.520499999999856,0.5429222226771014,0.000571147955923074,-5.910217156385049e-05,0.9999999590144492,-5.235052677323864e-09,3.762825828112124e-05,0.00028382250657136096,1.9988646390102538,-0.0006812165938477221,-0.65,0.7,0.35,0.08,0.0,-0.34522735912289476,0.0013598953154297507,0.9737872861363318,-0.7177809185664175,0.0012928751159868165,0.09498176478718906
19.54049999999981,0.5474503743048887,0.000573713460421087,-5.90993307272865e-05,0.999999959215894,-6.139442100406453e-09,3.763181568438738e-05,0.00028311138804312856,1.998867483163541,-0.0006795101018754579,-0.65,0.7,0.35,0.08,0.0,-0.3406693316628195,0.001363747977081249,0.973786687360696,-0.717777666911794,0.0012928781007844777,0.09498176494705812
19.560499999999763,0.5519790786434134,0.0005762728569522105,-5.90964337083249e-05,0.9999999594177246,-7.053884583893966e-09,3.763543272012383e-05,0.00028239710260177765,1.998870339993073,-0.000677796004156228,-0.65,0.7,0.35,0.08,0.0,-0.33610983870971256,0.0013676005735897955,0.9737860604091282,-0.7177744066310444,0.0012928810974380505,0.09498176510149178
19.580499999999716,0.5565083689566085,0.000578826133779406,-5.9093551294816755e-05,0.9999999596199144,-7.977111471151009e-09,3.76390222914208e-05,0.0002816797368718568,1.998873209152487,-0.0006760745085077957,-0.65,0.7,0.35,0.08,0.0,-0.3315495919275661,0.0013714525141302087,0.9737854181724783,-0.7177711385439839,0.0012928841041707235,0.09498176524957735
19.60049999999967,0.5610382618351926,0.0005813732704189697,-5.9090744658700396e-05,0.9999999598224337,-8.90784666874527e-09,3.764250935027597e-05,0.00028095937872043853,1.9988760902904286,-0.0006743458257428614,-0.65,0.7,0.35,0.08,0.0,-0.32698922290195637,0.0013753032553388395,0.9737847723008685,-0.7177678635361819,0.001292887119258425,0.09498176539067847
19.620499999999623,0.5655687589512893,0.0005839142387335324,-5.9088065228214744e-05,0.9999999600252552,-9.844807729586558e-09,3.7645831021887436e-05,0.0002802361170271349,1.9988789830514673,-0.0006726101691196362,-0.65,0.7,0.35,0.08,0.0,-0.3224292796896644,0.001379152303096644,0.9737841330741939,-0.7177645825299234,0.0012928901410619654,0.09498176552441338
19.640499999999577,0.570099848931832,0.0005864490040775897,-5.9085554805149583e-05,0.9999999602283469,-1.0786706993844512e-08,3.764893642757802e-05,0.00027951004142717057,1.9988818870771254,-0.0006708677537247354,-0.65,0.7,0.35,0.08,0.0,-0.31787022573505624,0.0013829992130101765,0.9737835093226719,-0.717761296458245,0.001292893168052901,0.09498176565061599
19.66049999999953,0.5746315092896066,0.0005889775264599331,-5.9083245890037705e-05,0.9999999604316806,-1.1732252799294835e-08,3.765178625239584e-05,0.00027878124203756753,1.9988848020069687,-0.0006691187958187683,-0.65,0.7,0.35,0.08,0.0,-0.31331244085645477,0.0013868435897605002,0.9737829083932221,-0.7177580062422909,0.0012928961988334254,0.09498176576931155
19.680499999999483,0.5791637083580917,0.0005914997616921323,-5.90811621790588e-05,0.9999999606352256,-1.2680150743946419e-08,3.7654352102838045e-05,0.0002780498091755653,1.998887727479735,-0.0006673635121590138,-0.65,0.7,0.35,0.08,0.0,-0.30875622399891317,0.0013906850854921542,0.9737823361568042,-0.7177547127719768,0.0012928992321504964,0.09498176588068168
19.700499999999437,0.5836964071837631,0.0005940156624970367,-5.9079319197465403e-05,0.9999999608389522,-1.3629105023594834e-08,3.7656615698636416e-05,0.0002773158330773705,1.998890663134456,-0.0006656021193263583,-0.65,0.7,0.35,0.08,0.0,-0.3042017974508147,0.0013945233974123625,0.973781797051391,-0.7177514168900164,0.001292902266904741,0.09498176598504002
19.72049999999939,0.5882295613370285,0.0005965251795559823,-5.907772503584384e-05,0.9999999610428311,-1.457781982403719e-08,3.765856794023372e-05,0.00027657940362425554,1.9988936086115592,-0.0006638348330644916,-0.65,0.7,0.35,0.08,0.0,-0.29964931222951396,0.001398358264764972,0.9737812941550216,-0.717748119379181,0.0012929053021545856,0.09498176608280351
19.740499999999344,0.5927631226103046,0.000599028262477935,-5.907638115809748e-05,0.9999999612468314,-1.5525000762703682e-08,3.766020789064869e-05,0.00027584061008189946,1.9988965635539069,-0.000662061867655872,-0.65,0.7,0.35,0.08,0.0,-0.2950988543546708,0.0014021894653349996,0.97378082928329,-0.7177448209526485,0.001292908337116129,0.09498176617446469
19.760499999999297,0.5972970405787652,0.0006015248606780657,-5.90752832527055e-05,0.9999999614509241,-1.6469356382498117e-08,3.7661541707017795e-05,0.00027509954085778364,1.9988995276077732,-0.000660283435336062,-0.65,0.7,0.35,0.08,0.0,-0.2905504517459575,0.0014060168116287214,0.9737804031057318,-0.7177415222472617,0.0012929113711594024,0.09498176626057475
19.78049999999925,0.6018312640059066,0.0006040149241572181,-5.907442210167755e-05,0.9999999616550784,-1.7409599686476316e-08,3.766258155340529e-05,0.00027435628328036673,1.9989025004237257,-0.0006584997457645513,-0.65,0.7,0.35,0.08,0.0,-0.28600408150339,0.0014098401468614072,0.973780015275769,-0.7177382238194244,0.0012929144038014919,0.09498176634171868
19.800499999999204,0.6063657420821653,0.0006064984041773009,-5.907378444471437e-05,0.9999999618592658,-1.834444969946585e-08,3.766334452252635e-05,0.00027361092340276135,1.998905481657415,-0.0006567110055510028,-0.65,0.7,0.35,0.08,0.0,-0.28145967735268745,0.0014136593408708665,0.9737796645692277,-0.7177349261433946,0.0012929174346972142,0.09498176641849912
19.820499999999157,0.6109004254903431,0.000608975253830839,-5.9073353819396696e-05,0.9999999620634582,-1.9272633064030187e-08,3.766385159000699e-05,0.00027286354583268025,1.9989084709702585,-0.0006549174178449135,-0.65,0.7,0.35,0.08,0.0,-0.2769171370638783,0.0014174742860600905,0.9737793490268403,-0.7177316296116805,0.0012929204636278069,0.09498176649152279
19.84049999999911,0.6154352672964793,0.0006114454285056724,-5.9073111361219476e-05,0.9999999622676274,-2.0192885652897662e-08,3.7664126620796365e-05,0.00027211423358955303,1.9989114680300135,-0.0006531191819918902,-0.65,0.7,0.35,0.08,0.0,-0.2723763296780537,0.0014212848934572917,0.9737790660966428,-0.717728334537226,0.0012929234904881966,0.09498176656138502
19.860499999999064,0.6199702236690731,0.0006139088862481566,-5.9073036550724634e-05,0.9999999624717452,-2.1103954182339803e-08,3.766419544350105e-05,0.00027136306798896125,1.9989144725112418,-0.0006513164932549386,-0.65,0.7,0.35,0.08,0.0,-0.2678371024039799,0.00142509108896655,0.9737788127727064,-0.7177250411571268,0.0012929265152733546,0.09498176662865884
19.880499999999017,0.6245052544331211,0.0006163655880301462,-5.9073107897680965e-05,0.999999962675786,-2.2004597848593647e-08,3.766408500463223e-05,0.0002706101285538506,1.998917484095669,-0.0006495095425986363,-0.65,0.7,0.35,0.08,0.0,-0.2632992870725891,0.001428892809867704,0.9737785857271857,-0.7177217496375643,0.0012929295380641698,0.0949817666938905
19.90049999999897,0.6290403234684095,0.0006188154979265771,-5.907330355521734e-05,0.9999999628797228,-2.289358995282155e-08,3.766382261131215e-05,0.0002698554929514198,1.9989205024724388,-0.000647698516536721,-0.65,0.7,0.35,0.08,0.0,-0.2587627060626624,0.0014326900016102086,0.9737783814332339,-0.7177184600796686,0.001292932559013213,0.09498176675758652
19.920499999998924,0.6335753989637968,0.0006212585832116298,-5.907360185941262e-05,0.9999999630835318,-2.376971952066441e-08,3.766343526779168e-05,0.00026909923695412653,1.9989235273382695,-0.0006458835970382992,-0.65,0.7,0.35,0.08,0.0,-0.25422717763483127,0.0014364826149326575,0.9737781962768877,-0.7177151725260816,0.0012929355783307909,0.09498176682021367
19.940499999998877,0.6381104535409676,0.0006236948143822411,-5.907398179195478e-05,0.9999999632871873,-2.463179291185265e-08,3.7662949108220564e-05,0.0002683414344228654,1.9989265583975255,-0.0006440649614846805,-0.65,0.7,0.35,0.08,0.0,-0.24969252063304373,0.001440270603327758,0.9737780266565449,-0.7177118869679413,0.0012929385962715035,0.09498176688219273
19.96049999999883,0.6426454642623161,0.00062612416511823,-5.907442336591881e-05,0.999999963490665,-2.547863541875428e-08,3.766238892560457e-05,0.0002675821573101258,1.9989295953622088,-0.0006422427826747067,-0.65,0.7,0.35,0.08,0.0,-0.24515855853258697,0.0014440539208618551,0.973777869069161,-0.7177086033521022,0.0012929416131216428,0.09498176694389893
19.980499999998784,0.6471804125382897,0.0006285466121884887,-5.9074907936082624e-05,0.9999999636939433,-2.630909284094645e-08,3.766177779468976e-05,0.00026682147568073784,1.9989326379518708,-0.00064041722887751,-0.65,0.7,0.35,0.08,0.0,-0.24062512283147341,0.0014478325203486273,0.9737777201827361,-0.7177053215883779,0.001292944629187541,0.09498176700565988
20.000499999998738,0.6517152839497751,0.0006309621353126376,-5.907541843719125e-05,0.9999999638970009,-2.7122033045868512e-08,3.76611367846319e-05,0.0002660594577477153,1.9989356858934766,-0.0006385884639140471,-0.65,0.7,0.35,0.08,0.0,-0.2360920557973728,0.0014516063518685341,0.9737775768950754,-0.7177020415566333,0.0012929476447850355,0.09498176706775627
20.02049999999869,0.6562500680009342,0.0006333707169872782,-5.907593955418758e-05,0.9999999640998145,-2.7916347493380226e-08,3.7660484755883555e-05,0.0002652961699206864,1.9989387389212103,-0.0006367566472738062,-0.65,0.7,0.35,0.08,0.0,-0.23155921259528126,0.00145537536161877,0.9737774363791528,-0.7176987631135938,0.0012929506602301327,0.09498176713041806
20.040499999998644,0.6607847578174252,0.0006357723422855244,-5.907645782980274e-05,0.9999999643023625,-2.8690952741788498e-08,3.765983823450337e-05,0.00026453167686443823,1.9989417967762408,-0.0006349219342554946,-0.65,0.7,0.35,0.08,0.0,-0.22702646283178582,0.0014591394910730459,0.9737772961157094,-0.7176954860992661,0.0012929536758309775,0.09498176719383783
20.060499999998598,0.665319349804162,0.0006381669986379161,-5.907696171572644e-05,0.9999999645046284,-2.944479191826918e-08,3.76592113562833e-05,0.0002637660415651694,1.9989448592064596,-0.0006330844761242459,-0.65,0.7,0.35,0.08,0.0,-0.22249369156017787,0.0014628986764262544,0.9737771539139469,-0.717692210342867,0.0012929566918810725,0.09498176725816128
20.08049999999855,0.6698538432757899,0.0006405546756021173,-5.907744157389733e-05,0.9999999647065898,-3.017683615641462e-08,3.765861587253069e-05,0.0002629993254022101,1.9989479259661902,-0.0006312444202858813,-0.65,0.7,0.35,0.08,0.0,-0.2179607997969231,0.0014666528482960436,0.9737770079213842,-0.7176889356681594,0.0012929597086537392,0.0949817673234973
20.100499999998505,0.674388240071895,0.0006429353646280343,-5.907788963404445e-05,0.9999999649082313,-3.08860860046272e-08,3.765806120900585e-05,0.00026223158822312866,1.9989509968158945,-0.0006294019104633008,-0.65,0.7,0.35,0.08,0.0,-0.2134277046042398,0.0014704019316512864,0.9737768566240577,-0.7176856618982372,0.001292962726397859,0.09498176738991984
20.120499999998458,0.6789225441676897,0.000645309058824175,-5.907829991493366e-05,0.999999965109532,-3.1571572782684035e-08,3.7657554569497314e-05,0.00026146288842032685,1.9989540715218608,-0.0006275570868835345,-0.65,0.7,0.35,0.08,0.0,-0.20889433879596814,0.0014741458459364826,0.9737766988383506,-0.7176823888596158,0.0012929657453346931,0.09498176745746822
20.14049999999841,0.6834567612895786,0.0006476757527302222,-5.90786681158947e-05,0.9999999653104756,-3.223235991660524e-08,3.765710107565218e-05,0.0002606932830074619,1.9989571498558991,-0.0006257100864605292,-0.65,0.7,0.35,0.08,0.0,-0.20436065032470208,0.0014778845053608988,0.9737765336957641,-0.7176791163857451,0.0012929687656558443,0.09498176752615566
20.160499999998365,0.687990898543615,0.0006500354420999748,-5.907899148504676e-05,0.9999999655110464,-3.286754421852167e-08,3.7656703934955993e-05,0.0002599228276942583,1.9989602315950448,-0.0006238610429731394,-0.65,0.7,0.35,0.08,0.0,-0.19982660140752442,0.001481617819321885,0.9737763606219568,-0.7176758443198493,0.0012929717875221575,0.09498176759597055
20.180499999998318,0.6925249640634988,0.0006523881236979724,-5.9079268670314635e-05,0.9999999657112276,-3.3476257123870185e-08,3.765636462924834e-05,0.0002591515769584793,1.998963316521266,-0.0006220100872404543,-0.65,0.7,0.35,0.08,0.0,-0.1952921674458328,0.0014853456929329733,0.9737761793113374,-0.7176725725171647,0.0012929748110634693,0.09498176766687741
20.20049999999827,0.6970589666834143,0.0006547337951123619,-5.9079499559025346e-05,0.9999999659110038,-3.4057665884899094e-08,3.765608311671533e-05,0.0002583795841140965,1.9989664044211928,-0.0006201573472843335,-0.65,0.7,0.35,0.08,0.0,-0.1907573357918798,0.0014890680276291,0.9737759896984453,-0.717669300846606,0.00129297783637914,0.09498176773882572
20.220499999998225,0.7015929156397298,0.0006570724545858141,-5.907968511124147e-05,0.9999999661103584,-3.461097471156995e-08,3.765585804094036e-05,0.00025760690137487655,1.9989694950858645,-0.0006183029484812863,-0.65,0.7,0.35,0.08,0.0,-0.18622210441097875,0.001492784721823414,0.9737757919272595,-0.7176660291918854,0.0012929808635392093,0.09498176781174889
20.24049999999818,0.7061268203043906,0.0006594041008656463,-5.907982719151987e-05,0.9999999663092795,-3.513542586209829e-08,3.76556869413324e-05,0.000256833579912848,1.9989725883104912,-0.0006164470137052902,-0.65,0.7,0.35,0.08,0.0,-0.18168648048404054,0.0014964956715924982,0.9737755863194797,-0.717662757452166,0.0012929838925861048,0.09498176788557038
20.26049999999813,0.7106606899517142,0.0006617287330736978,-5.907992840306061e-05,0.9999999665077501,-3.5630300683847006e-08,3.765556645994873e-05,0.0002560596699112741,1.9989756838942423,-0.0006145896634546233,-0.65,0.7,0.35,0.08,0.0,-0.1771504789903872,0.0015002007713694797,0.9737753733427101,-0.717659485542227,0.001292986923536708,0.09498176796020405
20.280499999998085,0.7151945335593394,0.0006640463505959691,-5.9079991927474574e-05,0.9999999667057577,-3.609492059061734e-08,3.7655492540519707e-05,0.0002552852206119681,1.9989787816400595,-0.0006127310159643073,-0.65,0.7,0.35,0.08,0.0,-0.1726141213057985,0.0015038999146271743,0.9737751535793497,-0.7176562133923053,0.001292989956384795,0.09498176803556176
20.30049999999804,0.7197283596431736,0.0006663569529915917,-5.908002137358812e-05,0.9999999669032904,-3.6528647986129e-08,3.765546061622255e-05,0.00025451028035691704,1.998981881354485,-0.000610871187308959,-0.65,0.7,0.35,0.08,0.0,-0.16807743384564688,0.0015075929945361785,0.9737749276968674,-0.7176529409475729,0.0012929929911036535,0.0949817681115495
20.320499999997992,0.7242621761254537,0.0006686605399203031,-5.908002063687256e-05,0.9999999671003328,-3.6930887133346096e-08,3.765546578346602e-05,0.0002537348966243269,1.9989849828475226,-0.0006090102914864558,-0.65,0.7,0.35,0.08,0.0,-0.16354044677788324,0.001511279904585523,0.9737746964200121,-0.7176496681673445,0.0012929960276488166,0.09498176818807266
20.340499999997945,0.728795990234399,0.0006709571110872962,-5.907999377166185e-05,0.999999967296873,-3.730108495221917e-08,3.765550295963842e-05,0.00025295911605933036,1.9989880859325098,-0.000607148440494143,-0.65,0.7,0.35,0.08,0.0,-0.15900319282567832,0.0015149605391560792,0.97377446050539,-0.717646395024091,0.001292999065960867,0.09498176826503894
20.3604999999979,0.733329808433424,0.0006732466662040728,-5.907994487703397e-05,0.999999967492899,-3.76387317576287e-08,3.765556702343007e-05,0.00025218298449967096,1.9989911904260147,-0.0006052857443911818,-0.65,0.7,0.35,0.08,0.0,-0.15446570617478575,0.001518634794039438,0.973774220718713,-0.7176431215022736,0.0012930021059681992,0.0949817683423588
20.380499999997852,0.7378636363774859,0.0006755292049637566,-5.907987799736462e-05,0.9999999676883982,-3.794336194361462e-08,3.765565293690431e-05,0.00025140654699676366,1.998994296147754,-0.000603422311347579,-0.65,0.7,0.35,0.08,0.0,-0.14992802149625928,0.001522302566897203,0.9737739778149249,-0.7176398475970637,0.0012930051475896866,0.09498176841994724
20.400499999997805,0.7423974788938551,0.0006778047270292045,-5.907979703761885e-05,0.9999999678833599,-3.821455458722375e-08,3.7655755849029454e-05,0.000250629847832597,1.9989974029205246,-0.0006015582476852188,-0.65,0.7,0.35,0.08,0.0,-0.1453901730910826,0.0015259637576577774,0.9737737325212998,-0.7176365733130007,0.0012930081907372314,0.09498176849772459
20.42049999999776,0.7469313399844132,0.0006800732320322025,-5.9079705693333815e-05,0.9999999680777721,-3.845193399334376e-08,3.7655871180841006e-05,0.00024985293053295343,1.9990005105701476,-0.0005996936579114376,-0.65,0.7,0.35,0.08,0.0,-0.1408521941596005,0.0015296182688495502,0.9737734855235314,-0.7176332986626061,0.0012930112353181148,0.09498176857561705
20.440499999997712,0.7514652228464872,0.0006823347195820115,-5.907960739489138e-05,0.9999999682716244,-3.8655170173687784e-08,3.76559946928031e-05,0.00024907583787747245,1.99900361892543,-0.0005978286447419378,-0.65,0.7,0.35,0.08,0.0,-0.13631411619540854,0.001533266005871018,0.9737732374547441,-0.7176300236650222,0.0012930142812371665,0.09498176865355941
20.460499999997666,0.755999129909214,0.0006845891892815678,-5.907950526543749e-05,0.999999968464906,-3.882397925986567e-08,3.7656122535256566e-05,0.00024829861190706396,1.9990067278181343,-0.0005959633091194405,-0.65,0.7,0.35,0.08,0.0,-0.13177596850056644,0.0015369068771997542,0.9737729888873002,-0.7176267483446663,0.0012930173283986755,0.09498176873149283
20.48049999999762,0.7605330628824868,0.0006868366407497055,-5.907940209153226e-05,0.9999999686576063,-3.895812383800958e-08,3.7656251283105794e-05,0.00024752129392918823,1.9990098370829577,-0.0005940977502254085,-0.65,0.7,0.35,0.08,0.0,-0.1272377778166684,0.0015405407945433094,0.973772740327221,-0.7176234727299606,0.0012930203767080864,0.09498176880936594
20.500499999997572,0.7650670228156523,0.0006890770736478568,-5.907930030547948e-05,0.999999968849715,-3.905741322994139e-08,3.7656377956126425e-05,0.0002467439245214909,1.9990129465575173,-0.0005922320654896396,-0.65,0.7,0.35,0.08,0.0,-0.12269956806440707,0.0015441676729359697,0.9737724922109998,-0.7176201968521405,0.0012930234260734375,0.09498176888713551
20.520499999997526,0.7696010101632899,0.0006913104877098131,-5.907920197802498e-05,0.9999999690412222,-3.912170369637433e-08,3.765650002634538e-05,0.0002459665435342569,1.999016056082338,-0.0005903663505971935,-0.65,0.7,0.35,0.08,0.0,-0.11816136018279946,0.001547787430786063,0.9737722449045562,-0.7176169207441624,0.0012930264764065497,0.09498176896476652
20.54049999999748,0.7741350248556023,0.0006935368827732573,-5.907910882036944e-05,0.9999999692321182,-3.915089858038378e-08,3.765661541412567e-05,0.0002451891900921138,1.99901916550085,-0.000588500699489991,-0.65,0.7,0.35,0.08,0.0,-0.11362317205817651,0.0015513999898789466,0.9737719987040635,-0.717613644439714,0.0012930295276239753,0.0949817690422293
20.560499999997432,0.7786690663711916,0.000695756258811918,-5.9079022194080254e-05,0.9999999694223949,-3.9144948376155216e-08,3.765672247456725e-05,0.0002444119025953718,1.9990222746593798,-0.0005866352043721434,-0.65,0.7,0.35,0.08,0.0,-0.10908501853233998,0.0015550052753411162,0.9737717538383711,-0.7176103679723548,0.0012930325796477336,0.09498176911950465
20.580499999997386,0.7832031338102291,0.0006979686159673564,-5.907894312761877e-05,0.9999999696120424,-3.910385073582574e-08,3.765681997585718e-05,0.0002436347187213461,1.9990253834071448,-0.0005847699557131491,-0.65,0.7,0.35,0.08,0.0,-0.1045469114789302,0.0015586032155710046,0.9737715104727314,-0.7176070913747606,0.0012930356324058001,0.09498176919657692
20.60049999999734,0.7877372259662967,0.0007001739545795398,-5.907887233813104e-05,0.9999999698010517,-3.902765041326444e-08,3.7656907071136044e-05,0.0002428576754259591,1.99902849159625,-0.000582905042250026,-0.65,0.7,0.35,0.08,0.0,-0.10000885993698473,0.001562193742142028,0.9737712687135762,-0.7176038146781051,0.0012930386858324274,0.0949817692734371
20.620499999997293,0.7922713413954465,0.0007023722752155112,-5.9078810257456676e-05,0.9999999699894144,-3.8916439133702047e-08,3.765698326544569e-05,0.0002420808089458759,1.9990315990816763,-0.0005810405509942384,-0.65,0.7,0.35,0.08,0.0,-0.09547087029086684,0.0015657767896832934,0.973771028614063,-0.7176005379115554,0.0012930417398682756,0.09498176935008407
20.640499999997246,0.7968054784812804,0.0007045635786956127,-5.907875706104603e-05,0.9999999701771237,-3.8770355413094474e-08,3.765704837914465e-05,0.0002413041548013756,1.9990347057212725,-0.0005791765672364946,-0.65,0.7,0.35,0.08,0.0,-0.09093294648615768,0.0015693522957431368,0.9737707901801538,-0.7175972611018804,0.001293044794460402,0.09498176942651783
20.6604999999972,0.8013396354951035,0.0007067478661168418,-5.9078712698741676e-05,0.999999970364171,-3.858958429685256e-08,3.765710250912209e-05,0.00024052774780011703,1.999037811375735,-0.0005773131745590021,-0.65,0.7,0.35,0.08,0.0,-0.08639509027170363,0.0015729202006403039,0.9737705533770062,-0.7175939842731623,0.0012930478495620876,0.09498176950274564
20.680499999997153,0.8058738106504582,0.0007089251388730742,-5.907867692669804e-05,0.9999999705505482,-3.8374357051533387e-08,3.7657145988990233e-05,0.00023975162204192214,1.999040915908596,-0.0005754504548423966,-0.65,0.7,0.35,0.08,0.0,-0.08185730145874998,0.001576480447307229,0.9737703181354689,-0.7175907074466192,0.0012930509051325824,0.09498176957877585
20.700499999997106,0.8104080021515533,0.0007110953986719737,-5.907864933903542e-05,0.9999999707362478,-3.81249507886648e-08,3.7657179349290446e-05,0.00023897581092464159,1.9990440191861936,-0.0005735884882838604,-0.65,0.7,0.35,0.08,0.0,-0.07731957818893567,0.0015800329811293979,0.973770084358511,-0.717587430640509,0.0012930539611367402,0.09498176965462113
20.72049999999706,0.8149422082353193,0.0007132586475485353,-5.9078629399148216e-05,0.9999999709212629,-3.784168802724832e-08,3.765720327864419e-05,0.00023820034715115276,1.9990471210776457,-0.0005717273534125766,-0.65,0.7,0.35,0.08,0.0,-0.07278191720384228,0.0015835777497843206,0.9737698519274363,-0.7175841538701198,0.0012930570175445958,0.09498176973029634
20.740499999997013,0.8194764272069969,0.0007154148878752823,-5.9078616469728874e-05,0.9999999711055876,-3.752493620133308e-08,3.765721858657316e-05,0.00023742526273749247,1.999050221454822,-0.0005698671271067823,-0.65,0.7,0.35,0.08,0.0,-0.06824431410974864,0.0015871147030831483,0.9737696207077604,-0.717580877147823,0.0012930600743308956,0.09498176980581967
20.760499999996966,0.8240106574693269,0.0007175641223692295,-5.9078609840864316e-05,0.9999999712892145,-3.717510710334939e-08,3.765722616862598e-05,0.0002366505890221025,1.999053320192301,-0.0005680078846193481,-0.65,0.7,0.35,0.08,0.0,-0.0637067636322156,0.0015906437928174565,0.9737693905546487,-0.7175776004831879,0.0012930631314745644,0.0949817698812063
20.78049999999692,0.8285448975455496,0.000719706354095774,-5.90786087560473e-05,0.999999971472137,-3.6792656276964613e-08,3.765722697429553e-05,0.00023587635667614502,1.9990564171673313,-0.0005661496996012261,-0.65,0.7,0.35,0.08,0.0,-0.059169259856088535,0.0015941649726133073,0.9737691613178515,-0.7175743238831443,0.0012930661889581938,0.09498176995647517
20.800499999996873,0.8330791460965263,0.0007218415864697326,-5.9078612435668286e-05,0.9999999716543502,-3.637808234700237e-08,3.7657221978068145e-05,0.000235102595714818,1.9990595122597874,-0.0005642926441275619,-0.65,0.7,0.35,0.08,0.0,-0.0546317964474372,0.0015976781977941694,0.9737689328460772,-0.7175710473521916,0.001293069246767515,0.09498177003164476
20.820499999996827,0.8376134019323999,0.0007239698232537872,-5.907862009788285e-05,0.9999999718358464,-3.593192630393549e-08,3.7657212153831844e-05,0.0002343293355095906,1.9990626053521208,-0.0005624367887275383,-0.65,0.7,0.35,0.08,0.0,-0.05009436685483752,0.0016011834252538922,0.9737687049907824,-0.7175677708926137,0.001293072304890873,0.09498177010673267
20.84049999999678,0.842147664019262,0.0007260910685546189,-5.907863097668782e-05,0.9999999720166223,-3.5454770721751224e-08,3.765719845279215e-05,0.00023355660480126693,1.9990656963293043,-0.0005605822024174145,-0.65,0.7,0.35,0.08,0.0,-0.045556964488223536,0.0016046806133405114,0.9737684776093619,-0.7175644945047428,0.0012930753633187432,0.09498177018175688
20.860499999996733,0.846681931481366,0.0007282053268170283,-5.907864433716501e-05,0.9999999721966712,-3.494723893391527e-08,3.765718178490391e-05,0.00023278443171376767,1.9990687850787818,-0.0005587289527309025,-0.65,0.7,0.35,0.08,0.0,-0.04101958287428914,0.0016081697217513239,0.97376825056775,-0.7175612181872038,0.001293078422043247,0.09498177025673465
20.880499999996687,0.8512162035994285,0.0007303126028163561,-5.907865948794956e-05,0.9999999723759878,-3.440999414778134e-08,3.765716300376222e-05,0.00023201284376853025,1.9990718714904085,-0.0005568771057548715,-0.65,0.7,0.35,0.08,0.0,-0.03648221578809222,0.001611650711439342,0.9737680237424493,-0.7175579419371879,0.001293081481057739,0.0949817703316802
20.90049999999664,0.8557504798055989,0.0007324129016495021,-5.9078675791022107e-05,0.9999999725545677,-3.3843738521952804e-08,3.765714289484244e-05,0.00023124186789941193,1.9990749554563916,-0.0005550267261650532,-0.65,0.7,0.35,0.08,0.0,-0.031944857361102814,0.0016151235445309468,0.973767797022018,-0.717554665750708,0.0012930845403564025,0.09498177040660793
20.920499999996593,0.8602847596756626,0.0007345062287248503,-5.90786926689555e-05,0.9999999727324062,-3.324921218087043e-08,3.7657122166881695e-05,0.00023047153046798884,1.9990780368712278,-0.0005531778772633444,-0.65,0.7,0.35,0.08,0.0,-0.027407502166440136,0.0016185881842543893,0.9737675703080574,-0.7175513896228478,0.0012930875999339147,0.09498177048153057
20.940499999996547,0.8648190429190286,0.0007365925897513765,-5.9078709609751404e-05,0.9999999729094984,-3.2627192181994975e-08,3.7657101446179265e-05,0.00022970185727914363,1.9990811156316424,-0.0005513306210145785,-0.65,0.7,0.35,0.08,0.0,-0.022870145282462125,0.00162204459487851,0.9737673435157473,-0.7175481135480046,0.001293090659785139,0.09498177055645944
20.9604999999965,0.869353329367034,0.0007386719907272087,-5.9078726169627325e-05,0.9999999730858404,-3.197849145037828e-08,3.765708127356443e-05,0.0002289328735968394,1.999084191636526,-0.0005494850180843613,-0.65,0.7,0.35,0.08,0.0,-0.018332782336204324,0.0016254927416609866,0.9737671165739734,-0.7175448375201069,0.001293093719904885,0.09498177063140352
20.980499999996454,0.8738876189600591,0.0007407444379278837,-5.9078741973774324e-05,0.9999999732614285,-3.1303957648090236e-08,3.765706210369935e-05,0.00022816460415998503,1.9990872647868736,-0.0005476411278758419,-0.65,0.7,0.35,0.08,0.0,-0.013795409528421343,0.0016289325908052375,0.97376688942511,-0.7175415615328173,0.0012930967802876885,0.09498177070637134
21.000499999996407,0.8784219117339344,0.0007428099381279054,-5.90787567102817e-05,0.9999999734362581,-3.060435150748975e-08,3.765704430956132e-05,0.00022739707328581766,1.9990903349853832,-0.0005457990087700537,-0.65,0.7,0.35,0.08,0.0,-0.009258023642218173,0.0016323641093925825,0.9737666620244217,-0.7175382855797268,0.0012930998409865662,0.09498177078120815
21.02049999999636,0.8829562078069785,0.0007448684981486175,-5.90787701793821e-05,0.9999999736103258,-2.988064482064699e-08,3.765702815016118e-05,0.00022663030465652236,1.9990934021372224,-0.0005439587176665484,-0.65,0.7,0.35,0.08,0.0,-0.004720622047973695,0.001635787264855413,0.9737664343390398,-0.7175350096654869,0.0012931029014190678,0.09498177085489498
21.040499999996314,0.887490507365149,0.0007469201245363541,-5.907878216980944e-05,0.999999973783628,-2.9134032088202638e-08,3.765701385982489e-05,0.0002258643213565721,1.9990964661500508,-0.0005421203099695404,-0.65,0.7,0.35,0.08,0.0,-0.00018320267071928663,0.0016392020267971903,0.9737662063495794,-0.7175317337911832,0.0012931059621143876,0.0949817709282759
21.060499999996267,0.892024810646281,0.000748964824706894,-5.907879252036657e-05,0.9999999739561612,-2.836534647499726e-08,3.765700160936674e-05,0.00022509914626517747,1.999099526932305,-0.0005402838406169507,-0.65,0.7,0.35,0.08,0.0,0.0043542360570819885,0.0016426083655296235,0.9737659780443954,-0.7175284579357959,0.0012931090237011634,0.09498177100180114
21.08049999999622,0.8965591179294043,0.0007510026062022566,-5.907880118157904e-05,0.9999999741279231,-2.7575539009152072e-08,3.76569914598997e-05,0.0002243348017622529,1.9991025843944188,-0.0005384493633487252,-0.65,0.7,0.35,0.08,0.0,0.008891695212611066,0.001646006251394716,0.9737657494201108,-0.7175251820759493,0.0012931120859742333,0.09498177107579285
21.100499999996174,0.9010934295230212,0.0007530334767313269,-5.907880815228421e-05,0.999999974298909,-2.6765636156814494e-08,3.765698341334542e-05,0.0002235713097712495,1.9991056384486532,-0.000536616930808087,-0.65,0.7,0.35,0.08,0.0,0.01342917541494479,0.0016493956553571291,0.973765520482466,-0.717521906196137,0.0012931151485458417,0.09498177115053116
21.120499999996127,0.9056277457537426,0.0007550574441863619,-5.907881346076849e-05,0.9999999744691184,-2.5936705518304206e-08,3.765697743030669e-05,0.0002228086917900917,1.999108689008966,-0.0005347865946204066,-0.65,0.7,0.35,0.08,0.0,0.017966676872948287,0.0016527765493121412,0.973765291245618,-0.717518630287916,0.0012931182111699856,0.09498177122621215
21.14049999999608,0.9101620669560703,0.0007570745167545345,-5.907881715540145e-05,0.9999999746385464,-2.508978588914251e-08,3.7656973439115624e-05,0.00022204696894533016,1.9991117359908275,-0.0005329584055035142,-0.65,0.7,0.35,0.08,0.0,0.02250419938237945,0.0016561489061709947,0.9737650617251492,-0.7175153544056739,0.001293121273873877,0.09498177130053262
21.160499999996034,0.9146963934634913,0.000759084702651803,-5.907881932326582e-05,0.9999999748071925,-2.42260176174229e-08,3.7656971327732324e-05,0.0002212861619206676,1.9991147793114585,-0.0005311324131248796,-0.65,0.7,0.35,0.08,0.0,0.02704174253041662,0.001659512699666809,0.9737648319436585,-0.7175120785084902,0.0012931243366220485,0.09498177137513264
21.180499999995988,0.9192307256008285,0.0007610880103366215,-5.907882006981592e-05,0.9999999749750531,-2.3346528428421855e-08,3.765697095899095e-05,0.00022052629104532003,1.9991178188895038,-0.0005293086662977231,-0.65,0.7,0.35,0.08,0.0,0.03157930561383105,0.0016628679043257948,0.9737646019264777,-0.7175088025962584,0.001293127399416982,0.09498177144993464
21.20049999999594,0.923765063677815,0.0007630844484303631,-5.907881952003695e-05,0.9999999751421252,-2.245246878138821e-08,3.7656972173576796e-05,0.0002197673762822946,1.9991208546450778,-0.0005274872129533036,-0.65,0.7,0.35,0.08,0.0,0.036116887741956046,0.0016662144954656846,0.9737643717008593,-0.7175055266557558,0.0012931304622552978,0.09498177152540133
21.220499999995894,0.9282994079839132,0.0007650740257211416,-5.90788178117174e-05,0.9999999753084088,-2.1545005923854376e-08,3.765697479700767e-05,0.00021900943724462607,1.9991238864996932,-0.0005256681001840846,-0.65,0.7,0.35,0.08,0.0,0.04065448786622563,0.0016695524491880148,0.9737641412968345,-0.7175022506784626,0.0012931335251404829,0.09498177160183827
21.240499999995848,0.9328337587842791,0.0007670567512451855,-5.907881508347838e-05,0.9999999754738996,-2.0625281298828434e-08,3.765697865043431e-05,0.0002182524932303521,1.9991269143761121,-0.0005238513743327289,-0.65,0.7,0.35,0.08,0.0,0.045192104758603364,0.0016728817424586085,0.9737639107403557,-0.7174989747299272,0.0012931365882241936,0.09498177167652459
21.2604999999958,0.9373681163168474,0.0007690326340727556,-5.9078811485765166e-05,0.9999999756385969,-1.9694511977300866e-08,3.765698354690018e-05,0.00021749656317376852,1.9991299381985863,-0.0005220370808482145,-0.65,0.7,0.35,0.08,0.0,0.04972973723445538,0.001676202352845826,0.9737636800598547,-0.7174956987624532,0.0012931396514065429,0.09498177175140873
21.280499999995754,0.941902480790432,0.000771001683462365,-5.90788071666981e-05,0.9999999758025001,-1.8753911759589688e-08,3.765698930194587e-05,0.00021674166570425914,1.9991329578925594,-0.0005202252644643579,-0.65,0.7,0.35,0.08,0.0,0.054267384035843795,0.001679514258723204,0.973763449282293,-0.7174924227723363,0.0012931427146786506,0.09498177182662618
21.300499999995708,0.9464368523837265,0.0007729639088281368,-5.907880227019727e-05,0.9999999759656053,-1.7804703509386855e-08,3.765699573675509e-05,0.00021598781914799038,1.9991359733846963,-0.0005184159691822288,-0.65,0.7,0.35,0.08,0.0,0.05880504390870441,0.001682817439197566,0.9737632184335323,-0.7174891467543247,0.0012931457780250072,0.09498177190238474
21.32049999999566,0.9509712312451254,0.000774919319734796,-5.907879693346154e-05,0.9999999761279121,-1.6848118447539193e-08,3.7657002681130466e-05,0.00021523504153790252,1.999138984602837,-0.0005166092382978604,-0.65,0.7,0.35,0.08,0.0,0.06334271562550821,0.0016861118741018058,0.9737629875386269,-0.7174858707069441,0.0012931488414341058,0.09498177197875485
21.340499999995615,0.9555056174932556,0.0007768679259512387,-5.907879127934331e-05,0.9999999762894196,-1.588536884902419e-08,3.765700997979381e-05,0.00021448335063640084,1.9991419914758932,-0.0005148051144640675,-0.65,0.7,0.35,0.08,0.0,0.06788039796285582,0.0016893975440430262,0.9737627566173853,-0.7174825946806597,0.0012931519049936599,0.09498177205366953
21.360499999995568,0.9600400112181159,0.0007788097373089264,-5.907878542694255e-05,0.9999999764501265,-1.491771111570254e-08,3.7657017487306235e-05,0.0002137327639105863,1.999144993933987,-0.0005130036396078453,-0.65,0.7,0.35,0.08,0.0,0.07241808985249094,0.0016926744302172285,0.9737625256880421,-0.7174793186426294,0.0012931549686260233,0.09498177212852715
21.38049999999552,0.9645744124827184,0.0007807447637870278,-5.90787794834067e-05,0.9999999766100311,-1.3946404599185256e-08,3.76570250731458e-05,0.00021298329856500527,1.9991479919082682,-0.0005112048550390824,-0.65,0.7,0.35,0.08,0.0,0.07695579028975555,0.0016959425145271609,0.9737622947672743,-0.7174760425846463,0.0012931580323035814,0.0949817722036949
21.400499999995475,0.9691088213250978,0.0007826730155176004,-5.9078773542185065e-05,0.9999999767691315,-1.2972706275047141e-08,3.7657032623449646e-05,0.00021223497155170324,1.9991509853309024,-0.0005094088014585552,-0.65,0.7,0.35,0.08,0.0,0.08149349836490989,0.0016992017795377221,0.9737620638693656,-0.7174727665026475,0.0012931610960065284,0.09498177227938143
21.420499999995428,0.9736432377606208,0.000784594502774427,-5.907876768328111e-05,0.9999999769274277,-1.1997873356926884e-08,3.7657040040703956e-05,0.00021148779957671555,1.9991539741350426,-0.0005076155189744469,-0.65,0.7,0.35,0.08,0.0,0.08603121327038962,0.0017024522084562867,0.9737618330071429,-0.7174694903962391,0.0012931641597223639,0.094981772355651
21.44049999999538,0.9781776617844903,0.0007865092360175931,-5.9078761968592605e-05,0.9999999770849197,-1.1023141274190705e-08,3.765704724684645e-05,0.0002107417991174167,1.999156958254746,-0.0005058250471524417,-0.65,0.7,0.35,0.08,0.0,0.09056893426596956,0.0017056937851639674,0.9737616021888061,-0.7174662143089763,0.0012931672235219473,0.09498177243074636
21.460499999995335,0.9827120933743744,0.0007884172257911209,-5.907875645256536e-05,0.9999999772416057,-1.0049767207940733e-08,3.765705417707669e-05,0.00020999698640864972,1.9991599376250662,-0.0005040374249603019,-0.65,0.7,0.35,0.08,0.0,0.09510666078395476,0.0017089264940623567,0.9737613714196178,-0.7174629382217605,0.0012931702873584788,0.09498177250552681
21.48049999999529,0.9872465324930697,0.000790318482755828,-5.907875117971421e-05,0.9999999773974839,-9.079014447766788e-09,3.765706078026372e-05,0.00020925337745977894,1.999162912181938,-0.0005022526908371461,-0.65,0.7,0.35,0.08,0.0,0.09964439235950585,0.0017121503201331782,0.9737611407045942,-0.7174596621206641,0.0012931733511956649,0.0949817725806047
21.50049999999524,0.9917809790911291,0.0007922130177281668,-5.907874618063334e-05,0.9999999775525561,-8.112132224972484e-09,3.765706702107829e-05,0.00020851098807009918,1.9991658818621438,-0.0005004708827136994,-0.65,0.7,0.35,0.08,0.0,0.10418212862251766,0.0017153652489235573,0.9737609100467084,-0.717456386001733,0.0012931764150164314,0.09498177265618628
21.520499999995195,0.9963154331094148,0.000794100841661521,-5.9078741475017947e-05,0.9999999777068194,-7.150361784129658e-09,3.765707287741789e-05,0.00020776983383251167,1.9991688466032915,-0.0004986920380250836,-0.65,0.7,0.35,0.08,0.0,0.10871986929748671,0.0017185712665166604,0.9737606794482109,-0.7174531098646776,0.0012931794788113011,0.09498177273232877
21.54049999999515,1.0008498944815158,0.0007959819656810896,-5.907873706862812e-05,0.9999999778602755,-6.194919243325826e-09,3.7657078341623e-05,0.00020702993014657032,1.999171806343755,-0.0004969161937470546,-0.65,0.7,0.35,0.08,0.0,0.11325761416514178,0.0017217683595516624,0.9737604489083951,-0.7174498337452008,0.0012931825426380965,0.09498177280759101
21.560499999995102,1.0053843631360126,0.0007978564010189867,-5.907873296113103e-05,0.999999978012923,-5.247021422087631e-09,3.7657083415442206e-05,0.00020629129221279044,1.9991747610227266,-0.0004951433863640275,-0.65,0.7,0.35,0.08,0.0,0.1177953631306726,0.001724956515105212,0.9737602184233571,-0.7174465576373514,0.0012931856064788856,0.09498177288227641
21.580499999995055,1.0099188389985347,0.0007997241589949545,-5.9078729150345475e-05,0.9999999781647615,-4.30789372810466e-09,3.765708810624188e-05,0.00020555393503774537,1.999177710580157,-0.0004933736519058485,-0.65,0.7,0.35,0.08,0.0,0.12233311618597857,0.0017281357206995929,0.973759987990799,-0.7174432815207886,0.0012931886702887317,0.0949817729572498
21.60049999999501,1.014453321993593,0.0008015852510878695,-5.907872562439746e-05,0.9999999783157901,-3.378736247223989e-09,3.765709243117437e-05,0.00020481787345305062,1.9991806549567022,-0.000491607025978702,-0.65,0.7,0.35,0.08,0.0,0.12687087337122838,0.0017313059643239471,0.9737597576072707,-0.7174400053911411,0.0012931917340541599,0.09498177303271546
21.620499999994962,1.0189878120462017,0.0008034396889019614,-5.907872236697977e-05,0.9999999784660106,-2.4607360776407223e-09,3.765709641307331e-05,0.0002040831221156194,1.9991835940937177,-0.0004898435437693749,-0.65,0.7,0.35,0.08,0.0,0.1314086347829434,0.001734467234389315,0.9737595272697738,-0.7174367292413975,0.0012931947977577862,0.09498177310899122
21.640499999994915,1.0235223090832524,0.0008052874842260253,-5.907871935129671e-05,0.9999999786154217,-1.5550397976289368e-09,3.7657100083333645e-05,0.00020334969552271862,1.9991865279331904,-0.0004880832400857571,-0.65,0.7,0.35,0.08,0.0,0.1359464005130674,0.0017376195197765904,0.9737592969733235,-0.7174334531149067,0.0012931978614736082,0.09498177318433088
21.66049999999487,1.0280568130346714,0.0008071286489377547,-5.90787165515994e-05,0.9999999787640232,-6.627928791136691e-10,3.765710347498208e-05,0.00020261760800119078,1.9991894564178097,-0.00048632614931420903,-0.65,0.7,0.35,0.08,0.0,0.1404841707390866,0.0017407628096899662,0.9737590667110131,-0.7174301770043541,0.0012932009251830797,0.09498177325906682
21.680499999994822,1.0325913238343298,0.0008089631950015364,-5.9078713944884256e-05,0.9999999789118159,2.1486054952175032e-10,3.765710662037456e-05,0.0002018868737146258,1.999192379490899,-0.00048457230546059547,-0.65,0.7,0.35,0.08,0.0,0.1450219456721536,0.00174389709369258,0.9737588364784524,-0.7174269008937987,0.0012932039888542827,0.09498177333384156
21.700499999994776,1.0371258414207492,0.0008107911345312404,-5.907871150499465e-05,0.9999999790588006,1.076807848725081e-09,3.765710955424758e-05,0.0002011575066777892,1.9991952970963869,-0.0004828217421678715,-0.65,0.7,0.35,0.08,0.0,0.1495597255378915,0.0017470223617040061,0.9737586062703267,-0.7174236247711107,0.0012932070524631415,0.0949817734091394
21.72049999999473,1.0416603657375902,0.0008126124797651748,-5.907870920538615e-05,0.9999999792049753,1.9219589039856613e-09,3.765711231160828e-05,0.00020042952075786106,1.9991982091787897,-0.0004810744927262078,-0.65,0.7,0.35,0.08,0.0,0.15409751056688345,0.0017501386039855795,0.9737583760828324,-0.7174203486291375,0.0012932101159949553,0.09498177348525773
21.740499999994682,1.0461948967339672,0.0008144272431091639,-5.907870701465442e-05,0.9999999793503416,2.7492659944430436e-09,3.765711492977977e-05,0.0001997029296845321,1.9992011156831673,-0.00047933059009963586,-0.65,0.7,0.35,0.08,0.0,0.15863530095132244,0.0017532458111744111,0.9737581459116216,-0.7174170725036226,0.001293213179511173,0.09498177356074952
21.760499999994636,1.0507294343645872,0.0008162354370798748,-5.907870490306568e-05,0.9999999794948996,3.5577017565881776e-09,3.765711744488765e-05,0.00019897774704522153,1.9992040165551686,-0.0004775900668988697,-0.65,0.7,0.35,0.08,0.0,0.16317309691136964,0.0017563439741771552,0.9737579157498949,-0.7174137964004573,0.0012932162430193028,0.09498177363539999
21.78049999999459,1.0552639785897477,0.0008180370742466868,-5.907870285080694e-05,0.99999997963865,4.346236181123007e-09,3.765711988587616e-05,0.00019825398628312336,1.999206911741001,-0.00047585295539942507,-0.65,0.7,0.35,0.08,0.0,0.16771089869110806,0.0017594330841536692,0.9737576855942356,-0.7174105202925055,0.0012932193064712852,0.09498177371031258
21.800499999994543,1.0597985293751855,0.0008198321673359058,-5.90787008354626e-05,0.9999999797815928,5.113882509289982e-09,3.7657122282003366e-05,0.00019753166071468872,1.9992098011873871,-0.00047411928756773135,-0.65,0.7,0.35,0.08,0.0,0.17224870650155194,0.0017625131325728785,0.973757455441166,-0.7174072441744888,0.0012932223698572422,0.0949817737856884
21.820499999994496,1.0643330866918423,0.0008216207291876939,-5.907869883725931e-05,0.9999999799237289,5.859681357244057e-09,3.765712465932627e-05,0.00019681078352729993,1.9992126848415648,-0.000472389095061132,-0.65,0.7,0.35,0.08,0.0,0.17678652054069063,0.0017655841111714693,0.973757225288623,-0.7174039680386965,0.001293225433163441,0.09498177386183387
21.84049999999445,1.068867650515519,0.0008234027728057149,-5.907869683394015e-05,0.9999999800650587,6.582723137950281e-09,3.7657127043587465e-05,0.000196091367788125,1.9992155626512487,-0.0004706624092507994,-0.65,0.7,0.35,0.08,0.0,0.18132434094789102,0.0017686460120007548,0.9737569951342041,-0.7174006919193207,0.0012932284964488033,0.0949817739373487
21.860499999994403,1.0734022208264828,0.0008251783112981337,-5.9078694806414774e-05,0.9999999802055829,7.282125114848862e-09,3.765712945750428e-05,0.0001953734264387314,1.9992184345646677,-0.00046893926119935254,-0.65,0.7,0.35,0.08,0.0,0.18586216787258228,0.0017716988273280003,0.9737567649732733,-0.7173974158215063,0.0012932315597212456,0.09498177401203092
21.880499999994356,1.0779367976090155,0.0008269473578203918,-5.907869274530346e-05,0.999999980345302,7.957008482691609e-09,3.765713191607585e-05,0.00019465697229273843,1.9992213005305528,-0.00046721968166831825,-0.65,0.7,0.35,0.08,0.0,0.19040000146891312,0.001774742549630463,0.9737565348048077,-0.7173941397234294,0.001293234622943299,0.09498177408673932
21.90049999999431,1.0824713808509268,0.0008287099256742607,-5.907869064124025e-05,0.999999980484217,8.606542084914479e-09,3.7657134432665556e-05,0.00019394201804918295,1.9992241604980956,-0.00046550370114264436,-0.65,0.7,0.35,0.08,0.0,0.19493784186092192,0.001777777171634012,0.9737563046271207,-0.7173908636127629,0.0012932376860941806,0.09498177416195135
21.920499999994263,1.0870059705430517,0.0008304660282737977,-5.9078688486835705e-05,0.9999999806223285,9.229929726509944e-09,3.7657137017691425e-05,0.00019322857629072417,1.999227014416955,-0.00046379134982696966,-0.65,0.7,0.35,0.08,0.0,0.19947568914612926,0.0017808026863005524,0.9737560744401933,-0.7173875874822343,0.001293240749161787,0.09498177423795193
21.940499999994216,1.0915405666787437,0.0008322156791790283,-5.90786862734139e-05,0.9999999807596386,9.826425286951386e-09,3.765713968054389e-05,0.00019251665948845581,1.9992298622372298,-0.0004620826576621439,-0.65,0.7,0.35,0.08,0.0,0.20401354336755642,0.0017838190868613697,0.9737558442442354,-0.7173843113590618,0.001293243812192941,0.09498177431363239
21.96049999999417,1.0960751692533808,0.0008339588920769981,-5.907868399211978e-05,0.9999999808961457,1.0395326380240878e-08,3.7657142429865233e-05,0.00019180628000007755,1.9992327039094864,-0.000460377654308175,-0.65,0.7,0.35,0.08,0.0,0.20855140455825627,0.0017868263667587733,0.9737556140361967,-0.7173810352618608,0.0012932468752197917,0.09498177438824838
21.980499999994123,1.1006097782638944,0.0008356956806674827,-5.907868164652302e-05,0.9999999810318527,1.093592866590312e-08,3.7657145265266296e-05,0.00019109745006120406,1.9992355393847667,-0.0004586763691399653,-0.65,0.7,0.35,0.08,0.0,0.2130892727817702,0.001789824519583914,0.9737553838167059,-0.7173777591582405,0.0012932499381868728,0.09498177446310929
22.000499999994076,1.1051443937083112,0.0008374260588047891,-5.9078679237050244e-05,0.9999999811667593,1.1447585012780894e-08,3.765714818711654e-05,0.00019039018180004664,1.9992383686145478,-0.000456978831271293,-0.65,0.7,0.35,0.08,0.0,0.2176271480580073,0.0017928135391776052,0.9737551535860848,-0.7173744830430352,0.001293253001086751,0.09498177453841315
22.02049999999403,1.1096790155853375,0.0008391500404455952,-5.907867676623757e-05,0.9999999813008675,1.1929685979280655e-08,3.765715119335074e-05,0.00018968448723275045,1.9992411915507544,-0.0004552850695473509,-0.65,0.7,0.35,0.08,0.0,0.22216503039350927,0.001795793419587379,0.9737549233457384,-0.7173712069087637,0.0012932560639076942,0.09498177461445519
22.040499999993983,1.1142136438939785,0.0008408676396891284,-5.9078674234518916e-05,0.9999999814341777,1.23816773350567e-08,3.765715428198626e-05,0.00018898037826701233,1.99924400814574,-0.0004535951125559379,-0.65,0.7,0.35,0.08,0.0,0.22670291974814885,0.0017987641551127874,0.9737546930970842,-0.7173679307816453,0.001293259126694292,0.09498177469016464
22.060499999993937,1.1187482786332017,0.0008425788707584867,-5.9078671640254364e-05,0.9999999815666923,1.2803052951749806e-08,3.765715745205646e-05,0.00018827786669918674,1.9992468183523142,-0.00045190898861147133,-0.65,0.7,0.35,0.08,0.0,0.23124081607544705,0.0018017257402557,0.9737544628384056,-0.7173646546835912,0.0012932621894825756,0.09498177476462515
22.08049999999389,1.123282919801656,0.0008442837478786281,-5.907866899462103e-05,0.9999999816984106,1.3193307590334363e-08,3.7657160694075385e-05,0.00018757696420531702,1.9992496221237603,-0.0004502267257437964,-0.65,0.7,0.35,0.08,0.0,0.2357787193765181,0.0018046781696491783,0.973754232570814,-0.717361378577184,0.001293265252212095,0.09498177483936254
22.100499999993843,1.1278175673974096,0.0008459822854281598,-5.907866630371822e-05,0.9999999818293347,1.3551997772509808e-08,3.76571640011539e-05,0.00018687768235311895,1.9992524194137955,-0.0004485483517226996,-0.65,0.7,0.35,0.08,0.0,0.24031662961222858,0.0018076214381731214,0.9737540022952935,-0.7173581024578017,0.001293268314875782,0.09498177491455384
22.120499999993797,1.1323522214177535,0.000847674497882752,-5.9078663574543694e-05,0.9999999819594672,1.3878720510399146e-08,3.7657167365416206e-05,0.00018618003259639903,1.9992552101765924,-0.00044687389404458595,-0.65,0.7,0.35,0.08,0.0,0.24485454673927454,0.0018105555409101306,0.973753772013683,-0.7173548263183994,0.0012932713774622764,0.09498177499048438
22.14049999999375,1.1368868818590394,0.0008493603998449274,-5.907866081210176e-05,0.9999999820888068,1.4173126383212913e-08,3.7657170779638405e-05,0.00018548402627615636,1.9992579943667739,-0.0004452033799356769,-0.65,0.7,0.35,0.08,0.0,0.2493924706836258,0.0018134804731847279,0.9737535417281984,-0.7173515501783347,0.001293274440004008,0.09498177506637225
22.160499999993704,1.1414215487165527,0.0008510400060640565,-5.907865801610492e-05,0.9999999822173573,1.4434928083624074e-08,3.765717424013365e-05,0.000184789674619418,1.999260771939424,-0.0004435368363456149,-0.65,0.7,0.35,0.08,0.0,0.25393040135819067,0.001816396230546102,0.9737533114368291,-0.7173482740686521,0.0012932775025516936,0.09498177514097168
22.180499999993657,1.1459562219844472,0.0008527133312632269,-5.907865519931126e-05,0.9999999823451179,1.4663831847038973e-08,3.765717773523762e-05,0.00018409698872726992,1.9992635428501258,-0.00044187428992454865,-0.65,0.7,0.35,0.08,0.0,0.25846833874010733,0.0018193028086658197,0.9737530811411702,-0.7173449979520896,0.0012932805650456964,0.09498177521580158
22.20049999999361,1.1504909016556832,0.0008543803903203839,-5.907865236852188e-05,0.9999999824720923,1.4859609975405237e-08,3.765718125686357e-05,0.00018340597958545438,1.9992663070549233,-0.00044021576704604825,-0.65,0.7,0.35,0.08,0.0,0.2630062827743822,0.0018222002034688196,0.9737528508421506,-0.7173417218237895,0.0012932836274782648,0.09498177529104583
22.220499999993564,1.1550255877220157,0.0008560411982065735,-5.9078649530784036e-05,0.9999999825982797,1.502207748551313e-08,3.765718479682237e-05,0.00018271665805821366,1.9992690645103472,-0.00043856129379165053,-0.65,0.7,0.35,0.08,0.0,0.26754423340861083,0.0018250884110923883,0.9737526205414262,-0.71733844567663,0.0012932866898386231,0.09498177536698732
22.240499999993517,1.159560280174005,0.0008576957700158939,-5.907864669053721e-05,0.9999999827236838,1.5151104621494862e-08,3.765718834835423e-05,0.00018202903488788035,1.9992718151734143,-0.00043691089595139233,-0.65,0.7,0.35,0.08,0.0,0.2720821905664341,0.0018279674279252272,0.9737523902409456,-0.7173351695293074,0.001293289752157514,0.09498177544287172
22.26049999999347,1.1640949790010406,0.0008593441209872916,-5.907864384576274e-05,0.999999982848305,1.5246625166743495e-08,3.765719190929159e-05,0.00018134312069246531,1.9992745590016439,-0.00043526459901368494,-0.65,0.7,0.35,0.08,0.0,0.2766201541600134,0.0018308372505985546,0.9737521599387176,-0.7173318934158734,0.001293292814489648,0.09498177551730297
22.280499999993424,1.1686296841914172,0.0008609862663227576,-5.9078641008273126e-05,0.9999999829721442,1.5308566487848228e-08,3.7657195469247954e-05,0.0001806589259548562,1.999277295953089,-0.00043362242814666275,-0.65,0.7,0.35,0.08,0.0,0.2811581241782751,0.0018336978758689778,0.9737519296356125,-0.7173286172943197,0.0012932958767680484,0.09498177559199034
22.300499999993377,1.1731643957323845,0.0008626222213787182,-5.907863818287297e-05,0.999999983095205,1.5336923618828096e-08,3.765719902234964e-05,0.00017997646103033577,1.999280025986315,-0.0004319844082109725,-0.65,0.7,0.35,0.08,0.0,0.2856961005764914,0.0018365493007697986,0.9737516993321841,-0.7173253411603115,0.001293298938985275,0.09498177566710943
22.32049999999333,1.1776991136102364,0.0008642520015996453,-5.907863537425684e-05,0.9999999832174878,1.5331734211198834e-08,3.76572025630236e-05,0.00017929573614016914,1.9992827490604235,-0.0004303505637459182,-0.65,0.7,0.35,0.08,0.0,0.2902340833156834,0.0018393915225657928,0.9737514690296335,-0.7173220650071223,0.0012933020011317595,0.09498177574293187
22.340499999993284,1.182233837810397,0.0008658756225371392,-5.907863258535627e-05,0.9999999833389936,1.5293086620882265e-08,3.765720608672218e-05,0.000178616761369565,1.999285465135059,-0.00042872091896466457,-0.65,0.7,0.35,0.08,0.0,0.2947720723421264,0.0018422245387835037,0.9737512387298844,-0.717318788846636,0.0012933050632269224,0.09498177581898451
22.360499999993237,1.1867685683175082,0.0008674930999107223,-5.907862981032726e-05,0.9999999834597263,1.5221143467523432e-08,3.7657209594904484e-05,0.0001779395466657087,1.9992881741704212,-0.00042709549774730957,-0.65,0.7,0.35,0.08,0.0,0.2993100675770467,0.0018450483472336192,0.9737510084301386,-0.7173155127218394,0.0012933081253378228,0.09498177589354401
22.38049999999319,1.191303305115547,0.000869104449374546,-5.907862705832135e-05,0.9999999835796867,1.511605103419357e-08,3.765721308027901e-05,0.00017726410182681033,1.9992908761273007,-0.00042547432361956795,-0.65,0.7,0.35,0.08,0.0,0.30384806902775285,0.0018478629458639508,0.9737507781312548,-0.7173122365908231,0.001293311187398907,0.09498177596831847
22.400499999993144,1.1958380481879054,0.0008707096867379059,-5.9078624331399146e-05,0.9999999836988758,1.497802453037636e-08,3.7657216540044104e-05,0.00017659043650725635,1.9992935709670654,-0.00042385741976076475,-0.65,0.7,0.35,0.08,0.0,0.3083860766688281,0.0018506683329248543,0.9737505478333979,-0.7173089604489281,0.0012933142494029486,0.09498177604348466
22.420499999993098,1.2003727975174896,0.0008723088279004236,-5.907862163068306e-05,0.999999983817297,1.480732355746701e-08,3.7657219972161155e-05,0.0001759185602116061,1.9992962586516825,-0.0004222448089905129,-0.65,0.7,0.35,0.08,0.0,0.31292409047406783,0.001853464506931041,0.9737503175373895,-0.7173056842956563,0.0012933173113489358,0.09498177611905262
22.44049999999305,1.204907553086811,0.0008739018888372453,-5.907861895884414e-05,0.9999999839349517,1.4604246677071224e-08,3.765722337370662e-05,0.0001752484822906599,1.9992989391437312,-0.0004206365137612522,-0.65,0.7,0.35,0.08,0.0,0.31746211042428113,0.0018562514666584091,0.9737500872449323,-0.71730240812638,0.0012933203732299245,0.09498177619518497
22.460499999993004,1.2094423148780642,0.000875488885726596,-5.9078616305824035e-05,0.9999999840518418,1.4369180639387653e-08,3.765722674984703e-05,0.00017458021194003217,1.9993016124064154,-0.00041903255615078906,-0.65,0.7,0.35,0.08,0.0,0.32200013644524206,0.0018590292112347754,0.9737498569527366,-0.7172991319973093,0.0012933234351320297,0.09498177626962961
22.480499999992958,1.2139770828732244,0.0008770698346471557,-5.907861367935558e-05,0.9999999841679693,1.4102483530162764e-08,3.765723009536773e-05,0.00017391375819032274,1.9993042784035957,-0.0004174329578425784,-0.65,0.7,0.35,0.08,0.0,0.326538168565502,0.001861797739928661,0.9737496266613815,-0.7172958558615534,0.001293326496981902,0.09498177634430022
22.50049999999291,1.2185118570541005,0.0008786447518348521,-5.907861107941695e-05,0.9999999842833364,1.3804582434102663e-08,3.7657233409852e-05,0.00017324912990937682,1.9993069370997842,-0.00041583774012945437,-0.65,0.7,0.35,0.08,0.0,0.33107620677428656,0.0018645570523512542,0.973749396370799,-0.7172925797147406,0.001293329558773076,0.09498177641936506
22.520499999992865,1.2230466374024063,0.000880213653603226,-5.907860850620701e-05,0.9999999843979451,1.3475943706493182e-08,3.765723669286637e-05,0.00017258633579664775,1.9993095884601653,-0.0004142469239008406,-0.65,0.7,0.35,0.08,0.0,0.3356142510648668,0.001867307148402063,0.9737491660815395,-0.7172893035501895,0.0012933326204954147,0.09498177649509126
22.540499999992818,1.2275814238998133,0.0008817765563506534,-5.907860595958747e-05,0.9999999845117975,1.311707581801329e-08,3.765723994400591e-05,0.00017192538437960341,1.9993122324506114,-0.00041266052963315756,-0.65,0.7,0.35,0.08,0.0,0.34015230142076336,0.0018700480282933846,0.9737489357952879,-0.7172860273724011,0.001293335682155359,0.09498177657130463
22.56049999999277,1.232116216527989,0.0008833334766616579,-5.907860342833979e-05,0.9999999846248964,1.2728566917983304e-08,3.7657243170019584e-05,0.0001712662840093221,1.9993148690377014,-0.00041107857737916477,-0.65,0.7,0.35,0.08,0.0,0.34469035777955526,0.0018727796926091102,0.9737487055088035,-0.7172827512356584,0.0012933387438324433,0.09498177664582944
22.580499999992725,1.236651015268654,0.0008848844310147957,-5.907860091880878e-05,0.9999999847372435,1.2310974496959187e-08,3.7657246367212745e-05,0.00017060904285571898,1.999317498188737,-0.00040950108675783523,-0.65,0.7,0.35,0.08,0.0,0.34922842017770983,0.0018755021421132754,0.9737484752225407,-0.7172794750934113,0.001293341805456108,0.09498177672055276
22.600499999992678,1.241185820103596,0.00088642943604453,-5.907859842909707e-05,0.9999999848488412,1.186492279854022e-08,3.765724953685081e-05,0.00016995366890540083,1.9993201198717525,-0.00040792807694849386,-0.65,0.7,0.35,0.08,0.0,0.35376648860554705,0.0018782153779543,0.9737482449365538,-0.717276198946763,0.0012933448670279736,0.09498177679540067
22.62049999999263,1.2457206310146967,0.0008879685084473399,-5.9078595959732755e-05,0.9999999849596923,1.1391068526714122e-08,3.7657252678906514e-05,0.0001693001699571622,1.999322734055534,-0.00040635956667962604,-0.65,0.7,0.35,0.08,0.0,0.35830456306941394,0.0018809194015868625,0.9737480146508933,-0.7172729227809241,0.0012933479285243028,0.0949817768709486
22.640499999992585,1.250255447983947,0.0008895016649934413,-5.907859351094721e-05,0.9999999850697985,1.0890105056551482e-08,3.765725579313065e-05,0.00016864855361852933,1.9993253407096327,-0.0004047955742203513,-0.65,0.7,0.35,0.08,0.0,0.36284264356274026,0.0018836142148163208,0.9737477843674326,-0.7172696465937685,0.0012933509899407303,0.09498177694728929
22.66049999999254,1.2547902709934498,0.0008910289226579386,-5.9078591069039286e-05,0.9999999851791627,1.0362809540741633e-08,3.7657258888023536e-05,0.00016799882729907312,1.999327939804389,-0.0004032361173665677,-0.65,0.7,0.35,0.08,0.0,0.3673807300123541,0.0018862998198832305,0.9737475540829367,-0.7172663704526018,0.0012933540513737766,0.09498177702172328
22.68049999999249,1.2593251000254406,0.000892550298277857,-5.9078588640947704e-05,0.9999999852877869,9.809915985831635e-09,3.7657261959876075e-05,0.000167350998211078,1.9993305313109344,-0.00040168121343935325,-0.65,0.7,0.35,0.08,0.0,0.37191882246069563,0.0018889762192198633,0.9737473237978419,-0.717263094305648,0.0012933571127457248,0.09498177709636202
22.700499999992445,1.263859935062273,0.0008940658088419749,-5.90785862254365e-05,0.9999999853956753,9.23222120267222e-09,3.76572650098225e-05,0.00016670507336286812,1.9993331152012148,-0.00040013087927111003,-0.65,0.7,0.35,0.08,0.0,0.3764569209032678,0.001891643415680474,0.9737470935120195,-0.7172598181485218,0.0012933601740488317,0.09498177717136927
22.7204999999924,1.268394776086417,0.0008955754714020643,-5.9078583821763055e-05,0.9999999855028279,8.63055233156383e-09,3.765726803871032e-05,0.0001660610595559224,1.9993356914480023,-0.00039858513119863656,-0.65,0.7,0.35,0.08,0.0,0.38099502533697,0.0018943014124813934,0.9737468632259314,-0.7172565419746174,0.0012933632352721107,0.09498177724700525
22.740499999992352,1.272929041836451,0.0008970791104040376,-5.9073906086147256e-05,0.9999999856090104,8.008665237397184e-09,3.766320852796954e-05,0.0001654190500659221,1.9748617099034071,-0.00039704417019397197,-0.65,0.7,0.35,0.08,0.0,0.385533125433422,0.00189695013121189,0.9737466339515574,-0.7172532655626274,0.0012933662982567088,0.09498177733434282
22.760499999992305,1.2774553054171605,0.0008985742921165793,-5.903160307156246e-05,0.9999999857124635,7.388232006379132e-09,3.77171239172005e-05,0.00016478013444893972,1.9355154627894198,-0.00039551053985498186,-0.65,0.7,0.35,0.08,0.0,0.39007081844423025,0.0018995882961366044,0.973746408139698,-0.7172499833917391,0.0012933693858862775,0.09498177759834481
22.78049999999226,1.281962882661771,0.0009000575492007131,-5.89534403550456e-05,0.999999985813029,6.769789653787706e-09,3.781654206111071e-05,0.00016414582599945913,1.896329389694819,-0.0003939878842325939,-0.65,0.7,0.35,0.08,0.0,0.3946065140220603,0.001902213508422882,0.9737461211521737,-0.7172466824904625,0.001293372527066925,0.0949817782407743
22.800499999992212,1.2864427413633295,0.0009015260109474099,-5.885849160274104e-05,0.9999999859114455,6.142803457956139e-09,3.7936519167296316e-05,0.000163517369514123,1.857382347654257,-0.00039247920552263336,-0.65,0.7,0.35,0.08,0.0,0.39913733382246175,0.0019048229971609725,0.9737456745924231,-0.7172433489762726,0.001293375742720887,0.09498177922747103
22.820499999992165,1.2908873089012516,0.0009029773281784984,-5.875984536323716e-05,0.9999999860081941,5.500815654123464e-09,3.8060160067069474e-05,0.0001628957884373566,1.8187404559902323,-0.00039098697213937325,-0.65,0.7,0.35,0.08,0.0,0.4036592703609709,0.0019074137167404582,0.9737449952079047,-0.7172399705515545,0.0012933790476620253,0.09498178042334918
22.84049999999212,1.295290261544298,0.0009044095939878566,-5.8664225005057554e-05,0.9999999861034676,4.841952810023635e-09,3.81791054651554e-05,0.00016228191983252567,1.7804589370528168,-0.00038951320335502967,-0.65,0.7,0.35,0.08,0.0,0.4081673883091994,0.0019099824454315362,0.9737440415237795,-0.7172365371191548,0.001293382451348181,0.09498178171983318
22.860499999992072,1.2996463444664144,0.00090582127662491,-5.857453974735107e-05,0.9999999861973027,4.1671415807712195e-09,3.828999709179572e-05,0.00016167644240346513,1.7425836856850703,-0.0003880595368164208,-0.65,0.7,0.35,0.08,0.0,0.4126560342734301,0.0019125258825041223,0.9737427977058076,-0.717233040894429,0.0012933859585128468,0.09498178305313812
22.880499999992026,1.3039512130258344,0.0009072111608822456,-5.849176396522683e-05,0.9999999862896644,3.478667774184157e-09,3.839190205764885e-05,0.00016107990082350136,1.7051526530679202,-0.00038662728713063644,-0.65,0.7,0.35,0.08,0.0,0.4171190423821289,0.0019150407375657017,0.9737412671684474,-0.7172294763573976,0.0012933895698074586,0.09498178438837561
22.90049999999198,1.308201293246096,0.0009085782970135814,-5.841598906859911e-05,0.9999999863804984,2.7793303917893087e-09,3.848491670607684e-05,0.00016049272697305118,1.6681970634093202,-0.00038521749701292407,-0.65,0.7,0.35,0.08,0.0,0.42154992990064,0.001917523809388593,0.9737394676927337,-0.7172258401383158,0.0012933932824605477,0.09498178570447037
22.920499999991932,1.3123936603579753,0.0009099219566097007,-5.834695368166164e-05,0.9999999864697525,2.0720070449612103e-09,3.856949874332112e-05,0.0001599152583297639,1.6317424734087345,-0.00038383098158778495,-0.65,0.7,0.35,0.08,0.0,0.4259420791036361,0.0019199720528674594,0.9737374277401066,-0.7172221308627301,0.0012933970909312926,0.09498178698590448
22.940499999991886,1.316525934127417,0.0009112415948497073,-5.8284292728563746e-05,0.9999999865573833,1.3594505291514192e-09,3.864617589588353e-05,0.0001593477537411174,1.5958096855310828,-0.00038246836639377335,-0.65,0.7,0.35,0.08,0.0,0.43028890258065505,0.0019223826336057773,0.973735183520637,-0.7172183489667475,0.0012934009875330817,0.09498178821934043
22.96049999999184,1.3205961895229779,0.0009125368185057778,-5.822764475939785e-05,0.9999999866433603,6.442035546926965e-10,3.871543357581738e-05,0.0001587904068265287,1.5604155276334175,-0.0003811301196803285,-0.65,0.7,0.35,0.08,0.0,0.43458398990842784,0.0019247529702586237,0.9737327765409465,-0.717214496490523,0.0012934049630093582,0.09498178939267633
22.980499999991792,1.324602881202618,0.0009138073590705577,-5.8176690715717966e-05,0.9999999867276655,-7.14293853275577e-11,3.8777682838888824e-05,0.00015824335726196496,1.5255735121489724,-0.00037981657961481117,-0.65,0.7,0.35,0.08,0.0,0.43882123434286974,0.0019270807652197665,0.9737302514923752,-0.717210576857589,0.0012934090070510842,0.09498179049505787
23.000499999991746,1.3285447803032557,0.0009150530503934018,-5.8131161013112216e-05,0.9999999868102866,-7.853835604648069e-10,3.8833262047840145e-05,0.00015770670019488867,1.491294388015523,-0.00037852797697954796,-0.65,0.7,0.35,0.08,0.0,0.44299493885913405,0.0019293640245635207,0.9737276544152628,-0.7172065946472184,0.00129341310875066,0.09498179151715218
23.0204999999917,1.3324209220663263,0.0009162738102442399,-5.809082909988356e-05,0.9999999868912233,-1.4958237028148574e-09,3.888245100838739e-05,0.00015718049402555523,1.4575865981097738,-0.00037726445394081765,-0.65,0.7,0.35,0.08,0.0,0.4470999014784249,0.0019316010683602248,0.9737250311111987,-0.7172025553665099,0.0012934172569909648,0.09498179245140594
23.040499999991653,1.3362305629081044,0.000917469625264494,-5.8055500265753145e-05,0.9999999869704782,-2.201128779247253e-09,3.892548818496153e-05,0.00015666476677532007,1.4244566542974935,-0.0003760260794109627,-0.65,0.7,0.35,0.08,0.0,0.4511314803511383,0.0019337905326001791,0.9737224257902197,-0.7171984652278436,0.0012934214407706462,0.09498179329220056
23.060499999991606,1.3399731456334205,0.0009186405388088308,-5.802499982558672e-05,0.9999999870480597,-2.8998750967062477e-09,3.8962587011852345e-05,0.00015615952124551705,1.3919094414304405,-0.0003748128614965651,-0.65,0.7,0.35,0.08,0.0,0.45508563951126957,0.001935931364003317,0.9737198799449492,-0.7171943309366685,0.0012934256494687663,0.09498179403589554
23.08049999999156,1.3436482715891513,0.0009197866412271627,-5.7999162517492504e-05,0.9999999871239796,-3.5908192660956555e-09,3.8993949757083436e-05,0.00015566473915263669,1.3599484607731,-0.0003736247574787299,-0.65,0.7,0.35,0.08,0.0,0.4589589765764257,0.0019380228089774464,0.9737174314441239,-0.7171901594934386,0.0012934298730529002,0.09498179468078431
23.100499999991513,1.3472556786558418,0.0009209080621817677,-5.7977823833801305e-05,0.9999999871982523,-4.272881771744241e-09,3.9019778490242174e-05,0.00015518038440755883,1.3285760224565564,-0.00037246168172941905,-0.65,0.7,0.35,0.08,0.0,0.4627487339441864,0.0019400643979311546,0.9737151138364364,-0.7171859580127687,0.0012934341022356642,0.0949817952269747
23.120499999991466,1.3507952240793328,0.000922004964638777,-5.796081345886638e-05,0.9999999872708916,-4.945131480379268e-09,3.9040283190530087e-05,0.0001547064056888659,1.2977933956574277,-0.00037132351192887826,-0.65,0.7,0.35,0.08,0.0,0.46645279523408817,0.0019420559260608554,0.973712955853444,-0.7171817335619003,0.001293438328585037,0.0949817956762251
23.14049999999142,1.3542668712475934,0.0009230775402160146,-5.794795072699892e-05,0.9999999873419154,-5.6067712620129456e-09,3.905568724069729e-05,0.00015424273844304528,1.2676009243015598,-0.00037021009389270887,-0.65,0.7,0.35,0.08,0.0,0.4700696688516593,0.0019439974316253883,0.9737109810979928,-0.7171774930199107,0.0012934425445940952,0.0949817960317408
23.160499999991373,1.357670679619406,0.0009241260056097716,-5.793904189461719e-05,0.9999999874113392,-6.257124762951929e-09,3.906623063567386e-05,0.00015378930642787666,1.2379981152099495,-0.0003691212453038162,-0.65,0.7,0.35,0.08,0.0,0.47359846061400357,0.0019458891726046924,0.9737092079025607,-0.7171732429582567,0.0012934467437157027,0.09498179629795665
23.180499999991326,1.3610067971099795,0.0009251505998612981,-5.793387897208975e-05,0.9999999874791805,-6.895624317127862e-09,3.9072171258873945e-05,0.00015334602289966597,1.208983704748162,-0.00036805675857785045,-0.65,0.7,0.35,0.08,0.0,0.47703883738323344,0.001947731602518184,0.9737076493401786,-0.7171689895427793,0.0012934509203676619,0.09498179648031599
23.20049999999128,1.3642754543327262,0.0009261515822593376,-5.793223984860167e-05,0.9999999875454585,-7.52179997601898e-09,3.907378457487338e-05,0.00015291279153032338,1.1805557092210632,-0.0003670164030801004,-0.65,0.7,0.35,0.08,0.0,0.4803909836125466,0.0019495253460589342,0.9737063133693173,-0.717164738456637,0.0012934550699134771,0.09498179658504362
23.220499999991233,1.3674769601855823,0.0009271292307077695,-5.793388944982739e-05,0.9999999876101893,-8.135269566493097e-09,3.907136206863209e-05,0.0001524895071267021,1.1527114634787388,-0.0003659999268606384,-0.65,0.7,0.35,0.08,0.0,0.48365555262789767,0.0019512711750853554,0.9737052030932937,-0.7171604948432565,0.0012934591886235754,0.09498179661893108
23.240499999991187,1.3706116983535117,0.0009280838404172588,-5.7938581684398775e-05,0.9999999876733923,-8.735729723032589e-09,3.906520873554607e-05,0.00015207605621215517,1.1254476514744163,-0.0003650070580574649,-0.65,0.7,0.35,0.08,0.0,0.4868336143537859,0.0019529699854057623,0.9737043171143864,-0.7171562632680687,0.0012934632736214978,0.09498179658913855
23.26049999999114,1.3736801243757666,0.0009290157228067308,-5.794606195666146e-05,0.9999999877350833,-9.322947779110343e-09,3.9055639896905894e-05,0.00015167231751897248,1.0987603318451638,-0.0003640375060827594,-0.65,0.7,0.35,0.08,0.0,0.48992660105204205,0.0019546227746943647,0.9737036499629413,-0.7171520476974175,0.0012934673228189727,0.09498179650300934
23.280499999991093,1.37668276299662,0.000929925204524469,-5.795607004787236e-05,0.999999987795282,-9.89675447400746e-09,3.9042977583875913e-05,0.00015127816243024853,1.0726449609748672,-0.0003630909626838985,-0.65,0.7,0.35,0.08,0.0,0.4929362524845739,0.0019562306217911587,0.9737031925822395,-0.7171478514929618,0.0012934713348435108,0.09498179636791185
23.300499999991047,1.379620205581442,0.0009308126265197877,-5.796834319254876e-05,0.9999999878540085,-1.0457037359376967e-08,3.902754670107835e-05,0.00015089345540076422,1.0470964154485545,-0.0003621671029559792,-0.65,0.7,0.35,0.08,0.0,0.4958645617411717,0.0019577946675629456,0.9737029328507805,-0.7171436774196289,0.0012934753089615305,0.09498179619108901
23.320499999991,1.3824931074361018,0.0009316783431145749,-5.798261920227447e-05,0.9999999879112806,-1.100373484487148e-08,3.9009671149322545e-05,0.00015051805437865532,1.0221090153178438,-0.0003612655863532765,-0.65,0.7,0.35,0.08,0.0,0.498713722797395,0.0019593160974381257,0.973702856124847,-0.7171395276652276,0.0012934792449996691,0.09498179597954387
23.340499999990953,1.3853021849167089,0.0009325227210397677,-5.79986395140709e-05,0.9999999879671206,-1.1536830818543321e-08,3.898967005641048e-05,0.00015015181124291131,0.9976765491696075,-0.00036038605773480725,-0.65,0.7,0.35,0.08,0.0,0.5014860806903169,0.001960796125673576,0.9737029457856591,-0.7171354038697544,0.0012934831432664703,0.09498179573993687
23.360499999990907,1.388048212258926,0.0009333461384150653,-5.8016152063871696e-05,0.9999999880215467,-1.2056349753482932e-08,3.896785423591309e-05,0.00014979457226605455,0.9737923016214347,-0.00035952814847757254,-0.65,0.7,0.35,0.08,0.0,0.5041840850258335,0.001962235981366968,0.973703183777134,-0.7171313071624633,0.0012934870044761574,0.09498179547851088
23.38049999999086,1.390732018091703,0.0009341489836611433,-5.8034913907808914e-05,0.9999999880745819,-1.2562352279752566e-08,3.8944522966804e-05,0.00014944617860663793,0.9504490835565361,-0.0003586914776542827,-0.65,0.7,0.35,0.08,0.0,0.5068102473640436,0.0019636368961914925,0.9737035511220662,-0.7171272382048809,0.0012934908296759436,0.09498179520102301
23.400499999990814,1.393354481629628,0.0009349316543424688,-5.8054693534389555e-05,0.9999999881262496,-1.3054931142095846e-08,3.8919961161880634e-05,0.00014910646683237083,0.9276392651542732,-0.0003578756532867544,-0.65,0.7,0.35,0.08,0.0,0.5093671028718129,0.0019650000938010747,0.973704028406483,-0.7171231972380292,0.0012934946201779134,0.09498179491271286
23.420499999990767,1.3959165285616641,0.000935694555945738,-5.8075272828936264e-05,0.9999999881765719,-1.353420751590188e-08,3.889443697047603e-05,0.00014877526947168585,0.9053548115663653,-0.0003570802736685863,-0.65,0.7,0.35,0.08,0.0,0.511857176486433,0.0019663267808319096,0.9737045962238667,-0.7171191841322517,0.0012934983774961623,0.094981794618271
23.44049999999072,1.3984191266722141,0.0009364381006041458,-5.8096448668234734e-05,0.9999999882255716,-1.4000327636912609e-08,3.886819984104801e-05,0.00014845241558928963,0.883587320929779,-0.0003563049287464537,-0.65,0.7,0.35,0.08,0.0,0.5142829537029456,0.001967618139409605,0.973705235572877,-0.7171151984382289,0.0012935021032897608,0.0949817943218281
23.460499999990674,1.4008632812438206,0.0009371627057813904,-5.8118034137523776e-05,0.9999999882732763,-1.4453459722527605e-08,3.884147905184872e-05,0.0001481377313796268,0.8623280642900476,-0.000355549201540839,-0.65,0.7,0.35,0.08,0.0,0.5166468559814187,0.0019688753210593897,0.9737059282040832,-0.7171112394378959,0.0012935057993117612,0.09498179402696183
23.480499999990627,1.403250030299827,0.0009378687929316737,-5.813985937411033e-05,0.9999999883197097,-1.489379115089286e-08,3.88144827031244e-05,0.0001478310407711419,0.8415680269295597,-0.00035481266959820347,-0.65,0.7,0.35,0.08,0.0,0.5189512206698352,0.001970099441909086,0.973706656912978,-0.7171073061941368,0.0012935094673642681,0.09498179373670312
23.50049999999058,1.4055804397505784,0.0009385567861532019,-5.816177205210937e-05,0.9999999883648991,-1.532152588039154e-08,3.8787397152015084e-05,0.00014753216603367137,0.8212979505488601,-0.0003540949064484877,-0.65,0.7,0.35,0.08,0.0,0.5211982852535086,0.0019712915790701274,0.9737074057781904,-0.717103397598384,0.0012935131092596138,0.09498179345356214
23.520499999990534,1.407855598508748,0.0009392271108529886,-5.818363753090559e-05,0.9999999884088704,-1.5736882080004266e-08,3.8760386861497096e-05,0.00014724092838115074,0.8015083757309663,-0.00035339548305088895,-0.65,0.7,0.35,0.08,0.0,0.523390175672821,0.001972452768080104,0.9737081603452901,-0.717099512415313,0.0012935167267873469,0.0949817931795561
23.540499999990487,1.4100766136386265,0.0009398801924402887,-5.8205338696102336e-05,0.9999999884516533,-1.614008996963328e-08,3.873359462708096e-05,0.0001469571485620136,0.7821896841245856,-0.0003527139692119263,-0.65,0.7,0.35,0.08,0.0,0.5255288983971043,0.001973584001290753,0.9737089077578649,-0.7170956493240942,0.001293520321686796,0.09498179291624714
23.56049999999044,1.4122446056012705,0.0009405164550649107,-5.822677552665258e-05,0.9999999884932731,-1.6531389847083196e-08,3.8707142139531835e-05,0.00014668064743012465,0.7633321398073417,-0.00035204993495927537,-0.65,0.7,0.35,0.08,0.0,0.5276163359027388,0.001974686227087554,0.9737096368386631,-0.7170918069557113,0.0012935238956248312,0.09498179266477744
23.580499999990394,1.4143607036526726,0.0009411363204151113,-5.82478644242301e-05,0.9999999885337588,-1.691103027540806e-08,3.8681130838279526e-05,0.00014641124648975438,0.74492592933086,-0.00035140295184845624,-0.65,0.7,0.35,0.08,0.0,0.5296542451771021,0.0019757603498305725,0.9737103381244997,-0.7170879839261454,0.0012935274501784707,0.09498179242591295
23.600499999990348,1.4164260414460652,0.0009417402065878811,-5.826853734347116e-05,0.9999999885731398,-1.727926645181737e-08,3.865564300834736e-05,0.0001461487684089174,0.7269612000019241,-0.0003507725941981121,-0.65,0.7,0.35,0.08,0.0,0.5316442588555684,0.0019768072304109266,0.9737110038593307,-0.7170841788651847,0.0012935309868218612,0.09498179220008926
23.6204999999903,1.418441752882483,0.0009423285270423516,-5.828874076082987e-05,0.9999999886114438,-1.763635871150093e-08,3.8630743073217555e-05,0.00014589303749631402,0.7094280960145171,-0.000350158440237891,-0.65,0.7,0.35,0.08,0.0,0.5335878885950649,0.0019778276873226946,0.9737116279504119,-0.7170803904408732,0.0012935345069172211,0.09498179198745176
23.640499999990254,1.4204089682461567,0.0009429016896448142,-5.83084345202885e-05,0.9999999886486998,-1.798257117822632e-08,3.8606479036975075e-05,0.00014564388013807957,0.6923167921131042,-0.0003495600731572068,-0.65,0.7,0.35,0.08,0.0,0.5354865302933564,0.0019788224981562223,0.9737122058927965,-0.7170766173796671,0.0012935380117092958,0.09498179178790048
23.660499999990208,1.4223288106534748,0.0009434600958116141,-5.832759059186478e-05,0.9999999886849372,-1.831817055214055e-08,3.858288403107027e-05,0.0001454011251915331,0.6756175245355758,-0.00034897708205541275,-0.65,0.7,0.35,0.08,0.0,0.5373414707768428,0.001979792401425416,0.9737127346675852,-0.7170728584824296,0.001293541502322899,0.09498179160113206
23.68049999999016,1.4242023928364198,0.0009440041397539629,-5.834619177701856e-05,0.9999999887201827,-1.8643425008274986e-08,3.855997792384879e-05,0.00014516460433407904,0.6593206190524485,-0.0003484090627795311,-0.65,0.7,0.35,0.08,0.0,0.5391538955998108,0.001980738098648509,0.9737132126193416,-0.7170691126364969,0.0012935449797630972,0.09498179142667888
23.700499999990114,1.4260308142737943,0.0009445342078266192,-5.836423039169858e-05,0.9999999887544665,-1.895860321659283e-08,3.853776895451687e-05,0.00014493415236634512,0.6434165159848494,-0.0003478556186559345,-0.65,0.7,0.35,0.08,0.0,0.5409248976234425,0.001981660256608954,0.9737136393179681,-0.7170653788241245,0.0012935484449176913,0.09498179126394618
23.720499999990068,1.4278151586763528,0.0009450506779804345,-5.838170695563628e-05,0.9999999887878138,-1.926397346145687e-08,3.851625535718061e-05,0.00014470960746949414,0.6278957921466517,-0.00034731636110905126,-0.65,0.7,0.35,0.08,0.0,0.5426554860721676,0.001982559509730343,0.9737140154100792,-0.717061656127582,0.0012935518985615086,0.09498179111224439
23.74049999999002,1.4295564918253238,0.0009455539193169727,-5.839862891147129e-05,0.9999999888202542,-1.955980286948975e-08,3.8495426944925983e-05,0.00014449081141743573,0.6127491797137926,-0.00034679091017562056,-0.65,0.7,0.35,0.08,0.0,0.5443465957969388,0.0019834364625065477,0.9737143424645782,-0.7170579437313166,0.0012935553413622712,0.09498179097082174
23.760499999989975,1.4312558597578322,0.0009460442917418795,-5.841500939555814e-05,0.9999999888518124,-1.98463567079782e-08,3.847526662835366e-05,0.0001442776097453456,0.5979675820759743,-0.00034627889491076755,-0.65,0.7,0.35,0.08,0.0,0.5459990965086186,0.0019842916919355145,0.9737146228167104,-0.717054240921494,0.0012935587738876037,0.09498179083888941
23.780499999989928,1.4329142872874938,0.0009465221457123052,-5.843086607678853e-05,0.9999999888825168,-2.012389778282195e-08,3.845575184748779e-05,0.00014406985187650256,0.5835420867715916,-0.00034577995369389214,-0.65,0.7,0.35,0.08,0.0,0.5476138017789316,0.00198512574991218,0.9737148594144026,-0.7170505470833508,0.0012935621966129612,0.0949817907156457
23.80049999998988,1.4345327768440046,0.0009469878220725996,-5.8446220077863284e-05,0.9999999889123911,-2.039268589948155e-08,3.843685590038836e-05,0.00014386739120993697,0.5694639756456379,-0.0003452937344418316,-0.65,0.7,0.35,0.08,0.0,0.5491914776404608,0.001985939165542925,0.973715055670182,-0.7170468616966834,0.0012935656099301192,0.09498179060029689
23.820499999989835,1.4361123076118694,0.0009474416519716084,-5.846109498860401e-05,0.9999999889414616,-2.065297739555151e-08,3.841854915604446e-05,0.00014367008517178354,0.5557247324024651,-0.00034481989473515994,-0.65,0.7,0.35,0.08,0.0,0.5507328506502466,0.001986732447350561,0.9737152153214291,-0.7170431843298817,0.0012935690141560663,0.09498179049207037
23.840499999989788,1.4376538349455714,0.0009478839568542527,-5.847551597895059e-05,0.9999999889697504,-2.0905024735858975e-08,3.8400800143110696e-05,0.00014347779523351474,0.5423160477501282,-0.00034435810186241863,-0.65,0.7,0.35,0.08,0.0,0.5522386153130422,0.001987506085345175,0.973715342301197,-0.7170395146328099,0.0012935724095420043,0.09498179039023207
23.86049999998974,1.439158290036361,0.0009483150485196247,-5.8489509015485254e-05,0.9999999889972837,-2.114907616699762e-08,3.838357650966125e-05,0.00014329038690044193,0.5292298223517553,-0.00034390803279560345,-0.65,0.7,0.35,0.08,0.0,0.5537094407897126,0.0019882605529420298,0.973715440621288,-0.7170358523289039,0.0012935757962823258,0.09498179029409437
23.880499999989695,1.440626579804478,0.0009487352292376021,-5.8503100182709546e-05,0.9999999890240813,-2.1385375416278024e-08,3.8366845852560166e-05,0.00014310772967396826,0.5164581678113013,-0.0003434693740995698,-0.65,0.7,0.35,0.08,0.0,0.5551459768432561,0.0019889963087132605,0.9737155142687853,-0.7170321972067385,0.0012935791745233261,0.0949817902030215
23.90049999998965,1.4420595869898947,0.0009491447919159162,-5.851631510832317e-05,0.9999999890501677,-2.1614161440067487e-08,3.83505764177726e-05,0.0001429296969911246,0.5039934059275376,-0.0003430418217892139,-0.65,0.7,0.35,0.08,0.0,0.5565488589991896,0.001989713797965163,0.9737155671167681,-0.7170285491113737,0.001293582544371635,0.09498179011643956
23.9204999999896,1.4434581704145852,0.0009495440203097108,-5.852917848970682e-05,0.999999989075563,-2.183566821602947e-08,3.833473767562791e-05,0.00014275616614486405,0.4918280664510309,-0.00034262508113922505,-0.65,0.7,0.35,0.08,0.0,0.5579187129184279,0.001990413454137358,0.9737156028494924,-0.7170249079356551,0.0012935859059021082,0.09498179003383558
23.940499999989555,1.4448231653897483,0.0009499331892658717,-5.854171371627994e-05,0.9999999891002865,-2.2050124566293557e-08,3.83193007770328e-05,0.00014258701818850616,0.47995488357519034,-0.00034221886645440235,-0.65,0.7,0.35,0.08,0.0,0.5592561579991906,0.0019910957000242465,0.9737156249019595,-0.7170212736117374,0.001293589259165212,0.09498178995476105
23.96049999998951,1.4461553842423094,0.0009503125649947666,-5.855394258228368e-05,0.9999999891243598,-2.2257754022464125e-08,3.830423889832502e-05,0.0001424221378275546,0.46836679138484427,-0.00034182290081226087,-0.65,0.7,0.35,0.08,0.0,0.5605618102399178,0.0019917609488226363,0.9737156364134328,-0.7170176461029674,0.0012935926041937813,0.09498178987882797
23.980499999989462,1.4474556169363078,0.0009506824053624795,-5.856588508279687e-05,0.9999999891478013,-2.2458774711191094e-08,3.828952748379745e-05,0.00014226141330192355,0.4570569184747126,-0.0003414369157800578,-0.65,0.7,0.35,0.08,0.0,0.5618362844076905,0.001992409605012446,0.9737156401942109,-0.7170140253962347,0.0012935959410090723,0.09498178980571093
24.000499999989415,1.4487246317663827,0.0009510429601971726,-5.857755928451392e-05,0.9999999891706293,-2.265339928351338e-08,3.8275144395829314e-05,0.0001421047362613784,0.44601858193624233,-0.0003410606511168979,-0.65,0.7,0.35,0.08,0.0,0.5630801955664002,0.0019930420650798863,0.9737156387047042,-0.7170104114949574,0.0012935992696261503,0.09498178973513995
24.02049999998937,1.449963176102381,0.0009513944716037779,-5.858898126332589e-05,0.9999999891928597,-2.284183485138135e-08,3.826106998313643e-05,0.0001419520016367396,0.4352452808955629,-0.0003406938544630478,-0.65,0.7,0.35,0.08,0.0,0.5642941600260347,0.0019936587180945054,0.9737156340457143,-0.7170068044127208,0.0012936025900585572,0.09498178966689966
24.040499999989322,1.4511719771661626,0.0009517371742818489,-5.860016510018068e-05,0.9999999892145123,-2.302428295845932e-08,3.824728707795915e-05,0.00014180310750913102,0.4247306897675639,-0.00034033628102818624,-0.65,0.7,0.35,0.08,0.0,0.5654787957791375,0.001994259946152933,0.9737156279586703,-0.7170032041676828,0.0012936059023222952,0.09498178960082469
24.060499999989275,1.4523517428237351,0.0009520712958420446,-5.8611122926058904e-05,0.9999999892356013,-2.3200939568977208e-08,3.8233780933006193e-05,0.00014165795497927345,0.41446865137314964,-0.00033998769327698853,-0.65,0.7,0.35,0.08,0.0,0.5666347224930414,0.001994846124703245,0.9737156218344999,-0.716999610777683,0.0012936092064390742,0.09498178953679265
24.08049999998923,1.4535031623780732,0.0009523970571173563,-5.862186500776298e-05,0.9999999892561422,-2.3371995075736598e-08,3.822053910874009e-05,0.000141516448038546,0.4044531700475091,-0.00033964786061897457,-0.65,0.7,0.35,0.08,0.0,0.5677625611270372,0.001995417622764481,0.973715616729779,-0.7169960242561653,0.0012936125024389517,0.09498178947472052
24.100499999989182,1.4546269073500975,0.0009527146724658257,-5.863239986642929e-05,0.999999989276152,-2.3537634320114875e-08,3.820755132117733e-05,0.00014137849344326105,0.39467840484871614,-0.0003393165591063507,-0.65,0.7,0.35,0.08,0.0,0.568862933242571,0.0019959748030560416,0.9737156133888009,-0.7169924446088293,0.0012936157903623356,0.09498178941456059
24.120499999989136,1.455723632237423,0.0009530243500621141,-5.8642734421152486e-05,0.9999999892956443,-2.3698036633945424e-08,3.819480925975327e-05,0.00014124400059332837,0.38513866295746174,-0.0003389935711441083,-0.65,0.7,0.35,0.08,0.0,0.569936460072032,0.001996518022051631,0.9737156122702401,-0.7169888718309924,0.0012936190702613933,0.09498178935629212
24.14049999998909,1.456793975242523,0.0009533262921758551,-5.86528741498286e-05,0.9999999893146331,-2.385337589499094e-08,3.8182306384137734e-05,0.00014111288141623743,0.3758283933409604,-0.00033867868520971457,-0.65,0.7,0.35,0.08,0.0,0.5709837614080328,0.0019970476299719492,0.9737156135771535,-0.7169853059056495,0.0012936223422009637,0.09498178929991989
24.160499999989042,1.45783855896385,0.0009536206954352777,-5.866282326149499e-05,0.999999989333132,-2.400382058939593e-08,3.817003770801827e-05,0.00014098505025704426,0.36674218073760245,-0.00033837169558985635,-0.65,0.7,0.35,0.08,0.0,0.5720054543704959,0.001997563970729695,0.9737156172891365,-0.7169817468021569,0.0012936256062589648,0.09498178924546696
24.180499999988996,1.4588579910452542,0.0009539077510750686,-5.867258487400968e-05,0.9999999893511543,-2.4149533893017527e-08,3.815799957702125e-05,0.00014086042377483548,0.3578747400032073,-0.0003380724021294412,-0.65,0.7,0.35,0.08,0.0,0.5730021521035953,0.0019980673818396112,0.9737156231955642,-0.7169781944754823,0.001293628862526422,0.09498178919297012
24.20049999998895,1.4598528647806317,0.0009541876451678958,-5.8682161191981934e-05,0.9999999893687125,-2.4290673752260615e-08,3.8146189447020954e-05,0.0001407389208459473,0.34922091084590035,-0.0003377806100024472,-0.65,0.7,0.35,0.08,0.0,0.5739744624488641,0.0019985581943051736,0.9737156309289633,-0.7169746488659675,0.0012936321111071195,0.09498178914247925
24.220499999988903,1.4608237596722013,0.000954460558839408,-5.869155368057451e-05,0.9999999893858192,-2.4427392984646423e-08,3.8134605668161963e-05,0.00014062046247404256,0.34077565296383205,-0.00033749612949129926,-0.65,0.7,0.35,0.08,0.0,0.5749229866347918,0.001999036732492439,0.9737156399976741,-0.716971109899534,0.0012936353521169478,0.09498178909404757
24.240499999988856,1.4617712419420492,0.000954726668466866,-5.8700763231669106e-05,0.999999989402486,-2.4559839384307035e-08,3.812324727901469e-05,0.0001405049717070014,0.3325340415891349,-0.00033721877579182544,-0.65,0.7,0.35,0.08,0.0,0.5758483180171322,0.001999503314000333,0.9737156498171087,-0.716967577488257,0.0012936385856830194,0.09498178904773463
24.26049999998881,1.462695864997684,0.0009549861458618557,-5.870979031931009e-05,0.9999999894187247,-2.4688155828181417e-08,3.811211381438985e-05,0.00014039237356045176,0.3244912634318757,-0.00033694836882460774,-0.65,0.7,0.35,0.08,0.0,0.5767510408981221,0.001999958249535347,0.97371565973902,-0.7169640515312438,0.001293641811942588,0.09498178900359992
24.280499999988763,1.4635981698532545,0.0009552391584377584,-5.871863514229931e-05,0.9999999894345455,-2.4812480392428662e-08,3.8101205129519504e-05,0.00014028259494766384,0.31664261300983104,-0.00033668473306978084,-0.65,0.7,0.35,0.08,0.0,0.5776317294469618,0.0020004018427973494,0.9737156690783404,-0.7169605319157708,0.0012936450310418333,0.09498178896169965
24.300499999988716,1.4644786855087837,0.0009554858693628547,-5.8727297752367116e-05,0.9999999894499615,-2.493294647386607e-08,3.809052124251164e-05,0.00014017556461545005,0.30898348934376785,-0.0003364276974114233,-0.65,0.7,0.35,0.08,0.0,0.578490946738383,0.0020008343903819277,0.9737156771372562,-0.7169570185185928,0.001293648243134543,0.09498178892208771
24.32049999998867,1.4653379292903848,0.0009557264377000719,-5.8735778166898167e-05,0.999999989464982,-2.5049682913492053e-08,3.808006219630508e-05,0.00014007121308564399,0.30150939299255514,-0.0003361770949968701,-0.65,0.7,0.35,0.08,0.0,0.5793292439209513,0.0020012561817035197,0.9737156832263035,-0.7169535112073722,0.001293651448380736,0.09498178888481139
24.340499999988623,1.4661764071548042,0.0009559610185344899,-5.8744076465281195e-05,0.9999999894796175,-2.516281412826487e-08,3.8069827940686324e-05,0.00013996947260169705,0.2942159233991228,-0.00033593276310934784,-0.65,0.7,0.35,0.08,0.0,0.5801471595220729,0.00200166749894237,0.9737156866823714,-0.7169500098421917,0.0012936546469452877,0.09498178884991004
24.360499999988576,1.4669946139619283,0.0009561897630897724,-5.875219286946748e-05,0.999999989493878,-2.5272460232516702e-08,3.8059818234383266e-05,0.00013987027707989576,0.2870987765156643,-0.00033569454304753775,-0.65,0.7,0.35,0.08,0.0,0.580945218892429,0.0020020686170173444,0.9737156868835912,-0.7169465142770965,0.0012936578389965653,0.09498178881741763
24.38049999998853,1.4677930337190364,0.0009564128188347277,-5.8760127808696975e-05,0.9999999895077734,-2.5378737169538492e-08,3.80500325667814e-05,0.00013977356206469442,0.28015374267526455,-0.0003354622800232576,-0.65,0.7,0.35,0.08,0.0,0.581723933788908,0.0020024598035856315,0.9737156832611632,-0.7169430243616166,0.001293661024705109,0.09498178878735761
24.400499999988483,1.468572139800616,0.0009566303295811855,-5.876788196905592e-05,0.9999999895213131,-2.5481756847615356e-08,3.8040470098392195e-05,0.00013967926468765908,0.2733767046767601,-0.00033523582305701184,-0.65,0.7,0.35,0.08,0.0,0.582483802091923,0.0020028413190695334,0.9737156753082591,-0.7169395399422456,0.0012936642042423892,0.09498178875974514
24.420499999988436,1.4693323951475037,0.0009568424355743626,-5.877545632887323e-05,0.9999999895345054,-2.55816272663834e-08,3.803112961888542e-05,0.00013958732362952817,0.26676363605008996,-0.00033501502489112766,-0.65,0.7,0.35,0.08,0.0,0.5832253076504004,0.0020032134167097715,0.9737156625861636,-0.716936060863843,0.001293667377779623,0.09498178873458454
24.44049999998839,1.4700739224502635,0.0009570492071467277,-5.877940452051469e-05,0.9999999895471933,-2.5676875497432766e-08,3.802636766553194e-05,0.00013949769849836913,0,0,-0.65,0.7,0.35,0.08,0.0,0.583948919557918,0.0020035763332383006,0.9737156446610449,-0.716932586943649,0.0012936705457694856,0.09498178871663451
24.460499999988343,1.470749910611484,0.0009572397163427984,-5.852756201434902e-05,0.9999999895465378,-2.563780610703597e-08,3.8347594816278925e-05,0.00013941444346229014,0,0,-0.65,0.7,0.35,0.08,0.0,0.5846530903487591,0.0020039257901210503,0.9737156753988918,-0.7169290872463477,0.001293673797557872,0.09498178972324742
24.480499999988297,1.4713383529300206,0.0009574066373394808,-5.829620858041141e-05,0.9999999895453731,-2.5585193936629316e-08,3.8641597065191875e-05,0.00013934159429646013,0,0,-0.65,0.7,0.35,0.08,0.0,0.5853303970414363,0.002004254649612294,0.9737152895092345,-0.7169255066063189,0.001293677179948425,0.09498179223227061
24.50049999998825,1.4718525895102985,0.0009575528914858799,-5.819929172832246e-05,0.9999999895496151,-2.5600324548214025e-08,3.8759811634012406e-05,0.00013927830684766328,0,0,-0.65,0.7,0.35,0.08,0.0,0.5859729862563525,0.0020045602575486723,0.9737142437002306,-0.7169218415691542,0.0012936806501532671,0.09498179446173263
24.520499999988203,1.4723036147730038,0.0009576814817486479,-5.8191400511771506e-05,0.9999999895571566,-2.5667570995164154e-08,3.876323232628477e-05,0.0001392231961771938,0,0,-0.65,0.7,0.35,0.08,0.0,0.5865741781354862,0.0020048412089970213,0.9737127217284702,-0.7169181040505473,0.0012936841804553744,0.09498179571156898
24.540499999988157,1.4727007062478772,0.0009577949989524997,-5.822757530163093e-05,0.9999999895658452,-2.5758542398021045e-08,3.87121101785365e-05,0.00013917500549174146,0,0,-0.65,0.7,0.35,0.08,0.0,0.5871287117215851,0.002005096740725375,0.9737109431748511,-0.7169143095130797,0.0012936877514886078,0.09498179621390529
24.56049999998811,1.4730516973725976,0.0009578956332436507,-5.82814216337122e-05,0.9999999895744884,-2.5853659215380677e-08,3.8640956111652107e-05,0.00013913267231013935,0,0,-0.65,0.7,0.35,0.08,0.0,0.5876327600918497,0.002005326611542503,0.9737090803981179,-0.7169104737150808,0.0012936913469362044,0.09498179630743922
24.580499999988064,1.473363175318823,0.0009579852248069221,-5.8339814638236675e-05,0.9999999895825749,-2.594287452944107e-08,3.8566118520714974e-05,0.00013909531120305757,0,0,-0.65,0.7,0.35,0.08,0.0,0.5880838669441389,0.002005531046396926,0.973707259306719,-0.7169066117186633,0.0012936949521511034,0.09498179619926468
24.600499999988017,1.4736406544326157,0.000958065312897243,-5.839696110787732e-05,0.9999999895899498,-2.602220460003148e-08,3.8494255502126036e-05,0.00013906218791250675,0,0,-0.65,0.7,0.35,0.08,0.0,0.588480850857564,0.002005710680776947,0.9737055710703161,-0.7169027375113608,0.0012936985540192118,0.09498179598145767
24.62049999998797,1.4738887329217467,0.00095813718023952,-5.845071692975067e-05,0.9999999895966195,-2.609081720176516e-08,3.842746460488691e-05,0.00013903269513706803,0,0,-0.65,0.7,0.35,0.08,0.0,0.5888236902325259,0.002005866499572984,0.9737040811287141,-0.7168988637969697,0.0012937021410518827,0.09498179568629234
24.640499999987924,1.4741112333321928,0.0009582018926712026,-5.850061979439091e-05,0.999999989602648,-2.6149299350958117e-08,3.836590329053308e-05,0.00013900633127037707,0,0,-0.65,0.7,0.35,0.08,0.0,0.5891133947398514,0.0020059997730982582,0.9737028348886747,-0.7168950018536641,0.001293705703456639,0.09498179532335901
24.660499999987877,1.4743113269872459,0.0009582603341462251,-5.854690553146273e-05,0.999999989608116,-2.6198768760628695e-08,3.8309019487225935e-05,0.00013898268207428874,0,0,-0.65,0.7,0.35,0.08,0.0,0.5893518678647315,0.0020061119934881794,0.973701861373829,-0.7168911614410967,0.0012937092331493092,0.09498179489719753
24.68049999998783,1.4744916430652217,0.000958313237343372,-5.8590038375658764e-05,0.999999989613099,-2.6240459987369164e-08,3.825609398849783e-05,0.00013896140504362695,0,0,-0.65,0.7,0.35,0.08,0.0,0.5895417648638547,0.002006204813989777,0.9737011758114639,-0.7168873507534033,0.0012937127237155899,0.09498179441368058
24.700499999987784,1.4746543633491447,0.0009583612102016122,-5.8630498720297847e-05,0.9999999896176627,-2.6275548799500113e-08,3.820646109316657e-05,0.00013894221617634982,0,0,-0.65,0.7,0.35,0.08,0.0,0.589686350152956,0.0020062799928798314,0.9737007817007788,-0.716883576415408,0.001293716170334536,0.09498179388134995
24.720499999987737,1.474801303837962,0.0009584047587380249,-5.866869662459234e-05,0.9999999896218614,-2.6305087770655547e-08,3.815958437746231e-05,0.00013892487886490033,0,0,-0.65,0.7,0.35,0.08,0.0,0.5897893577002901,0.002006339343106254,0.9737006726254188,-0.716879843517531,0.0012937195696738721,0.09498179331092849
24.74049999998769,1.474933984442691,0.0009584443065070383,-5.870494522598365e-05,0.9999999896257377,-2.6329990870492496e-08,3.81150696251177e-05,0.00013890919464173407,0,0,-0.65,0.7,0.35,0.08,0.0,0.5898548574727882,0.0020063846882426334,0.97370083392488,-0.7168761556838243,0.00129372291976484,0.09498179271438967
24.760499999987644,1.4750536879641738,0.0009584802110476757,-5.8739461604527356e-05,0.9999999896293259,-2.6351038275577168e-08,3.807265208559758e-05,0.00013889499553435214,0,0,-0.65,0.7,0.35,0.08,0.0,0.5898871304216292,0.0020064178249604653,0.9737012442679115,-0.7168725151670602,0.001293726219863132,0.09498179210408558
24.780499999987597,1.4751615094957369,0.000958512777647073,-5.8772379259531155e-05,0.9999999896326525,-2.636888868594696e-08,3.8032174644204213e-05,0.00013888213780843445,0,0,-0.65,0.7,0.35,0.08,0.0,0.5898905539392572,0.002006440491935855,0.9737018771383361,-0.7168689229648221,0.0012937294703013879,0.09498179149206354
24.80049999998755,1.4752583973300206,0.0009585422707279133,-5.880376455117062e-05,0.9999999896357367,-2.6384093718169795e-08,3.7993564185286665e-05,0.00013887049690017048,0,0,-0.65,0.7,0.35,0.08,0.0,0.5898694991922993,0.002006454344899977,0.9737027022296232,-0.7168653789508213,0.0012937326723381842,0.09498179088957459
24.820499999987504,1.4753451863816047,0.0009585689231464672,-5.883363348437504e-05,0.999999989638595,-2.6397112158068624e-08,3.795680925510236e-05,0.00013885996336000756,0,0,-0.65,0.7,0.35,0.08,0.0,0.5898282412472149,0.0020064609374003304,0.9737036867391937,-0.7168618820160945,0.0012937358280077315,0.09498179030674028
24.840499999987458,1.4754226250685645,0.0009585929436672502,-5.8861967186119325e-05,0.9999999896412405,-2.6408323220227915e-08,3.792194025945779e-05,0.00013885043964963887,0,0,-0.65,0.7,0.35,0.08,0.0,0.5897708824652429,0.0020064617067501555,0.9737047965523059,-0.7168584302152546,0.0012937389399736996,0.09498178975234044
24.86049999998741,1.4754913965278196,0.0009586145228601072,-5.888872539532397e-05,0.999999989643683,-2.6418038534465522e-08,3.7889012589759194e-05,0.00013884183765216452,0,0,-0.65,0.7,0.35,0.08,0.0,0.5897012892545227,0.0020064579645956595,0.9737059973062607,-0.7168550209135347,0.0012937420113899826,0.09498178923370326
24.880499999987364,1.475552134971464,0.000958633837645813,-5.891385775945396e-05,0.9999999896459315,-2.6426512803222116e-08,3.7858092690827265e-05,0.00013883407677204673,0,0,-0.65,0.7,0.35,0.08,0.0,0.5896230419319813,0.002006450891515204,0.9737072553276159,-0.7168516509309627,0.0012937450457705453,0.0949817887566628
24.900499999987318,1.4756054379243926,0.0009586510546970352,-5.8937312964274716e-05,0.9999999896479942,-2.6433953164151725e-08,3.782924691163399e-05,0.0001388270825168448,0,0,-0.65,0.7,0.35,0.08,0.0,0.5895393971659155,0.002006441535073263,0.9737085384375614,-0.7168483166805943,0.0012937480468698899,0.09498178832557848
24.92049999998727,1.475651875017659,0.0009586663328827175,-5.895904583500963e-05,0.9999999896498785,-2.64405273487155e-08,3.7802532903296166e-05,0.0001388207854668099,0,0,-0.65,0.7,0.35,0.08,0.0,0.5894532622410535,0.002006430810777797,0.9737098166232787,-0.7168450142982737,0.0012937510185751426,0.09498178794339505
24.940499999987225,1.4756919860007742,0.0009589855782421243,-5.8959346377375664e-05,0.9999999896697487,-1.8126726652126213e-07,3.7784650874934315e-05,0.00013868233262968234,0,0,-0.65,0.7,0.35,0.08,-0.4,0.5893691069648256,0.0019970907242488375,0.9737191476520581,-0.7168459213062036,0.0013333669055955693,0.09500529330313925
24.960499999987178,1.475725780860724,0.0009822463015453273,-5.77899336920372e-05,0.9999999908941498,-1.1569142887689415e-05,3.8185217061210106e-05,0.00012891758641339014,0,0,-0.65,0.7,0.35,0.08,-0.4,0.5894515928753132,0.0006479981401344762,0.9737249372301813,-0.7166487523668496,0.013502207501126242,0.09497509541558186
24.98049999998713,1.4757544424006666,0.0010059337569092248,-5.775193195973795e-05,0.9999999919887813,-1.946775208384828e-05,3.819103095729103e-05,0.00011910032737298538,0,0,-0.65,0.7,0.35,0.08,-0.4,0.5898153681666246,-0.0030138865001922877,0.9737229144061594,-0.7161866768355335,0.04120331711938182,0.09502523856138873
25.000499999987085,1.4757778853520502,0.0010209918389085465,-5.8225125871006915e-05,0.9999999927298359,-1.9277357206467217e-05,3.8007448410866114e-05,0.00011280135277031931,0,0,-0.65,0.7,0.35,0.08,-0.4,0.590493097074172,-0.0090829850709199,0.9737053231088653,-0.7153997566324652,0.07696050726089543,0.09507488182691458
25.020499999987038,1.4757960681706035,0.0010292253192602271,-5.8585197038882595e-05,0.999999993227006,-1.463661431617076e-05,3.786866385492886e-05,0.00010907667260153643,0,0,-0.65,0.7,0.35,0.08,-0.4,0.591389012364752,-0.017924391110124567,0.9735963775070774,-0.7143531628043176,0.11450108447985044,0.09495300062471958
25.04049999998699,1.4758096218973598,0.0010390921095810714,-5.884967835877472e-05,0.999999994025299,-9.356077705558003e-06,3.7723774740228464e-05,0.00010217035234621593,0,0,-0.65,0.7,0.35,0.08,-0.4,0.5922493774462619,-0.04928994208572008,0.9738536449303853,-0.7135010215667429,0.12243940490320437,0.09549822689297735
25.060499999986945,1.4758193202258034,0.0010440279302296044,-5.894070395586035e-05,0.9999999943824087,-5.6038353248295225e-06,3.771890302032934e-05,9.88992631208166e-05,0,0,-0.65,0.7,0.35,0.08,-0.4,0.5926504660344294,-0.09110449661580039,0.9737230780609076,-0.7129394268083331,0.11757996251860456,0.09511211007893175
25.0804999999869,1.4758259822044864,0.0010440073950493886,-5.8996287886609905e-05,0.9999999944088902,-2.1335424562895775e-06,3.769942677431098e-05,9.877460219667036e-05,0,0,-0.65,0.7,0.35,0.08,-0.4,0.5931736296330672,-0.13349432335840417,0.9731741526794189,-0.7123921236760478,0.11187396341362414,0.09471098845252507
25.10049999998685,1.4758296736714491,0.0010404608586397233,-5.905064472177933e-05,0.9999999942435606,1.3988759418122791e-06,3.765507326854616e-05,0.00010046401632539086,0,0,-0.65,0.7,0.35,0.08,-0.4,0.5941872942325332,-0.1734537118465251,0.9731977450428185,-0.711301684807884,0.10726145028086208,0.09476326355100628
25.120499999986805,1.4758306023498848,0.0010347959073027336,-5.907876214306643e-05,0.9999999939697007,4.608578254665767e-06,3.763643897270602e-05,0.0001030672515840054,0,0,-0.65,0.7,0.35,0.08,-0.4,0.5953524944385276,-0.21108449365618773,0.9732822256209698,-0.7101068913645049,0.10193054524021575,0.09499644151742867
25.14049999998676,1.4758290138106367,0.0010279466662747655,-5.908524538480607e-05,0.9999999936325039,7.160998577368555e-06,3.763706458609201e-05,0.00010614689212413175,0,0,-0.65,0.7,0.35,0.08,-0.4,0.5967729628682017,-0.24647070177020358,0.9732398043752157,-0.7086513944955175,0.09479300030032102,0.09510788324812594
25.160499999986712,1.475825101216278,0.0010205801472729027,-5.907954299604735e-05,0.9999999932641428,8.946672408264384e-06,3.764580519523055e-05,0.00010942789284361548,0,0,-0.65,0.7,0.35,0.08,-0.4,0.5984393526157239,-0.27967022626128807,0.9730804954733027,-0.7068996136801282,0.0853808639008577,0.09499840567338394
25.180499999986665,1.475819040251496,0.0010131514684619297,-5.908385403033056e-05,0.9999999928861457,1.000591910575706e-05,3.763798541668341e-05,0.00011274294634740858,0,0,-0.65,0.7,0.35,0.08,-0.4,0.6004052585549365,-0.3103144278724727,0.9729699945603218,-0.7048483972787621,0.0740733767456388,0.09495848024078615
25.20049999998662,1.4758109876303231,0.0010060355665716188,-5.908462448521073e-05,0.9999999925171008,1.0465434143021809e-05,3.763381926335601e-05,0.00011593087833498952,0,0,-0.65,0.7,0.35,0.08,-0.4,0.6026768721360951,-0.3387341633452959,0.9727949459458612,-0.7025485371713932,0.060746817001429136,0.09501987210288154
25.220499999986572,1.4758011163406175,0.0009994663683431505,-5.908122797915232e-05,0.9999999921705304,1.0448178204001508e-05,3.763501622517345e-05,0.00011888389424309013,0,0,-0.65,0.7,0.35,0.08,-0.4,0.605197528165497,-0.36482662095891,0.9725268209065284,-0.6999228894346047,0.04590559777233707,0.09481310017429811
25.240499999986525,1.4757896038221887,0.000993496784307522,-5.9088103658290414e-05,0.9999999918465161,1.0116142986068602e-05,3.7626482511475065e-05,0.00012160953629888904,0,0,-0.65,0.7,0.35,0.08,-0.4,0.6080216127315065,-0.3885023535484508,0.972450707605276,-0.6970806303322092,0.03022831148008471,0.09502224274452123
25.26049999998648,1.4757766446226284,0.000988206044838982,-5.911000311527646e-05,0.9999999915505671,9.598541749276912e-06,3.7598159832344484e-05,0.00012406898321883997,0,0,-0.65,0.7,0.35,0.08,-0.4,0.6111164973411182,-0.40998582615686835,0.9723544777357854,-0.6939512718976294,0.013995019855218933,0.0951888753153038
25.280499999986432,1.4757623218542155,0.0009836560926620448,-5.9096354264152855e-05,0.9999999912905946,8.919548830745337e-06,3.7617559363654756e-05,0.00012619101321994947,0,0,-0.65,0.7,0.35,0.08,-0.4,0.6145067923545292,-0.4289378141429293,0.9720235618572349,-0.6904979727772091,-0.0019779705936587445,0.09507308302832815
25.300499999986386,1.4757468629600512,0.0009797228790624304,-5.90966743629169e-05,0.9999999910575718,8.221216301848113e-06,3.76170616046202e-05,0.00012807116683561043,0,0,-0.65,0.7,0.35,0.08,-0.4,0.6181943352776524,-0.44577619369358357,0.9716836782770321,-0.6867354891428429,-0.017529474906542046,0.09494027682647185
25.32049999998634,1.4757303800891926,0.0009763552366331496,-5.9091965676839234e-05,0.9999999908508271,7.5350845581994315e-06,3.7624250247485925e-05,0.00012971500345599298,0,0,-0.65,0.7,0.35,0.08,-0.4,0.6221831057066174,-0.46010272878204844,0.971339059119526,-0.6826984076161123,-0.031821878879427994,0.09488407275568751
25.340499999986292,1.4757130785180852,0.0009734313063136361,-5.910580497777612e-05,0.9999999906622251,6.9287170186454865e-06,3.760798559183117e-05,0.00013119901467473986,0,0,-0.65,0.7,0.35,0.08,-0.4,0.6264750996977685,-0.47220981840367987,0.9711245347489575,-0.6784371468478803,-0.04472445507050936,0.09516162117323884
25.360499999986246,1.4756950322883304,0.0009709638935620031,-5.909102589005172e-05,0.999999990499108,6.36231043670248e-06,3.762910711391379e-05,0.00013245888097063754,0,0,-0.65,0.7,0.35,0.08,-0.4,0.6309394489410282,-0.48200393028705474,0.970692921465526,-0.6738763809470475,-0.055930016084351525,0.09492427160228097
25.3804999999862,1.4756764833982228,0.0009687792396485922,-5.9099549675581904e-05,0.9999999903476728,5.886779739899258e-06,3.7618236321392534e-05,0.00013362210709138469,0,0,-0.65,0.7,0.35,0.08,-0.4,0.6356971177950985,-0.48937805994903744,0.9703499404078378,-0.6690455456076176,-0.06498794334854925,0.0948475062872142
25.400499999986152,1.4756575373106755,0.0009668923849934309,-5.908294886065019e-05,0.9999999902130012,5.467628416905003e-06,3.764016527620831e-05,0.00013463773143596237,0,0,-0.65,0.7,0.35,0.08,-0.4,0.640673883763077,-0.49447495284401877,0.9698053326425115,-0.6639921055307639,-0.07194607500367207,0.09457086314656787
25.420499999986106,1.4756387429266473,0.0009652165148848816,-5.912280469966427e-05,0.9999999900887471,5.189320621787985e-06,3.7588496256143736e-05,0.00013558274674322577,0,0,-0.65,0.7,0.35,0.08,-0.4,0.6453273959835591,-0.49796187359447,0.9695986254425035,-0.6594124796521954,-0.07739552503311468,0.09487030904284796
25.44049999998606,1.4756209423025892,0.000963887921789744,-5.9101513589837795e-05,0.9999999899887007,4.836832878853429e-06,3.761930000354682e-05,0.00013632311417820413,0,0,-0.65,0.7,0.35,0.08,-0.4,0.6493777784782455,-0.499878731394183,0.9691224926677922,-0.6553500776943564,-0.08145609258324103,0.09454946511269485
25.460499999986013,1.475605327199547,0.0009627338800068429,-5.913992962325321e-05,0.9999999898944316,4.611685689388169e-06,3.75702445233947e-05,0.00013703409823670424,0,0,-0.65,0.7,0.35,0.08,-0.4,0.6526089977462115,-0.5006764418403983,0.9688993174404134,-0.6523685784201416,-0.08440574189384241,0.09489580353003106
25.480499999985966,1.4755930862267344,0.0009618465902568905,-5.910874585557867e-05,0.9999999898182881,4.3221805486298554e-06,3.7614836629010654e-05,0.0001375858483091715,0,0,-0.65,0.7,0.35,0.08,-0.4,0.6546998307451697,-0.500784684632158,0.9685899274063549,-0.6504046302884371,-0.0866611174214026,0.09465368567124496
25.50049999998592,1.4755853724868977,0.0009610446943684749,-5.911245937345671e-05,0.9999999897436941,4.114686292692909e-06,3.7615230398072506e-05,0.0001381331756908332,0,0,-0.65,0.7,0.35,0.08,-0.4,0.6557467828306356,-0.4995393854346999,0.9686290396529292,-0.6496258792163416,-0.08737415487243244,0.09488478851998935
25.520499999985873,1.4755829023101517,0.0009605565156993885,-5.907170356894042e-05,0.9999999896977704,3.914591420873961e-06,3.767373761770583e-05,0.0001384551342261481,0,0,-0.65,0.7,0.35,0.08,-0.4,0.6560827816792167,-0.49761416207478953,0.9686174901744222,-0.6495164282108826,-0.0873485442755103,0.0948783084827731
25.540499999985826,1.4755855981817843,0.0009604151011506012,-5.9028117274239065e-05,0.9999999896837125,3.7250929691388193e-06,3.773339460500016e-05,0.00013854562463066388,0,0,-0.65,0.7,0.35,0.08,-0.4,0.6563221419079147,-0.49568468381795855,0.9685856557479183,-0.6494884446445583,-0.08735020438523393,0.09486518843233951
25.56049999998578,1.4755929086457475,0.0009604870372459149,-5.899801952971868e-05,0.9999999896860906,3.528914193946283e-06,3.777297252510242e-05,0.00013852281166646516,0,0,-0.65,0.7,0.35,0.08,-0.4,0.6565073730569726,-0.4938218839664686,0.9686082673506597,-0.6494857239509209,-0.08737451844243478,0.09490099644887681
25.580499999985733,1.475604171466179,0.0009607087843699392,-5.897572556863843e-05,0.9999999896988196,3.3408147864316513e-06,3.7801297167872916e-05,0.00013842781720971344,0,0,-0.65,0.7,0.35,0.08,-0.4,0.6566578346602436,-0.4920605946579341,0.9686414139816999,-0.6494845838413451,-0.08738355267595967,0.09493563327780064
25.600499999985686,1.4756187072210856,0.0009610355965407706,-5.89598510429634e-05,0.9999999897186181,3.1798332475895964e-06,3.7820405925710126e-05,0.0001382832934646018,0,0,-0.65,0.7,0.35,0.08,-0.4,0.6567778348669505,-0.49045898354931433,0.9686685204806468,-0.6494825056182828,-0.08738622517243266,0.0949568908976794
25.62049999998564,1.475635837511519,0.0009614289496122782,-5.8949285150679186e-05,0.999999989742876,3.0548520222769073e-06,3.783191897379472e-05,0.00013810743507764,0,0,-0.65,0.7,0.35,0.08,-0.4,0.6568690699779424,-0.48905232391669673,0.9686909965380148,-0.6494796759465105,-0.08738613915460865,0.09496835973697203
25.640499999985593,1.4756549034634407,0.0009618565019836742,-5.89428127743986e-05,0.9999999897694486,2.966844213460707e-06,3.7837783587088665e-05,0.00013791520541758988,0,0,-0.65,0.7,0.35,0.08,-0.4,0.6569332562906045,-0.48785828352945654,0.9687118785306881,-0.6494764318087543,-0.08738481310943928,0.09497424435723015
25.660499999985547,1.4756752810575429,0.0009622919431795357,-5.893951806382172e-05,0.999999989796618,2.912804000035919e-06,3.783950760444089e-05,0.0001377187434214676,0,0,-0.65,0.7,0.35,0.08,-0.4,0.6569724932024626,-0.48688088144492714,0.9687329460555061,-0.6494729901243274,-0.08738296096107952,0.09497720137762033
25.6804999999855,1.4756963921632176,0.0009627146646951648,-5.8938775335407765e-05,0.9999999898230529,2.888034713135439e-06,3.7838086366937784e-05,0.00013752757086215215,0,0,-0.65,0.7,0.35,0.08,-0.4,0.6569892208520983,-0.4861136691372833,0.9687548359412415,-0.6494694636634871,-0.08738095274886097,0.09497867505805721
25.700499999985453,1.475717712503945,0.0009631093144112271,-5.8940135817235e-05,0.9999999898477739,2.88727600742568e-06,3.783418320335607e-05,0.00013734879499314898,0,0,-0.65,0.7,0.35,0.08,-0.4,0.6569861027003197,-0.48554247509403936,0.9687775153051242,-0.6494659083300179,-0.08737899322006902,0.09497940844507372
25.720499999985407,1.4757387771762445,0.0009634652528528951,-5.89432417969419e-05,0.9999999898701059,2.9052695048691514e-06,3.782829021603897e-05,0.00013718735243433,0,0,-0.65,0.7,0.35,0.08,-0.4,0.6569659189748576,-0.4851478041308306,0.9688006227059012,-0.6494623512591409,-0.08737719834226336,0.09497977494246124
25.74049999998536,1.4757591840076123,0.0009637759395892355,-5.894778076661987e-05,0.9999999898896375,2.937067341768685e-06,3.7820818645830995e-05,0.00013704628882332256,0,0,-0.65,0.7,0.35,0.08,-0.4,0.6569314777645022,-0.48490690232391737,0.9688236680206316,-0.6494588052397905,-0.08737563160115146,0.0949799601523974
25.760499999985313,1.4757785949644482,0.0009640382849036259,-5.895346521549583e-05,0.9999999899061772,2.9782098093602944e-06,3.781213862581499e-05,0.0001369270568928705,0,0,-0.65,0.7,0.35,0.08,-0.4,0.6568855415602426,-0.4847954869518751,0.9688461422912669,-0.6494552758931946,-0.08737432299842252,0.09498005579796753
25.780499999985267,1.4757967358308488,0.0009642520000251921,-5.8960025639119345e-05,0.9999999899197083,3.024823610232456e-06,3.780259250489199e-05,0.00013682981628553408,0,0,-0.65,0.7,0.35,0.08,-0.4,0.6568307671139315,-0.4847891475213919,0.9688675762835753,-0.6494517652251298,-0.08737328005034485,0.09498010703577385
25.80049999998522,1.4758133943974154,0.0009644189735085488,-5.896720958053059e-05,0.9999999899303497,3.073664950403964e-06,3.7792496790328635e-05,0.00013675372170188747,0,0,-0.65,0.7,0.35,0.08,-0.4,0.6567696571647943,-0.4848644338204804,0.9688875703735197,-0.6494482733865099,-0.0873724948417722,0.09498013602444491
25.820499999985174,1.4758284174076235,0.0009645426945951318,-5.8974783054543586e-05,0.9999999899383198,3.122122024437688e-06,3.7782140194161495e-05,0.000136697189473544,0,0,-0.65,0.7,0.35,0.08,-0.4,0.6567045229697228,-0.48499965564030906,0.9689058080728595,-0.6494447995521722,-0.08737194898144467,0.0949801536031564
25.840499999985127,1.4758417065072156,0.0009646277378437424,-5.898253260978922e-05,0.9999999899439039,3.168187651927581e-06,3.777178102372837e-05,0.00013665813583387264,0,0,-0.65,0.7,0.35,0.08,-0.4,0.656637456724699,-0.48517542516436396,0.9689220598541584,-0.6494413423668375,-0.08737161731946679,0.09498016506173212
25.86049999998508,1.475853213432317,0.0009646793174939768,-5.8990267232441324e-05,0.9999999899474258,3.2104108333017547e-06,3.776164513743079e-05,0.00013663418291265036,0,0,-0.65,0.7,0.35,0.08,-0.4,0.6565703129967754,-0.4853749769022553,0.9689361809900916,-0.6494379001793232,-0.08737147083723032,0.09498017298500759
25.880499999985034,1.4758629346570233,0.0009647029151085804,-5.8997819756077924e-05,0.9999999899492232,3.247834548852982e-06,3.7751924822370755e-05,0.00013662283078176148,0,0,-0.65,0.7,0.35,0.08,-0.4,0.656504698270627,-0.4855843016753207,0.9689481056043298,-0.6494344711735913,-0.08737147891414536,0.09498017865092524
25.900499999984987,1.4758709057028294,0.0009647039800677116,-5.900504766360107e-05,0.9999999899496324,3.2799258708764874e-06,3.774277861257457e-05,0.00013662159573230132,0,0,-0.65,0.7,0.35,0.08,-0.4,0.6564419676882257,-0.4857921309073098,0.9689578383371147,-0.6494310534496345,-0.08737161108375421,0.09498018271450401
25.92049999998494,1.4758771952916567,0.0009646876994270339,-5.901183327420126e-05,0.9999999899489728,3.3065033089907738e-06,3.773433194843221e-05,0.00013662811639108627,0,0,-0.65,0.7,0.35,0.08,-0.4,0.6563832280424627,-0.4859898057384901,0.9689654445944894,-0.649427645079714,-0.08737183835291526,0.09498018553965214
25.940499999984894,1.4758818995023162,0.0009646588314314989,-5.901808335798364e-05,0.9999999899475367,3.3276652513355942e-06,3.772667854485009e-05,0.00013664023032112474,0,0,-0.65,0.7,0.35,0.08,-0.4,0.6563293460828543,-0.48617106265890175,0.968971040093956,-0.6494242441519754,-0.08737213414254572,0.09498018735772021
25.960499999984847,1.4758851360677332,0.0009646215955046778,-5.902372824470082e-05,0.9999999899455805,3.343722405516081e-06,3.7719882332712165e-05,0.00013665602443921882,0,0,-0.65,0.7,0.35,0.08,-0.4,0.6562809612059238,-0.4863317638062156,0.968974780251584,-0.6494208488068296,-0.08737247490298701,0.09498018834120608
25.9804999999848,1.4758870389277463,0.0009645796107048174,-5.9028720503608325e-05,0.9999999899433272,3.3551362912989805e-06,3.771397984513124e-05,0.00013667386297286515,0,0,-0.65,0.7,0.35,0.08,-0.4,0.6562385016338493,-0.486469596109961,0.9689768498328958,-0.6494174572682937,-0.08737284045494426,0.0949801886362982
26.000499999984754,1.4758877531303372,0.0009645358743444271,-5.903303327501232e-05,0.9999999899409575,3.3624650982632932e-06,3.770898292963688e-05,0.0001366923968183579,0,0,-0.65,0.7,0.35,0.08,-0.4,0.6562022032305921,-0.4865837593499224,0.9689774531916344,-0.6494140678709517,-0.08737321410523534,0.09498018837579957
26.020499999984708,1.475887430153107,0.0009644927726025285,-5.903665833269252e-05,0.9999999899386166,3.3663175983113193e-06,3.770488167782002e-05,0.0001367105581023127,0,0,-0.65,0.7,0.35,0.08,-0.4,0.6561721301625566,-0.48667465914344965,0.9689768053372974,-0.6494106790826807,-0.08737358258420692,0.09498018768306042
26.04049999998466,1.4758862236970594,0.0009644521154158191,-5.9039603954711155e-05,0.9999999899364133,3.3673152937181952e-06,3.7701647474645456e-05,0.0001367275435370378,0,0,-0.65,0.7,0.35,0.08,-0.4,0.6561481966782191,-0.48674361704559954,0.9689751239999531,-0.6494072895229169,-0.08737393584830402,0.09498018667209673
26.060499999984614,1.4758842859865628,0.0009644151886239288,-5.9041892675001267e-05,0.9999999899344235,3.3660625811918453e-06,3.769923608048609e-05,0.00013674278983962252,0,0,-0.65,0.7,0.35,0.08,-0.4,0.6561301893554288,-0.4867926064529321,0.9689726227975778,-0.6494038979763664,-0.0873742667870606,0.0949801854463937
26.080499999984568,1.47588176459293,0.0009643828171824731,-5.904355898276388e-05,0.9999999899326965,3.3631244131661387e-06,3.769759066999681e-05,0.00013675594409364014,0,0,-0.65,0.7,0.35,0.08,-0.4,0.6561177892437883,-0.48682401992131097,0.9689695055563509,-0.6494005034020754,-0.08737457086892503,0.09498018409756331
26.10049999998452,1.4758787997844647,0.0009643554341756272,-5.904464702996504e-05,0.9999999899312564,3.3590107290260926e-06,3.769664476306116e-05,0.0001367668315038257,0,0,-0.65,0.7,0.35,0.08,-0.4,0.6561105934103098,-0.48684047088038224,0.9689659617877415,-0.6493971049379278,-0.08737484575515214,0.09498018270434584
26.120499999984474,1.4758755223932414,0.0009643331512996394,-5.9045208399772436e-05,0.9999999899301107,3.3541667994831806e-06,3.769632499410847e-05,0.00013677542255509533,0,0,-0.65,0.7,0.35,0.08,-0.4,0.656108135477379,-0.4868446305640345,0.9689621632875618,-0.6493937019007895,-0.08737509090575095,0.0949801813321337
26.140499999984428,1.475872052178207,0.0009643158274043285,-5.9045299981370264e-05,0.9999999899292467,3.3489685644207165e-06,3.7696553676896363e-05,0.0001367818011593225,0,0,-0.65,0.7,0.35,0.08,-0.4,0.6561099048211512,-0.4868390992659015,0.968958261791229,-0.6493902937825643,-0.08737530719638176,0.09498018003303155
26.16049999998438,1.4758684966555324,0.0009643031325368268,-5.904498198768695e-05,0.9999999899286455,3.3437220359016008e-06,3.769725113225442e-05,0.00013678613497257293,0,0,-0.65,0.7,0.35,0.08,-0.4,0.6561153641743013,-0.4868263097435693,0.9689543875958458,-0.6493868802426961,-0.08737549656035852,0.0949801788463874
26.180499999984335,1.4758649503602526,0.0009642946057065233,-5.90443161462191e-05,0.9999999899282774,3.3386658716933264e-06,3.769833775603829e-05,0.0001367886487033734,0,0,-0.65,0.7,0.35,0.08,-0.4,0.6561239654483503,-0.4868084596943246,0.9689506490428582,-0.6493834610974697,-0.08737566166560826,0.09498017779970627
26.200499999984288,1.4758614944982162,0.0009642897052672877,-5.9043364083172895e-05,0.9999999899281088,3.333976289553071e-06,3.769973581360732e-05,0.00013678960091619585,0,0,-0.65,0.7,0.35,0.08,-0.4,0.6561351636565267,-0.4867874696611772,0.9689471327443926,-0.649380036306804,-0.08737580563271516,0.09498017690983718
26.22049999998424,1.475858196943914,0.0009642878513851726,-5.9042185915664016e-05,0.9999999899281075,3.3297735787522092e-06,3.7701370955301724e-05,0.00013678926456716668,0,0,-0.65,0.7,0.35,0.08,-0.4,0.6561484288776622,-0.4867649624488804,0.9689439044311925,-0.6493766059590417,-0.08737593179699829,0.09498017618435334
26.240499999984195,1.4758551125378279,0.0009642884605257436,-5.904083905898083e-05,0.9999999899282378,3.3261295643123454e-06,3.7703173454634595e-05,0.0001367879112916786,0,0,-0.65,0.7,0.35,0.08,-0.4,0.6561632562543662,-0.4867422600834821,0.9689410102996255,-0.6493731702543202,-0.08737604351499778,0.0949801756230192
26.260499999984148,1.4758522836363488,0.0009642909722586612,-5.903937724956541e-05,0.999999989928465,3.3230754839987866e-06,3.7705079177163556e-05,0.00013678579929432306,0,0,-0.65,0.7,0.35,0.08,-0.4,0.656179174064485,-0.4867203944849489,0.968938478738784,-0.6493697294871306,-0.08737614401374541,0.0949801752192756
26.2804999999841,1.475849740867865,0.0009642948689454762,-5.9037849779727614e-05,0.9999999899287595,3.3206098424623927e-06,3.770703029322216e-05,0.00013678316456695267,0,0,-0.65,0.7,0.35,0.08,-0.4,0.6561957499434716,-0.4867001282936037,0.9689363223254408,-0.649366284028589,-0.08737623627969159,0.09498017496169442
26.300499999984055,1.4758475040501802,0.0009642996890596179,-5.903630093529468e-05,0.999999989929096,3.318705906554842e-06,3.7708975751921785e-05,0.00013678021507610404,0,0,-0.65,0.7,0.35,0.08,-0.4,0.6562125953669137,-0.48668198265520995,0.9689345399838637,-0.6493628343088698,-0.08737632298315834,0.09498017483533017
26.32049999998401,1.4758455832267947,0.0009643050349965403,-5.903476962327279e-05,0.9999999899294519,3.317318597491957e-06,3.771087153710303e-05,0.00013677712751114014,0,0,-0.65,0.7,0.35,0.08,-0.4,0.6562293685272887,-0.48666626918978445,0.9689331192185006,-0.6493593808002724,-0.08737640643357435,0.09498017482295418
26.34049999998396,1.4758439797825955,0.0009643105762789599,-5.903328917359582e-05,0.9999999899298088,3.3163906170946444e-06,3.771268072823025e-05,0.000136774046163668,0,0,-0.65,0.7,0.35,0.08,-0.4,0.6562457757574168,-0.48665312381473225,0.9689320383397179,-0.6493559240012552,-0.08737648856049066,0.09498017490613958
26.360499999983915,1.4758426876030277,0.0009643160490589806,-5.903188729742013e-05,0.9999999899301505,3.3158577154505194e-06,3.771437339073197e-05,0.00013677108351141731,0,0,-0.65,0.7,0.35,0.08,-0.4,0.6562615716654929,-0.4866425405386752,0.9689312686155265,-0.6493524644217382,-0.08737657091537553,0.09498017506618071
26.38049999998387,1.4758416942446866,0.0009643212527771789,-5.9030586183027766e-05,0.9999999899304703,3.315653065632591e-06,3.771592632096751e-05,0.0001367683221004505,0,0,-0.65,0.7,0.35,0.08,-0.4,0.6562765581535641,-0.48663440376903216,0.9689307762950539,-0.6493490025699212,-0.08737665468942984,0.0949801752848572
26.400499999983822,1.475840982089317,0.0009643260447688685,-5.902940270827149e-05,0.9999999899307606,3.315710757713588e-06,3.7717322671050874e-05,0.00013676581735335244,0,0,-0.65,0.7,0.35,0.08,-0.4,0.6562905824934108,-0.4866285180698184,0.9689305244620302,-0.6493455389407088,-0.08737674074302772,0.09498017554502484
26.420499999983775,1.475840529457397,0.0009643303335192226,-5.90283487499566e-05,0.9999999899310172,3.3159684598018714e-06,3.77185514781832e-05,0.000136763600973505,0,0,-0.65,0.7,0.35,0.08,-0.4,0.6563035346316561,-0.4866246346567561,0.9689304746883747,-0.6493420740059112,-0.08737682964288768,0.09498017583105763
26.44049999998373,1.4758403116616052,0.0009643340711697579,-5.9027431569987134e-05,0.9999999899312374,3.3163693192056993e-06,3.771960712208566e-05,0.00013676168466289704,0,0,-0.65,0.7,0.35,0.08,-0.4,0.6563153438901443,-0.48662247421910027,0.9689305884688734,-0.6493386082061966,-0.08737692170361752,0.09498017612915241
26.460499999983682,1.475840301984495,0.0009643372457755837,-5.902665425900482e-05,0.9999999899314246,3.316863193373276e-06,3.772048873262758e-05,0.00013676006392000924,0,0,-0.65,0.7,0.35,0.08,-0.4,0.6563259752188578,-0.48662174590939866,0.9689308284276874,-0.6493351419448259,-0.08737701703084234,0.09498017642750867
26.480499999983635,1.4758404725685599,0.0009643398737111697,-5.9026016219647614e-05,0.999999989931579,3.3174073090182522e-06,3.772119956796423e-05,0.00013675872173260107,0,0,-0.65,0.7,0.35,0.08,-0.4,0.6563354251474703,-0.4866221625442298,0.9689311592959442,-0.6493316755830353,-0.08737711556368764,0.09498017671639114
26.50049999998359,1.475840795210435,0.0009643419925262866,-5.9025513672387244e-05,0.9999999899317065,3.3179664504649045e-06,3.7721746381458144e-05,0.00013675763202583227,0,0,-0.65,0.7,0.35,0.08,-0.4,0.6563437175686535,-0.48662345221333436,0.9689315486668519,-0.6493282094370572,-0.08737721711492413,0.0949801769881211
26.520499999983542,1.475841242054297,0.0009643436544661601,-5.9025140169185434e-05,0.9999999899318082,3.3185127758131545e-06,3.77221387934883e-05,0.00013675676276765696,0,0,-0.65,0.7,0.35,0.08,-0.4,0.6563508994719929,-0.48662536660552114,0.968931967540612,-0.6493247437765707,-0.08737732140755457,0.09498017723697685
26.540499999983496,1.4758417861824644,0.0009643449207926203,-5.902488710182937e-05,0.999999989931891,3.3190253533786846e-06,3.772238868196231e-05,0.00013675607866999446,0,0,-0.65,0.7,0.35,0.08,-0.4,0.6563570367323528,-0.48662768643226767,0.968932390675959,-0.6493212788244912,-0.08737742810706169,0.09498017745904964
26.56049999998345,1.475842402103801,0.000964345856977203,-5.9024744193340025e-05,0.9999999899319574,3.3194895021012505e-06,3.772250960308798e-05,0.00013675554345528703,0,0,-0.65,0.7,0.35,0.08,-0.4,0.6563622100411655,-0.48663022436960385,0.9689327967684447,-0.6493178147578788,-0.08737753684889343,0.09498017765206296
26.580499999983402,1.4758430661427817,0.0009643465287830099,-5.902469996318554e-05,0.9999999899320139,3.3198960091533464e-06,3.772251625168061e-05,0.0001367551216836108,0,0,-0.65,0.7,0.35,0.08,-0.4,0.65636651105385,-0.48663282595135526,0.9689331684777402,-0.6493143517098587,-0.08737764726107004,0.09498017781516474
26.600499999983356,1.4758437567339169,0.0009643469992094202,-5.902474215887644e-05,0.9999999899320634,3.320240286749004e-06,3.772242396814463e-05,0.00013675478015560895,0,0,-0.65,0.7,0.35,0.08,-0.4,0.6563700388116785,-0.4866353688377332,0.968933492327342,-0.6493108897722958,-0.08737775898202359,0.0949801779486987
26.62049999998331,1.4758444546277605,0.0009643473262417413,-5.902485814771959e-05,0.9999999899321079,3.320521518737351e-06,3.7722248297227054e-05,0.0001367544889215422,0,0,-0.65,0.7,0.35,0.08,-0.4,0.6563728964822405,-0.4866377608578706,0.9689337585002923,-0.6493074289991354,-0.08737787167398113,0.09498017805398214
26.640499999983263,1.4758451430158863,0.0009643475613255811,-5.902503526534803e-05,0.9999999899321523,3.3207418365396387e-06,3.772200460173637e-05,0.00013675422193715363,0,0,-0.65,0.7,0.35,0.08,-0.4,0.6563751884493871,-0.4866399371879664,0.9689339605539687,-0.6493039694101951,-0.0873779850323054,0.09498017813309421
26.660499999983216,1.4758458075830327,0.0009643477484719072,-5.902526111799939e-05,0.9999999899322004,3.320905553745923e-06,3.7721707732747224e-05,0.00013675395741341776,0,0,-0.65,0.7,0.35,0.08,-0.4,0.6563770177713802,-0.48664185698246387,0.9689340950758143,-0.649300510995254,-0.08737809879129813,0.09498017818866519
26.68049999998317,1.475846436495189,0.0009643479238921227,-5.902552383794386e-05,0.9999999899322509,3.321018479452028e-06,3.772137175626241e-05,0.00013675367791020175,0,0,-0.65,0.7,0.35,0.08,-0.4,0.6563784840150413,-0.48664349972768534,0.9689341613002181,-0.6492970537183077,-0.0873782127270164,0.09498017822368734
26.700499999983123,1.4758470203326157,0.0009643481160617335,-5.902581229171998e-05,0.9999999899323063,3.3210873224758384e-06,3.772100973504599e-05,0.0001367533702240304,0,0,-0.65,0.7,0.35,0.08,-0.4,0.6563796814640617,-0.48664486153850944,0.968934160704719,-0.6492935975218846,-0.08737832665764357,0.09498017824135221
26.720499999983076,1.4758475519768606,0.0009643483461149869,-5.902611624346145e-05,0.9999999899323667,3.321119191839371e-06,3.772063356317487e-05,0.00013675302511813003,0,0,-0.65,0.7,0.35,0.08,-0.4,0.6563806976913796,-0.48664595157133517,0.9689340966014416,-0.6492901423312712,-0.0873784404419557,0.09498017824490587
26.74049999998303,1.475848026460605,0.0009643486284800845,-5.90264264746873e-05,0.9999999899324341,3.321121193465524e-06,3.772025385002572e-05,0.0001367526369393032,0,0,-0.65,0.7,0.35,0.08,-0.4,0.6563816124785881,-0.4866467886824054,0.9689339737372558,-0.6492866880585864,-0.08737855397637068,0.09498017823752919
26.760499999982983,1.475848440788849,0.0009643489716740891,-5.902673486403579e-05,0.999999989932508,3.321100118877547e-06,3.771987984967272e-05,0.00013675220316145217,0,0,-0.65,0.7,0.35,0.08,-0.4,0.6563824970597764,-0.4866473984207885,0.9689337979137315,-0.6492832346066079,-0.08737866719103067,0.0949801782222392
26.780499999982936,1.4758487937394082,0.0009643493791875911,-5.902703442994896e-05,0.9999999899325867,3.3210622186180755e-06,3.771951943118705e-05,0.00013675172389017237,0,0,-0.65,0.7,0.35,0.08,-0.4,0.6563834136628712,-0.48664781041065824,0.9689335756355502,-0.6492797818722957,-0.08737878004530286,0.09498017820181444
26.80049999998289,1.4758490856501072,0.0009643498504007078,-5.9027319340802665e-05,0.9999999899326716,3.3210130510452553e-06,3.771917908497459e-05,0.00013675120135716334,0,0,-0.65,0.7,0.35,0.08,-0.4,0.6563844153184453,-0.4866480561483064,0.9689333137937676,-0.6492763297499998,-0.08737889252302365,0.09498017817874849
26.820499999982843,1.475849318199326,0.0009643503814835101,-5.902758489665899e-05,0.9999999899327607,3.320957395975095e-06,3.771886396009931e-05,0.00013675063942753579,0,0,-0.65,0.7,0.35,0.08,-0.4,0.6563855459039517,-0.486648167215624,0.9689330193881976,-0.6492728781342573,-0.0873790046277472,0.0949801781552089
26.840499999982796,1.4758494941858162,0.0009643509662449505,-5.902782748633008e-05,0.9999999899328522,3.3208992222330494e-06,3.7718577927555727e-05,0.0001367500431376872,0,0,-0.65,0.7,0.35,0.08,-0.4,0.6563868403903427,-0.4866481738933529,0.968932699291286,-0.6492694269222237,-0.08737911637820632,0.09498017813302209
26.86049999998275,1.4758496173129119,0.000964351596904475,-5.902804452481977e-05,0.9999999899329485,3.320841698256107e-06,3.771832366447445e-05,0.0001367494182764279,0,0,-0.65,0.7,0.35,0.08,-0.4,0.6563883252579121,-0.486648104143874,0.9689323600541668,-0.6492659760157211,-0.08737922780413218,0.09498017811367382
26.880499999982703,1.475849691981448,0.0009643522647695026,-5.902823437513953e-05,0.9999999899330462,3.3207872354960187e-06,3.7718102754488024e-05,0.00013674877101759893,0,0,-0.65,0.7,0.35,0.08,-0.4,0.6563900190488687,-0.48664798292411826,0.9689320077541548,-0.6492625253228598,-0.0873793389425298,0.09498017809831144
26.900499999982657,1.4758497230949355,0.0009643529608096796,-5.9028396257691087e-05,0.9999999899331433,3.320737555249192e-06,3.77179157997141e-05,0.00013674810760859007,0,0,-0.65,0.7,0.35,0.08,-0.4,0.6563919330254485,-0.48664783178379606,0.9689316478817659,-0.6492590747593255,-0.08737944983447357,0.09498017808777083
26.92049999998261,1.475849715879757,0.0009643536761252461,-5.902853015220365e-05,0.999999989933241,3.320693770652312e-06,3.771776254020844e-05,0.00013674743411596298,0,0,-0.65,0.7,0.35,0.08,-0.4,0.656394071904218,-0.48664766870190174,0.9689312852644137,-0.6492556242493066,-0.08737956052244154,0.09498017808259451
26.940499999982563,1.4758496757224475,0.0009643544023119826,-5.9028636695246355e-05,0.9999999899333387,3.320656476784253e-06,3.77176419770822e-05,0.00013674675622682634,0,0,-0.65,0.7,0.35,0.08,-0.4,0.6563964346394807,-0.4866475081147556,0.9689309240232563,-0.6492521737260741,-0.08737967104817966,0.09498017808306625
26.960499999982517,1.4758496080254406,0.0009643551317290902,-5.9028717075778765e-05,0.9999999899334353,3.320625843055776e-06,3.771755249595941e-05,0.00013674607910264634,0,0,-0.65,0.7,0.35,0.08,-0.4,0.6563990152312652,-0.4866473610911105,0.9689305675591784,-0.6492487231322952,-0.08737978145107621,0.09498017808924458
26.98049999998247,1.47584951808205,0.000964355857679146,-5.902877293185519e-05,0.9999999899335288,3.3206017033101275e-06,3.771749198784492e-05,0.0001367454072807609,0,0,-0.65,0.7,0.35,0.08,-0.4,0.6564018035361519,-0.48664723561352297,0.9689302185636498,-0.6492452724200645,-0.08737989176699557,0.09498017810099815
27.000499999982424,1.4758494109709337,0.0009643565745110383,-5.902880625104698e-05,0.9999999899336208,3.3205836401801605e-06,3.7717457964975965e-05,0.00013674474461794974,0,0,-0.65,0.7,0.35,0.08,-0.4,0.6564047860620899,-0.4866471369298026,0.9689298790500879,-0.6492418215507352,-0.08738000202752484,0.09498017811804067
27.020499999982377,1.4758492914697834,0.0009643572776577192,-5.9028819276315475e-05,0.9999999899337096,3.3205710612873805e-06,3.7717447669636175e-05,0.00013674409426990975,0,0,-0.65,0.7,0.35,0.08,-0.4,0.6564079467312878,-0.48664706794349255,0.9689295504014255,-0.6492383704945285,-0.08738011225956734,0.09498017813996475
27.04049999998233,1.4758491639875955,0.000964357963620833,-5.9028814418428514e-05,0.9999999899337969,3.320563265785228e-06,3.7717458174411956e-05,0.00013674345870035097,0,0,-0.65,0.7,0.35,0.08,-0.4,0.6564112675981507,-0.4866470296176568,0.9689292334297671,-0.6492349192300227,-0.08738022248522928,0.09498017816627732
27.060499999982284,1.4758490325145388,0.0009643586299139359,-5.9028794176429194e-05,0.9999999899338813,3.3205595005056944e-06,3.771748647268592e-05,0.00013674283971354658,0,0,-0.65,0.7,0.35,0.08,-0.4,0.6564147295120367,-0.48664702137148175,0.9689289284442969,-0.6492314677434841,-0.08738033272193191,0.09498017819642612
27.080499999982237,1.4758489005881676,0.0009643592749752728,-5.9028761066963606e-05,0.9999999899339613,3.320559005574474e-06,3.771752955864876e-05,0.00013674223850453654,0,0,-0.65,0.7,0.35,0.08,-0.4,0.6564183127172524,-0.4866470414541426,0.9689286353239691,-0.649228016028142,-0.08738044298270364,0.09498017822982815
27.10049999998219,1.4758487712745307,0.0009643598980600171,-5.902871756291156e-05,0.9999999899340385,3.3205610499215266e-06,3.771758449637484e-05,0.00013674165572168494,0,0,-0.65,0.7,0.35,0.08,-0.4,0.6564219973851699,-0.4866470872848787,0.9689283535919152,-0.6492245640833925,-0.08738055327659022,0.09498017826589361
27.120499999982144,1.475848647162575,0.0009643604991206307,-5.902866604139838e-05,0.999999989934113,3.320564957375065e-06,3.7717648477874126e-05,0.00013674109153689613,0,0,-0.65,0.7,0.35,0.08,-0.4,0.656425764075586,-0.48664715575218437,0.9689280824889458,-0.6492211119139583,-0.08738066360914472,0.09498017830404365
27.140499999982097,1.47584853037017,0.0009643610786826774,-5.9028608741310104e-05,0.9999999899341852,3.320570124324501e-06,3.771771887027998e-05,0.00013674054571946047,0,0,-0.65,0.7,0.35,0.08,-0.4,0.6564295941264533,-0.48664724346839505,0.9689278210439771,-0.6492176595290594,-0.08738077398295598,0.0949801783437269
27.16049999998205,1.4758484225600261,0.0009643616377220559,-5.9028547729700074e-05,0.9999999899342542,3.320576030131152e-06,3.7717793252564904e-05,0.00013674001771018358,0,0,-0.65,0.7,0.35,0.08,-0.4,0.6564334699728529,-0.4866473469787197,0.9689275681396579,-0.6492142069415773,-0.08738088439818766,0.09498017838443258
27.180499999982004,1.4758483249638128,0.0009643621775483159,-5.902848487683883e-05,0.9999999899343207,3.320582241427477e-06,3.771786944233905e-05,0.0001367395066931082,0,0,-0.65,0.7,0.35,0.08,-0.4,0.6564373753975837,-0.4866474629259579,0.9689273225719073,-0.6492107541672614,-0.08738099485309968,0.09498017842569986
27.200499999981957,1.4758482384127989,0.0009643626996974925,-5.902842183957259e-05,0.9999999899343862,3.3205884115674617e-06,3.771794551351054e-05,0.0001367390116627805,0,0,-0.65,0.7,0.35,0.08,-0.4,0.6564412957169645,-0.48664758817377735,0.9689270831024656,-0.6492073012239808,-0.08738110534453411,0.09498017846712423
27.22049999998191,1.4758481633734364,0.0009643632058367951,-5.902836005172445e-05,0.9999999899344484,3.3205942762722444e-06,3.771801980562315e-05,0.00013673853148557245,0,0,-0.65,0.7,0.35,0.08,-0.4,0.6564452179064394,-0.48664771989258,0.9689268485039376,-0.6492038481310062,-0.08738121586835494,0.09498017850835766
27.240499999981864,1.4758480999864108,0.0009643636976825202,-5.9028300721192825e-05,0.9999999899345102,3.320599646610554e-06,3.771809092578009e-05,0.00013673806495410456,0,0,-0.65,0.7,0.35,0.08,-0.4,0.6564491306713175,-0.4866478556126831,0.9689266175971192,-0.6492003949084032,-0.08738132641983136,0.09498017854911478
27.260499999981818,1.4758480481077874,0.0009643641769317521,-5.9028244832791286e-05,0.9999999899345691,3.3206044002010626e-06,3.7718157744156896e-05,0.0001367376108342249,0,0,-0.65,0.7,0.35,0.08,-0.4,0.6564530244685037,-0.48664799324990204,0.968926389280683,-0.6491969415764376,-0.0873814369939618,0.09498017858916752
27.28049999998177,1.4758480073510356,0.0009643646452077424,-5.9028193155801166e-05,0.9999999899346276,3.320608471405727e-06,3.771821938405339e-05,0.00013673716790440121,0,0,-0.65,0.7,0.35,0.08,-0.4,0.6564568914853978,-0.48664813110865895,0.9689261625535213,-0.6491934881551045,-0.0873815475857382,0.09498017862834707
27.300499999981724,1.4758479771288608,0.0009643651040183459,-5.902814625567107e-05,0.9999999899346853,3.320611841252965e-06,3.771827520746957e-05,0.00013673673498765113,0,0,-0.65,0.7,0.35,0.08,-0.4,0.6564607255822684,-0.48664826786756166,0.9689259365302336,-0.6491900346636974,-0.08738165819035278,0.09498017866653406
27.320499999981678,1.475847956693911,0.0009643655547265083,-5.9028104508913965e-05,0.9999999899347419,3.3206145275460727e-06,3.771832479716309e-05,0.00013673631097638577,0,0,-0.65,0.7,0.35,0.08,-0.4,0.6564645222043849,-0.4866484025520363,0.9689257104503892,-0.6491865811204669,-0.08738176880334891,0.09498017870365932
27.34049999998163,1.4758479451775846,0.0009643659985315348,-5.902806812016214e-05,0.9999999899347974,3.3206165755570712e-06,3.7718367936075176e-05,0.00013673589485070216,0,0,-0.65,0.7,0.35,0.08,-0.4,0.6564682782700252,-0.4866485344981267,0.968925483682274,-0.6491831275423444,-0.08738187942072814,0.09498017873969587
27.360499999981585,1.4758479416262733,0.0009643664364643936,-5.9028037134213806e-05,0.9999999899348518,3.3206180505079894e-06,3.771840458951439e-05,0.00013673548568886228,0,0,-0.65,0.7,0.35,0.08,-0.4,0.6564719920401494,-0.48664866331101003,0.9689252557219317,-0.6491796739447953,-0.08738199003899502,0.09498017877470112
27.380499999981538,1.4758479450327884,0.0009643668693820401,-5.902801141281103e-05,0.9999999899349051,3.3206190296025508e-06,3.771843491412304e-05,0.00013673508267675173,0,0,-0.65,0.7,0.35,0.08,-0.4,0.6564756629769362,-0.4866487888211496,0.9689250261882589,-0.649176220339811,-0.08738210065509963,0.09498017880867188
27.40049999998149,1.4758479543669074,0.0009643672979478183,-5.902799077473788e-05,0.9999999899349584,3.320619592090272e-06,3.77184591476945e-05,0.00013673468512113645,0,0,-0.65,0.7,0.35,0.08,-0.4,0.6564792916032854,-0.48664891104016383,0.9689247948124284,-0.6491727667248983,-0.0873822112659667,0.0949801788395309
27.420499999981445,1.4758479686060444,0.0009643677226787953,-5.9027975043152076e-05,0.9999999899350117,3.3206198220210714e-06,3.7718477564016815e-05,0.00013673429243435381,0,0,-0.65,0.7,0.35,0.08,-0.4,0.6564828793385712,-0.4866490301196345,0.9689245614277658,-0.6491693130941727,-0.08738232186890968,0.09498017886481958
27.440499999981398,1.4758479867580476,0.0009643681439529301,-5.902796390204865e-05,0.999999989935065,3.320619798426264e-06,3.7718490564734106e-05,0.00013673390412844864,0,0,-0.65,0.7,0.35,0.08,-0.4,0.6564864283101965,-0.4866491463147213,0.9689243259675482,-0.649165859472587,-0.08738243246348218,0.09498017888605712
27.46049999998135,1.4758480078766683,0.0009643685620272179,-5.9027956877619637e-05,0.9999999899351172,3.3206195886576948e-06,3.771849869201935e-05,0.0001367335198024472,0,0,-0.65,0.7,0.35,0.08,-0.4,0.6564899411807636,-0.4866492599514424,0.968924088454522,-0.6491624059405078,-0.08738254305266822,0.09498017891216864
27.480499999981305,1.4758480310756656,0.0009643689770394288,-5.902795345699654e-05,0.9999999899351694,3.3206192549456185e-06,3.771850253538272e-05,0.00013673313915405283,0,0,-0.65,0.7,0.35,0.08,-0.4,0.6564934211396032,-0.4866493713902937,0.9689238489566508,-0.6491589525002989,-0.08738265363573744,0.0949801789434355
27.50049999998126,1.4758480555413729,0.0009643693890143426,-5.902795316252083e-05,0.9999999899352204,3.3206188612684236e-06,3.7718502667041326e-05,0.00013673276198414083,0,0,-0.65,0.7,0.35,0.08,-0.4,0.6564968717785322,-0.4866494810007345,0.9689236075994406,-0.6491554990550557,-0.08738276420709609,0.09498017896829226
27.52049999998121,1.4758480805416807,0.0009643697979219712,-5.902795551427832e-05,0.9999999899352708,3.320618446988987e-06,3.7718499658878556e-05,0.00013673238813686022,0,0,-0.65,0.7,0.35,0.08,-0.4,0.656500296723234,-0.48664958915585177,0.968923364556878,-0.6491520456759357,-0.08738287477037793,0.09498017899547734
27.540499999981165,1.4758481054318084,0.0009643702036627498,-5.9027960040138786e-05,0.9999999899353219,3.320618047339412e-06,3.771849407477581e-05,0.0001367320175307883,0,0,-0.65,0.7,0.35,0.08,-0.4,0.656503699739246,-0.4866496962054362,0.9689231200233429,-0.6491485923729671,-0.08738298532627124,0.09498017902629549
27.56049999998112,1.4758481296571977,0.0009643706060903334,-5.902796628228824e-05,0.9999999899353719,3.3206176889619383e-06,3.771848646259616e-05,0.00013673165013989062,0,0,-0.65,0.7,0.35,0.08,-0.4,0.6565070846086254,-0.48664980246694056,0.9689228742019965,-0.64914513912417,-0.08738309587398149,0.09498017905836365
27.580499999981072,1.4758481527539289,0.000964371005017962,-5.9027973812078626e-05,0.9999999899354218,3.320617396207033e-06,3.771847733753466e-05,0.0001367312859925605,0,0,-0.65,0.7,0.35,0.08,-0.4,0.6565104550447814,-0.4866499082182975,0.9689226273128996,-0.6491416858697914,-0.08738320641088376,0.09498017908473017
27.600499999981025,1.4758481743468905,0.0009643714002587766,-5.902798222039797e-05,0.9999999899354718,3.3206171759840936e-06,3.7718467184412386e-05,0.00013673092513029965,0,0,-0.65,0.7,0.35,0.08,-0.4,0.6565138144916187,-0.48665001370195315,0.9689223795772213,-0.6491382326587319,-0.08738331694020472,0.09498017911158008
27.62049999998098,1.475848194146251,0.0009643717916121525,-5.902799113497145e-05,0.9999999899355206,3.320617032707285e-06,3.771845644533757e-05,0.00013673056762839985,0,0,-0.65,0.7,0.35,0.08,-0.4,0.6565171662047744,-0.48665011911598216,0.9689221312049623,-0.6491347795004015,-0.08738342746315673,0.09498017914031712
27.640499999980932,1.475848211942468,0.0009643721788813868,-5.9028000219967495e-05,0.9999999899355706,3.320616964447132e-06,3.771844551804239e-05,0.00013673021357818988,0,0,-0.65,0.7,0.35,0.08,-0.4,0.6565205131661717,-0.486650224617554,0.9689218823877033,-0.6491313264111984,-0.08738353798134542,0.09498017917332129
27.660499999980885,1.4758482276001537,0.0009643725618634623,-5.9028009195376006e-05,0.9999999899356194,3.320616974093629e-06,3.771843474260924e-05,0.00013672986310070108,0,0,-0.65,0.7,0.35,0.08,-0.4,0.6565238581660774,-0.4866503303188476,0.9689216332984274,-0.6491278732886108,-0.08738364849009134,0.09498017919860464
27.68049999998084,1.4758482410510299,0.000964372940390503,-5.9028017808517944e-05,0.9999999899356672,3.320617051673829e-06,3.7718424415857e-05,0.00013672951629903668,0,0,-0.65,0.7,0.35,0.08,-0.4,0.6565272035155426,-0.48665043630584925,0.9689213841008584,-0.6491244201978752,-0.08738375899354248,0.09498017922459494
27.700499999980792,1.4758482522863565,0.0009643733143085096,-5.902802585167425e-05,0.9999999899357149,3.320617187759027e-06,3.7718414783128715e-05,0.00013672917328307857,0,0,-0.65,0.7,0.35,0.08,-0.4,0.6565305512500146,-0.48665054263075563,0.9689211349302826,-0.6491209671456778,-0.08738386949272826,0.0949801792525016
27.720499999980746,1.4758482613490385,0.000964373683484516,-5.9028033159156096e-05,0.9999999899357606,3.3206173722962866e-06,3.7718406040434965e-05,0.00013672883416036616,0,0,-0.65,0.7,0.35,0.08,-0.4,0.6565339030742393,-0.48665064931972263,0.9689208858953317,-0.649117514137793,-0.08738397998857582,0.09498017928344465
27.7404999999807,1.4758482683256242,0.0009643740478051525,-5.9028039609498446e-05,0.9999999899358061,3.3206175967548473e-06,3.771839833503806e-05,0.00013672849903654415,0,0,-0.65,0.7,0.35,0.08,-0.4,0.656537260411371,-0.48665075637521354,0.9689206370758793,-0.6491140611333965,-0.08738409047948868,0.09498017931287123
27.760499999980652,1.4758482733383875,0.0009643744071791899,-5.902804512360016e-05,0.9999999899358516,3.3206178556552703e-06,3.7718391765566514e-05,0.00013672816801031947,0,0,-0.65,0.7,0.35,0.08,-0.4,0.6565406243513917,-0.4866508637838799,0.968920388544076,-0.6491106081068803,-0.08738420096459293,0.09498017933816597
27.780499999980606,1.4758482765376677,0.0009643747615550166,-5.902804963726154e-05,0.9999999899358971,3.3206181353040067e-06,3.7718386401606106e-05,0.00013672784115067167,0,0,-0.65,0.7,0.35,0.08,-0.4,0.6565439956178483,-0.4866509715241851,0.9689201403497353,-0.6491071551111551,-0.08738431144710475,0.09498017936617609
27.80049999998056,1.4758482780946536,0.0009643751108958398,-5.9028053126388445e-05,0.9999999899359415,3.320618427438112e-06,3.7718382270928156e-05,0.0001367275185237812,0,0,-0.65,0.7,0.35,0.08,-0.4,0.6565473747093706,-0.48665107956349296,0.9689198925171025,-0.6491037021498572,-0.08738442192757262,0.09498017939772152
27.820499999980512,1.4758482781946383,0.0009643754551867539,-5.9028055593961805e-05,0.9999999899359859,3.320618724515102e-06,3.7718379370309114e-05,0.00013672720018257246,0,0,-0.65,0.7,0.35,0.08,-0.4,0.6565507619002476,-0.48665118786287187,0.9689196450470345,-0.6491002492048511,-0.08738453240533112,0.09498017943094514
27.840499999980466,1.475848277030883,0.0009643757944201044,-5.9028057084578605e-05,0.9999999899360281,3.320619028875143e-06,3.771837765696693e-05,0.00013672688618143367,0,0,-0.65,0.7,0.35,0.08,-0.4,0.6565541572952424,-0.4866512963779436,0.968919397937257,-0.6490967961990087,-0.08738464287653022,0.0949801794568147
27.86049999998042,1.4758482747991057,0.0009643761286311603,-5.902805762961351e-05,0.9999999899360703,3.320619330112778e-06,3.771837708397308e-05,0.00013672657653132931,0,0,-0.65,0.7,0.35,0.08,-0.4,0.6565575606733983,-0.4866514050720192,0.9689191511777148,-0.6490933432016701,-0.08738475334501977,0.09498017948396252
27.880499999980373,1.4758482716927241,0.0009643764578633781,-5.902805728600747e-05,0.9999999899361114,3.3206196233522558e-06,3.771837757982747e-05,0.00013672627123893565,0,0,-0.65,0.7,0.35,0.08,-0.4,0.6565609716954519,-0.48665151390774164,0.9689189047456751,-0.6490898902372778,-0.08738486381223189,0.09498017951547744
27.900499999980326,1.4758482678987568,0.0009643767821747055,-5.902805612278235e-05,0.9999999899361525,3.3206199039875785e-06,3.771837906007964e-05,0.00013672597029750847,0,0,-0.65,0.7,0.35,0.08,-0.4,0.6565643899152281,-0.48665162284958113,0.9689186586003546,-0.64908643730806,-0.08738497427836613,0.09498017955190009
27.92049999998028,1.4758482635944405,0.0009643771016132738,-5.9028054247965134e-05,0.9999999899361935,3.320620181815545e-06,3.7718381411349004e-05,0.00013672567371396952,0,0,-0.65,0.7,0.35,0.08,-0.4,0.6565678148935756,-0.4866517318593392,0.9689184127024509,-0.6490829842927622,-0.08738508473704693,0.09498017957880016
27.940499999980233,1.4758423922078938,0.0009635090555029615,-4.486707277314323e-05,0.9999999896959536,2.8336004937462456e-06,4.273858195226909e-05,0.00013701633758434462,0,0,-0.65,0.02,0.0,0.08,-0.4,0.6565712459127273,-0.48665184091397606,0.9689108095196126,-0.6490764381385735,-0.08738492825672214,0.0950067310265979
27.960499999980186,1.4752931100361661,0.0008144468185236995,0.0013442108276991887,0.9999998355137889,-8.463502342456328e-05,0.0005352308330548758,0.0001879820837245379,0,0,-0.65,0.02,0.0,0.08,-0.4,0.6565746793642859,-0.48665194998429995,0.9667033139140246,-0.6496007850683285,-0.0872996336375634,0.10804390445061998
27.98049999998014,1.4746482808321377,0.00042702353972085634,0.003157487919565735,0.9999992037876786,-0.0003176977798672522,0.001177851884909689,0.00032273373933386975,0,0,-0.65,0.02,0.0,0.08,-0.4,0.6565781128158446,-0.4866520590546255,0.9605718183084366,-0.6523010297520905,-0.08709698259645615,0.14756082032516202
28.000499999980093,1.4745173970774805,-0.00011205869783768949,0.003848073929284558,0.9999986453472123,-0.0006512058116755297,0.0014223132678153917,0.0005121129758841562,0,0,-0.65,0.02,0.0,0.08,-0.4,0.6565815462674032,-0.48665216812495254,0.950516322702849,-0.6573071229250598,-0.0868736873331908,0.20945857318478833
28.020499999980046,1.475234320717468,-0.0007003870310424528,0.0024020697467678487,0.9999987975597021,-0.0010293400256577308,0.0009096478459016585,0.0007196381443132258,0,0,-0.65,0.02,0.0,0.08,-0.4,0.6565849797189618,-0.4866522771952811,0.9365368270972612,-0.6641728985268822,-0.08671279099812519,0.28739377627445695
28.04049999998,1.4762970722437379,-0.0010905360544386994,-0.0001972942137492379,0.9999989264910363,-0.0011840354493113851,-1.1401332932180698e-05,0.0008631030293468848,0,0,-0.65,0.02,0.0,0.08,-0.4,0.6565884131705204,-0.48665238626561164,0.9186333314916733,-0.671855095680883,-0.08665065095810387,0.37491656872464485
28.060499999979953,1.4763906927458217,-0.0011286021002307662,-0.0006051442218346014,0.9999993763405924,-0.0006584699476310066,-0.00015510813890305482,0.000888637845698983,0,0,-0.65,0.02,0.0,0.08,-0.4,0.656591846622079,-0.48665249533594385,0.8968058358860858,-0.6790239538855095,-0.08629100017935969,0.46439145876252996
28.080499999979907,1.4762800596904904,-0.001148629152844593,-0.0004987075586902247,0.9999995698491542,-0.00021999993856111822,-0.00011719940534571886,0.000893401272617038,0,0,-0.65,0.02,0.0,0.08,-0.4,0.6565952800736377,-0.48665260440627756,0.8710543402804981,-0.6858198366523951,-0.08556657265356749,0.5506342767473048
28.10049999997986,1.4761564098006017,-0.0011582594468373304,-0.0003097609235868284,0.9999995987863363,-6.458687334355009e-05,-5.054102167366572e-05,0.0008920209125178167,0,0,-0.65,0.02,0.0,0.08,-0.4,0.6565987135251963,-0.48665271347661276,0.8413788446749103,-0.6920086584552081,-0.08490883312463192,0.629262928547524
28.120499999979813,1.4760780986231303,-0.0011623467306400466,-0.00019229988586038618,0.9999996027840171,-1.3767188097925313e-05,-9.242592569878432e-06,0.0008911547832359621,0,0,-0.65,0.02,0.0,0.08,-0.4,0.6566021469767549,-0.48665282254694997,0.8077793490693229,-0.6973547054262652,-0.08439768548283536,0.6970934299998783
28.140499999979767,1.4760332309688862,-0.0011639902800516032,-0.00013256608624265246,0.9999996031116607,1.8562804956379657e-06,1.1681616084758297e-05,0.0008908628494024548,0,0,-0.65,0.02,0.0,0.08,-0.4,0.6566055804283135,-0.4866529316172889,0.7702558534637356,-0.7016521579681787,-0.0840271185408542,0.751693237811434
28.16049999997972,1.476008774035072,-0.0011645520869062852,-0.00010711188543638214,0.9999996029860806,8.934738867741993e-06,1.9958637611381568e-05,0.0008908139561111012,0,0,-0.65,0.02,0.0,0.08,-0.4,0.6566090138798721,-0.48665304068762927,0.7288083578581479,-0.7040774230597006,-0.08377131701836152,0.7832255383579994
28.180499999979673,1.4760052587676402,-0.0011646292807795586,-0.0001258502114457104,0.9999996029589373,1.800097249715466e-05,1.2357627078356438e-05,0.0008908452291825517,0,0,-0.65,0.02,0.0,0.08,-0.4,0.6566124473314308,-0.48665314975797114,0.6834368622525606,-0.7024858515616077,-0.08360385277263349,0.7649897049365716
28.200499999979627,1.4759924128441908,-0.001165061480731508,-0.00012236275193455612,0.9999996029617915,1.853748628362451e-05,1.3732309830826929e-05,0.000890810892505306,0,0,-0.65,0.02,0.0,0.08,-0.4,0.6566158807829894,-0.486653258828315,0.6341413666469735,-0.697896230398356,-0.08351795806540314,0.7077225150636008
28.22049999997958,1.4759724661261457,-0.0011653636200637239,-9.738611807347124e-05,0.9999996028928806,1.2515614710272406e-05,2.34140334636859e-05,0.0008907913474767727,0,0,-0.65,0.02,0.0,0.08,-0.4,0.656619314234548,-0.4866533678986606,0.5809218710413859,-0.6927266653234945,-0.08349370826043878,0.6430257283872345
28.240499999979534,1.47595644753163,-0.0011654259795358713,-7.581157316901575e-05,0.9999996027043033,6.8417752204096935e-06,3.17649944056794e-05,0.0008908060458525697,0,0,-0.65,0.02,0.0,0.08,-0.4,0.6566227476861066,-0.4866534769690076,0.5237783754357987,-0.6875224923479644,-0.08350884596061398,0.5781490824459682
28.260499999979487,1.475946039240514,-0.0011653883335712403,-6.353723799381992e-05,0.9999996025403092,3.5095097809005785e-06,3.650141524434659e-05,0.0008908280167298129,0,0,-0.65,0.02,0.0,0.08,-0.4,0.6566261811376652,-0.48665358603935616,0.46271087983021186,-0.6822798187345704,-0.08354912058853835,0.513006702412164
28.28049999997944,1.475939331036289,-0.001165340888068179,-5.820117842551934e-05,0.9999996024554635,2.0754227998694703e-06,3.854477539452354e-05,0.0008908416850101106,0,0,-0.65,0.02,0.0,0.08,-0.4,0.6566296145892239,-0.4866536951097067,0.3977193842246244,-0.676895113905797,-0.08360462748297483,0.44621027616436093
28.300499999979394,1.4759343327951056,-0.0011653092989407754,-5.650491627901481e-05,0.9999996024288856,1.6676076390125956e-06,3.9180665016111875e-05,0.0008908446359545624,0,0,-0.65,0.02,0.0,0.08,-0.4,0.6566330480407825,-0.48665380418005894,0.3288038886190373,-0.6712871824225498,-0.08366777681007723,0.37667829145771037
28.320499999979347,1.4759298395699878,-0.0011652911284686421,-5.628826830966088e-05,0.999999602430613,1.673376957097737e-06,3.9248854153544824e-05,0.0008908396847410942,0,0,-0.65,0.02,0.0,0.08,-0.4,0.6566364814923411,-0.48665391325041263,0.25596439301345064,-0.665412047263894,-0.083732712013882,0.303822011730643
28.3404999999793,1.4759253301409039,-0.0011652787202727681,-5.656621179431247e-05,0.9999996024434831,1.8036933842975063e-06,3.9130616597294896e-05,0.0008908301850379389,0,0,-0.65,0.02,0.0,0.08,-0.4,0.6566399149438997,-0.4866540223207678,0.17920089740786385,-0.6592440342548483,-0.08379514382741612,0.22729578228716618
28.360499999979254,1.4759206155975124,-0.0011652681557145995,-5.692478336931194e-05,0.9999996024594513,1.9378140404074915e-06,3.898565679307568e-05,0.0008908183340563968,0,0,-0.65,0.02,0.0,0.08,-0.4,0.6566433483954583,-0.486654131391125,0.09851340180227718,-0.6527686032290211,-0.08385219923690142,0.14690181460090082
28.380499999979207,1.4759160554071462,-0.0011645051123481895,-5.849043988370621e-05,0.9999996030339703,3.262527709077518e-06,3.814746271451404e-05,0.0008902056106451121,0,0,-0.65,0.02,0.0,0.08,-0.4,0.6575608246993389,-0.4866557104612152,0.02061632484541659,-0.6472353192930504,-0.08391976339195531,0.07314612632823748
28.40049999997916,1.475905387379921,-0.0011627203525490005,-6.691377581624545e-05,0.9999996045540751,8.865691250006903e-06,3.2296155530330785e-05,0.000888690075574279,0,0,-0.65,0.02,0.0,0.08,-0.4,0.6598745678929429,-0.48663418850923124,0.006732832156621391,-0.6466191727001646,-0.08400053843752478,0.06730057259144452
28.420499999979114,1.4758759581645329,-0.0011630237149969276,-6.846989277119353e-05,0.9999996045260554,9.657794956319641e-06,3.118447043447756e-05,0.0008887530530932764,0,0,-0.65,0.02,0.0,0.08,-0.4,0.6600452206897413,-0.4865866028152461,0.017658378462402452,-0.6464802458655697,-0.08400999081810495,0.07787397741937763
28.440499999979068,1.4758345369181514,-0.001163227366223146,-6.501620488432622e-05,0.9999996044406513,7.217586364473678e-06,3.362252084482886e-05,0.0008887834233133823,0,0,-0.65,0.02,0.0,0.08,-0.4,0.6595691867531974,-0.4865475301672644,0.028217677195630227,-0.6464173481975715,-0.08400813654832523,0.08611543439284441
28.46049999997902,1.4757874990762583,-0.0011632579614254761,-6.161526711064541e-05,0.99999960439474,4.901251423676745e-06,3.594812528661723e-05,0.0008887598511280943,0,0,-0.65,0.02,0.0,0.08,-0.4,0.6590737268153591,-0.48651033351961687,0.034923875487010356,-0.6463592750526017,-0.08399281529700302,0.09085172010159932
28.480499999978974,1.4757371526264924,-0.0011632415449942188,-5.96290793515518e-05,0.9999996043836941,3.5691757204938783e-06,3.7260956181541455e-05,0.00088872455662706,0,0,-0.65,0.02,0.0,0.08,-0.4,0.6586350991024382,-0.4864902747259867,0.03844696542551595,-0.646332585201441,-0.08398887061173482,0.0930935397351326
28.500499999978928,1.475684405316556,-0.0011632324550223032,-5.886671216174088e-05,0.9999996043998745,3.058921624149291e-06,3.774864437978596e-05,0.0008886876719046738,0,0,-0.65,0.02,0.0,0.08,-0.4,0.658303475471051,-0.4864815663877897,0.04021628577643348,-0.6463192531259294,-0.08398892180636632,0.09412428188148016
28.52049999997888,1.4756299374674269,-0.001163248580456475,-5.8758292673987634e-05,0.9999996044262667,2.9783830800159574e-06,3.781522960440074e-05,0.0008886554163121842,0,0,-0.65,0.02,0.0,0.08,-0.4,0.6580694128723276,-0.48648005642525405,0.04114486234962866,-0.6463113205585688,-0.0839890376015122,0.09459305050151834
28.540499999978834,1.4755745896364694,-0.0011632859018547298,-5.886866615806249e-05,0.9999996044526405,3.0472188747388388e-06,3.7744298370902295e-05,0.00088862851994482,0,0,-0.65,0.02,0.0,0.08,-0.4,0.657917637145197,-0.4864839447424672,0.04168851300579999,-0.6463060105920592,-0.08398877148511294,0.09480141520834814
28.560499999978788,1.4755193317456592,-0.0011633366307001614,-5.899020972815787e-05,0.9999996044746359,3.1324153522941234e-06,3.766573220717698e-05,0.0008886068043973989,0,0,-0.65,0.02,0.0,0.08,-0.4,0.6578353506794877,-0.486492040523991,0.04205232294031147,-0.6463019759653363,-0.08398840139990564,0.09489553513092382
28.58049999997874,1.4754651419185414,-0.0011633946237714764,-5.9066939869438367e-05,0.9999996044913897,3.193521536364126e-06,3.761563029979926e-05,0.0008885898554574122,0,0,-0.65,0.02,0.0,0.08,-0.4,0.6578114989956492,-0.48650320257249596,0.04231779109817122,-0.6462985298386956,-0.08398813658914579,0.09493947363063937
28.600499999978695,1.4754129131118765,-0.0011634559182131538,-5.9104669787193666e-05,0.9999996045034807,3.2299166402737085e-06,3.759195244302697e-05,0.0008885771192360112,0,0,-0.65,0.02,0.0,0.08,-0.4,0.6578364540276409,-0.48651628526260593,0.042518617092458355,-0.6462953317121957,-0.08398800167524346,0.09496049544320001
28.620499999978648,1.4753634060184722,-0.0011635180776832265,-5.911989299250535e-05,0.9999996045117517,3.250408642622305e-06,3.758497107519187e-05,0.0008885680316664456,0,0,-0.65,0.02,0.0,0.08,-0.4,0.6579013100138731,-0.48653027372320895,0.042673045248127116,-0.6462922070902156,-0.08398796387247862,0.09497069757644287
28.6404999999786,1.4753172354718123,-0.001163579408567165,-5.9123652254474474e-05,0.9999996045169506,3.2621970109353105e-06,3.758742086125673e-05,0.0008885620334647918,0,0,-0.65,0.02,0.0,0.08,-0.4,0.6579976967521014,-0.48654433841509553,0.04279332791384911,-0.6462890702015567,-0.08398798880430751,0.09497568298901689
28.660499999978555,1.4752748727421503,-0.0011636385472425597,-5.912121580017888e-05,0.9999996045196968,3.2693474773197998e-06,3.759530005631941e-05,0.0008885585822257729,0,0,-0.65,0.02,0.0,0.08,-0.4,0.6581178660673166,-0.4865578389960564,0.042888116301797424,-0.6462858830886842,-0.08398805249935574,0.09497812477181106
28.680499999978508,1.4752366533756427,-0.0011636943381474194,-5.9114951194650345e-05,0.9999996045205187,3.2738913472364486e-06,3.7606484861413415e-05,0.0008885571674648497,0,0,-0.65,0.02,0.0,0.08,-0.4,0.6582547959307656,-0.48657030927668077,0.04296347220374962,-0.6462826324200404,-0.0839881400156341,0.09497932006469456
28.70049999997846,1.4752027869239246,-0.0011637458280254727,-5.910619931198935e-05,0.9999996045198768,3.27687218099159e-06,3.7619677479651304e-05,0.0008885573208997473,0,0,-0.65,0.02,0.0,0.08,-0.4,0.6584022412831361,-0.48658143641117957,0.04302368453002168,-0.6462793168783898,-0.08398824221139042,0.09497990352978225
28.720499999978415,1.4751733678396644,-0.001163792278196543,-5.909594894900298e-05,0.9999996045181783,3.278882952403465e-06,3.7633951395727984e-05,0.0008885586212441194,0,0,-0.65,0.02,0.0,0.08,-0.4,0.6585547416135846,-0.48659103857114755,0.04307190243406496,-0.6462759407474615,-0.08398835338054073,0.09498018670579245
28.74049999997837,1.4751483874382967,-0.0011638331650027814,-5.90849716063943e-05,0.999999604515778,3.28028313875214e-06,3.76486059329826e-05,0.0008885606955989141,0,0,-0.65,0.02,0.0,0.08,-0.4,0.6587076062508728,-0.48659904252940117,0.043110539604612176,-0.646272510799023,-0.08398846984722343,0.09498032267628065
28.76049999997832,1.4751277467118178,-0.0011638681680142136,-5.907384139186826e-05,0.9999996045129852,3.2812905511962537e-06,3.76631135719354e-05,0.000888563219164842,0,0,-0.65,0.02,0.0,0.08,-0.4,0.6588568886738468,-0.4866054619275684,0.043141501496644995,-0.6462690347824465,-0.08398858917087382,0.09498038668787877
28.780499999978275,1.4751112696362643,-0.00116389715143589,-5.906296724500215e-05,0.9999996045100626,3.2820342548901563e-06,3.76770825617799e-05,0.0008885659140472223,0,0,-0.65,0.02,0.0,0.08,-0.4,0.658999353212343,-0.4866103768532058,0.04316631271798754,-0.6462655206560075,-0.08398870969301919,0.09498041572407315
28.80049999997823,1.4750987165850842,-0.0011639201424680282,-5.905263668474875e-05,0.9999996045072266,3.2825910185008404e-06,3.769022434025255e-05,0.0008885685473738341,0,0,-0.65,0.02,0.0,0.08,-0.4,0.6591324347470382,-0.48661391523344494,0.04318619791016804,-0.6462619761692942,-0.08398883027309668,0.09498042794141812
28.820499999978182,1.4750897975018655,-0.0011639373083631715,-5.904305234660786e-05,0.9999996045046531,3.2830089552076863e-06,3.770232910425171e-05,0.0008885709287984778,0,0,-0.65,0.02,0.0,0.08,-0.4,0.6592541919846835,-0.48661623640106855,0.04320214125535569,-0.6462584086260655,-0.08398895013057253,0.0949804322242283
28.840499999978135,1.4750841845458698,-0.0011639489330422248,-5.903435530638656e-05,0.9999996045024819,3.2833208906864962e-06,3.771324980876507e-05,0.000888572907484699,0,0,-0.65,0.02,0.0,0.08,-0.4,0.6593632554219728,-0.4866175170327271,0.04321493360708113,-0.6462548247484667,-0.08398906874691936,0.09498043289043728
28.86049999997809,1.4750815239806798,-0.001163955393920053,-5.9026638405592185e-05,0.9999996045008189,3.283551043472835e-06,3.7722891892861576e-05,0.0008885743687040626,0,0,-0.65,0.02,0.0,0.08,-0.4,0.659458771419252,-0.4866179395202837,0.043225210295154776,-0.6462512306015381,-0.08398918580083388,0.09498043201374497
28.880499999978042,1.475081447126963,-0.0011639571395426313,-5.9019954382878863e-05,0.9999996044997387,3.2837181681079267e-06,3.773120590373899e-05,0.0008885752301953221,0,0,-0.65,0.02,0.0,0.08,-0.4,0.6595403438448658,-0.48661768272291483,0.04323348131449139,-0.6462476315553274,-0.08398930112186691,0.094980430570202
28.900499999977995,1.4750835802466105,-0.0011639546685577084,-5.901432190810459e-05,0.9999996044992903,3.283837109642889e-06,3.773818129973765e-05,0.0008885754384193555,0,0,-0.65,0.02,0.0,0.08,-0.4,0.6596079746606013,-0.4866169149601589,0.04324015542261458,-0.6462440322718502,-0.08398941465467674,0.09498042900342811
28.92049999997795,1.4750875532684757,-0.0011639485104206757,-5.900973084175015e-05,0.9999996044994978,3.283919699985908e-06,3.7743840710871715e-05,0.0008885749648232496,0,0,-0.65,0.02,0.0,0.08,-0.4,0.6596620046906359,-0.4866157890428778,0.04324555948457231,-0.6462404367099247,-0.08398952643008008,0.0949804275021817
28.940499999977902,1.475093007305415,-0.0011639392081109047,-5.9006147100484406e-05,0.9999996045003638,3.2839753620094648e-06,3.774823446325015e-05,0.0008885738022039734,0,0,-0.65,0.02,0.0,0.08,-0.4,0.6597030556802557,-0.48661443909778573,0.043249954115503295,-0.6462368481438311,-0.08398963654106799,0.09498042613586447
28.960499999977856,1.4750996009477695,-0.0011639273030220592,-5.9003517190181426e-05,0.9999996045018786,3.2840115551164813e-06,3.775143536356534e-05,0.0008885719612408601,0,0,-0.65,0.02,0.0,0.08,-0.4,0.6597319746088184,-0.48661297891910255,0.043253546396801415,-0.6462332691931104,-0.08398974512289636,0.09498042492011402
28.98049999997781,1.4751070153493417,-0.0011639133220975645,-5.900177240539561e-05,0.9999996045040156,3.2840341202225773e-06,3.7753533781878e-05,0.0008885694672474108,0,0,-0.65,0.02,0.0,0.08,-0.4,0.6597497810729357,-0.4866115015749644,0.04325650024071801,-0.6462297018613352,-0.0839898523367292,0.09498042384812978
29.000499999977762,1.4751149581482044,-0.0011638977672072377,-5.900083269287194e-05,0.9999996045067376,3.2840475579660397e-06,3.7754633071871806e-05,0.0008885663571767683,0,0,-0.65,0.02,0.0,0.08,-0.4,0.6597576184029774,-0.48661008000328915,0.0432589448447255,-0.6462261475820039,-0.08398995835647335,0.0949804229052913
29.020499999977716,1.4751231662862452,-0.0011638811067002498,-5.9000610176150327e-05,0.9999996045099998,3.2840552617044644e-06,3.775484536310425e-05,0.000888562676901446,0,0,-0.65,0.02,0.0,0.08,-0.4,0.6597567090231322,-0.48660876834869127,0.04326098158623986,-0.6462226072697623,-0.08399006335847614,0.094980422075676
29.04049999997767,1.4751314078084354,-0.0011638637690212835,-5.900101233330265e-05,0.999999604513751,3.284059717879054e-06,3.7754287754602255e-05,0.0008885584787766236,0,0,-0.65,0.02,0.0,0.08,-0.4,0.6597483144171317,-0.4866076038158536,0.043262689641291534,-0.6462190813752856,-0.0839901675137625,0.09498042134470594
29.060499999977623,1.4751394827356639,-0.0011638461382397463,-5.900194481798989e-05,0.9999996045179365,3.284062680261621e-06,3.775307893221689e-05,0.0008885538194872715,0,0,-0.65,0.02,0.0,0.08,-0.4,0.6597336999220339,-0.4866066088429402,0.0432641305578148,-0.6462155699423013,-0.08399027098249037,0.09498042069998802
29.080499999977576,1.4751472231138036,-0.001163828551315317,-5.900331391713258e-05,0.9999996045224991,3.2840653213550096e-06,3.775133622328397e-05,0.0008885487581724242,0,0,-0.65,0.02,0.0,0.08,-0.4,0.659714104444007,-0.4866057934289453,0.04326535197138722,-0.6462120726653143,-0.08399037391029456,0.09498042013135068
29.10049999997753,1.475154492346954,-0.0011638112969057928,-5.900502864433406e-05,0.999999604527382,3.2840683628140167e-06,3.774917309242763e-05,0.0008885433548147863,0,0,-0.65,0.02,0.0,0.08,-0.4,0.6596907150747446,-0.48660515747955885,0.0432663906165667,-0.6462085889467871,-0.08399047642619091,0.0949804196305675
29.120499999977483,1.475161183924808,-0.0011637946155140665,-5.900700247440822e-05,0.9999996045325275,3.2840721863390166e-06,3.774669707292473e-05,0.0008885376688802579,0,0,-0.65,0.02,0.0,0.08,-0.4,0.6596646464862118,-0.48660469306576615,0.04326727475901147,-0.6462051179526614,-0.08399057864174156,0.09498041919098116
29.140499999977436,1.475167219653278,-0.0011637787007688332,-5.900915473137565e-05,0.9999996045378805,3.2840769264952402e-06,3.774400811955925e-05,0.0008885317581896511,0,0,-0.65,0.02,0.0,0.08,-0.4,0.6596369248955637,-0.48660438651693877,0.04326802615105343,-0.6462016586652936,-0.08399068065118721,0.09498041880713957
29.16049999997739,1.4751725474942716,-0.0011637637016372005,-5.901141164759318e-05,0.9999996045433894,3.2840825469865376e-06,3.774119736171043e-05,0.000888525678003565,0,0,-0.65,0.02,0.0,0.08,-0.4,0.6596084763214425,-0.486604220294908,0.04326866159521226,-0.6461982099330184,-0.083990782532295,0.09498041847447818
29.180499999977343,1.475177139115279,-0.0011637497253755796,-5.901370711617065e-05,0.999999604549004,3.284088901984525e-06,3.7738346229522554e-05,0.0008885194803008781,0,0,-0.65,0.02,0.0,0.08,-0.4,0.6595801187972292,-0.4866041746169989,0.04326919418539172,-0.6461947705157434,-0.08399088434769406,0.09498041818905933
29.200499999977296,1.4751809872425474,-0.0011637368410370617,-5.901598316271849e-05,0.9999996045546791,3.2840957841982485e-06,3.773552592155241e-05,0.0008885132132313889,0,0,-0.65,0.02,0.0,0.08,-0.4,0.6595525581655833,-0.4866042288140354,0.0432696342834903,-0.6461913391261294,-0.08399098614651342,0.09498041794737186
29.22049999997725,1.4751841029035535,-0.0011637250833679942,-5.9018190164602906e-05,0.9999996045603724,3.2841029613372556e-06,3.773279717892899e-05,0.0008885069207236692,0,0,-0.65,0.02,0.0,0.08,-0.4,0.6595263870509168,-0.4866043624239217,0.04326999027933949,-0.6461879144660704,-0.08399108796616178,0.09498041774618034
29.240499999977203,1.4751865126354837,-0.0011637144569428062,-5.902028684797188e-05,0.9999996045660485,3.2841102026631065e-06,3.7730210329070674e-05,0.0008885006422299532,0,0,-0.65,0.02,0.0,0.08,-0.4,0.6595020865911834,-0.48660455603268493,0.04327026917382352,-0.6461844952583055,-0.08399118983413406,0.09498041758241865
29.260499999977156,1.4751882557269487,-0.001163704940403592,-5.902224009356964e-05,0.9999996045716744,3.284117297216844e-06,3.772780556097129e-05,0.0008884944125908913,0,0,-0.65,0.02,0.0,0.08,-0.4,0.6594800305062921,-0.4866047918831046,0.04327047701839148,-0.6461810802731343,-0.08399129176974586,0.09498041745311833
29.28049999997711,1.475189381550355,-0.0011636964906888922,-5.9024024581775224e-05,0.9999996045772218,3.2841240652438248e-06,3.772561339405536e-05,0.0008884882620040564,0,0,-0.65,0.02,0.0,0.08,-0.4,0.6594604910862358,-0.4866050542765682,0.04327061923867183,-0.6461776683503323,-0.0839913937857387,0.09498041735536653
29.300499999977063,1.4751899470326035,-0.0011636890471539633,-5.902562230766101e-05,0.9999996045826675,3.2841303642016147e-06,3.772365530344346e-05,0.0008884822160812022,0,0,-0.65,0.02,0.0,0.08,-0.4,0.6594436466962174,-0.4866053297969681,0.043270700865321685,-0.6461742584164203,-0.08399149588970893,0.09498041728628386
29.320499999977017,1.475190014302249,-0.0011636825355022425,-5.90270219947671e-05,0.999999604587992,3.2841360905990038e-06,3.772194446599135e-05,0.0008884762959803665,0,0,-0.65,0.02,0.0,0.08,-0.4,0.6594295904172895,-0.4866056073866724,0.04327072669141709,-0.6461708494975551,-0.08399159808534229,0.09498041724302048
29.34049999997697,1.4751896485421125,-0.0011636768714642681,-5.902821843509274e-05,0.9999996045931799,3.2841411787823087e-06,3.772048659360426e-05,0.0008884705186000061,0,0,-0.65,0.02,0.0,0.08,-0.4,0.659418339467853,-0.486605878304255,0.04327070137247161,-0.6461674407283449,-0.08399170037344608,0.09498041722276143
29.360499999976923,1.4751889160678135,-0.0011636719641758052,-5.9029211780403225e-05,0.9999996045982201,3.2841455975636053e-06,3.771928082295102e-05,0.0008884648968233547,0,0,-0.65,0.02,0.0,0.08,-0.4,0.6594098450824704,-0.4866061359921157,0.043270629482454616,-0.6461640313569593,-0.0839918027527871,0.09498041722274353
29.380499999976877,1.4751878826448004,-0.0011636677192211169,-5.903000680783022e-05,0.9999996046031047,3.284149345547829e-06,3.771832063358348e-05,0.0008884594398021936,0,0,-0.65,0.02,0.0,0.08,-0.4,0.659404002558588,-0.4866063758797146,0.043270515536875595,-0.6461606207469357,-0.0839919052207465,0.09498041724027373
29.40049999997683,1.47518661204939,-0.0011636640413201296,-5.9030612179992336e-05,0.9999996046078291,3.2841524457209754e-06,3.771759476969528e-05,0.0008884541532701484,0,0,-0.65,0.02,0.0,0.08,-0.4,0.6594006612177338,-0.4866065951451595,0.04327036399204142,-0.6461572083760805,-0.08399200777381408,0.09498041727275042
29.420499999976784,1.475185164873041,-0.0011636608366495879,-5.903103971731067e-05,0.9999996046123913,3.2841549398654474e-06,3.771708814402505e-05,0.0008884490398765166,0,0,-0.65,0.02,0.0,0.08,-0.4,0.6593996340645283,-0.4866067924546013,0.04327017922791939,-0.6461537938328925,-0.08399211040794366,0.09498041731768689
29.440499999976737,1.4751835975637364,-0.0011636580147980921,-5.90313036975052e-05,0.9999996046167918,3.2841568831291715e-06,3.771678270574602e-05,0.0008884440995324805,0,0,-0.65,0.02,0.0,0.08,-0.4,0.659400706963489,-0.48660696769549966,0.043269965520609605,-0.6461503768109558,-0.08399221311879558,0.0949804173727318
29.46049999997669,1.4751819616937694,-0.0011636554903632797,-5.903142019453441e-05,0.9999996046210344,3.284158339048996e-06,3.7716658257482216e-05,0.0008884393297623855,0,0,-0.65,0.02,0.0,0.08,-0.4,0.6594036471893125,-0.48660712171650666,0.04326972700920928,-0.6461469571016814,-0.0839923159018902,0.09498041743568894
29.480499999976644,1.4751803034396054,-0.0011636531842063266,-5.903140646668975e-05,0.9999996046251229,3.284159375180533e-06,3.771669320978568e-05,0.0008884347260535618,0,0,-0.65,0.02,0.0,0.08,-0.4,0.6594082112403987,-0.4866072560835873,0.0432694676608079,-0.6461435345857807,-0.08399241875268965,0.09498041750453087
29.500499999976597,1.475178663256617,-0.0011636510243844386,-5.903128040101838e-05,0.9999996046290643,3.284160059441064e-06,3.7716865264410796e-05,0.0008884302821989454,0,0,-0.65,0.02,0.0,0.08,-0.4,0.659414151837312,-0.48660737285916555,0.043269191236465436,-0.6461401092238913,-0.08399252166663884,0.09498041757741343
29.52049999997655,1.4751770757294114,-0.0011636489467862984,-5.903106001923682e-05,0.9999996046328663,3.2841604571984614e-06,3.771715202052539e-05,0.0008884259906275083,0,0,-0.65,0.02,0.0,0.08,-0.4,0.6594212240572114,-0.4866074744085868,0.04326890126027352,-0.6461366810466261,-0.08399262463917075,0.09498041765268427
29.540499999976504,1.4751755695771402,-0.0011636468954984718,-5.9030763047869026e-05,0.9999996046365376,3.2841606290842345e-06,3.771753150055814e-05,0.000888421842718267,0,0,-0.65,0.02,0.0,0.08,-0.4,0.6594291905817061,-0.4866075632360721,0.04326860099296718,-0.6461332501443844,-0.08399272766569665,0.09498041772888538
29.560499999976457,1.4751741677924435,-0.0011636448229327902,-5.90304065536834e-05,0.9999996046400854,3.2841606294941303e-06,3.771798259465807e-05,0.0008884178290943478,0,0,-0.65,0.02,0.0,0.08,-0.4,0.659437826058948,-0.4866076418505994,0.043268293411027156,-0.6461298166571777,-0.08399283074159242,0.09498041780475623
29.58049999997641,1.475172887892591,-0.0011636426897457602,-5.9030006643888296e-05,0.9999996046435229,3.2841605056874545e-06,3.7718485424734596e-05,0.0008884139398943002,0,0,-0.65,0.02,0.0,0.08,-0.4,0.6594469206008744,-0.4866077126607788,0.04326798119177828,-0.6461263807647357,-0.0839929338621856,0.09498041787923159
29.600499999976364,1.4751717422617234,-0.0011636404645812663,-5.9029578229212816e-05,0.9999996046468552,3.2841602974148917e-06,3.771902163074478e-05,0.0008884101650185233,0,0,-0.65,0.02,0.0,0.08,-0.4,0.6594562824534352,-0.4866077778967696,0.04326766670463683,-0.6461229426769868,-0.08399303702275074,0.09498041795143344
29.620499999976317,1.4751707385639423,-0.0011636381236673232,-5.902913484604462e-05,0.9999996046500954,3.2841600369593086e-06,3.7719574583307267e-05,0.0008884064943493224,0,0,-0.65,0.02,0.0,0.08,-0.4,0.659465739891345,-0.4866078395565688,0.04326735200837926,-0.6461195026252284,-0.08399314021851628,0.09498041802066569
29.64049999997627,1.4751698802081168,-0.0011636356502965231,-5.9028688534966026e-05,0.9999996046532517,3.284159749514831e-06,3.772012952784587e-05,0.00088840291794371,0,0,-0.65,0.02,0.0,0.08,-0.4,0.6594751423996003,-0.48660789937356935,0.04326703885408908,-0.6461160608539317,-0.0839932434446817,0.09498041808640119
29.660499999976224,1.4751691668467315,-0.0011636330342182212,-5.9028249769247295e-05,0.9999996046563336,3.2841594538064664e-06,3.772067366629214e-05,0.0008883994261986527,0,0,-0.65,0.02,0.0,0.08,-0.4,0.6594843612117843,-0.48660795880207236,0.043266728693276905,-0.6461126176134068,-0.08399334669644781,0.09498041814826998
29.680499999976178,1.4751685948927347,-0.0011636302709685212,-5.9027827429145954e-05,0.9999996046593499,3.2841591628661396e-06,3.7721196183024145e-05,0.0008883960099889587,0,0,-0.65,0.02,0.0,0.08,-0.4,0.6594932892803345,-0.48660801901741907,0.0432664226905562,-0.6461091731533162,-0.08399344996905435,0.09498041820604498
29.70049999997613,1.4751681580401141,-0.00116362736116184,-5.9027428816083e-05,0.9999996046623064,3.2841588848912826e-06,3.772168822203286e-05,0.0008883926607785034,0,0,-0.65,0.02,0.0,0.08,-0.4,0.6595018407566651,-0.4866080809275307,0.04326612174018673,-0.6461057277170799,-0.08399355325782797,0.09498041825962622
29.720499999976084,1.4751678477758052,-0.0011636243097653586,-5.9027059700516804e-05,0.9999996046652116,3.2841586241485083e-06,3.7722142822492266e-05,0.000888389370705853,0,0,-0.65,0.02,0.0,0.08,-0.4,0.6595099500596198,-0.4866081451928787,0.04326582648576046,-0.6461022815371932,-0.08399365655823286,0.0949804183090262
29.740499999976038,1.4751676538724177,-0.0011636211253750757,-5.9026724398779196e-05,0.9999996046680739,3.2841583818482895e-06,3.7722554819860026e-05,0.0008883861326457363,0,0,-0.65,0.02,0.0,0.08,-0.4,0.6595175706094298,-0.4866082122522143,0.043265537342299036,-0.646098834831424,-0.08399375986592408,0.09498041835435375
29.76049999997599,1.4751675648531455,-0.0011636178195095334,-5.902642587235791e-05,0.9999996046708957,3.284158156936559e-06,3.7722920719482036e-05,0.0008883829402480947,0,0,-0.65,0.02,0.0,0.08,-0.4,0.6595246733014845,-0.48660828235173575,0.043265254520048244,-0.6460953877998522,-0.0839938631767991,0.09498041839579613
29.780499999975945,1.475167568422023,-0.0011636144059346666,-5.902616584425339e-05,0.9999996046736829,3.2841579468485864e-06,3.772323854930105e-05,0.00088837978795667,0,0,-0.65,0.02,0.0,0.08,-0.4,0.659531244790037,-0.48660835557574483,0.04326497804929181,-0.6460919406227346,-0.08399396648704734,0.09498041843360618
29.800499999975898,1.4751676518544352,-0.001163610900030666,-5.902594492824169e-05,0.999999604676443,3.2841577481508687e-06,3.772350769790375e-05,0.0008883766710092345,0,0,-0.65,0.02,0.0,0.08,-0.4,0.6595372856467676,-0.48660843187721065,0.04326470780555777,-0.646088493459103,-0.08399406979319293,0.0949804184680872
29.82049999997585,1.4751678023443704,-0.0011636073182093208,-5.9025762765691305e-05,0.9999996046791754,3.2841575570417464e-06,3.7723728743564216e-05,0.0008883735854217277,0,0,-0.65,0.02,0.0,0.08,-0.4,0.6595428084531357,-0.48660851110701675,0.043264443534651996,-0.6460850464460106,-0.08399417309212896,0.09498041849957646
29.840499999975805,1.4751680073063795,-0.001163603677387981,-5.902561816550687e-05,0.999999604681885,3.2841573697747498e-06,3.772390327944091e-05,0.0008883705279585752,0,0,-0.65,0.02,0.0,0.08,-0.4,0.6595478358789565,-0.4866085930409881,0.043264184877023125,-0.6460815996984318,-0.08399427638114577,0.09498041852843553
29.860499999975758,1.475168254631518,-0.0011635999945242314,-5.9025509244777394e-05,0.9999996046845739,3.2841571829674435e-06,3.772403373941551e-05,0.0008883674960914968,0,0,-0.65,0.02,0.0,0.08,-0.4,0.6595523987928114,-0.48660867740409103,0.043263931391036126,-0.6460781533096304,-0.0839943796579474,0.09498041855503805
29.88049999997571,1.475168532897688,-0.0011635962862133857,-5.902543356534309e-05,0.9999996046872419,3.284156993830645e-06,3.7724123228447296e-05,0.0008883644879490598,0,0,-0.65,0.02,0.0,0.08,-0.4,0.6595565344429776,-0.4866087638914475,0.043263682574805666,-0.6460747073519938,-0.0839944829206597,0.09498041857975781
29.900499999975665,1.47516883153579,-0.001163592568349288,-5.902538826481806e-05,0.9999996046898929,3.2841568002815294e-06,3.772417536071553e-05,0.0008883615022591548,0,0,-0.65,0.02,0.0,0.08,-0.4,0.6595602847406914,-0.4866088521860148,0.04326343788631539,-0.6460712618782388,-0.08399458616782929,0.09498041860296325
29.92049999997562,1.4751691409538985,-0.0011635888558473714,-5.902537017954577e-05,0.999999604692526,3.284156601002493e-06,3.772419410819001e-05,0.0008883585382864615,0,0,-0.65,0.02,0.0,0.08,-0.4,0.6595636946709019,-0.486608941972952,0.04326319676162004,-0.646067816922872,-0.08399468939841025,0.09498041862500667
29.94049999997557,1.4751694526223407,-0.0011635851624277208,-5.902537595729258e-05,0.99999960469514,3.284156395415662e-06,3.7724183661602555e-05,0.000888355595766812,0,0,-0.65,0.02,0.0,0.08,-0.4,0.6595668108493493,-0.48660903295082814,0.04326295863099411,-0.6460643725038859,-0.0839947926117476,0.0949804186462189
29.960499999975525,1.4751697591230588,-0.0011635815004548285,-5.902540215919534e-05,0.9999996046977357,3.284156183658097e-06,3.77241483053781e-05,0.0008883526748402112,0,0,-0.65,0.02,0.0,0.08,-0.4,0.6595696802389066,-0.486609124839915,0.04326272293295345,-0.646060928624607,-0.08399489580755025,0.09498041866690629
29.98049999997548,1.47517005416698,-0.0011635778808299242,-5.902544534997274e-05,0.9999996047003137,3.2841559664867153e-06,3.77240923074127e-05,0.00088834977598407,0,0,-0.65,0.02,0.0,0.08,-0.4,0.6595723490327349,-0.4866092173878765,0.043262489126131155,-0.6460574852756069,-0.08399499898585847,0.09498041868734612
30.000499999975432,1.4751703325833478,-0.0011635743129311494,-5.902550217556379e-05,0.9999996047028719,3.2841557451650153e-06,3.772401982423749e-05,0.0008883468999480339,0,0,-0.65,0.02,0.0,0.08,-0.4,0.6595748617069825,-0.48660931037320276,0.043262256699039284,-0.6460540424366532,-0.08399510214700813,0.09498041870778332
30.020499999975385,1.4751705902850727,-0.0011635708045964097,-5.902556942810729e-05,0.9999996047054079,3.2841555213324996e-06,3.772393482159034e-05,0.0008883440476915678,0,0,-0.65,0.02,0.0,0.08,-0.4,0.6595772602415191,-0.48660940360674576,0.04326202517778871,-0.6460506000786386,-0.08399520529159023,0.09498041872842952
30.04049999997534,1.4751708242141468,-0.0011635673621434937,-5.902564409926107e-05,0.999999604707924,3.2841552968975007e-06,3.77238410101487e-05,0.0008883412203252643,0,0,-0.65,0.02,0.0,0.08,-0.4,0.6595795835035861,-0.48660949693171734,0.04326179413187613,-0.6460471581654654,-0.08399530842040999,0.09498041874946464
30.060499999975292,1.4751710322710785,-0.0011635639904219338,-5.902572342151315e-05,0.9999996047104158,3.2841550739177985e-06,3.772374179579224e-05,0.0008883384190566389,0,0,-0.65,0.02,0.0,0.08,-0.4,0.6595818667862164,-0.4866095902224843,0.043261563178173965,-0.6460437166557987,-0.08399541153444356,0.09498041877103353
30.080499999975245,1.4751712132321164,-0.0011635606928911428,-5.902580489837195e-05,0.9999996047128833,3.284154854481287e-06,3.77236402435874e-05,0.000888335645141014,0,0,-0.65,0.02,0.0,0.08,-0.4,0.6595841414908784,-0.48660968338247385,0.043261331983280936,-0.646040275504735,-0.08399551463479718,0.09498041879325064
30.1004999999752,1.4751713666578237,-0.0011635574717194844,-5.9025886324220355e-05,0.9999996047153266,3.2841546406093013e-06,3.7723539054413375e-05,0.0008883328998378648,0,0,-0.65,0.02,0.0,0.08,-0.4,0.6595864349419364,-0.48660977634146496,0.04326110026440661,-0.6460368346653078,-0.08399561772266657,0.09498041881620048
30.120499999975152,1.475171492796242,-0.0011635543278992156,-5.902596579505977e-05,0.9999996047177422,3.2841544341748e-06,3.7723440553050506e-05,0.0008883301843728646,0,0,-0.65,0.02,0.0,0.08,-0.4,0.6595887703192163,-0.48660986905250453,0.04326086778897147,-0.6460333940898293,-0.08399572079929808,0.0949804188399381
30.140499999975106,1.4751715924835946,-0.0011635512613725374,-5.902604171064909e-05,0.9999996047201302,3.2841542368421674e-06,3.772334668646642e-05,0.0008883274999057279,0,0,-0.65,0.02,0.0,0.08,-0.4,0.659591166694134,-0.48660996148864943,0.043260634373108835,-0.6460299537310873,-0.0839958238659559,0.09498041886449424
30.16049999997506,1.475171667045121,-0.0011635482711644285,-5.902611276966327e-05,0.9999996047224897,3.284154050022377e-06,3.7723259030930926e-05,0.0008883248475037727,0,0,-0.65,0.02,0.0,0.08,-0.4,0.6595936391544724,-0.48661005363969534,0.04326039987925396,-0.6460265135433495,-0.08399592692388935,0.09498041888987674
30.180499999975012,1.4751717181982786,-0.001163545355518317,-5.902617795862008e-05,0.9999996047248201,3.2841538748387757e-06,3.772317880658627e-05,0.000888322228121053,0,0,-0.65,0.02,0.0,0.08,-0.4,0.6595961990028968,-0.4866101455090165,0.04326016421300066,-0.646023073483202,-0.08399602997430641,0.09498041891607317
30.200499999974966,1.4751717479601993,-0.001163542512031162,-5.9026236535765726e-05,0.999999604727119,3.2841537121151173e-06,3.772310689815325e-05,0.0008883196425827788,0,0,-0.65,0.02,0.0,0.08,-0.4,0.6595988540146578,-0.48661023711061324,0.04325992731939818,-0.6460196335102203,-0.08399613301835059,0.09498041894305453
30.22049999997492,1.475171758560921,-0.0011635397377849578,-5.9026288010945795e-05,0.9999996047293882,3.2841535623751472e-06,3.772304388045201e-05,0.0008883170915746917,0,0,-0.65,0.02,0.0,0.08,-0.4,0.6596016087405521,-0.48661032846642704,0.043259689178849425,-0.6460161935874973,-0.08399623605708371,0.09498041897077766
30.240499999974872,1.4751717523635843,-0.0011635370294721824,-5.902633212252241e-05,0.9999996047316243,3.284153425852875e-06,3.77229900475044e-05,0.0008883145756369649,0,0,-0.65,0.02,0.0,0.08,-0.4,0.659604464842083,-0.4866104196039629,0.0432594498027594,-0.6460127536819826,-0.08399633909146931,0.09498041899918869
30.260499999974826,1.4751717317924689,-0.001163534383513172,-5.90263688122153e-05,0.9999996047338289,3.2841533025150516e-06,3.772294544406684e-05,0.0008883120951621834,0,0,-0.65,0.02,0.0,0.08,-0.4,0.6596074214468111,-0.4866105105542377,0.043259209229066946,-0.6460093137647349,-0.08399644212236475,0.09498041902822482
30.28049999997478,1.4751716992694297,-0.0011635317961638627,-5.902639819885263e-05,0.9999996047360018,3.2841531920870867e-06,3.772290989854649e-05,0.0008883096503969258,0,0,-0.65,0.02,0.0,0.08,-0.4,0.6596104755130485,-0.4866106013500559,0.043258967517778565,-0.6460058738110018,-0.08399654515051333,0.09498041905781823
30.300499999974733,1.4751716571590527,-0.001163529263612753,-5.9026420551396943e-05,0.9999996047381428,3.284153094085007e-06,3.772288305636726e-05,0.0008883072414464288,0,0,-0.65,0.02,0.0,0.08,-0.4,0.659613622194322,-0.486610692024598,0.04325872474660558,-0.6460024338002243,-0.0839966481765415,0.09498041908789712
30.320499999974686,1.4751716077225738,-0.00116352678206638,-5.9026436262429e-05,0.999999604740252,3.2841530078609346e-06,3.77228644129525e-05,0.0008883048682818382,0,0,-0.65,0.02,0.0,0.08,-0.4,0.6596168551953392,-0.48661078261030616,0.04325848100679076,-0.6459989937159305,-0.08399675120096012,0.09498041911838868
30.34049999997464,1.4751715530804297,-0.001163524347822895,-5.902644582239538e-05,0.9999996047423284,3.2841529326309084e-06,3.77228533456344e-05,0.000888302530749549,0,0,-0.65,0.02,0.0,0.08,-0.4,0.6596201671125025,-0.48661087313803475,0.04325823639919348,-0.6459955535455546,-0.08399685422416717,0.09498041914921979
30.360499999974593,1.4751714951831134,-0.0011635219573337176,-5.90264497950676e-05,0.9999996047443734,3.284152867514133e-06,3.772284914392201e-05,0.0008883002285821616,0,0,-0.65,0.02,0.0,0.08,-0.4,0.6596235497533243,-0.48661096363643563,0.04325799103068791,-0.6459921132801951,-0.0839969572464529,0.0949804191803204
30.380499999974546,1.4751714357898702,-0.0011635196072534626,-5.902644879482046e-05,0.9999996047463873,3.284152811571285e-06,3.772285103763156e-05,0.000888297961410595,0,0,-0.65,0.02,0.0,0.08,-0.4,0.6596269944303373,-0.4866110541315493,0.043257745010913645,-0.6459886729143145,-0.08399706026800771,0.09498041921162373
30.4004999999745,1.4751713764546481,-0.0011635172944786062,-5.902644346569743e-05,0.9999996047483705,3.2841527638335983e-06,3.77228582225573e-05,0.0008882957287769448,0,0,-0.65,0.02,0.0,0.08,-0.4,0.6596304922262809,-0.4866111446465638,0.043257498449404984,-0.6459852324454092,-0.08399716328892924,0.09498041924306644
30.420499999974453,1.4751713185186386,-0.001163515016175541,-5.902643446268266e-05,0.9999996047503238,3.284152723344039e-06,3.772286988342313e-05,0.000888293530147708,0,0,-0.65,0.02,0.0,0.08,-0.4,0.659634034228428,-0.4866112352017152,0.043257251453112905,-0.645981791873656,-0.08399726630923468,0.09498041927459214
30.440499999974406,1.4751712046911305,-0.0011634886339709247,-5.898691015174682e-05,0.9999996047702273,3.2787695286809923e-06,3.7771105745911e-05,0.0008882690940829741,0,0,-0.65,0.02,0.0,0,-0.4,0.659637611679423,-0.4866113258141629,0.04324964662477229,-0.6460595487724331,-0.08399738504182643,0.0951600881988108
30.46049999997436,1.475168716780323,-0.0011632402558943674,-5.8281267615439764e-05,0.9999996049635808,2.9536787092671567e-06,3.844128244219732e-05,0.0008880237757898917,0,0,-0.65,0.02,0.0,0,-0.4,0.6596412024053752,-0.4866114164560258,0.041042149177239064,-0.6496460888792047,-0.08399784323961722,0.1015868286372581
30.480499999974313,1.475164133077592,-0.001163244413053598,-5.794304760168983e-05,0.9999996049643801,2.606695975800862e-06,3.857054254508654e-05,0.000888018357003232,0,0,-0.65,0.02,0.0,0,-0.4,0.6599027339207836,-0.48663626453057157,0.03496147301158195,-0.6521968871962431,-0.08402404936830399,0.10288615514278404
30.500499999974267,1.4751576480746216,-0.0011632607207214068,-5.777811038089163e-05,0.9999996049552717,2.400369038318354e-06,3.8591902432180175e-05,0.000888028267827939,0,0,-0.65,0.02,0.0,0,-0.4,0.6613347395986623,-0.48664517662841306,0.025202009070281226,-0.6529175498572942,-0.08403696764963704,0.09924850846462152
30.52049999997422,1.4751498143979258,-0.001163164889552963,-5.7952521122980404e-05,0.9999996050301092,2.5364264443803616e-06,3.845177397037091e-05,0.0008879496914550941,0,0,-0.65,0.02,0.0,0,-0.4,0.6634957338531221,-0.4866065256323065,0.012887814283144847,-0.6527356992341267,-0.0840019213077534,0.0926456303962465
30.540499999974173,1.4751406912340446,-0.0011630276648129472,-5.937865577849255e-05,0.9999996051699548,3.4828277084074496e-06,3.742357547928025e-05,0.0008878329129801731,0,0,-0.65,0.02,0.0,0,-0.4,0.665391573627717,-0.48660534877994494,0.007097727966257948,-0.6529752528931463,-0.08403986301715598,0.09236169593249872
30.560499999974127,1.4751281746479565,-0.0011628122886141504,-5.96438431946469e-05,0.9999996053759062,3.5562191868147693e-06,3.725471473570652e-05,0.0008876077237341922,0,0,-0.65,0.02,0.0,0,-0.4,0.6666065475492664,-0.4866304524667057,0.005283810190735991,-0.6531777339908352,-0.08415331223482636,0.09405092317053436
30.58049999997408,1.4751124442542152,-0.00116261163692458,-5.92666475236077e-05,0.9999996055407343,3.195219446565808e-06,3.7510121695935716e-05,0.00088741261872871,0,0,-0.65,0.02,0.0,0,-0.4,0.6674198112766596,-0.48666865577203283,0.0038415914349255865,-0.6534332180828978,-0.0843314418369201,0.09525446861618908
30.600499999974033,1.4750940803525794,-0.0011623822700006013,-5.8878507482387135e-05,0.999999605701403,2.9239062587682056e-06,3.776956176750385e-05,0.0008872214773141732,0,0,-0.65,0.02,0.0,0,-0.4,0.6680766341369346,-0.48661651300105446,0.002497051659003943,-0.6536117192631621,-0.08442277936424095,0.09607385762690782
30.620499999973987,1.4750729812695598,-0.0011621300913483344,-5.863442906941832e-05,0.999999605879209,2.7697790907776032e-06,3.793472635225129e-05,0.0008870144939746257,0,0,-0.65,0.02,0.0,0,-0.4,0.6686130208801756,-0.4865563378597707,0.0011734329036063819,-0.6537177233333431,-0.08450354430042697,0.09653184829884023
30.64049999997394,1.4750487547011757,-0.001161885676549245,-5.851670335672616e-05,0.9999996060632643,2.721168962813492e-06,3.801984669376309e-05,0.0008868034744701566,0,0,-0.65,0.02,0.0,0,-0.4,0.6690691416092943,-0.4864947772580902,5.064609733931264e-06,-0.653743559077098,-0.08453019988481132,0.09684018585531998
30.660499999973894,1.4750213486457622,-0.0011617803568470695,-5.8290352417013906e-05,0.9999996061451204,2.5476969309186494e-06,3.816506282875482e-05,0.0008867054427099989,0,0,-0.65,0.02,0.0,0,-0.4,0.669222608015443,-0.48647334160023503,-0.0004152993151919702,-0.6538395920193057,-0.08457353022134988,0.09725695969924364
30.680499999973847,1.4749917128083392,-0.001161743567402622,-5.79725357673961e-05,0.9999996061758272,2.3518945532638553e-06,3.838170565597408e-05,0.0008866620017358542,0,0,-0.65,0.02,0.0,0,-0.4,0.6692403855394042,-0.4864708059251838,-0.00030100280830941336,-0.6540282390913216,-0.08457447734061077,0.09799599557788684
30.7004999999738,1.474960893322588,-0.0011617342251007542,-5.7753853042887935e-05,0.9999996061952154,2.225330502663529e-06,3.852825397680146e-05,0.0008866341047821374,0,0,-0.65,0.02,0.0,0,-0.4,0.6692424581834985,-0.4864705062301783,-0.00017273967966712715,-0.6542178831536765,-0.08453536007088756,0.09864610351240913
30.720499999973754,1.4749296805312528,-0.0011617457867199867,-5.763513012634312e-05,0.999999606209018,2.1600650963225327e-06,3.860853464297298e-05,0.0008866152068825242,0,0,-0.65,0.02,0.0,0,-0.4,0.6692427289918773,-0.4864704720942053,-9.533782465892727e-05,-0.6543996294640175,-0.08446962252909708,0.09915915590152241
30.740499999973707,1.474898753538434,-0.0011617735302415905,-5.757721159959834e-05,0.9999996062182327,2.1315077948712885e-06,3.86499915826528e-05,0.0008866030761948065,0,0,-0.65,0.02,0.0,0,-0.4,0.669242783064963,-0.48647046909393743,-5.446910767140265e-05,-0.6545752303313117,-0.08438924343961589,0.09955911692346615
30.76049999997366,1.4748687088910462,-0.0011618127442317566,-5.754813068441144e-05,0.9999996062233969,2.120901759864338e-06,3.867320757081455e-05,0.0008865962650723696,0,0,-0.65,0.02,0.0,0,-0.4,0.6692428023164764,-0.486470469324203,-3.377351855794552e-05,-0.6547463264441181,-0.0843034969652217,0.0998732333192138
30.780499999973614,1.47484005862987,-0.0011618591536476915,-5.753065185189305e-05,0.9999996062251849,2.1178613439548807e-06,3.8689074654682645e-05,0.0008865935634114225,0,0,-0.65,0.02,0.0,0,-0.4,0.6692428113591119,-0.4864704696536753,-2.3446777354225947e-05,-0.654913589172948,-0.08421912348379178,0.10012273948027213
30.800499999973567,1.4748132245636063,-0.0011619091641563168,-5.7517554180270845e-05,0.9999996062243601,2.1176251083787994e-06,3.8702271773356325e-05,0.0008865939178756377,0,0,-0.65,0.02,0.0,0,-0.4,0.6692428158633624,-0.4864704698445921,-1.8321916426485946e-05,-0.6550769166321819,-0.08414069923876484,0.10032300563584261
30.82049999997352,1.4747885361634916,-0.0011619598944774111,-5.750628431607264e-05,0.9999996062216586,2.118266284419539e-06,3.871451554938223e-05,0.0008865964291459846,0,0,-0.65,0.02,0.0,0,-0.4,0.6692428181156629,-0.4864704699428737,-1.5783744847547106e-05,-0.655235685062296,-0.08407103226851009,0.10048498119024467
30.840499999973474,1.4747662327740885,-0.001162009120754353,-5.7495965006907016e-05,0.9999996062177179,2.1190531211746195e-06,3.8726352840234604e-05,0.0008866003549559858,0,0,-0.65,0.02,0.0,0,-0.4,0.6692428192380613,-0.4864704699920917,-1.4527591274853755e-05,-0.6553889574405217,-0.08401154249470291,0.10061660724208128
30.860499999973428,1.4747464689551686,-0.0011620551987043335,-5.748624684241818e-05,0.999999606213058,2.119714769023466e-06,3.873790806360533e-05,0.000886605104606913,0,0,-0.65,0.02,0.0,0,-0.4,0.6692428197959364,-0.4864704700165612,-1.3906065610180333e-05,-0.6555356472498465,-0.08396260694656639,0.10072385212554055
30.88049999997338,1.4747293217482336,-0.0011620969846757702,-5.747698554664625e-05,0.9999996062080816,2.120164145483532e-06,3.874914445416264e-05,0.0008866102251672679,0,0,-0.65,0.02,0.0,0,-0.4,0.6692428200728431,-0.48647047002870186,-1.3598564591580977e-05,-0.6556746438321402,-0.08392386013846181,0.10081135770952525
30.900499999973334,1.474714799060043,-0.0011621337593043018,-5.7468156020591275e-05,0.9999996062030896,2.120396203783668e-06,3.8759957207927734e-05,0.0008866153828945273,0,0,-0.65,0.02,0.0,0,-0.4,0.6692428202102014,-0.48647047003472216,-1.3446429084311317e-05,-0.655804905534394,-0.08389444555873948,0.10088281684806308
30.920499999973288,1.4747028486602358,-0.0011621651541980642,-5.7459803997304185e-05,0.9999996061982929,2.1204432205461805e-06,3.8770218221494236e-05,0.0008866203431025643,0,0,-0.65,0.02,0.0,0,-0.4,0.6692428202783187,-0.48647047003770694,-1.3371159769557777e-05,-0.6559255259896298,-0.08387321844792868,0.10094120202288569
30.94049999997324,1.4746933674438438,-0.0011621910827526996,-5.745200472594898e-05,0.9999996061938358,2.1203505779307467e-06,3.8779803121534936e-05,0.0008866249505834281,0,0,-0.65,0.02,0.0,0,-0.4,0.6692428203120951,-0.48647047003918664,-1.3333919794732224e-05,-0.6560357781118714,-0.08385890290709747,0.10098891921334131
30.960499999973194,1.4746862106807535,-0.001162211676689972,-5.744483422615824e-05,0.999999606189806,2.120163550349819e-06,3.878860661718862e-05,0.000886629111761648,0,0,-0.65,0.02,0.0,0,-0.4,0.6692428203288422,-0.4864704700399201,-1.3315494946377176e-05,-0.6561351397682361,-0.08385020815354281,0.10102792194722574
30.980499999973148,1.4746812010187047,-0.0011622272296338597,-5.743835435645104e-05,0.9999996061862461,2.1199212350468734e-06,3.879654928929614e-05,0.0008866327791598561,0,0,-0.65,0.02,0.0,0,-0.4,0.6692428203371455,-0.4864704700402838,-1.3306379025510284e-05,-0.6562233045881971,-0.08384590967433987,0.10105980004381702
31.0004999999731,1.474678137046755,-0.0011622381484134795,-5.7432607378569824e-05,0.9999996061831731,2.1196546667599002e-06,3.880357911738432e-05,0.0008866359383873094,0,0,-0.65,0.02,0.0,0,-0.4,0.6692428203412624,-0.4864704700404643,-1.3301868797958045e-05,-0.6563001809445623,-0.08384490133002703,0.1010858497471743
31.020499999973055,1.4746768012661156,-0.0011622449121858917,-5.742761532087785e-05,0.9999996061805797,2.119386958630456e-06,3.880967032773684e-05,0.0008866385976292949,0,0,-0.65,0.02,0.0,0,-0.4,0.6692428203433037,-0.48647047004055377,-1.3299637296805684e-05,-0.6563658817667419,-0.08384622431014298,0.10110712946528504
31.040499999973008,1.4746769673534348,-0.0011622480390381597,-5.7423381290630514e-05,0.9999996061784452,2.1191342358975813e-06,3.881482104361593e-05,0.0008866407794636313,0,0,-0.65,0.02,0.0,0,-0.4,0.6692428203443156,-0.4864704700405981,-1.3298533227827162e-05,-0.6564207075088376,-0.08384907838848019,0.10112450432844033
31.06049999997296,1.4746784066366259,-0.0011622480594555241,-5.741989150336806e-05,0.9999996061767437,2.1189067984255155e-06,3.881905041903212e-05,0.0008866425147377008,0,0,-0.65,0.02,0.0,0,-0.4,0.6692428203448174,-0.48647047004062005,-1.3297986972683182e-05,-0.6564651242842621,-0.08385282028943149,0.1011386820478687
31.080499999972915,1.4746808937347766,-0.001162245495892719,-5.741711760341637e-05,0.9999996061754401,2.1187102910170566e-06,3.88223955471329e-05,0.0008866438381929772,0,0,-0.65,0.02,0.0,0,-0.4,0.6692428203450661,-0.486470470040631,-1.3297716704449477e-05,-0.6564997388912603,-0.08385695325193161,0.10115024193549405
31.100499999972868,1.4746842113414118,-0.0011622408476229943,-5.741501911536637e-05,0.9999996061745036,2.118546794520648e-06,3.882490829373597e-05,0.0008866447855127892,0,0,-0.65,0.02,0.0,0,-0.4,0.6692428203451893,-0.48647047004063637,-1.329758298501303e-05,-0.6565252721879383,-0.08386111113459929,0.101159658473872
31.12049999997282,1.4746881541545238,-0.0011622345800387946,-5.7413545923793666e-05,0.9999996061738986,2.1184157963464505e-06,3.882665216331533e-05,0.000886645391482703,0,0,-0.65,0.02,0.0,0,-0.4,0.6692428203452505,-0.4864704700406389,-1.3297516825224247e-05,-0.6565425320301217,-0.0838650396944389,0.10116732049614839
31.140499999972775,1.47469253197729,-0.0011622271176199902,-5.7412640692418205e-05,0.9999996061735941,2.1183150189329252e-06,3.8827699284378097e-05,0.0008866456889826482,0,0,-0.65,0.02,0.0,0,-0.4,0.6692428203452807,-0.48647047004064053,-1.3297484091629189e-05,-0.6565523867605428,-0.0838685770242694,0.1011735468084098
31.16049999997273,1.4746971720303643,-0.001162218839854718,-5.741224115275071e-05,0.9999996061735601,2.1182410990217417e-06,3.8828127582574105e-05,0.0008866457085683532,0,0,-0.65,0.02,0.0,0,-0.4,0.6692428203452958,-0.48647047004064053,-1.3297467896168523e-05,-0.6565557400327316,-0.0838716345694466,0.1011785989216003
31.18049999997268,1.4747019205301413,-0.0011622100794818583,-5.741228221106792e-05,0.9999996061737695,2.1181901221593077e-06,3.8828018191702175e-05,0.0008866454784417246,0,0,-0.65,0.02,0.0,0,-0.4,0.669242820345303,-0.48647047004064053,-1.3297459883209578e-05,-0.6565535075679408,-0.08387417967040153,0.10118269143296842
31.200499999972635,1.474706643597599,-0.0011622011225134441,-5.741269784106708e-05,0.999999606174194,2.118158024807422e-06,3.8827453136839594e-05,0.0008866450246514707,0,0,-0.65,0.02,0.0,0,-0.4,0.6692428203451988,-0.486470470040638,-1.3297455881879362e-05,-0.656546596278006,-0.08387622019401915,0.10118600049543919
31.22049999997259,1.4747112275695424,-0.0011621922095829528,-5.7413422742852315e-05,0.9999996061748099,2.1181408809583997e-06,3.8826513310384673e-05,0.0008866443714041051,0,0,-0.65,0.02,0.0,0,-0.4,0.6692428203449512,-0.48647047004063226,-1.3297453858197935e-05,-0.6565358860405235,-0.08387779151877543,0.10118867073087644
31.240499999972542,1.4747155787884059,-0.001162183538247062,-5.741439375898738e-05,0.9999996061755939,2.118135091960566e-06,3.8825276750874355e-05,0.0008866435413997951,0,0,-0.65,0.02,0.0,0,-0.4,0.6692428203440832,-0.48647047004062255,-1.3297452866782789e-05,-0.6565222142869287,-0.08387894591692426,0.10119082087696174
31.260499999972495,1.4747196229487194,-0.0011621752659413634,-5.741555104599822e-05,0.9999996061765238,2.1181374982713097e-06,3.88238172250424e-05,0.0008866425561366085,0,0,-0.65,0.02,0.0,0,-0.4,0.6692428203433697,-0.4864704700406215,-1.3297452417587324e-05,-0.6565063634515733,-0.08387974422152035,0.10119254840316494
31.28049999997245,1.4747233040780379,-0.001162167513353521,-5.741683900634725e-05,0.9999996061775795,2.118145430658142e-06,3.88222031059126e-05,0.0008866414361502731,0,0,-0.65,0.02,0.0,0,-0.4,0.6692428203428918,-0.4864704700406215,-1.3297452210634273e-05,-0.6564890512475199,-0.08388024956519559,0.10119393328713615
31.300499999972402,1.4747265832279999,-0.0011621603680303063,-5.741820699137518e-05,0.9999996061787415,2.118156716560285e-06,3.882049653323396e-05,0.0008866402011748057,0,0,-0.65,0.02,0.0,0,-0.4,0.6692428203419375,-0.4864704700406301,-1.3297452114337931e-05,-0.6564709236490764,-0.08388052292088337,0.10119504110736115
31.320499999972355,1.4747294369475181,-0.0011621538880783198,-5.741960978979241e-05,0.9999996061799881,2.1181696550846796e-06,3.881875283750078e-05,0.0008866388702227497,0,0,-0.65,0.02,0.0,0,-0.4,0.6692428203413813,-0.4864704700406382,-1.3297452071813642e-05,-0.6564525504071224,-0.08388062015110533,0.10119592557909499
31.34049999997231,1.4747318556052003,-0.0011621481058529484,-5.742100791970897e-05,0.9999996061813038,2.1181829718414807e-06,3.8817020204885045e-05,0.000886637461592901,0,0,-0.65,0.02,0.0,0,-0.4,0.669242820340677,-0.48647047004065036,-1.3297452052127464e-05,-0.6564344228874133,-0.08388059027398663,0.10119663063651606
31.360499999972262,1.474733841622251,-0.0011621430315574238,-5.742236774482872e-05,0.9999996061826718,2.118195762510679e-06,3.881533955767683e-05,0.0008866359928189938,0,0,-0.65,0.02,0.0,0,-0.4,0.6692428203397929,-0.486470470040671,-1.3297452043319006e-05,-0.6564169539723704,-0.08388047467216843,0.10119719214485041
31.380499999972216,1.4747354076706451,-0.0011621386566949671,-5.7423661435644166e-05,0.9999996061840745,2.1182074319704705e-06,3.8813744623137065e-05,0.0008866344805755845,0,0,-0.65,0.02,0.0,0,-0.4,0.6692428203394004,-0.4864704700406809,-1.3297452039467522e-05,-0.6564004797643278,-0.08388030699970779,0.10119763931058733
31.40049999997217,1.4747365748844254,-0.0011621349573330783,-5.742486679892808e-05,0.9999996061854973,2.1182176339716876e-06,3.8812262162808024e-05,0.0008866329405579765,0,0,-0.65,0.02,0.0,0,-0.4,0.6692428203384675,-0.4864704700407077,-1.3297452037669606e-05,-0.6563852628128547,-0.08388011357653893,0.10119799584503134
31.420499999972122,1.4747373711249459,-0.0011621318971512687,-5.7425966997909074e-05,0.9999996061869262,2.1182262147472265e-06,3.8810912334422964e-05,0.0008866313873520591,0,0,-0.65,0.02,0.0,0,-0.4,0.6692428203376496,-0.4864704700407335,-1.3297452036901129e-05,-0.6563714965789899,-0.0838799140959836,0.10119828092607272
31.440499999972076,1.474737829333787,-0.0011621294302527367,-5.742695018482789e-05,0.9999996061883504,2.118233162691067e-06,3.880970915919233e-05,0.0008866298343079647,0,0,-0.65,0.02,0.0,0,-0.4,0.6692428203372874,-0.4864704700407452,-1.3297452036563278e-05,-0.656359310875704,-0.08387972250668099,0.10119850999461175
31.46049999997203,1.4747379860002088,-0.001162127503727605,-5.7427809067194735e-05,0.9999996061897577,2.1182385651966784e-06,3.8808661068549956e-05,0.0008866282934288441,0,0,-0.65,0.02,0.0,0,-0.4,0.669242820336268,-0.48647047004078003,-1.3297452036390805e-05,-0.6563487780193884,-0.08387954796254272,0.10119869541519606
31.480499999971983,1.4747378797634698,-0.001162126059960847,-5.742854042731217e-05,0.999999606191138,2.118242572996744e-06,3.880777150613342e-05,0.000886626775283246,0,0,-0.65,0.02,0.0,0,-0.4,0.669242820335544,-0.4864704700408059,-1.3297452036322334e-05,-0.6563399194475482,-0.08387939576317653,0.10119884702490424
31.500499999971936,1.4747375501642097,-0.0011621250386825075,-5.742914461312911e-05,0.9999996061924843,2.1182453717855653e-06,3.8807039562896785e-05,0.0008866252889467237,0,0,-0.65,0.02,0.0,0,-0.4,0.6692428203350717,-0.4864704700408229,-1.3297452036294833e-05,-0.6563327125942381,-0.08387926823224377,0.10119897258997995
31.52049999997189,1.4747370365535357,-0.0011621243787615571,-5.7429625016662925e-05,0.99999960619379,2.1182471605571875e-06,3.88064606254923e-05,0.0008866238419756999,0,0,-0.65,0.02,0.0,0,-0.4,0.6692428203340932,-0.486470470040859,-1.3297452036284645e-05,-0.6563270978176395,-0.08387916550061014,0.10119907818610242
31.540499999971843,1.4747363771634192,-0.0011621240197479301,-5.742998755414363e-05,0.9999996061950492,2.1182481358583075e-06,3.8806027020599314e-05,0.0008866224404142706,0,0,-0.65,0.02,0.0,0,-0.4,0.66924282033343,-0.48647047004088384,-1.3297452036280957e-05,-0.6563229852109363,-0.08387908617727748,0.10119916851523147
31.560499999971796,1.4747356083376606,-0.001162123903170178,-5.7430240160037227e-05,0.9999996061962593,2.1182484810496017e-06,3.880572864038595e-05,0.0008866210888327298,0,0,-0.65,0.02,0.0,0,-0.4,0.6692428203328158,-0.4864704700409069,-1.3297452036280374e-05,-0.6563202611594484,-0.0838790279032394,0.10119924716959912
31.58049999997175,1.4747347639189123,-0.0011621239735987018,-5.7430392305100464e-05,0.9999996061974171,2.1182483596712678e-06,3.88055535368401e-05,0.0008866197903950718,0,0,-0.65,0.02,0.0,0,-0.4,0.6692428203318834,-0.4864704700409423,-1.3297452036281157e-05,-0.656318794517404,-0.08387898779137791,0.10119931685150027
31.600499999971703,1.474733874784177,-0.0011621241794868456,-5.743045454658387e-05,0.9999996061985222,2.118247912018647e-06,3.8805488475183166e-05,0.0008866185469516391,0,0,-0.65,0.02,0.0,0,-0.4,0.6692428203313733,-0.4864704700409617,-1.3297452036282027e-05,-0.6563184423152107,-0.08387896276163287,0.10119937955600472
31.620499999971656,1.4747329685186898,-0.0011621244738041138,-5.743043811674678e-05,0.9999996061995746,2.1182472541590334e-06,3.88055194389436e-05,0.0008866173591523688,0,0,-0.65,0.02,0.0,0,-0.4,0.6692428203305716,-0.4864704700409921,-1.329745203628219e-05,-0.6563190549325505,-0.0838789497840952,0.10119943672245951
31.64049999997161,1.474732069216241,-0.0011621248144775037,-5.743035455405709e-05,0.9999996062005744,2.1182464786621233e-06,3.880563208147805e-05,0.00088661622657572,0,0,-0.65,0.02,0.0,0,-0.4,0.6692428203297037,-0.48647047004102534,-1.3297452036282307e-05,-0.6563204806823952,-0.08387894604381332,0.10119948935965836
31.660499999971563,1.474731197392621,-0.0011621251646583171,-5.743021537985056e-05,0.9999996062015224,2.1182456564862684e-06,3.8805812120752e-05,0.0008866151478682903,0,0,-0.65,0.02,0.0,0,-0.4,0.6692428203293931,-0.4864704700410373,-1.3297452036282329e-05,-0.6563225697879076,-0.0838789490419628,0.10119953814874565
31.680499999971516,1.4747303699981134,-0.0011621254928328533,-5.743003182177942e-05,0.999999606202425,2.1182448395561555e-06,3.8806045676006625e-05,0.0008866141208902907,0,0,-0.65,0.02,0.0,0,-0.4,0.6692428203283508,-0.4864704700410769,-1.329745203626345e-05,-0.6563251777433686,-0.08387895664705575,0.1011995835272639
31.70049999997147,1.4747296005145223,-0.001162125772796042,-5.7429814584103074e-05,0.9999996062032815,2.11824406364932e-06,3.8806319546518695e-05,0.0008866131428623739,0,0,-0.65,0.02,0.0,0,-0.4,0.6692428203275661,-0.4864704700411068,-1.3297452036267008e-05,-0.6563281680588133,-0.08387896710830747,0.10119962575722187
31.720499999971423,1.4747288991223149,-0.0011621259835073764,-5.742957366290038e-05,0.9999996062040959,2.118243351328882e-06,3.880662143402908e-05,0.000886612210509842,0,0,-0.65,0.02,0.0,0,-0.4,0.6692428203271629,-0.48647047004112226,-1.3297452036272276e-05,-0.6563314144237472,-0.08387897904249104,0.10119966497964394
31.740499999971377,1.4747282729237983,-0.0011621261088484282,-5.7429318205641715e-05,0.9999996062048729,2.1182427147588243e-06,3.880694011153977e-05,0.0008866113202007325,0,0,-0.65,0.02,0.0,0,-0.4,0.6692428203261584,-0.4864704700411607,-1.3297452036276522e-05,-0.6563348023120009,-0.08387899140296612,0.1011997012576793
31.76049999997133,1.4747277262089344,-0.0011621261373008069,-5.742905641090218e-05,0.9999996062056152,2.118242158222098e-06,3.8807265542083015e-05,0.0008866104680749926,0,0,-0.65,0.02,0.0,0,-0.4,0.6692428203254186,-0.486470470041189,-1.3297452036278002e-05,-0.6563382300685482,-0.083879003438176,0.10119973461007456
31.780499999971283,1.474727260751266,-0.0011621260615626871,-5.7428795465307095e-05,0.9999996062063281,2.11824168034693e-06,3.8807588951745774e-05,0.000886609650162504,0,0,-0.65,0.02,0.0,0,-0.4,0.6692428203248942,-0.48647047004120897,-1.3297452036278809e-05,-0.6563416095347439,-0.08387901464561112,0.10119976503656479
31.800499999971237,1.4747268761225103,-0.0011621258781210088,-5.742854151408259e-05,0.9999996062070142,2.1182412759410233e-06,3.88079028617493e-05,0.0008866088624883463,0,0,-0.65,0.02,0.0,0,-0.4,0.6692428203239297,-0.4864704700412458,-1.3297452036280018e-05,-0.6563448662550863,-0.08387902472511059,0.10119979253652034
31.82049999997119,1.4747265700155414,-0.001162125586795188,-5.742829966096832e-05,0.9999996062076781,2.118240937487344e-06,3.880820108463168e-05,0.0008866081011642867,0,0,-0.65,0.02,0.0,0,-0.4,0.6692428203233214,-0.486470470041269,-1.3297452036280776e-05,-0.6563479393213614,-0.0838790335344883,0.10119981712202775
31.840499999971144,1.4747263385667653,-0.0011621251902667468,-5.742807399329362e-05,0.9999996062083226,2.118240656313512e-06,3.880847868979158e-05,0.0008866073624659635,0,0,-0.65,0.02,0.0,0,-0.4,0.6692428203226368,-0.4864704700412949,-1.3297452036281404e-05,-0.6563507809159832,-0.0838790410495999,0.1011998388264064
31.860499999971097,1.4747261766701867,-0.001162124693607668,-5.742786762794217e-05,0.9999996062089505,2.1182404234548365e-06,3.8808731943573424e-05,0.0008866066428957468,0,0,-0.65,0.02,0.0,0,-0.4,0.6692428203217283,-0.4864704700413297,-1.3297452036281768e-05,-0.656353355600425,-0.08387904732958379,0.10119985770905611
31.88049999997105,1.4747260782767626,-0.001162124103818613,-5.74276827741743e-05,0.9999996062095654,2.1182402302470646e-06,3.88089582290024e-05,0.0008866059392315858,0,0,-0.65,0.02,0.0,0,-0.4,0.6692428203212917,-0.4864704700413464,-1.3297452036282378e-05,-0.656355639406867,-0.08387905248786716,0.10119987385739275
31.900499999971004,1.474726036673914,-0.0011621234293864215,-5.742752080972538e-05,0.9999996062101699,2.1182400687309403e-06,3.880915594998186e-05,0.0008866052485625513,0,0,-0.65,0.02,0.0,0,-0.4,0.6692428203204015,-0.48647047004138017,-1.3297452036282343e-05,-0.6563576187853031,-0.08387905666896486,0.10119988738653032
31.920499999970957,1.4747260447412716,-0.0011621226798686059,-5.742738236588793e-05,0.9999996062107678,2.1182399318889602e-06,3.8809324424515885e-05,0.0008866045683119957,0,0,-0.65,0.02,0.0,0,-0.4,0.6692428203195652,-0.486470470041412,-1.3297452036282756e-05,-0.6563592894441498,-0.08387906003038323,0.10119989843728358
31.94049999997091,1.4747260955619654,-0.001162373769061215,-5.7427216548774054e-05,0.9999996061192488,2.1397854264733852e-06,3.88095175359113e-05,0.0008867077264427685,0,0,-0.65,0.02,0.0,0,0,0.66924282031922,-0.48647047004142513,-1.3297452036281895e-05,-0.6563606935016917,-0.083932147968752,0.10119990040322796
31.960499999970864,1.4747262046826413,-0.0011817018466526545,-5.7426230339234294e-05,0.9999995990482834,3.851497427465944e-06,3.88119524167923e-05,0.0008946407492536805,0,0,-0.65,0.02,0.0,0,0,0.6692428203181929,-0.4864704700414642,-1.3297452036282083e-05,-0.6563683585758869,-0.09797358445319188,0.10120122767670803
31.980499999970817,1.4747291092071244,-0.0012085098297076355,-5.760164710455287e-05,0.9999995870679451,4.715831797626813e-06,3.846649648445522e-05,0.0009079438458526006,0,0,-0.65,0.02,0.0,0,0,0.6641343025508623,-0.4754713149242164,0.0004686973755269241,-0.6617755400841946,-0.11463962128888155,0.10163172832084101
32.00049999997077,1.4747363703970302,-0.001230334156705063,-5.719964169145137e-05,0.9999995770057073,4.586115203651229e-06,3.9000986305001036e-05,0.0009189375911943527,0,0,-0.65,0.02,0.0,0,0,0.6623941015444906,-0.44372670594518027,0.00012498257315260723,-0.6634979268437349,-0.11501307084565134,0.10120370217723787
32.020499999970866,1.4747436500920128,-0.0012451551542307072,-5.702060423209255e-05,0.9999995703680143,4.137338222380835e-06,3.9176754048294886e-05,0.0009261273400932775,0,0,-0.65,0.02,0.0,0,0,0.6628594229524618,-0.40324202274914883,0.00027666636474609526,-0.6628449003517726,-0.11168217192068626,0.10123286345846362
32.04049999997096,1.4747495729700035,-0.001254560799981983,-5.6908535362178015e-05,0.9999995659247651,3.311978145421774e-06,3.923153022656906e-05,0.0009309136369920877,0,0,-0.65,0.02,0.0,0,0,0.6634693333784641,-0.3587659623665199,0.00039118076271694665,-0.6619945820472944,-0.10716670688779666,0.10114166969050316
32.06049999997106,1.4747540938359252,-0.0012580011402416327,-5.702284271890424e-05,0.999999564420701,2.5848337086229835e-06,3.911886637156304e-05,0.0009325349543246043,0,0,-0.65,0.02,0.0,0,0,0.6639807809582671,-0.31534683916086703,0.0003150590562783493,-0.6613583800779297,-0.10546187705216052,0.10115772820229324
32.08049999997115,1.4747570691562657,-0.0012572273601973028,-5.71957360854401e-05,0.9999995646950965,1.796135951764976e-06,3.89795042316487e-05,0.000932248351608046,0,0,-0.65,0.02,0.0,0,0,0.6645713819370423,-0.27482588859944856,0.00042560051972868364,-0.6606481377415376,-0.10603017546392084,0.10135027603063675
32.10049999997125,1.4747585370353675,-0.0012538254158988686,-5.729643745097021e-05,0.9999995659369497,9.764711000896869e-07,3.890026538546033e-05,0.0009309198289951825,0,0,-0.65,0.02,0.0,0,0,0.6651620441400306,-0.2365626750686324,0.00014745480417606337,-0.6599306428905071,-0.10588166707474606,0.10108825400361657
32.120499999971344,1.4747587853161432,-0.0012487537265901904,-5.7350565771326684e-05,0.999999567831779,2.6073277086856794e-07,3.8858674235701185e-05,0.000928884379141731,0,0,-0.65,0.02,0.0,0,0,0.6657538112516477,-0.2011569198842689,0.00048311163180369903,-0.659244867892526,-0.1042640966437984,0.10147304795373348
32.14049999997144,1.4747579952646066,-0.0012427686091971584,-5.739041025225779e-05,0.9999995700950988,-2.975817592148208e-07,3.882830925138844e-05,0.0009264458374366706,0,0,-0.65,0.02,0.0,0,0,0.6662158018226135,-0.16798317920981354,8.48584255301859e-05,-0.658696039316186,-0.10000650657165056,0.10111585621255978
32.160499999971535,1.4747563087880262,-0.001236530682614635,-5.74143591026117e-05,0.9999995724516025,-6.963020070384432e-07,3.881025740776987e-05,0.0009238992864076036,0,0,-0.65,0.02,0.0,0,0,0.6666825733323237,-0.13773746272776183,-8.548942078353121e-05,-0.658152039745525,-0.09359852277168938,0.1009787666712346
32.18049999997163,1.4747538772130637,-0.0012304914524956401,-5.742750170165089e-05,0.9999995747277531,-9.482727722648082e-07,3.880028442438535e-05,0.0009214325544026836,0,0,-0.65,0.02,0.0,0,0,0.6671558245934649,-0.11059732323336068,0.000328892433691074,-0.6576119805390668,-0.08537618477204376,0.1014200081308975
32.200499999971726,1.4747508499000324,-0.0012249484180513642,-5.743440979620446e-05,0.9999995768122807,-1.0765049315213803e-06,3.8794917449429336e-05,0.0009191675884522317,0,0,-0.65,0.02,0.0,0,0,0.6677129287506633,-0.0863007065639049,0.0008016494080719729,-0.6569979601323587,-0.07547874467368773,0.10191461757334105
32.22049999997182,1.474747370136251,-0.001220077195978758,-5.7438004169794624e-05,0.9999995786407636,-1.1078275626855057e-06,3.8792071179599084e-05,0.0009171762338526956,0,0,-0.65,0.02,0.0,0,0,0.6682559913372766,-0.06410950512771292,0.0005226093086252351,-0.6564062735990869,-0.06371285248691004,0.10165343751259429
32.24049999997192,1.4747435727691038,-0.0012159590992714979,-5.743985886554342e-05,0.9999995801843374,-1.0685042035937397e-06,3.879064692733852e-05,0.0009154918318493554,0,0,-0.65,0.02,0.0,0,0,0.6687649565233573,-0.044915484861857875,0.0007310526451484471,-0.655858640712297,-0.051582137211015934,0.10187650195779697
32.26049999997201,1.4747395823868714,-0.0012126055511365059,-5.744073922271414e-05,0.9999995814401361,-9.818613292754787e-07,3.879009743878924e-05,0.000914119202380875,0,0,-0.65,0.02,0.0,0,0,0.6692457478137102,-0.027880543485075085,-0.00017206190789394567,-0.6553469466584709,-0.038870354888784965,0.1009853579691819
32.28049999997211,1.4747355118470054,-0.0012099790549849755,-5.744100845770531e-05,0.9999995824232666,-8.672887470453956e-07,3.879014327589889e-05,0.0009130431882667689,0,0,-0.65,0.02,0.0,0,0,0.6698601715759774,-0.01462591582941525,0.00041521754749657727,-0.6547123273159687,-0.02779088435768671,0.10158245304091167
32.3004999999722,1.4747314611715396,-0.0012080105663405194,-5.744085333039906e-05,0.9999995831602637,-7.40050239281883e-07,3.879062443704851e-05,0.0009122357358524895,0,0,-0.65,0.02,0.0,0,0,0.6703533002137471,-0.0034485657942477294,0.0002763754881483638,-0.6542057442625605,-0.017176257747354845,0.10145163053366833
32.3204999999723,1.4747275168472702,-0.001206613355016451,-5.744038629929098e-05,0.9999995836839477,-6.115346027509844e-07,3.879143356534304e-05,0.0009116615495095845,0,0,-0.65,0.02,0.0,0,0,0.6708299145072146,0.00502804596504146,-5.2105904325848726e-05,-0.6537231298905635,-0.008115842200397986,0.10112971463934398
32.340499999972394,1.4747237515351095,-0.0012056936239519945,-5.74396861547258e-05,0.9999995840295349,-4.897246770692759e-07,3.879248867618561e-05,0.0009112824260954703,0,0,-0.65,0.02,0.0,0,0,0.6713305229496904,0.010403518494688463,0.00014783900185451912,-0.6532242719327969,-0.001399657733503398,0.10133504321023722
32.36049999997249,1.4747202241595985,-0.001205158259950545,-5.743881392972712e-05,0.99999958423182,-3.797536695976971e-07,3.8793722269448466e-05,0.0009110604205400549,0,0,-0.65,0.02,0.0,0,0,0.6718945890498776,0.013622100706646443,-0.00029570824395627515,-0.6526673423205649,0.0036026188459992252,0.10089592097755802
32.380499999972585,1.4747169803298286,-0.001204920144921537,-5.7437819897083914e-05,0.9999995843232693,-2.844720385733973e-07,3.8795076700937286e-05,0.000910960016373372,0,0,-0.65,0.02,0.0,0,0,0.6721002158136216,0.014253313638063373,-0.00017443969693365386,-0.652474678679295,0.006218296758309442,0.10102078871646256
32.40049999997268,1.4747140530352034,-0.0012049014679296958,-5.743674703758419e-05,0.9999995843328306,-2.0498038044072144e-07,3.879650202698171e-05,0.0009109494803474086,0,0,-0.65,0.02,0.0,0,0,0.6721261871801267,0.014333100767410565,-0.00010702484777350786,-0.6524632755504686,0.008303354360299277,0.10109114496028736
32.420499999972776,1.4747114635588046,-0.0012050354604855361,-5.7435632728348856e-05,0.9999995842853296,-1.4110380141463177e-07,3.879795495184841e-05,0.0009110015733224163,0,0,-0.65,0.02,0.0,0,0,0.6721294403413253,0.014342976664459038,-6.812259236708986e-05,-0.6524749203640225,0.01021377193436538,0.1011324636131464
32.44049999997287,1.4747092225536982,-0.0012052669402002932,-5.743450945545623e-05,0.9999995842012799,-9.179623878102519e-08,3.87993982942799e-05,0.0009110937745181431,0,0,-0.65,0.02,0.0,0,0,0.6721298623376444,0.014344193071433102,-4.435090937498846e-05,-0.6524892596467556,0.011930497889331282,0.10115822260807364
32.46049999997297,1.4747073312316077,-0.0012055519993621915,-5.743340506972686e-05,0.9999995840970082,-5.547178094912123e-08,3.880080066823731e-05,0.00091120815648286,0,0,-0.65,0.02,0.0,0,0,0.6721299255763795,0.014344352212548641,-2.9871010965747254e-05,-0.6525034998728101,0.013416680171011284,0.10117433750722125
32.48049999997306,1.474705782618105,-0.001205857121512799,-5.7432342905275425e-05,0.9999995839849898,-3.026565370425237e-08,3.880213621637346e-05,0.0009113310263368251,0,0,-0.65,0.02,0.0,0,0,0.6721299377399367,0.014344376004626246,-2.177761328292295e-05,-0.6525170741579227,0.014656156803075561,0.10118377610668469
32.50049999997316,1.4747045628336148,-0.0012061579553960674,-5.7431341914506995e-05,0.9999995838742989,-1.4231047213515978e-08,3.8803384324030514e-05,0.0009114524269358216,0,0,-0.65,0.02,0.0,0,0,0.6721299410140095,0.014344380613101839,-1.7558049252895304e-05,-0.6525297325612075,0.01565186920952992,0.10118910214633071
32.520499999973254,1.474703652364861,-0.0012064379249715261,-5.74304168676775e-05,0.9999995837711227,-5.479920859900304e-09,3.880452929141388e-05,0.0009115655709144799,0,0,-0.65,0.02,0.0,0,0,0.6721299421975887,0.014344381892589709,-1.542048399586593e-05,-0.6525413092761159,0.01642023735738667,0.1011921492567483
32.54049999997335,1.4747030272967487,-0.0012066868085955683,-5.74295786177315e-05,0.9999995836792913,-2.2767556858104004e-09,3.880555996404186e-05,0.0009116662619586632,0,0,-0.65,0.02,0.0,0,0,0.6721299427058897,0.014344382371971545,-1.4351336590002678e-05,-0.6525516899718404,0.01698607092146267,0.10119396527938289
32.560499999973445,1.474702660479993,-0.0012068993811073674,-5.742883441644576e-05,0.9999995836007765,-3.0942502939893916e-09,3.880646932907885e-05,0.0009117523415841842,0,0,-0.65,0.02,0.0,0,0,0.6721299429424379,0.014344382582926734,-1.3819683560052983e-05,-0.6525608040664895,0.017378508625013136,0.10119510927444166
32.58049999997354,1.4747025226149326,-0.001207074179817574,-5.7428188265607205e-05,0.999999583536151,-6.639433471130067e-09,3.8807254086767464e-05,0.0009118231863335895,0,0,-0.65,0.02,0.0,0,0,0.672129943056449,0.014344382682404322,-1.3556020591926805e-05,-0.6525686199835349,0.017627951466509657,0.10119587390268242
32.600499999973636,1.4747025832368206,-0.0012072124291776446,-5.742764129008305e-05,0.999999583484985,-1.1857800445384436e-08,3.880791420612569e-05,0.0009118792695986707,0,0,-0.65,0.02,0.0,0,0,0.6721299431122538,0.014344382730665342,-1.3425425947896762e-05,-0.6525751405530179,0.017763869494195374,0.10119641318783136
32.62049999997373,1.474702811592389,-0.001207317138742092,-5.742719212192308e-05,0.9999995834461862,-1.7922029144167297e-08,3.880845247372717e-05,0.0009119217940445664,0,0,-0.65,0.02,0.0,0,0,0.6721299431397588,0.014344382754361647,-1.3360779083233657e-05,-0.6525803982722725,0.01781334251918807,0.1011968100470854
32.64049999997383,1.47470317740162,-0.0012073923742463245,-5.742683728620378e-05,0.999999583418264,-2.4210718186002162e-08,3.880887404405293e-05,0.0009119523945743177,0,0,-0.65,0.02,0.0,0,0,0.6721299431533585,0.014344382766058079,-1.3328786382548728e-05,-0.6525844505009204,0.017800194230252926,0.10119711087117142
32.66049999997392,1.474703651502303,-0.0012074426914214064,-5.742657158015948e-05,0.999999583399545,-3.0281495781346363e-08,3.8809185999366985e-05,0.0009119729076089026,0,0,-0.65,0.02,0.0,0,0,0.6721299431600924,0.014344382771845186,-1.3312955725736936e-05,-0.6525873747083717,0.017744587397784256,0.10119734303950312
32.68049999997402,1.4747042063782008,-0.0012074727157384032,-5.7426388439017614e-05,0.9999995833883251,-3.58418364079133e-08,3.880939692641286e-05,0.0009119851998337467,0,0,-0.65,0.02,0.0,0,0,0.6721299431634296,0.014344382774711638,-1.3305122852304285e-05,-0.6525892638836077,0.01766296145328841,0.10119752378965768
32.70049999997411,1.4747048165743488,-0.0012074868478319611,-5.742628028238095e-05,0.9999995833829871,-4.0720025197268866e-08,3.880951651637644e-05,0.0009119910481573266,0,0,-0.65,0.02,0.0,0,0,0.6721299431650833,0.014344382776132168,-1.3301247321204749e-05,-0.6525902221992094,0.017568210171317832,0.10119766474146752
32.72049999997421,1.474705459005286,-0.0012074890731753468,-5.742623883603699e-05,0.9999995833820607,-4.483794599373092e-08,3.880955519358019e-05,0.0009119920621465738,0,0,-0.65,0.02,0.0,0,0,0.672129943165903,0.014344382776836305,-1.3299329819647607e-05,-0.6525903610021502,0.017470014599296584,0.10119777423866824
32.740499999974304,1.474706113163801,-0.0012074828550356625,-5.742625542513693e-05,0.9999995833842701,-4.8186742200422736e-08,3.8809523777252386e-05,0.0009119896403896762,0,0,-0.65,0.02,0.0,0,0,0.6721299431663097,0.014344382777185376,-1.3298381100624493e-05,-0.6525897951853277,0.017375263439771152,0.1011978585897813
32.7604999999744,1.4747067612391256,-0.001207471091295507,-5.742632123601369e-05,0.9999995833885499,-5.0805904396720395e-08,3.8809433179597946e-05,0.0009119849528719873,0,0,-0.65,0.02,0.0,0,0,0.6721299431665111,0.014344382777358436,-1.3297911705821818e-05,-0.6525886399761989,0.017288508888625178,0.10119792274873858
32.780499999974495,1.4747073881544461,-0.0012074561179529011,-5.742642754476168e-05,0.9999995833940346,-5.2765964102558074e-08,3.880929414226609e-05,0.0009119789423584285,0,0,-0.65,0.02,0.0,0,0,0.6721299431666109,0.014344382777444237,-1.3297679465096324e-05,-0.6525870081631634,0.017212419924819627,0.10119797070608143
32.80049999997459,1.474707981534176,-0.001207439744666064,-5.742656591177392e-05,0.9999995834000653,-5.4154703668474265e-08,3.880911701219735e-05,0.0009119723388178045,0,0,-0.65,0.02,0.0,0,0,0.6721299431666603,0.014344382777486776,-1.3297564560283573e-05,-0.6525850077664677,0.017148206961854227,0.10119800572726964
32.820499999974686,1.4747085316116435,-0.0012074233103404161,-5.7426728342273776e-05,0.9999995834061439,-5.506661165317183e-08,3.880891155688601e-05,0.0009119656819974426,0,0,-0.65,0.02,0.0,0,0,0.6721299431666848,0.014344382777507866,-1.3297507709305524e-05,-0.6525827401480707,0.017096001544887288,0.10119803050759163
32.84049999997478,1.4747090310877995,-0.0012074077492825281,-5.742690741323676e-05,0.9999995834119287,-5.5595204385719397e-08,3.880868681809214e-05,0.0009119593482874863,0,0,-0.65,0.02,0.0,0,0,0.6721299431666969,0.014344382777518323,-1.3297479581386493e-05,-0.6525802985451223,0.017055182493424435,0.10119804727965975
32.86049999997488,1.474709474951234,-0.0012073936607519152,-5.742709636929663e-05,0.9999995834171989,-5.582778185762339e-08,3.8808451002333724e-05,0.0009119535789546917,0,0,-0.65,0.02,0.0,0,0,0.6721299431667028,0.014344382777523507,-1.3297465664655341e-05,-0.6525777670030891,0.01702464572708166,0.10119805789249595
32.88049999997497,1.474709860269257,-0.0012073813767584528,-5.742728918889259e-05,0.9999995834218327,-5.5842175387505944e-08,3.880821140582569e-05,0.0009119485076482596,0,0,-0.65,0.02,0.0,0,0,0.6721299431667068,0.014344382777526078,-1.3297458779133427e-05,-0.6525752196783183,0.017003019206424167,0.10119806387260495
32.90049999997507,1.4747101859591412,-0.0012073710246507936,-5.742748062361737e-05,0.9999995834257829,-5.570506341260673e-08,3.8807974370995024e-05,0.0009119441857724866,0,0,-0.65,0.02,0.0,0,0,0.672129943166592,0.01434438277745264,-1.329745529129325e-05,-0.6525727204750876,0.016988827232061,0.10119806647302544
32.92049999997516,1.474710452547797,-0.0012073625824177855,-5.742766621339288e-05,0.9999995834290573,-5.547146990047881e-08,3.880774527136126e-05,0.0009119406048824035,0,0,-0.65,0.02,0.0,0,0,0.6721299431660182,0.014344382777148789,-1.329745353016568e-05,-0.6525703229787377,0.01698061003486901,0.10119806671346791
32.94049999997526,1.474710661927263,-0.0012073559256983535,-5.742784228068455e-05,0.999999583431701,-5.518510906409832e-08,3.880752852128763e-05,0.0009119377156961865,0,0,-0.65,0.02,0.0,0,0,0.6721299431657818,0.014344382777026134,-1.32974527276419e-05,-0.6525680706433643,0.01697700540539317,0.10119806541448606
32.960499999975355,1.474710817112462,-0.0012073508662958754,-5.742800590678162e-05,0.9999995834337814,-5.487929397338327e-08,3.880732760698062e-05,0.0009119354436444131,0,0,-0.65,0.02,0.0,0,0,0.672129943164847,0.014344382776644723,-1.3297452343214153e-05,-0.6525659971992319,0.01697679926963185,0.10119806322680643
32.98049999997545,1.474710922006693,-0.0012073471825578199,-5.742815489320519e-05,0.9999995834353771,-5.457818066956758e-08,3.880714513511583e-05,0.0009119337011062532,0,0,-0.65,0.02,0.0,0,0,0.67212994316408,0.014344382776395298,-1.329745217441215e-05,-0.6525641272287749,0.016978951828694962,0.1011980606561903
33.000499999975546,1.4747109811793693,-0.0012073446423499353,-5.742828771142189e-05,0.9999995834365722,-5.429817013453691e-08,3.880698289551254e-05,0.0009119323966326551,0,0,-0.65,0.02,0.0,0,0,0.6721299431636806,0.014344382776269586,-1.329745209886561e-05,-0.6525624768855013,0.016982605271135192,0.10119805808557542
33.02049999997564,1.4747109996595882,-0.0012073430195654667,-5.742840344383996e-05,0.9999995834374488,-5.404933615931062e-08,3.8806841934410184e-05,0.0009119314415422823,0,0,-0.65,0.02,0.0,0,0,0.6721299431626943,0.014344382776034932,-1.3297452063846216e-05,-0.6525610547108972,0.01698707830779032,0.10119805579434654
33.04049999997574,1.4747109827482252,-0.0012073421052000224,-5.7428501718335896e-05,0.9999995834380797,-5.3836786405396254e-08,3.8806722635156305e-05,0.0009119307543123875,0,0,-0.65,0.02,0.0,0,0,0.6721299431620338,0.014344382775910521,-1.329745204865017e-05,-0.652559862514145,0.016991851931580156,0.10119805397536817
33.06049999997583,1.4747109358504162,-0.0012073417140239275,-5.742858263900746e-05,0.9999995834385329,-5.3661896645524624e-08,3.880662480334289e-05,0.0009119302631867882,0,0,-0.65,0.02,0.0,0,0,0.6721299431614733,0.014344382775812566,-1.3297452041784504e-05,-0.652558896293629,0.01699654996108198,0.10119805275002416
33.08049999997593,1.474710864329535,-0.0012073416878236845,-5.74286467154666e-05,0.9999995834388606,-5.352338424332089e-08,3.8806547753729534e-05,0.0009119299073981627,0,0,-0.65,0.02,0.0,0,0,0.6721299431605019,0.014344382775686717,-1.3297452038686486e-05,-0.6525581471631731,0.017000917138185842,0.10119805218146576
33.10049999997602,1.4747107733831124,-0.0012073418960851505,-5.742869479233946e-05,0.999999583439108,-5.341820699469542e-08,3.880649039663e-05,0.0009119296373611163,0,0,-0.65,0.02,0.0,0,0,0.6721299431599724,0.014344382775629858,-1.3297452037360587e-05,-0.6525576022626774,0.017004796834720278,0.10119805228628903
33.12049999997612,1.474710667940535,-0.0012073422348710902,-5.7428727981068276e-05,0.9999995834393127,-5.334228808153715e-08,3.880645132176105e-05,0.0009119294141430941,0,0,-0.65,0.02,0.0,0,0,0.6721299431592307,0.014344382775560117,-1.3297452036761973e-05,-0.6525572456386106,0.01700810981072027,0.10119805304476465
33.140499999976214,1.4747105525818804,-0.0012073426245185076,-5.742874759496625e-05,0.9999995834395015,-5.32910779852297e-08,3.880642887790356e-05,0.0009119292084680267,0,0,-0.65,0.02,0.0,0,0,0.6721299431583111,0.014344382775493941,-1.3297452036494509e-05,-0.652557059068635,0.017010834959274707,0.10119805440974963
33.16049999997631,1.4747104314768162,-0.0012073430066564107,-5.7428755088464594e-05,0.999999583439692,-5.3259970495197754e-08,3.8806421247052025e-05,0.000911928999456384,0,0,-0.65,0.02,0.0,0,0,0.6721299431579651,0.014344382775470453,-1.3297452036377475e-05,-0.6525570228249905,0.017012992564070874,0.10119805631439308
33.180499999976405,1.4747103083421664,-0.0012073433409290157,-5.7428752001758396e-05,0.9999995834398984,-5.3244593316796626e-08,3.880642651202997e-05,0.0009119287732578934,0,0,-0.65,0.02,0.0,0,0,0.6721299431569951,0.014344382775417368,-1.3297452036318028e-05,-0.6525571163678365,0.017014630284836605,0.10119805867872848
33.2004999999765,1.4747101864164927,-0.0012073436017069371,-5.742873991143375e-05,0.9999995834401277,-5.3240994868143104e-08,3.880644271690684e-05,0.0009119285216911576,0,0,-0.65,0.02,0.0,0,0,0.6721299431561504,0.014344382775378741,-1.3297452036294413e-05,-0.6525573189530254,0.017015811857709968,0.10119806141524339
33.220499999976596,1.4747100684498853,-0.0012073437749815447,-5.74287203870933e-05,0.9999995834403825,-5.324574830690901e-08,3.880646791973179e-05,0.0009119282409686674,0,0,-0.65,0.02,0.0,0,0,0.6721299431557759,0.014344382775361982,-1.329745203628554e-05,-0.6525576101637087,0.01701660833961791,0.10119806443350883
33.24049999997669,1.4747099567070145,-0.0012073438555660046,-5.742869495433e-05,0.9999995834406644,-5.325599224992061e-08,3.8806500237451126e-05,0.0009119279305563164,0,0,-0.65,0.02,0.0,0,0,0.6721299431547817,0.01434438277532369,-1.3297452036282034e-05,-0.6525579703572,0.017017091628778184,0.10119806764395603
33.26049999997679,1.4747098529814924,-0.001207343844669806,-5.742866506433011e-05,0.9999995834409718,-5.326942538468236e-08,3.880653788297978e-05,0.0009119275921933588,0,0,-0.65,0.02,0.0,0,0,0.672129943154035,0.014344382775297228,-1.3297452036281555e-05,-0.6525583810251551,0.017017329941046776,0.1011980709608745
33.28049999997688,1.4747097586195674,-0.001207343747870638,-5.7428632069352715e-05,0.9999995834413018,-5.3284269506227506e-08,3.880657919470591e-05,0.0009119272290812116,0,0,-0.65,0.02,0.0,0,0,0.6721299431535487,0.014344382775280266,-1.3297452036282104e-05,-0.6525588250806826,0.01701738490464113,0.10119807430471339
33.30049999997698,1.4747096745512538,-0.00120734357347654,-5.742859720417793e-05,0.9999995834416496,-5.329921302368336e-08,3.8806622658745284e-05,0.0009119268452368879,0,0,-0.65,0.02,0.0,0,0,0.6721299431525987,0.014344382775249057,-1.3297452036282304e-05,-0.6525592870677248,0.0170173099448488,0.10119807760376187
33.32049999997707,1.4747096013270802,-0.0012073433312503711,-5.7428561573036e-05,0.9999995834420135,-5.3313344266192484e-08,3.880666692446742e-05,0.000911926444998399,0,0,-0.65,0.02,0.0,0,0,0.6721299431519774,0.01434438277522915,-1.3297452036282664e-05,-0.6525597532991051,0.017017149655182615,0.10119808079528296
33.34049999997717,1.4747095391587675,-0.0012073430314560334,-5.7428526141556246e-05,0.9999995834423873,-5.3326081743468757e-08,3.880671081387598e-05,0.0009119260326643612,0,0,-0.65,0.02,0.0,0,0,0.6721299431513451,0.014344382775209077,-1.3297452036281973e-05,-0.6525602119367737,0.017016939886754418,0.10119808382617222
33.360499999977264,1.4747094879622875,-0.0012073426841796013,-5.742849173319935e-05,0.9999995834427687,-5.3337106393104104e-08,3.8806753325466224e-05,0.0009119256122476178,0,0,-0.65,0.02,0.0,0,0,0.6721299431503888,0.014344382775179106,-1.3297452036282205e-05,-0.6525606530126398,0.0170167083284733,0.10119808665321463
33.38049999997736,1.4747094474019382,-0.0012073422988770352,-5.7428459029662154e-05,0.9999995834431551,-5.334629928356692e-08,3.880679363328221e-05,0.0009119251873221419,0,0,-0.65,0.02,0.0,0,0,0.6721299431499259,0.014344382775164649,-1.3297452036282315e-05,-0.6525610684012264,0.017016475391653754,0.10119808924299975
33.400499999977455,1.474709416934204,-0.0012073418841020344,-5.74284285745966e-05,0.9999995834435426,-5.3353686703614164e-08,3.880683108185791e-05,0.0009119247609433987,0,0,-0.65,0.02,0.0,0,0,0.6721299431490986,0.014344382775138888,-1.3297452036282337e-05,-0.6525614517555216,0.017016255252247092,0.10119809157156025
33.42049999997755,1.474709395850395,-0.0012073414473716473,-5.7428400780178806e-05,0.9999995834439294,-5.335939365092105e-08,3.880686517777723e-05,0.0009119243356241544,0,0,-0.65,0.02,0.0,0,0,0.6721299431482062,0.014344382775111054,-1.3297452036282312e-05,-0.6525617984039249,0.017016056940344935,0.10119809362379592
33.440499999977646,1.474709383317191,-0.0012073409951326164,-5.7428375935838896e-05,0.9999995834443125,-5.336360587995232e-08,3.880689557850926e-05,0.0009119239133499317,0,0,-0.65,0.02,0.0,0,0,0.6721299431478867,0.014344382775101094,-1.3297452036282327e-05,-0.6525621052246852,0.01701588539750174,0.10119809539272479
33.46049999997774,1.4747093784143857,-0.0012073405328103836,-5.742835421545246e-05,0.9999995834446923,-5.336654338595527e-08,3.8806922081555764e-05,0.0009119234956245794,0,0,-0.65,0.02,0.0,0,0,0.6721299431468712,0.01434438277506937,-1.3297452036300588e-05,-0.6525623705024459,0.01701574244917792,0.10119809687862362
33.48049999997784,1.474709380167726,-0.001207340064884313,-5.742833565118217e-05,0.999999583445068,-5.336843391745415e-08,3.880694463842657e-05,0.0009119230835260953,0,0,-0.65,0.02,0.0,0,0,0.6721299431460636,0.014344382775044072,-1.3297452036295673e-05,-0.6525625937652295,0.01701562766112434,0.10119809808803648
33.50049999997793,1.4747093875802921,-0.0012073395949225528,-5.74283202163253e-05,0.9999995834454372,-5.336948244224112e-08,3.880696328379213e-05,0.0009119226777517312,0,0,-0.65,0.02,0.0,0,0,0.672129943145648,0.014344382775031052,-1.3297452036289519e-05,-0.6525627756209693,0.017015539064453297,0.10119809903288572
33.52049999997803,1.4747093996623972,-0.0012073391258027558,-5.742830790634431e-05,0.9999995834457998,-5.3369891022345684e-08,3.880697807679297e-05,0.0009119222787160437,0,0,-0.65,0.02,0.0,0,0,0.6721299431446714,0.01434438277500038,-1.3297452036284503e-05,-0.6525629175895417,0.01701547374742426,0.10119809972955639
33.540499999978124,1.4747094154532312,-0.0012073386597894434,-5.742829851484405e-05,0.9999995834461574,-5.3369839264344655e-08,3.880698924481835e-05,0.0009119218866032094,0,0,-0.65,0.02,0.0,0,0,0.6721299431439727,0.014344382774978372,-1.3297452036281714e-05,-0.6525630219332644,0.01701542832000171,0.10119810019775777
33.56049999997822,1.474709434040312,-0.0012073381986238715,-5.742829194807886e-05,0.9999995834465077,-5.33694756033515e-08,3.8806996975684335e-05,0.0009119215014203946,0,0,-0.65,0.02,0.0,0,0,0.672129943143433,0.014344382774961379,-1.3297452036281512e-05,-0.6525630914993644,0.017015399262838994,0.10119810045973653
33.580499999978315,1.4747094545738995,-0.0012073377436314604,-5.7428287860174296e-05,0.9999995834468526,-5.3368921618820855e-08,3.880700163567304e-05,0.0009119211230500599,0,0,-0.65,0.02,0.0,0,0,0.6721299431424432,0.014344382774930177,-1.3297452036282007e-05,-0.6525631295674351,0.01701538317598877,0.10119810053931788
33.60049999997841,1.4747094762782704,-0.0012073372958021943,-5.742828607751875e-05,0.9999995834471918,-5.336827185447591e-08,3.8807003503124924e-05,0.000911920751292028,0,0,-0.65,0.02,0.0,0,0,0.6721299431418792,0.014344382774912373,-1.3297452036282161e-05,-0.6525631397071312,0.01701537694359389,0.10119810046116197
33.620499999978506,1.4747094984608766,-0.0012073368558559593,-5.742828628323666e-05,0.999999583447525,-5.3367597216716376e-08,3.880700294757734e-05,0.0009119203858965004,0,0,-0.65,0.02,0.0,0,0,0.6721299431411728,0.014344382774890065,-1.3297452036282299e-05,-0.6525631256534444,0.01701537783063108,0.10119810025020125
33.6404999999786,1.474709520515417,-0.0012073364243020749,-5.742828814247264e-05,0.9999995834478524,-5.336694795165129e-08,3.880700036005434e-05,0.0009119200265908747,0,0,-0.65,0.02,0.0,0,0,0.6721299431402387,0.014344382774860545,-1.3297452036282319e-05,-0.652563091191316,0.017015383527241985,0.10119809993074956
33.6604999999787,1.4747095419256808,-0.0012073360014824752,-5.7428291465542903e-05,0.9999995834481747,-5.336635747773245e-08,3.8806996035923554e-05,0.0009119196730999594,0,0,-0.65,0.02,0.0,0,0,0.6721299431398514,0.014344382774848303,-1.3297452036282297e-05,-0.6525630400571896,0.017015392154106457,0.10119809952637508
33.68049999997879,1.4747095622642736,-0.0012073355876013924,-5.7428295834063436e-05,0.999999583448492,-5.3365844850197766e-08,3.880699040496063e-05,0.0009119193251577234,0,0,-0.65,0.02,0.0,0,0,0.6721299431389318,0.014344382774819265,-1.3297452036282314e-05,-0.6525629758580449,0.017015402240531007,0.10119809905917951
33.70049999997889,1.4747095811905202,-0.0012073351827582772,-5.742830112641907e-05,0.9999995834488046,-5.336541908672002e-08,3.880698371032931e-05,0.0009119189825186924,0,0,-0.65,0.02,0.0,0,0,0.6721299431380708,0.014344382774792079,-1.3297452036282451e-05,-0.6525629020000884,0.01701541268525286,0.10119809854956913
33.72049999997898,1.4747095984474081,-0.0012073347869583195,-5.7428307026963694e-05,0.9999995834491135,-5.3365080873872385e-08,3.880697629462704e-05,0.000911918644960573,0,0,-0.65,0.02,0.0,0,0,0.6721299431377159,0.014344382774780874,-1.3297452036282161e-05,-0.652562821636699,0.017015422707341615,0.10119809801614903
33.74049999997908,1.4747096138530218,-0.0012073344001364797,-5.742831326758607e-05,0.9999995834494169,-5.336482558180061e-08,3.8806968469935386e-05,0.0009119183122876532,0,0,-0.65,0.02,0.0,0,0,0.6721299431367156,0.014344382774749259,-1.3297452036282166e-05,-0.6525627376298342,0.017015431793300295,0.10119809747515343
33.760499999979174,1.474709627297377,-0.0012073340221625264,-5.742831974714903e-05,0.9999995834497158,-5.336464516310602e-08,3.880696041983497e-05,0.0009119179843305121,0,0,-0.65,0.02,0.0,0,0,0.6721299431359488,0.014344382774725021,-1.3297452036282443e-05,-0.6525626525196326,0.017015439644817804,0.1011980969409369
33.78049999997927,1.4747096387327145,-0.0012073336528520212,-5.7428326138969475e-05,0.9999995834500118,-5.336452942621432e-08,3.880695245284993e-05,0.0009119176609436855,0,0,-0.65,0.02,0.0,0,0,0.6721299431354884,0.014344382774710457,-1.3297452036282224e-05,-0.652562568511108,0.017015446129775888,0.10119809642548261
33.800499999979365,1.474709648166928,-0.00120733329197521,-5.742833243764788e-05,0.9999995834503027,-5.3364467655060593e-08,3.880694466804934e-05,0.0009119173420042982,0,0,-0.65,0.02,0.0,0,0,0.6721299431344696,0.0143443827746782,-1.3297452036282336e-05,-0.6525624874694668,0.01701545123862223,0.10119809593857691
33.82049999997946,1.4747096556556263,-0.0012073329392609535,-5.742833845602859e-05,0.9999995834505897,-5.3364449153030294e-08,3.880693725320372e-05,0.0009119170274080328,0,0,-0.65,0.02,0.0,0,0,0.6721299431338187,0.01434438277465761,-1.3297452036282238e-05,-0.6525624109208964,0.01701545504706012,0.10119809548804876
33.840499999979556,1.4747096612914352,-0.001207332594409546,-5.742834401196563e-05,0.9999995834508728,-5.336446400454943e-08,3.8806930387823554e-05,0.0009119167170665377,0,0,-0.65,0.02,0.0,0,0,0.6721299431332156,0.014344382774638535,-1.3297452036282326e-05,-0.6525623400666538,0.01701545768508872,0.10119809507944937
33.86049999997965,1.4747096652002718,-0.0012073322570919122,-5.742834918350768e-05,0.9999995834511523,-5.3364503337298445e-08,3.880692406495582e-05,0.0009119164109043294,0,0,-0.65,0.02,0.0,0,0,0.6721299431322451,0.014344382774607816,-1.3297452036282293e-05,-0.652562275799983,0.017015459312501965,0.10119809471682749
33.88049999997975,1.4747096675312352,-0.0012073319269599316,-5.7428353767642574e-05,0.9999995834514287,-5.33645596218076e-08,3.880691843991975e-05,0.0009119161088556479,0,0,-0.65,0.02,0.0,0,0,0.6721299431317461,0.014344382774592022,-1.3297452036282205e-05,-0.6525622187266351,0.01701546010022002,0.10119809440239877
33.90049999997984,1.4747096684497574,-0.0012073316036536126,-5.742835781326134e-05,0.9999995834517001,-5.336462660348627e-08,3.880691350674485e-05,0.0009119158108624307,0,0,-0.65,0.02,0.0,0,0,0.6721299431309606,0.014344382774567161,-1.3297452036282346e-05,-0.6525621691942413,0.01701546021663005,0.10119809413680361
33.92049999997994,1.4747096681327776,-0.0012073312868039333,-5.742836133969569e-05,0.9999995834519682,-5.336469930989167e-08,3.8806909257264344e-05,0.0009119155168718463,0,0,-0.65,0.02,0.0,0,0,0.6721299431300543,0.014344382774538453,-1.3297452036282244e-05,-0.652562127318498,0.017015459818435767,0.10119809391961958
